Id,player_rating,Usage
M00001_P00055,5.6,Private
M00001_P00057,0.0,Private
M00001_P00059,5.7,Private
M00001_P00064,0.0,Private
M00001_P00066,8.3,Public
M00001_P00071,6.6,Public
M00001_P00077,0.0,Public
M00001_P01223,0.0,Private
M00001_P01234,0.0,Private
M00001_P01236,0.0,Private
M00001_P01241,7.4,Public
M00001_P01242,0.0,Private
M00002_P00136,7.0,Private
M00002_P00141,6.7,Public
M00002_P00148,0.0,Public
M00002_P00156,6.3,Public
M00002_P00625,0.0,Private
M00002_P00630,6.1,Private
M00002_P00632,5.4,Private
M00002_P00635,6.9,Public
M00002_P00644,0.0,Private
M00002_P00645,0.0,Public
M00002_P00650,6.0,Public
M00003_P01020,7.3,Private
M00003_P01034,4.9,Private
M00003_P01037,6.4,Private
M00003_P01038,6.0,Public
M00003_P01041,5.9,Private
M00003_P01042,0.0,Private
M00003_P01048,6.1,Public
M00003_P01049,0.0,Private
M00003_P01051,0.0,Public
M00003_P01055,0.0,Public
M00003_P01063,6.2,Private
M00003_P01064,5.2,Private
M00004_P00108,0.0,Private
M00004_P00110,0.0,Private
M00004_P00114,6.5,Public
M00004_P00124,7.4,Private
M00004_P00129,5.1,Private
M00004_P01177,6.3,Public
M00004_P01182,5.0,Private
M00004_P01184,0.0,Public
M00004_P01193,5.8,Private
M00004_P01196,6.8,Public
M00005_P00136,7.0,Private
M00005_P00141,7.4,Private
M00005_P00148,0.0,Private
M00005_P00156,0.0,Private
M00005_P00478,6.1,Public
M00005_P00479,8.1,Private
M00005_P00486,0.0,Private
M00005_P00491,0.0,Private
M00006_P00443,0.0,Private
M00006_P00448,5.2,Private
M00006_P00452,0.0,Private
M00006_P00462,5.9,Public
M00006_P00463,5.5,Public
M00006_P00465,6.6,Public
M00006_P00468,6.1,Private
M00006_P00625,0.0,Private
M00006_P00630,0.0,Public
M00006_P00632,5.4,Private
M00006_P00635,6.6,Private
M00006_P00644,7.2,Public
M00006_P00645,0.0,Private
M00006_P00650,7.3,Public
M00007_P00266,6.7,Private
M00007_P00271,7.3,Public
M00007_P00278,5.2,Private
M00007_P00286,0.0,Private
M00007_P00625,0.0,Public
M00007_P00630,0.0,Public
M00007_P00632,6.3,Private
M00007_P00635,7.2,Private
M00007_P00644,0.0,Private
M00007_P00645,6.7,Private
M00007_P00650,6.5,Public
M00008_P00443,7.3,Private
M00008_P00448,0.0,Public
M00008_P00452,0.0,Private
M00008_P00462,6.8,Private
M00008_P00463,0.0,Private
M00008_P00465,6.0,Public
M00008_P00468,7.4,Private
M00008_P01099,6.6,Private
M00008_P01107,5.0,Private
M00008_P01108,0.0,Private
M00008_P01109,0.0,Private
M00008_P01114,5.2,Private
M00008_P01118,6.4,Public
M00009_P00991,0.0,Private
M00009_P00993,5.9,Private
M00009_P00997,6.5,Private
M00009_P01000,0.0,Private
M00009_P01010,5.6,Private
M00009_P01070,0.0,Private
M00009_P01074,0.0,Private
M00009_P01082,0.0,Public
M00010_P00266,0.0,Public
M00010_P00271,5.3,Public
M00010_P00278,0.0,Private
M00010_P00286,0.0,Private
M00010_P00782,0.0,Private
M00010_P00786,0.0,Private
M00010_P00788,5.9,Public
M00010_P00797,6.6,Private
M00010_P00803,7.1,Private
M00011_P01041,0.0,Public
M00011_P01042,0.0,Public
M00011_P01048,0.0,Public
M00011_P01049,7.0,Public
M00011_P01051,5.9,Private
M00011_P01055,5.8,Private
M00011_P01063,7.3,Private
M00011_P01064,0.0,Private
M00011_P01177,0.0,Private
M00011_P01182,4.7,Public
M00011_P01184,6.0,Private
M00011_P01193,6.9,Private
M00011_P01196,0.0,Private
M00012_P00529,5.7,Private
M00012_P00535,6.0,Private
M00012_P00536,5.6,Public
M00012_P00542,0.0,Public
M00012_P00543,0.0,Private
M00012_P01120,0.0,Private
M00013_P00055,6.1,Private
M00013_P00057,6.2,Public
M00013_P00059,0.0,Private
M00013_P00064,0.0,Private
M00013_P00066,0.0,Public
M00013_P00071,5.8,Public
M00013_P00077,7.3,Private
M00013_P00368,5.8,Private
M00013_P00372,0.0,Private
M00013_P00378,0.0,Private
M00013_P00382,0.0,Private
M00013_P00383,6.3,Private
M00014_P00108,6.1,Private
M00014_P00110,0.0,Private
M00014_P00114,6.8,Public
M00014_P00124,0.0,Private
M00014_P00129,0.0,Private
M00014_P00443,0.0,Public
M00014_P00448,4.8,Public
M00014_P00452,0.0,Private
M00014_P00462,6.1,Private
M00014_P00463,0.0,Public
M00014_P00465,4.7,Public
M00014_P00468,5.4,Private
M00015_P00345,6.8,Public
M00015_P00347,6.5,Public
M00015_P00351,0.0,Private
M00015_P00353,5.8,Private
M00015_P00359,5.3,Public
M00015_P00362,5.9,Private
M00015_P01099,6.4,Private
M00015_P01107,6.3,Public
M00015_P01108,0.0,Private
M00015_P01109,6.3,Private
M00015_P01114,0.0,Private
M00015_P01118,0.0,Private
M00016_P00761,0.0,Private
M00016_P00772,5.6,Public
M00016_P01070,6.8,Private
M00016_P01074,6.5,Private
M00016_P01082,0.0,Public
M00017_P00209,0.0,Public
M00017_P00210,0.0,Private
M00017_P00211,5.7,Private
M00017_P00219,0.0,Public
M00017_P00221,0.0,Private
M00017_P00222,6.6,Public
M00017_P00232,5.7,Private
M00017_P00234,8.3,Public
M00017_P00423,5.5,Private
M00017_P00424,0.0,Private
M00017_P00425,0.0,Private
M00017_P00426,6.6,Public
M00017_P00431,0.0,Private
M00017_P00436,0.0,Public
M00017_P00440,6.6,Private
M00018_P00965,0.0,Private
M00018_P00966,0.0,Public
M00018_P00975,0.0,Private
M00018_P00978,6.8,Private
M00018_P00980,5.8,Private
M00018_P00986,6.8,Private
M00018_P01223,6.4,Public
M00018_P01234,5.4,Public
M00018_P01236,0.0,Private
M00018_P01241,6.9,Private
M00018_P01242,6.2,Private
M00019_P00368,5.5,Private
M00019_P00372,7.3,Private
M00019_P00378,5.3,Private
M00019_P00382,0.0,Private
M00019_P00383,5.9,Private
M00019_P00611,5.4,Private
M00019_P00618,7.4,Private
M00019_P00619,0.0,Public
M00019_P00622,7.0,Public
M00020_P00079,6.9,Private
M00020_P00082,6.6,Private
M00020_P00087,5.6,Public
M00020_P00097,5.6,Public
M00020_P00102,0.0,Private
M00020_P00136,6.2,Public
M00020_P00141,7.8,Public
M00020_P00148,5.5,Private
M00020_P00156,6.6,Private
M00021_P00266,0.0,Private
M00021_P00271,0.0,Public
M00021_P00278,7.0,Private
M00021_P00286,5.3,Public
M00021_P01041,6.5,Private
M00021_P01042,0.0,Private
M00021_P01048,0.0,Private
M00021_P01049,8.4,Private
M00021_P01051,5.9,Private
M00021_P01055,0.0,Private
M00021_P01063,6.6,Public
M00021_P01064,0.0,Private
M00022_P00108,6.0,Public
M00022_P00110,5.8,Public
M00022_P00114,0.0,Private
M00022_P00124,0.0,Private
M00022_P00129,5.8,Private
M00022_P00991,0.0,Private
M00022_P00993,5.3,Private
M00022_P00997,0.0,Private
M00022_P01000,6.3,Private
M00022_P01010,6.2,Private
M00023_P00761,0.0,Public
M00023_P00772,5.9,Private
M00023_P00991,0.0,Public
M00023_P00993,5.2,Public
M00023_P00997,0.0,Private
M00023_P01000,6.3,Public
M00023_P01010,7.2,Private
M00024_P00011,6.7,Private
M00024_P00024,6.5,Private
M00024_P00922,5.8,Private
M00024_P00927,6.5,Public
M00024_P00931,0.0,Private
M00024_P00935,7.4,Private
M00025_P00888,5.8,Private
M00025_P00889,5.9,Private
M00025_P00893,4.3,Private
M00025_P00894,0.0,Public
M00025_P00895,5.6,Private
M00025_P00901,7.8,Private
M00025_P00909,7.3,Private
M00025_P01120,6.4,Public
M00026_P00549,0.0,Private
M00026_P00552,7.6,Private
M00026_P00554,6.3,Private
M00026_P00561,7.1,Private
M00026_P00562,7.5,Public
M00026_P00568,0.0,Private
M00026_P01070,0.0,Private
M00026_P01074,6.0,Public
M00026_P01082,0.0,Private
M00027_P00266,0.0,Private
M00027_P00271,0.0,Private
M00027_P00278,0.0,Private
M00027_P00286,6.4,Private
M00027_P00705,5.7,Private
M00027_P00707,6.3,Public
M00027_P00716,6.4,Private
M00027_P00718,0.0,Private
M00027_P00724,5.5,Private
M00027_P00728,6.1,Private
M00028_P01201,5.6,Private
M00028_P01209,0.0,Private
M00028_P01210,6.5,Private
M00028_P01211,7.5,Private
M00028_P01214,5.6,Private
M00028_P01223,0.0,Private
M00028_P01234,6.5,Private
M00028_P01236,6.3,Private
M00028_P01241,6.4,Private
M00028_P01242,0.0,Public
M00029_P00157,5.2,Private
M00029_P00159,0.0,Public
M00029_P00164,6.3,Private
M00029_P00169,4.5,Private
M00029_P00171,0.0,Public
M00029_P00175,0.0,Private
M00029_P00835,0.0,Public
M00029_P00840,6.0,Public
M00029_P00844,5.7,Private
M00029_P00847,0.0,Private
M00029_P00848,6.1,Public
M00029_P00856,0.0,Private
M00030_P00835,0.0,Private
M00030_P00840,5.6,Public
M00030_P00844,0.0,Private
M00030_P00847,6.5,Public
M00030_P00848,6.1,Public
M00030_P00856,0.0,Private
M00030_P01041,6.2,Private
M00030_P01042,0.0,Private
M00030_P01048,0.0,Private
M00030_P01049,0.0,Private
M00030_P01051,0.0,Private
M00030_P01055,6.4,Private
M00030_P01063,7.3,Private
M00030_P01064,0.0,Public
M00031_P00241,0.0,Private
M00031_P00244,0.0,Public
M00031_P00245,6.4,Public
M00031_P00248,5.7,Private
M00031_P00255,8.2,Private
M00031_P00260,0.0,Private
M00031_P00625,0.0,Private
M00031_P00630,0.0,Public
M00031_P00632,5.7,Public
M00031_P00635,5.9,Public
M00031_P00644,6.1,Private
M00031_P00645,7.3,Private
M00031_P00650,6.9,Private
M00032_P00863,6.8,Public
M00032_P00880,0.0,Private
M00032_P00882,0.0,Private
M00032_P00888,0.0,Private
M00032_P00889,6.1,Private
M00032_P00893,5.9,Private
M00032_P00894,6.2,Public
M00032_P00895,0.0,Private
M00032_P00901,7.4,Private
M00032_P00909,6.0,Public
M00033_P00032,0.0,Public
M00033_P00044,5.9,Public
M00033_P00045,5.8,Public
M00033_P00050,6.6,Private
M00033_P00052,0.0,Private
M00033_P00807,5.9,Private
M00033_P00812,0.0,Public
M00033_P00819,0.0,Private
M00033_P00826,6.6,Private
M00033_P00827,7.2,Public
M00034_P00391,0.0,Private
M00034_P00399,6.5,Private
M00034_P00410,5.4,Private
M00034_P00416,5.8,Private
M00034_P00515,5.1,Public
M00035_P00136,0.0,Private
M00035_P00141,6.4,Private
M00035_P00148,0.0,Private
M00035_P00156,6.1,Private
M00035_P00940,0.0,Private
M00035_P00948,0.0,Public
M00035_P00950,5.4,Public
M00035_P00951,7.1,Private
M00035_P00959,6.3,Public
M00035_P00962,0.0,Private
M00036_P00108,0.0,Private
M00036_P00110,5.7,Private
M00036_P00114,0.0,Private
M00036_P00124,6.2,Private
M00036_P00129,6.2,Private
M00036_P00922,6.6,Private
M00036_P00927,0.0,Private
M00036_P00931,0.0,Private
M00036_P00935,0.0,Private
M00037_P00209,6.1,Private
M00037_P00210,0.0,Public
M00037_P00211,0.0,Public
M00037_P00219,5.5,Public
M00037_P00221,6.2,Public
M00037_P00222,0.0,Public
M00037_P00232,5.8,Private
M00037_P00234,7.5,Public
M00037_P01120,0.0,Private
M00038_P00423,0.0,Private
M00038_P00424,5.2,Public
M00038_P00425,0.0,Private
M00038_P00426,0.0,Public
M00038_P00431,0.0,Public
M00038_P00436,5.7,Private
M00038_P00440,0.0,Private
M00038_P00888,6.3,Private
M00038_P00889,6.2,Private
M00038_P00893,5.3,Private
M00038_P00894,0.0,Public
M00038_P00895,7.0,Public
M00038_P00901,7.7,Private
M00038_P00909,0.0,Private
M00039_P00345,5.8,Private
M00039_P00347,6.7,Private
M00039_P00351,6.6,Private
M00039_P00353,6.6,Private
M00039_P00359,7.8,Private
M00039_P00362,5.1,Private
M00039_P00922,0.0,Private
M00039_P00927,5.7,Private
M00039_P00931,6.3,Private
M00039_P00935,0.0,Private
M00040_P00515,0.0,Public
M00040_P01177,0.0,Private
M00040_P01182,7.0,Private
M00040_P01184,6.2,Private
M00040_P01193,5.7,Private
M00040_P01196,7.2,Private
M00041_P00732,5.8,Private
M00041_P00738,0.0,Public
M00041_P00742,0.0,Private
M00041_P00744,0.0,Public
M00041_P00747,6.3,Private
M00041_P00753,6.4,Private
M00041_P00888,5.8,Private
M00041_P00889,4.9,Private
M00041_P00893,5.9,Private
M00041_P00894,6.5,Private
M00041_P00895,6.7,Public
M00041_P00901,7.7,Private
M00041_P00909,0.0,Private
M00042_P00368,0.0,Private
M00042_P00372,6.6,Private
M00042_P00378,5.4,Private
M00042_P00382,0.0,Public
M00042_P00383,6.5,Private
M00042_P00391,0.0,Public
M00042_P00399,0.0,Private
M00042_P00410,6.6,Private
M00042_P00416,5.8,Private
M00043_P00032,6.3,Private
M00043_P00044,6.7,Public
M00043_P00045,0.0,Public
M00043_P00050,0.0,Private
M00043_P00052,5.5,Private
M00043_P00991,0.0,Public
M00043_P00993,0.0,Public
M00043_P00997,0.0,Private
M00043_P01000,5.8,Public
M00043_P01010,7.0,Private
M00044_P00368,6.0,Private
M00044_P00372,7.2,Public
M00044_P00378,5.8,Public
M00044_P00382,0.0,Private
M00044_P00383,6.1,Private
M00044_P00965,0.0,Private
M00044_P00966,0.0,Private
M00044_P00975,0.0,Private
M00044_P00978,6.3,Private
M00044_P00980,0.0,Private
M00044_P00986,6.9,Private
M00045_P01041,5.7,Public
M00045_P01042,0.0,Private
M00045_P01048,6.1,Private
M00045_P01049,7.4,Private
M00045_P01051,0.0,Private
M00045_P01055,5.0,Public
M00045_P01063,0.0,Private
M00045_P01064,5.1,Public
M00045_P01177,6.5,Private
M00045_P01182,0.0,Public
M00045_P01184,6.0,Public
M00045_P01193,6.3,Public
M00045_P01196,0.0,Private
M00046_P00055,0.0,Private
M00046_P00057,5.5,Private
M00046_P00059,0.0,Private
M00046_P00064,0.0,Private
M00046_P00066,0.0,Public
M00046_P00071,0.0,Private
M00046_P00077,0.0,Public
M00046_P00108,5.8,Private
M00046_P00110,0.0,Public
M00046_P00114,7.4,Private
M00046_P00124,6.9,Public
M00046_P00129,5.9,Private
M00047_P00391,0.0,Private
M00047_P00399,5.8,Private
M00047_P00410,6.7,Public
M00047_P00416,6.5,Private
M00047_P00835,5.6,Private
M00047_P00840,0.0,Private
M00047_P00844,0.0,Private
M00047_P00847,0.0,Private
M00047_P00848,0.0,Private
M00047_P00856,5.8,Private
M00048_P00345,5.8,Private
M00048_P00347,0.0,Private
M00048_P00351,6.0,Public
M00048_P00353,0.0,Public
M00048_P00359,4.3,Private
M00048_P00362,6.1,Private
M00048_P00922,0.0,Private
M00048_P00927,0.0,Private
M00048_P00931,6.2,Public
M00048_P00935,0.0,Public
M00049_P00391,0.0,Private
M00049_P00399,6.3,Private
M00049_P00410,5.7,Private
M00049_P00416,5.7,Public
M00049_P00807,0.0,Private
M00049_P00812,6.5,Private
M00049_P00819,6.2,Private
M00049_P00826,0.0,Private
M00049_P00827,7.7,Private
M00050_P00157,6.4,Private
M00050_P00159,0.0,Private
M00050_P00164,0.0,Public
M00050_P00169,0.0,Private
M00050_P00171,5.7,Private
M00050_P00175,5.7,Private
M00050_P00185,5.5,Private
M00050_P00193,5.4,Private
M00050_P00197,6.2,Private
M00050_P00199,0.0,Private
M00050_P00200,5.2,Private
M00051_P00574,0.0,Public
M00051_P00579,6.0,Public
M00051_P00582,0.0,Private
M00051_P00584,5.3,Private
M00051_P00586,0.0,Private
M00051_P00590,7.0,Public
M00051_P00732,0.0,Private
M00051_P00738,5.6,Private
M00051_P00742,6.2,Private
M00051_P00744,5.5,Private
M00051_P00747,0.0,Private
M00051_P00753,5.5,Private
M00052_P00079,7.1,Private
M00052_P00082,5.2,Public
M00052_P00087,0.0,Public
M00052_P00097,6.6,Private
M00052_P00102,6.9,Private
M00052_P01201,5.2,Private
M00052_P01209,0.0,Private
M00052_P01210,0.0,Private
M00052_P01211,8.1,Private
M00052_P01214,0.0,Private
M00053_P00079,0.0,Private
M00053_P00082,6.6,Public
M00053_P00087,6.2,Private
M00053_P00097,0.0,Public
M00053_P00102,5.1,Private
M00053_P00678,0.0,Private
M00053_P00679,0.0,Public
M00053_P00680,0.0,Private
M00053_P00681,6.4,Private
M00053_P00683,0.0,Private
M00053_P00694,0.0,Public
M00054_P00157,0.0,Private
M00054_P00159,0.0,Private
M00054_P00164,6.6,Private
M00054_P00169,0.0,Private
M00054_P00171,6.1,Private
M00054_P00175,6.5,Private
M00054_P00423,0.0,Private
M00054_P00424,0.0,Private
M00054_P00425,6.5,Private
M00054_P00426,6.0,Public
M00054_P00431,6.6,Public
M00054_P00436,7.8,Private
M00054_P00440,6.6,Private
M00055_P00732,7.3,Private
M00055_P00738,6.2,Public
M00055_P00742,0.0,Public
M00055_P00744,0.0,Public
M00055_P00747,0.0,Private
M00055_P00753,6.5,Private
M00055_P00888,0.0,Private
M00055_P00889,6.4,Private
M00055_P00893,5.9,Private
M00055_P00894,0.0,Private
M00055_P00895,6.2,Private
M00055_P00901,7.9,Private
M00055_P00909,5.8,Private
M00056_P00287,0.0,Private
M00056_P00290,5.2,Private
M00056_P00291,0.0,Private
M00056_P00295,7.1,Public
M00056_P00297,6.6,Private
M00056_P00298,0.0,Private
M00056_P00299,0.0,Public
M00056_P00304,7.0,Private
M00056_P00307,5.9,Private
M00056_P00309,6.4,Private
M00056_P00310,6.2,Private
M00056_P00478,0.0,Private
M00056_P00479,6.9,Public
M00056_P00486,0.0,Public
M00056_P00491,0.0,Public
M00057_P00108,6.8,Public
M00057_P00110,6.8,Public
M00057_P00114,0.0,Public
M00057_P00124,6.2,Private
M00057_P00129,5.8,Public
M00057_P00761,0.0,Private
M00057_P00772,6.1,Private
M00058_P00079,0.0,Private
M00058_P00082,6.5,Private
M00058_P00087,6.7,Public
M00058_P00097,6.4,Public
M00058_P00102,6.0,Public
M00058_P01099,6.3,Public
M00058_P01107,5.2,Public
M00058_P01108,6.7,Public
M00058_P01109,0.0,Public
M00058_P01114,6.3,Public
M00058_P01118,0.0,Private
M00059_P00136,0.0,Public
M00059_P00141,6.5,Private
M00059_P00148,5.7,Private
M00059_P00156,0.0,Private
M00059_P00423,0.0,Public
M00059_P00424,0.0,Private
M00059_P00425,7.0,Private
M00059_P00426,5.3,Public
M00059_P00431,5.1,Private
M00059_P00436,0.0,Private
M00059_P00440,6.4,Public
M00060_P00782,0.0,Public
M00060_P00786,0.0,Private
M00060_P00788,6.8,Private
M00060_P00797,5.9,Public
M00060_P00803,6.4,Public
M00060_P00807,5.5,Private
M00060_P00812,7.3,Private
M00060_P00819,6.5,Private
M00060_P00826,0.0,Private
M00060_P00827,7.1,Private
M00061_P00079,0.0,Private
M00061_P00082,5.4,Public
M00061_P00087,6.7,Public
M00061_P00097,0.0,Private
M00061_P00102,6.7,Private
M00061_P00287,6.3,Private
M00061_P00290,0.0,Private
M00061_P00291,6.3,Public
M00061_P00295,6.7,Private
M00061_P00297,5.3,Private
M00061_P00298,0.0,Public
M00061_P00299,5.8,Public
M00061_P00304,6.7,Private
M00061_P00307,0.0,Public
M00061_P00309,0.0,Private
M00061_P00310,6.2,Public
M00062_P00423,0.0,Private
M00062_P00424,4.9,Public
M00062_P00425,7.1,Private
M00062_P00426,6.4,Private
M00062_P00431,0.0,Private
M00062_P00436,6.6,Private
M00062_P00440,7.7,Private
M00062_P00625,0.0,Public
M00062_P00630,0.0,Private
M00062_P00632,7.0,Private
M00062_P00635,5.5,Private
M00062_P00644,5.3,Private
M00062_P00645,7.7,Public
M00062_P00650,6.3,Public
M00063_P00478,5.7,Private
M00063_P00479,8.3,Private
M00063_P00486,6.1,Private
M00063_P00491,0.0,Private
M00063_P00732,5.6,Private
M00063_P00738,5.7,Private
M00063_P00742,8.2,Public
M00063_P00744,0.0,Public
M00063_P00747,7.0,Public
M00063_P00753,6.1,Public
M00064_P00241,6.0,Public
M00064_P00244,5.8,Public
M00064_P00245,0.0,Public
M00064_P00248,0.0,Public
M00064_P00255,6.9,Private
M00064_P00260,7.8,Public
M00064_P00345,6.5,Private
M00064_P00347,0.0,Private
M00064_P00351,7.2,Private
M00064_P00353,6.1,Public
M00064_P00359,7.0,Private
M00064_P00362,5.2,Private
M00065_P00079,7.5,Private
M00065_P00082,0.0,Private
M00065_P00087,6.1,Public
M00065_P00097,5.6,Public
M00065_P00102,6.0,Private
M00065_P00991,0.0,Private
M00065_P00993,5.5,Private
M00065_P00997,5.4,Private
M00065_P01000,0.0,Public
M00065_P01010,6.7,Private
M00066_P00529,0.0,Public
M00066_P00535,0.0,Private
M00066_P00536,5.4,Private
M00066_P00542,6.4,Private
M00066_P00543,0.0,Public
M00066_P01223,0.0,Public
M00066_P01234,7.5,Private
M00066_P01236,5.3,Public
M00066_P01241,0.0,Private
M00066_P01242,5.4,Public
M00067_P00782,0.0,Private
M00067_P00786,0.0,Private
M00067_P00788,6.8,Public
M00067_P00797,0.0,Private
M00067_P00803,5.9,Public
M00067_P00965,0.0,Public
M00067_P00966,6.1,Private
M00067_P00975,6.8,Private
M00067_P00978,0.0,Private
M00067_P00980,6.2,Public
M00067_P00986,0.0,Private
M00068_P00079,5.9,Private
M00068_P00082,5.6,Private
M00068_P00087,5.6,Private
M00068_P00097,5.0,Private
M00068_P00102,0.0,Private
M00068_P00863,6.3,Private
M00068_P00880,5.9,Private
M00068_P00882,7.9,Private
M00069_P00108,0.0,Public
M00069_P00110,0.0,Private
M00069_P00114,0.0,Private
M00069_P00124,5.8,Public
M00069_P00129,5.9,Public
M00069_P01020,6.8,Private
M00069_P01034,6.0,Private
M00069_P01037,5.5,Private
M00069_P01038,5.8,Public
M00070_P00185,6.2,Private
M00070_P00193,0.0,Public
M00070_P00197,6.1,Public
M00070_P00199,6.9,Public
M00070_P00200,5.9,Private
M00070_P00655,0.0,Private
M00070_P00662,6.5,Private
M00070_P00666,0.0,Private
M00070_P00668,6.2,Private
M00070_P00669,0.0,Private
M00070_P00673,6.4,Private
M00070_P00674,6.0,Private
M00071_P00965,0.0,Private
M00071_P00966,5.5,Private
M00071_P00975,0.0,Private
M00071_P00978,6.3,Private
M00071_P00980,6.7,Private
M00071_P00986,6.6,Public
M00071_P01020,0.0,Private
M00071_P01034,6.0,Private
M00071_P01037,6.2,Private
M00071_P01038,0.0,Private
M00072_P00678,0.0,Private
M00072_P00679,0.0,Public
M00072_P00680,6.2,Private
M00072_P00681,0.0,Private
M00072_P00683,0.0,Private
M00072_P00694,5.9,Public
M00072_P01120,6.1,Private
M00073_P00345,5.5,Private
M00073_P00347,6.9,Private
M00073_P00351,6.8,Private
M00073_P00353,6.1,Private
M00073_P00359,5.4,Public
M00073_P00362,6.7,Private
M00073_P00423,7.6,Public
M00073_P00424,7.0,Private
M00073_P00425,6.8,Public
M00073_P00426,5.9,Private
M00073_P00431,5.4,Private
M00073_P00436,0.0,Private
M00073_P00440,0.0,Private
M00074_P00391,0.0,Private
M00074_P00399,6.3,Public
M00074_P00410,5.3,Private
M00074_P00416,5.8,Public
M00074_P00443,6.4,Private
M00074_P00448,0.0,Private
M00074_P00452,5.3,Public
M00074_P00462,5.7,Public
M00074_P00463,0.0,Private
M00074_P00465,5.9,Private
M00074_P00468,6.3,Private
M00075_P01070,6.5,Private
M00075_P01074,0.0,Private
M00075_P01082,0.0,Public
M00075_P01099,6.1,Private
M00075_P01107,4.6,Public
M00075_P01108,6.4,Private
M00075_P01109,6.3,Private
M00075_P01114,5.9,Private
M00075_P01118,0.0,Private
M00076_P00108,0.0,Private
M00076_P00110,6.5,Public
M00076_P00114,8.7,Private
M00076_P00124,0.0,Private
M00076_P00129,6.2,Private
M00076_P00529,6.4,Public
M00076_P00535,0.0,Private
M00076_P00536,6.0,Private
M00076_P00542,0.0,Private
M00076_P00543,5.9,Private
M00077_P00940,5.5,Private
M00077_P00948,6.4,Private
M00077_P00950,6.2,Public
M00077_P00951,6.1,Private
M00077_P00959,0.0,Private
M00077_P00962,5.9,Private
M00077_P01020,0.0,Private
M00077_P01034,0.0,Private
M00077_P01037,5.6,Private
M00077_P01038,5.3,Private
M00078_P00345,5.8,Public
M00078_P00347,4.8,Private
M00078_P00351,6.5,Private
M00078_P00353,6.3,Public
M00078_P00359,6.0,Private
M00078_P00362,0.0,Private
M00078_P00888,4.9,Private
M00078_P00889,0.0,Private
M00078_P00893,5.7,Private
M00078_P00894,0.0,Public
M00078_P00895,0.0,Private
M00078_P00901,0.0,Private
M00078_P00909,6.8,Public
M00079_P00209,5.8,Private
M00079_P00210,0.0,Private
M00079_P00211,0.0,Private
M00079_P00219,6.2,Private
M00079_P00221,6.1,Private
M00079_P00222,5.6,Private
M00079_P00232,0.0,Private
M00079_P00234,0.0,Private
M00079_P00611,6.5,Public
M00079_P00618,0.0,Private
M00079_P00619,0.0,Public
M00079_P00622,0.0,Public
M00080_P00478,0.0,Private
M00080_P00479,7.0,Private
M00080_P00486,7.3,Private
M00080_P00491,6.1,Private
M00080_P00611,6.5,Private
M00080_P00618,7.0,Private
M00080_P00619,5.0,Public
M00080_P00622,4.8,Private
M00081_P00888,6.8,Public
M00081_P00889,4.9,Private
M00081_P00893,6.1,Public
M00081_P00894,5.4,Private
M00081_P00895,0.0,Public
M00081_P00901,7.9,Private
M00081_P00909,0.0,Private
M00081_P01201,5.0,Private
M00081_P01209,0.0,Public
M00081_P01210,0.0,Private
M00081_P01211,7.4,Public
M00081_P01214,0.0,Private
M00082_P00922,0.0,Public
M00082_P00927,0.0,Public
M00082_P00931,0.0,Public
M00082_P00935,0.0,Private
M00082_P01099,5.7,Private
M00082_P01107,0.0,Public
M00082_P01108,0.0,Private
M00082_P01109,6.7,Private
M00082_P01114,7.0,Private
M00082_P01118,6.2,Private
M00083_P00209,5.5,Private
M00083_P00210,0.0,Private
M00083_P00211,0.0,Public
M00083_P00219,0.0,Public
M00083_P00221,0.0,Private
M00083_P00222,6.0,Private
M00083_P00232,6.3,Private
M00083_P00234,0.0,Public
M00083_P00443,0.0,Private
M00083_P00448,6.0,Private
M00083_P00452,0.0,Public
M00083_P00462,0.0,Public
M00083_P00463,5.5,Private
M00083_P00465,5.9,Private
M00083_P00468,6.3,Public
M00084_P00922,7.5,Public
M00084_P00927,6.6,Public
M00084_P00931,0.0,Private
M00084_P00935,6.2,Public
M00084_P01223,0.0,Public
M00084_P01234,6.9,Private
M00084_P01236,7.1,Public
M00084_P01241,0.0,Private
M00084_P01242,5.9,Public
M00085_P00478,6.1,Public
M00085_P00479,6.7,Public
M00085_P00486,6.3,Private
M00085_P00491,6.1,Private
M00085_P01020,5.7,Private
M00085_P01034,6.1,Private
M00085_P01037,5.5,Private
M00085_P01038,5.6,Public
M00086_P00345,0.0,Public
M00086_P00347,6.9,Private
M00086_P00351,0.0,Public
M00086_P00353,6.9,Public
M00086_P00359,0.0,Public
M00086_P00362,0.0,Public
M00086_P01146,0.0,Public
M00086_P01157,5.8,Private
M00086_P01166,6.8,Private
M00086_P01169,6.4,Private
M00087_P00807,0.0,Private
M00087_P00812,7.1,Private
M00087_P00819,6.6,Public
M00087_P00826,0.0,Private
M00087_P00827,6.4,Private
M00087_P00835,0.0,Public
M00087_P00840,0.0,Private
M00087_P00844,0.0,Private
M00087_P00847,6.1,Private
M00087_P00848,0.0,Private
M00087_P00856,0.0,Public
M00088_P00136,0.0,Private
M00088_P00141,7.3,Private
M00088_P00148,6.8,Public
M00088_P00156,5.6,Private
M00088_P01070,5.5,Private
M00088_P01074,0.0,Private
M00088_P01082,6.6,Private
M00089_P00011,0.0,Private
M00089_P00024,0.0,Public
M00089_P00055,0.0,Public
M00089_P00057,0.0,Private
M00089_P00059,5.7,Private
M00089_P00064,5.9,Public
M00089_P00066,0.0,Public
M00089_P00071,5.7,Private
M00089_P00077,0.0,Private
M00090_P00423,0.0,Private
M00090_P00424,5.6,Public
M00090_P00425,6.6,Public
M00090_P00426,5.4,Public
M00090_P00431,5.5,Private
M00090_P00436,5.6,Public
M00090_P00440,7.0,Private
M00090_P01041,0.0,Public
M00090_P01042,5.0,Private
M00090_P01048,5.6,Private
M00090_P01049,0.0,Private
M00090_P01051,5.9,Public
M00090_P01055,0.0,Public
M00090_P01063,5.2,Public
M00090_P01064,6.7,Private
M00091_P00922,7.0,Private
M00091_P00927,7.2,Private
M00091_P00931,6.2,Private
M00091_P00935,5.9,Private
M00091_P01201,0.0,Public
M00091_P01209,6.0,Private
M00091_P01210,0.0,Private
M00091_P01211,7.4,Private
M00091_P01214,0.0,Private
M00092_P00108,6.5,Public
M00092_P00110,0.0,Public
M00092_P00114,7.5,Private
M00092_P00124,5.7,Public
M00092_P00129,0.0,Private
M00092_P00185,0.0,Public
M00092_P00193,5.3,Private
M00092_P00197,0.0,Public
M00092_P00199,5.9,Private
M00092_P00200,6.1,Private
M00093_P00055,0.0,Public
M00093_P00057,6.2,Private
M00093_P00059,0.0,Private
M00093_P00064,0.0,Private
M00093_P00066,7.8,Private
M00093_P00071,0.0,Private
M00093_P00077,5.7,Public
M00093_P00888,6.3,Public
M00093_P00889,6.3,Public
M00093_P00893,7.3,Private
M00093_P00894,6.6,Public
M00093_P00895,7.2,Private
M00093_P00901,0.0,Private
M00093_P00909,0.0,Private
M00094_P00209,0.0,Private
M00094_P00210,7.4,Public
M00094_P00211,0.0,Public
M00094_P00219,0.0,Private
M00094_P00221,0.0,Private
M00094_P00222,6.4,Private
M00094_P00232,0.0,Private
M00094_P00234,0.0,Public
M00094_P00705,0.0,Private
M00094_P00707,7.2,Private
M00094_P00716,5.9,Private
M00094_P00718,7.4,Public
M00094_P00724,0.0,Private
M00094_P00728,5.9,Private
M00095_P00055,0.0,Public
M00095_P00057,0.0,Private
M00095_P00059,0.0,Public
M00095_P00064,0.0,Private
M00095_P00066,0.0,Private
M00095_P00071,0.0,Public
M00095_P00077,0.0,Private
M00095_P00611,6.2,Private
M00095_P00618,0.0,Private
M00095_P00619,5.2,Private
M00095_P00622,0.0,Private
M00096_P00391,0.0,Private
M00096_P00399,6.2,Private
M00096_P00410,0.0,Public
M00096_P00416,5.6,Private
M00096_P01120,0.0,Public
M00097_P00574,0.0,Private
M00097_P00579,7.0,Private
M00097_P00582,0.0,Public
M00097_P00584,0.0,Private
M00097_P00586,5.7,Private
M00097_P00590,7.1,Public
M00097_P00940,6.4,Private
M00097_P00948,0.0,Private
M00097_P00950,6.6,Public
M00097_P00951,0.0,Private
M00097_P00959,0.0,Public
M00097_P00962,6.9,Private
M00098_P00266,6.3,Private
M00098_P00271,5.7,Private
M00098_P00278,0.0,Private
M00098_P00286,0.0,Private
M00098_P00391,7.0,Private
M00098_P00399,5.4,Private
M00098_P00410,0.0,Private
M00098_P00416,5.8,Public
M00099_P00032,7.0,Private
M00099_P00044,0.0,Public
M00099_P00045,0.0,Public
M00099_P00050,5.2,Public
M00099_P00052,0.0,Private
M00099_P00313,0.0,Private
M00099_P00324,0.0,Private
M00099_P00329,6.6,Public
M00099_P00333,6.6,Private
M00099_P00334,5.6,Private
M00100_P00678,0.0,Private
M00100_P00679,0.0,Private
M00100_P00680,4.8,Private
M00100_P00681,0.0,Private
M00100_P00683,0.0,Private
M00100_P00694,0.0,Public
M00100_P01120,0.0,Public
M00101_P00266,6.6,Private
M00101_P00271,5.3,Public
M00101_P00278,0.0,Private
M00101_P00286,6.0,Private
M00101_P00443,0.0,Private
M00101_P00448,7.1,Private
M00101_P00452,4.7,Private
M00101_P00462,6.7,Private
M00101_P00463,5.7,Private
M00101_P00465,0.0,Private
M00101_P00468,6.5,Private
M00102_P00055,0.0,Private
M00102_P00057,6.0,Private
M00102_P00059,4.8,Private
M00102_P00064,5.6,Private
M00102_P00066,0.0,Private
M00102_P00071,0.0,Private
M00102_P00077,6.2,Private
M00102_P00625,0.0,Public
M00102_P00630,5.6,Public
M00102_P00632,6.3,Private
M00102_P00635,0.0,Public
M00102_P00644,0.0,Public
M00102_P00645,0.0,Public
M00102_P00650,6.6,Public
M00103_P00313,7.3,Public
M00103_P00324,7.4,Private
M00103_P00329,5.8,Private
M00103_P00333,6.8,Private
M00103_P00334,6.2,Private
M00103_P00782,7.1,Public
M00103_P00786,0.0,Private
M00103_P00788,0.0,Private
M00103_P00797,0.0,Public
M00103_P00803,5.0,Private
M00104_P00368,5.9,Private
M00104_P00372,6.6,Private
M00104_P00378,0.0,Private
M00104_P00382,6.4,Private
M00104_P00383,5.8,Public
M00104_P00391,0.0,Private
M00104_P00399,0.0,Public
M00104_P00410,6.4,Private
M00104_P00416,6.7,Private
M00105_P00549,0.0,Private
M00105_P00552,6.1,Private
M00105_P00554,5.5,Public
M00105_P00561,0.0,Public
M00105_P00562,4.8,Public
M00105_P00568,5.7,Public
M00105_P00655,0.0,Private
M00105_P00662,5.6,Private
M00105_P00666,0.0,Public
M00105_P00668,4.9,Private
M00105_P00669,6.3,Private
M00105_P00673,5.7,Private
M00105_P00674,0.0,Private
M00106_P00443,0.0,Public
M00106_P00448,0.0,Private
M00106_P00452,0.0,Private
M00106_P00462,7.2,Private
M00106_P00463,6.1,Public
M00106_P00465,0.0,Private
M00106_P00468,5.8,Public
M00106_P00611,5.5,Public
M00106_P00618,6.7,Private
M00106_P00619,5.8,Private
M00106_P00622,6.2,Private
M00107_P00888,6.3,Public
M00107_P00889,6.0,Private
M00107_P00893,6.2,Public
M00107_P00894,0.0,Public
M00107_P00895,0.0,Private
M00107_P00901,6.7,Private
M00107_P00909,5.8,Private
M00107_P01120,0.0,Private
M00108_P00185,0.0,Private
M00108_P00193,5.4,Private
M00108_P00197,0.0,Public
M00108_P00199,0.0,Private
M00108_P00200,6.3,Private
M00108_P00443,0.0,Public
M00108_P00448,0.0,Private
M00108_P00452,0.0,Private
M00108_P00462,5.9,Public
M00108_P00463,5.6,Public
M00108_P00465,6.9,Private
M00108_P00468,0.0,Public
M00109_P00055,6.6,Private
M00109_P00057,0.0,Private
M00109_P00059,6.4,Private
M00109_P00064,6.1,Private
M00109_P00066,0.0,Private
M00109_P00071,6.0,Private
M00109_P00077,6.0,Private
M00109_P00185,6.6,Private
M00109_P00193,7.2,Public
M00109_P00197,0.0,Private
M00109_P00199,0.0,Private
M00109_P00200,7.1,Private
M00110_P00574,6.1,Private
M00110_P00579,0.0,Private
M00110_P00582,6.6,Private
M00110_P00584,6.3,Private
M00110_P00586,6.5,Private
M00110_P00590,7.4,Private
M00110_P01223,0.0,Private
M00110_P01234,7.3,Private
M00110_P01236,5.7,Public
M00110_P01241,6.0,Private
M00110_P01242,5.3,Private
M00111_P00705,4.9,Public
M00111_P00707,0.0,Private
M00111_P00716,5.0,Public
M00111_P00718,6.3,Private
M00111_P00724,7.0,Private
M00111_P00728,6.4,Public
M00111_P01020,6.8,Private
M00111_P01034,5.8,Private
M00111_P01037,6.5,Private
M00111_P01038,0.0,Public
M00112_P00625,6.5,Public
M00112_P00630,5.8,Private
M00112_P00632,7.2,Private
M00112_P00635,5.6,Private
M00112_P00644,0.0,Public
M00112_P00645,0.0,Private
M00112_P00650,4.8,Private
M00112_P00965,0.0,Private
M00112_P00966,0.0,Public
M00112_P00975,6.6,Private
M00112_P00978,6.8,Private
M00112_P00980,0.0,Private
M00112_P00986,0.0,Private
M00113_P00055,0.0,Private
M00113_P00057,0.0,Private
M00113_P00059,7.3,Public
M00113_P00064,0.0,Private
M00113_P00066,7.0,Private
M00113_P00071,0.0,Public
M00113_P00077,6.2,Private
M00113_P01201,5.4,Private
M00113_P01209,7.9,Public
M00113_P01210,5.8,Private
M00113_P01211,6.4,Private
M00113_P01214,5.9,Private
M00114_P00863,5.7,Public
M00114_P00880,5.7,Private
M00114_P00882,0.0,Private
M00114_P00922,5.8,Private
M00114_P00927,6.3,Private
M00114_P00931,6.9,Public
M00114_P00935,0.0,Private
M00115_P00611,6.7,Public
M00115_P00618,7.2,Public
M00115_P00619,0.0,Private
M00115_P00622,0.0,Private
M00115_P00732,0.0,Private
M00115_P00738,0.0,Private
M00115_P00742,6.5,Private
M00115_P00744,0.0,Public
M00115_P00747,7.4,Private
M00115_P00753,6.3,Private
M00116_P00529,0.0,Private
M00116_P00535,5.4,Public
M00116_P00536,7.1,Private
M00116_P00542,0.0,Private
M00116_P00543,0.0,Public
M00116_P01020,0.0,Public
M00116_P01034,4.9,Private
M00116_P01037,0.0,Private
M00116_P01038,5.9,Public
M00117_P00515,0.0,Private
M00117_P01201,6.9,Public
M00117_P01209,6.5,Private
M00117_P01210,0.0,Private
M00117_P01211,7.7,Private
M00117_P01214,0.0,Private
M00118_P00678,0.0,Private
M00118_P00679,0.0,Public
M00118_P00680,5.7,Private
M00118_P00681,5.7,Private
M00118_P00683,6.7,Private
M00118_P00694,0.0,Public
M00118_P01099,4.8,Public
M00118_P01107,0.0,Public
M00118_P01108,7.2,Private
M00118_P01109,0.0,Private
M00118_P01114,0.0,Private
M00118_P01118,0.0,Private
M00119_P00478,0.0,Private
M00119_P00479,0.0,Public
M00119_P00486,6.4,Private
M00119_P00491,6.6,Private
M00119_P01146,7.8,Private
M00119_P01157,0.0,Private
M00119_P01166,6.0,Private
M00119_P01169,5.8,Private
M00120_P00313,7.0,Public
M00120_P00324,5.7,Public
M00120_P00329,6.1,Private
M00120_P00333,7.0,Private
M00120_P00334,0.0,Private
M00120_P00705,0.0,Private
M00120_P00707,6.2,Public
M00120_P00716,6.5,Public
M00120_P00718,0.0,Private
M00120_P00724,5.8,Private
M00120_P00728,6.5,Public
M00121_P00287,0.0,Private
M00121_P00290,0.0,Public
M00121_P00291,5.1,Private
M00121_P00295,7.2,Public
M00121_P00297,7.0,Private
M00121_P00298,0.0,Private
M00121_P00299,0.0,Private
M00121_P00304,0.0,Public
M00121_P00307,6.0,Public
M00121_P00309,6.7,Private
M00121_P00310,6.8,Private
M00121_P01120,0.0,Private
M00122_P00655,0.0,Public
M00122_P00662,6.5,Private
M00122_P00666,6.5,Private
M00122_P00668,0.0,Private
M00122_P00669,6.1,Public
M00122_P00673,0.0,Private
M00122_P00674,0.0,Public
M00122_P00940,5.8,Public
M00122_P00948,5.8,Private
M00122_P00950,0.0,Public
M00122_P00951,5.5,Private
M00122_P00959,0.0,Private
M00122_P00962,0.0,Private
M00123_P00345,0.0,Private
M00123_P00347,0.0,Public
M00123_P00351,0.0,Private
M00123_P00353,0.0,Private
M00123_P00359,5.6,Public
M00123_P00362,6.3,Private
M00123_P00478,4.4,Public
M00123_P00479,0.0,Public
M00123_P00486,5.5,Private
M00123_P00491,6.7,Public
M00124_P00732,5.4,Private
M00124_P00738,0.0,Private
M00124_P00742,0.0,Private
M00124_P00744,6.0,Public
M00124_P00747,8.6,Public
M00124_P00753,6.3,Public
M00124_P00761,5.3,Private
M00124_P00772,5.1,Private
M00125_P00782,0.0,Public
M00125_P00786,5.9,Private
M00125_P00788,6.0,Public
M00125_P00797,6.1,Private
M00125_P00803,0.0,Private
M00125_P00835,0.0,Private
M00125_P00840,6.3,Private
M00125_P00844,5.7,Private
M00125_P00847,0.0,Private
M00125_P00848,0.0,Private
M00125_P00856,0.0,Public
M00126_P00136,0.0,Private
M00126_P00141,6.2,Private
M00126_P00148,5.3,Private
M00126_P00156,0.0,Private
M00126_P01099,7.4,Private
M00126_P01107,5.7,Private
M00126_P01108,0.0,Private
M00126_P01109,6.3,Public
M00126_P01114,0.0,Public
M00126_P01118,6.5,Public
M00127_P00136,0.0,Public
M00127_P00141,6.8,Private
M00127_P00148,0.0,Public
M00127_P00156,5.7,Private
M00127_P00423,0.0,Private
M00127_P00424,0.0,Public
M00127_P00425,7.5,Private
M00127_P00426,6.2,Private
M00127_P00431,0.0,Private
M00127_P00436,7.4,Private
M00127_P00440,0.0,Private
M00128_P00313,0.0,Public
M00128_P00324,6.5,Private
M00128_P00329,5.6,Private
M00128_P00333,7.1,Private
M00128_P00334,6.3,Public
M00128_P00368,0.0,Private
M00128_P00372,7.5,Public
M00128_P00378,5.9,Public
M00128_P00382,5.8,Public
M00128_P00383,0.0,Private
M00129_P00055,0.0,Private
M00129_P00057,0.0,Private
M00129_P00059,0.0,Private
M00129_P00064,0.0,Private
M00129_P00066,6.6,Private
M00129_P00071,0.0,Private
M00129_P00077,0.0,Private
M00129_P00423,0.0,Public
M00129_P00424,0.0,Private
M00129_P00425,6.5,Private
M00129_P00426,0.0,Private
M00129_P00431,5.3,Private
M00129_P00436,5.2,Private
M00129_P00440,0.0,Private
M00130_P00678,0.0,Private
M00130_P00679,0.0,Private
M00130_P00680,0.0,Public
M00130_P00681,6.3,Private
M00130_P00683,5.6,Private
M00130_P00694,6.0,Public
M00130_P00761,5.8,Private
M00130_P00772,5.5,Private
M00131_P01146,0.0,Private
M00131_P01157,6.2,Public
M00131_P01166,5.6,Private
M00131_P01169,0.0,Private
M00131_P01177,0.0,Public
M00131_P01182,0.0,Public
M00131_P01184,6.4,Private
M00131_P01193,5.3,Public
M00131_P01196,6.8,Private
M00132_P00391,0.0,Private
M00132_P00399,6.2,Public
M00132_P00410,0.0,Private
M00132_P00416,0.0,Private
M00132_P00655,0.0,Private
M00132_P00662,6.2,Private
M00132_P00666,0.0,Private
M00132_P00668,5.9,Public
M00132_P00669,6.8,Private
M00132_P00673,0.0,Private
M00132_P00674,7.0,Public
M00133_P00157,0.0,Private
M00133_P00159,4.6,Private
M00133_P00164,5.9,Private
M00133_P00169,6.4,Public
M00133_P00171,5.6,Private
M00133_P00175,0.0,Private
M00133_P00732,0.0,Public
M00133_P00738,6.1,Public
M00133_P00742,5.8,Public
M00133_P00744,4.2,Private
M00133_P00747,0.0,Private
M00133_P00753,0.0,Private
M00134_P00863,0.0,Private
M00134_P00880,5.4,Public
M00134_P00882,7.0,Private
M00134_P01146,0.0,Private
M00134_P01157,4.6,Public
M00134_P01166,5.5,Public
M00134_P01169,7.2,Public
M00135_P00391,0.0,Private
M00135_P00399,0.0,Private
M00135_P00410,5.7,Private
M00135_P00416,0.0,Private
M00135_P00922,6.2,Private
M00135_P00927,6.7,Private
M00135_P00931,6.2,Private
M00135_P00935,6.6,Public
M00136_P00209,0.0,Public
M00136_P00210,0.0,Public
M00136_P00211,5.9,Public
M00136_P00219,5.9,Private
M00136_P00221,6.5,Private
M00136_P00222,5.4,Public
M00136_P00232,0.0,Public
M00136_P00234,6.7,Private
M00136_P00782,0.0,Private
M00136_P00786,6.2,Private
M00136_P00788,6.7,Private
M00136_P00797,6.7,Public
M00136_P00803,6.1,Public
M00137_P00732,0.0,Private
M00137_P00738,6.1,Private
M00137_P00742,0.0,Public
M00137_P00744,0.0,Private
M00137_P00747,7.9,Private
M00137_P00753,5.3,Private
M00137_P01041,0.0,Private
M00137_P01042,0.0,Private
M00137_P01048,5.6,Private
M00137_P01049,5.1,Private
M00137_P01051,0.0,Public
M00137_P01055,5.9,Public
M00137_P01063,0.0,Private
M00137_P01064,0.0,Private
M00138_P00732,6.9,Public
M00138_P00738,0.0,Private
M00138_P00742,7.0,Private
M00138_P00744,0.0,Public
M00138_P00747,7.3,Private
M00138_P00753,0.0,Private
M00138_P00922,0.0,Private
M00138_P00927,5.8,Public
M00138_P00931,5.8,Private
M00138_P00935,0.0,Private
M00139_P00423,7.5,Private
M00139_P00424,5.6,Private
M00139_P00425,5.2,Private
M00139_P00426,6.6,Private
M00139_P00431,0.0,Private
M00139_P00436,0.0,Private
M00139_P00440,6.1,Public
M00139_P00732,5.8,Private
M00139_P00738,6.1,Private
M00139_P00742,0.0,Private
M00139_P00744,5.9,Public
M00139_P00747,5.9,Private
M00139_P00753,6.0,Private
M00140_P00443,0.0,Private
M00140_P00448,0.0,Public
M00140_P00452,6.0,Private
M00140_P00462,7.1,Private
M00140_P00463,0.0,Public
M00140_P00465,6.1,Private
M00140_P00468,0.0,Private
M00140_P01041,0.0,Private
M00140_P01042,5.0,Private
M00140_P01048,5.6,Private
M00140_P01049,0.0,Private
M00140_P01051,0.0,Private
M00140_P01055,6.1,Private
M00140_P01063,5.7,Private
M00140_P01064,6.8,Private
M00141_P00391,0.0,Private
M00141_P00399,0.0,Private
M00141_P00410,6.4,Private
M00141_P00416,5.5,Private
M00141_P01041,0.0,Private
M00141_P01042,0.0,Public
M00141_P01048,6.9,Private
M00141_P01049,8.4,Public
M00141_P01051,0.0,Private
M00141_P01055,5.6,Private
M00141_P01063,7.2,Private
M00141_P01064,0.0,Private
M00142_P00108,6.3,Private
M00142_P00110,5.6,Private
M00142_P00114,0.0,Public
M00142_P00124,6.6,Private
M00142_P00129,5.3,Public
M00142_P01201,6.2,Public
M00142_P01209,0.0,Private
M00142_P01210,6.1,Private
M00142_P01211,0.0,Private
M00142_P01214,6.0,Private
M00143_P00443,0.0,Private
M00143_P00448,4.7,Private
M00143_P00452,7.5,Private
M00143_P00462,6.8,Private
M00143_P00463,5.5,Public
M00143_P00465,6.3,Private
M00143_P00468,0.0,Private
M00143_P00574,0.0,Private
M00143_P00579,6.3,Private
M00143_P00582,0.0,Private
M00143_P00584,0.0,Private
M00143_P00586,5.9,Private
M00143_P00590,7.6,Private
M00144_P00209,5.4,Private
M00144_P00210,0.0,Private
M00144_P00211,0.0,Public
M00144_P00219,0.0,Public
M00144_P00221,6.7,Public
M00144_P00222,5.7,Private
M00144_P00232,5.9,Private
M00144_P00234,6.4,Public
M00144_P00266,0.0,Private
M00144_P00271,6.9,Public
M00144_P00278,6.7,Private
M00144_P00286,8.7,Private
M00145_P00241,0.0,Public
M00145_P00244,0.0,Private
M00145_P00245,5.0,Public
M00145_P00248,6.5,Public
M00145_P00255,7.2,Private
M00145_P00260,6.4,Private
M00145_P01146,0.0,Private
M00145_P01157,4.5,Private
M00145_P01166,6.4,Private
M00145_P01169,5.8,Private
M00146_P00108,6.8,Public
M00146_P00110,0.0,Private
M00146_P00114,0.0,Public
M00146_P00124,0.0,Public
M00146_P00129,6.6,Private
M00146_P00705,0.0,Public
M00146_P00707,7.0,Private
M00146_P00716,0.0,Private
M00146_P00718,0.0,Public
M00146_P00724,6.3,Private
M00146_P00728,6.8,Public
M00147_P00761,0.0,Private
M00147_P00772,4.3,Private
M00147_P00888,6.6,Private
M00147_P00889,0.0,Private
M00147_P00893,6.5,Public
M00147_P00894,0.0,Private
M00147_P00895,0.0,Private
M00147_P00901,0.0,Private
M00147_P00909,6.2,Private
M00148_P00345,6.3,Private
M00148_P00347,5.8,Public
M00148_P00351,0.0,Public
M00148_P00353,6.9,Private
M00148_P00359,5.4,Private
M00148_P00362,0.0,Private
M00148_P00705,5.6,Private
M00148_P00707,6.6,Private
M00148_P00716,6.3,Public
M00148_P00718,0.0,Private
M00148_P00724,6.8,Public
M00148_P00728,0.0,Private
M00149_P00625,6.7,Private
M00149_P00630,0.0,Private
M00149_P00632,7.0,Public
M00149_P00635,7.3,Private
M00149_P00644,6.5,Private
M00149_P00645,0.0,Private
M00149_P00650,7.1,Public
M00149_P00940,0.0,Private
M00149_P00948,0.0,Private
M00149_P00950,6.8,Public
M00149_P00951,0.0,Public
M00149_P00959,0.0,Public
M00149_P00962,7.0,Private
M00150_P00515,5.9,Private
M00150_P00574,0.0,Private
M00150_P00579,5.6,Public
M00150_P00582,6.1,Private
M00150_P00584,6.0,Private
M00150_P00586,6.7,Private
M00150_P00590,6.7,Private
M00151_P00678,0.0,Public
M00151_P00679,0.0,Private
M00151_P00680,5.3,Private
M00151_P00681,5.4,Private
M00151_P00683,6.6,Private
M00151_P00694,7.5,Private
M00151_P00922,0.0,Private
M00151_P00927,5.5,Public
M00151_P00931,6.3,Public
M00151_P00935,5.7,Private
M00152_P00368,0.0,Private
M00152_P00372,6.1,Public
M00152_P00378,5.8,Public
M00152_P00382,0.0,Public
M00152_P00383,5.2,Private
M00152_P00807,6.2,Public
M00152_P00812,0.0,Private
M00152_P00819,6.4,Public
M00152_P00826,6.2,Private
M00152_P00827,0.0,Public
M00153_P00032,0.0,Private
M00153_P00044,7.2,Public
M00153_P00045,6.1,Private
M00153_P00050,6.8,Public
M00153_P00052,6.2,Private
M00153_P00807,5.7,Private
M00153_P00812,8.0,Private
M00153_P00819,0.0,Private
M00153_P00826,6.6,Private
M00153_P00827,0.0,Private
M00154_P01099,0.0,Private
M00154_P01107,5.6,Private
M00154_P01108,7.0,Private
M00154_P01109,0.0,Private
M00154_P01114,0.0,Private
M00154_P01118,6.6,Private
M00154_P01146,0.0,Public
M00154_P01157,5.5,Private
M00154_P01166,0.0,Private
M00154_P01169,6.2,Public
M00155_P00209,0.0,Private
M00155_P00210,0.0,Public
M00155_P00211,6.1,Private
M00155_P00219,0.0,Public
M00155_P00221,5.7,Private
M00155_P00222,7.2,Private
M00155_P00232,5.6,Private
M00155_P00234,7.9,Private
M00155_P00761,0.0,Private
M00155_P00772,5.6,Private
M00156_P00655,6.3,Public
M00156_P00662,6.7,Private
M00156_P00666,6.1,Public
M00156_P00668,0.0,Private
M00156_P00669,5.5,Private
M00156_P00673,0.0,Private
M00156_P00674,0.0,Private
M00156_P00991,7.2,Private
M00156_P00993,0.0,Private
M00156_P00997,6.2,Public
M00156_P01000,5.9,Private
M00156_P01010,0.0,Public
M00157_P00136,0.0,Private
M00157_P00141,6.7,Private
M00157_P00148,5.2,Private
M00157_P00156,5.7,Public
M00157_P01099,5.7,Private
M00157_P01107,0.0,Public
M00157_P01108,6.6,Private
M00157_P01109,6.3,Public
M00157_P01114,7.2,Private
M00157_P01118,6.4,Private
M00158_P00287,6.3,Private
M00158_P00290,0.0,Private
M00158_P00291,0.0,Private
M00158_P00295,6.3,Private
M00158_P00297,5.5,Private
M00158_P00298,5.4,Private
M00158_P00299,0.0,Private
M00158_P00304,7.0,Private
M00158_P00307,0.0,Private
M00158_P00309,0.0,Public
M00158_P00310,7.5,Private
M00158_P00761,6.1,Public
M00158_P00772,5.8,Private
M00159_P00529,5.2,Private
M00159_P00535,5.2,Private
M00159_P00536,5.8,Private
M00159_P00542,0.0,Private
M00159_P00543,0.0,Private
M00159_P00625,6.9,Private
M00159_P00630,0.0,Public
M00159_P00632,7.2,Private
M00159_P00635,0.0,Public
M00159_P00644,0.0,Private
M00159_P00645,6.0,Private
M00159_P00650,0.0,Private
M00160_P00529,0.0,Private
M00160_P00535,0.0,Private
M00160_P00536,0.0,Public
M00160_P00542,6.8,Private
M00160_P00543,0.0,Private
M00160_P00574,0.0,Private
M00160_P00579,0.0,Private
M00160_P00582,0.0,Private
M00160_P00584,7.1,Public
M00160_P00586,4.0,Private
M00160_P00590,7.2,Private
M00161_P00443,8.0,Public
M00161_P00448,5.0,Private
M00161_P00452,6.7,Public
M00161_P00462,0.0,Public
M00161_P00463,0.0,Public
M00161_P00465,6.1,Private
M00161_P00468,7.0,Private
M00161_P00705,0.0,Private
M00161_P00707,6.9,Private
M00161_P00716,6.3,Private
M00161_P00718,6.7,Private
M00161_P00724,0.0,Private
M00161_P00728,6.4,Public
M00162_P00032,7.3,Private
M00162_P00044,7.9,Public
M00162_P00045,0.0,Private
M00162_P00050,6.4,Private
M00162_P00052,6.5,Public
M00162_P00782,0.0,Public
M00162_P00786,0.0,Private
M00162_P00788,7.6,Private
M00162_P00797,6.7,Public
M00162_P00803,6.9,Private
M00163_P00368,6.2,Public
M00163_P00372,8.1,Private
M00163_P00378,0.0,Private
M00163_P00382,6.4,Public
M00163_P00383,5.7,Public
M00163_P00574,6.1,Public
M00163_P00579,0.0,Private
M00163_P00582,0.0,Public
M00163_P00584,5.4,Private
M00163_P00586,6.7,Public
M00163_P00590,0.0,Private
M00164_P00055,5.3,Private
M00164_P00057,5.9,Private
M00164_P00059,0.0,Private
M00164_P00064,0.0,Private
M00164_P00066,8.1,Private
M00164_P00071,5.7,Private
M00164_P00077,5.8,Private
M00164_P01070,5.8,Public
M00164_P01074,0.0,Private
M00164_P01082,6.1,Private
M00165_P00313,6.0,Public
M00165_P00324,0.0,Private
M00165_P00329,7.5,Private
M00165_P00333,0.0,Private
M00165_P00334,5.9,Private
M00165_P00391,6.0,Private
M00165_P00399,0.0,Public
M00165_P00410,6.4,Private
M00165_P00416,0.0,Private
M00166_P00209,0.0,Public
M00166_P00210,0.0,Public
M00166_P00211,5.7,Private
M00166_P00219,6.1,Public
M00166_P00221,6.6,Private
M00166_P00222,5.8,Public
M00166_P00232,0.0,Public
M00166_P00234,7.2,Public
M00166_P00391,0.0,Private
M00166_P00399,0.0,Private
M00166_P00410,6.5,Private
M00166_P00416,7.3,Private
M00167_P00345,5.3,Public
M00167_P00347,6.5,Private
M00167_P00351,0.0,Private
M00167_P00353,4.7,Private
M00167_P00359,0.0,Public
M00167_P00362,5.7,Private
M00167_P00940,6.2,Public
M00167_P00948,5.8,Private
M00167_P00950,6.6,Private
M00167_P00951,5.3,Private
M00167_P00959,0.0,Private
M00167_P00962,6.2,Private
M00168_P00266,6.3,Private
M00168_P00271,0.0,Private
M00168_P00278,6.7,Private
M00168_P00286,0.0,Private
M00168_P00611,6.1,Private
M00168_P00618,0.0,Private
M00168_P00619,0.0,Private
M00168_P00622,0.0,Private
M00169_P00266,0.0,Public
M00169_P00271,5.9,Private
M00169_P00278,6.0,Public
M00169_P00286,0.0,Private
M00169_P00529,5.3,Private
M00169_P00535,0.0,Private
M00169_P00536,5.9,Private
M00169_P00542,0.0,Private
M00169_P00543,6.4,Private
M00170_P00515,0.0,Private
M00170_P00965,0.0,Public
M00170_P00966,6.5,Private
M00170_P00975,7.3,Public
M00170_P00978,7.1,Private
M00170_P00980,6.4,Private
M00170_P00986,0.0,Private
M00171_P00655,5.8,Public
M00171_P00662,0.0,Public
M00171_P00666,6.3,Private
M00171_P00668,0.0,Public
M00171_P00669,5.8,Public
M00171_P00673,0.0,Public
M00171_P00674,5.8,Private
M00171_P01201,6.0,Private
M00171_P01209,5.5,Private
M00171_P01210,0.0,Public
M00171_P01211,0.0,Private
M00171_P01214,0.0,Private
M00172_P00965,0.0,Private
M00172_P00966,6.2,Public
M00172_P00975,6.4,Public
M00172_P00978,0.0,Public
M00172_P00980,5.7,Private
M00172_P00986,6.8,Private
M00172_P01177,6.0,Public
M00172_P01182,0.0,Public
M00172_P01184,4.7,Public
M00172_P01193,0.0,Private
M00172_P01196,6.4,Public
M00173_P00157,4.8,Private
M00173_P00159,0.0,Private
M00173_P00164,5.6,Private
M00173_P00169,4.9,Public
M00173_P00171,6.9,Public
M00173_P00175,0.0,Private
M00173_P01177,0.0,Private
M00173_P01182,6.4,Private
M00173_P01184,0.0,Private
M00173_P01193,5.7,Public
M00173_P01196,0.0,Private
M00174_P00991,0.0,Private
M00174_P00993,5.9,Public
M00174_P00997,0.0,Private
M00174_P01000,0.0,Private
M00174_P01010,6.6,Private
M00174_P01120,0.0,Private
M00175_P00574,5.1,Private
M00175_P00579,7.0,Private
M00175_P00582,5.9,Public
M00175_P00584,7.0,Private
M00175_P00586,0.0,Private
M00175_P00590,6.7,Public
M00175_P00922,0.0,Private
M00175_P00927,0.0,Private
M00175_P00931,6.3,Private
M00175_P00935,5.4,Private
M00176_P00108,0.0,Private
M00176_P00110,4.6,Public
M00176_P00114,6.3,Public
M00176_P00124,6.4,Public
M00176_P00129,5.6,Private
M00176_P00863,0.0,Private
M00176_P00880,0.0,Public
M00176_P00882,0.0,Private
M00177_P00011,5.7,Private
M00177_P00024,6.5,Private
M00177_P00705,0.0,Private
M00177_P00707,7.6,Public
M00177_P00716,6.6,Private
M00177_P00718,6.3,Private
M00177_P00724,0.0,Private
M00177_P00728,0.0,Private
M00178_P00611,0.0,Private
M00178_P00618,0.0,Private
M00178_P00619,6.0,Public
M00178_P00622,5.3,Private
M00178_P00705,5.8,Private
M00178_P00707,0.0,Private
M00178_P00716,0.0,Public
M00178_P00718,7.1,Public
M00178_P00724,0.0,Public
M00178_P00728,0.0,Private
M00179_P00241,0.0,Private
M00179_P00244,0.0,Public
M00179_P00245,0.0,Private
M00179_P00248,5.6,Private
M00179_P00255,7.4,Private
M00179_P00260,0.0,Private
M00179_P01177,6.0,Private
M00179_P01182,6.1,Private
M00179_P01184,6.3,Public
M00179_P01193,0.0,Private
M00179_P01196,0.0,Private
M00180_P00863,5.2,Private
M00180_P00880,0.0,Private
M00180_P00882,0.0,Private
M00180_P01201,0.0,Public
M00180_P01209,5.6,Private
M00180_P01210,0.0,Public
M00180_P01211,7.2,Public
M00180_P01214,6.4,Private
M00181_P00888,0.0,Private
M00181_P00889,5.5,Public
M00181_P00893,0.0,Private
M00181_P00894,6.9,Private
M00181_P00895,0.0,Public
M00181_P00901,0.0,Private
M00181_P00909,6.3,Private
M00181_P01020,7.9,Private
M00181_P01034,5.8,Public
M00181_P01037,6.6,Private
M00181_P01038,5.0,Private
M00182_P00705,0.0,Private
M00182_P00707,5.7,Public
M00182_P00716,5.5,Private
M00182_P00718,6.8,Public
M00182_P00724,6.3,Private
M00182_P00728,7.2,Public
M00182_P00761,0.0,Private
M00182_P00772,6.6,Private
M00183_P00391,0.0,Private
M00183_P00399,0.0,Public
M00183_P00410,5.9,Private
M00183_P00416,7.0,Private
M00183_P00529,0.0,Private
M00183_P00535,0.0,Private
M00183_P00536,0.0,Private
M00183_P00542,0.0,Private
M00183_P00543,6.8,Private
M00184_P00391,5.7,Private
M00184_P00399,0.0,Private
M00184_P00410,6.1,Private
M00184_P00416,6.8,Private
M00184_P00732,0.0,Public
M00184_P00738,0.0,Private
M00184_P00742,6.8,Private
M00184_P00744,0.0,Private
M00184_P00747,0.0,Public
M00184_P00753,5.8,Private
M00185_P00940,0.0,Private
M00185_P00948,0.0,Private
M00185_P00950,6.8,Public
M00185_P00951,6.0,Private
M00185_P00959,0.0,Private
M00185_P00962,7.5,Private
M00185_P01041,0.0,Private
M00185_P01042,0.0,Private
M00185_P01048,6.5,Private
M00185_P01049,6.3,Public
M00185_P01051,5.7,Private
M00185_P01055,0.0,Private
M00185_P01063,0.0,Public
M00185_P01064,5.5,Public
M00186_P00032,7.2,Private
M00186_P00044,6.6,Private
M00186_P00045,0.0,Private
M00186_P00050,0.0,Private
M00186_P00052,0.0,Private
M00186_P00549,5.3,Private
M00186_P00552,4.8,Public
M00186_P00554,0.0,Private
M00186_P00561,0.0,Private
M00186_P00562,6.3,Public
M00186_P00568,4.3,Public
M00187_P00287,0.0,Private
M00187_P00290,5.7,Private
M00187_P00291,4.5,Private
M00187_P00295,8.1,Private
M00187_P00297,0.0,Private
M00187_P00298,0.0,Private
M00187_P00299,6.4,Private
M00187_P00304,6.4,Private
M00187_P00307,0.0,Public
M00187_P00309,0.0,Private
M00187_P00310,7.7,Private
M00187_P00835,6.1,Private
M00187_P00840,5.8,Private
M00187_P00844,0.0,Private
M00187_P00847,4.9,Public
M00187_P00848,0.0,Private
M00187_P00856,7.1,Private
M00188_P00423,0.0,Public
M00188_P00424,0.0,Public
M00188_P00425,5.9,Private
M00188_P00426,6.2,Public
M00188_P00431,5.6,Private
M00188_P00436,5.6,Public
M00188_P00440,6.1,Private
M00188_P00574,0.0,Public
M00188_P00579,0.0,Private
M00188_P00582,6.8,Private
M00188_P00584,5.7,Private
M00188_P00586,5.7,Public
M00188_P00590,7.1,Private
M00189_P00011,0.0,Private
M00189_P00024,5.5,Private
M00189_P00922,0.0,Public
M00189_P00927,4.6,Public
M00189_P00931,0.0,Private
M00189_P00935,0.0,Private
M00190_P00136,0.0,Private
M00190_P00141,7.0,Private
M00190_P00148,5.8,Private
M00190_P00156,6.2,Public
M00190_P00423,0.0,Private
M00190_P00424,0.0,Public
M00190_P00425,6.2,Private
M00190_P00426,6.1,Private
M00190_P00431,6.0,Private
M00190_P00436,0.0,Public
M00190_P00440,0.0,Public
M00191_P00807,0.0,Public
M00191_P00812,7.1,Public
M00191_P00819,0.0,Public
M00191_P00826,6.2,Private
M00191_P00827,0.0,Public
M00191_P00940,0.0,Public
M00191_P00948,0.0,Private
M00191_P00950,0.0,Private
M00191_P00951,0.0,Private
M00191_P00959,6.1,Public
M00191_P00962,0.0,Private
M00192_P00782,7.1,Public
M00192_P00786,6.2,Public
M00192_P00788,6.6,Private
M00192_P00797,0.0,Public
M00192_P00803,5.6,Private
M00192_P01146,8.2,Private
M00192_P01157,6.9,Private
M00192_P01166,5.2,Private
M00192_P01169,0.0,Public
M00193_P00032,7.2,Private
M00193_P00044,7.1,Private
M00193_P00045,5.4,Private
M00193_P00050,6.8,Private
M00193_P00052,0.0,Public
M00193_P00732,0.0,Private
M00193_P00738,0.0,Public
M00193_P00742,6.1,Private
M00193_P00744,0.0,Private
M00193_P00747,0.0,Public
M00193_P00753,5.8,Private
M00194_P00368,4.8,Public
M00194_P00372,5.6,Private
M00194_P00378,0.0,Private
M00194_P00382,0.0,Private
M00194_P00383,0.0,Private
M00194_P00678,0.0,Private
M00194_P00679,0.0,Public
M00194_P00680,4.9,Public
M00194_P00681,5.7,Public
M00194_P00683,6.8,Public
M00194_P00694,5.2,Private
M00195_P00515,0.0,Private
M00195_P01120,5.8,Private
M00196_P00782,0.0,Public
M00196_P00786,0.0,Private
M00196_P00788,0.0,Private
M00196_P00797,5.8,Public
M00196_P00803,5.5,Private
M00196_P00940,7.1,Private
M00196_P00948,5.2,Public
M00196_P00950,0.0,Private
M00196_P00951,0.0,Private
M00196_P00959,0.0,Public
M00196_P00962,8.4,Private
M00197_P00705,0.0,Private
M00197_P00707,0.0,Private
M00197_P00716,5.1,Private
M00197_P00718,6.1,Private
M00197_P00724,0.0,Private
M00197_P00728,0.0,Private
M00197_P00940,6.5,Public
M00197_P00948,0.0,Private
M00197_P00950,5.9,Private
M00197_P00951,6.7,Private
M00197_P00959,6.6,Public
M00197_P00962,7.5,Private
M00198_P00761,6.3,Public
M00198_P00772,5.2,Public
M00198_P01146,0.0,Public
M00198_P01157,0.0,Private
M00198_P01166,5.9,Private
M00198_P01169,0.0,Private
M00199_P00368,0.0,Public
M00199_P00372,0.0,Private
M00199_P00378,0.0,Private
M00199_P00382,6.5,Private
M00199_P00383,0.0,Public
M00199_P00423,0.0,Private
M00199_P00424,5.2,Private
M00199_P00425,5.7,Private
M00199_P00426,5.9,Public
M00199_P00431,0.0,Public
M00199_P00436,6.9,Private
M00199_P00440,0.0,Private
M00200_P00185,0.0,Private
M00200_P00193,0.0,Private
M00200_P00197,6.6,Public
M00200_P00199,6.3,Private
M00200_P00200,5.8,Private
M00200_P00529,0.0,Private
M00200_P00535,5.7,Private
M00200_P00536,0.0,Private
M00200_P00542,0.0,Public
M00200_P00543,5.5,Private
M00201_P00313,0.0,Public
M00201_P00324,6.4,Private
M00201_P00329,0.0,Private
M00201_P00333,0.0,Private
M00201_P00334,6.7,Private
M00201_P00368,7.0,Private
M00201_P00372,6.8,Private
M00201_P00378,6.2,Private
M00201_P00382,4.8,Public
M00201_P00383,5.9,Private
M00202_P00443,6.3,Private
M00202_P00448,6.8,Private
M00202_P00452,0.0,Private
M00202_P00462,6.6,Private
M00202_P00463,0.0,Public
M00202_P00465,6.4,Private
M00202_P00468,0.0,Public
M00202_P01223,0.0,Public
M00202_P01234,6.3,Public
M00202_P01236,6.8,Private
M00202_P01241,5.9,Private
M00202_P01242,0.0,Public
M00203_P00157,0.0,Private
M00203_P00159,0.0,Private
M00203_P00164,0.0,Public
M00203_P00169,5.9,Private
M00203_P00171,0.0,Private
M00203_P00175,7.4,Private
M00203_P00345,5.6,Private
M00203_P00347,6.7,Private
M00203_P00351,5.5,Private
M00203_P00353,0.0,Private
M00203_P00359,0.0,Private
M00203_P00362,6.4,Public
M00204_P00287,0.0,Private
M00204_P00290,6.9,Private
M00204_P00291,0.0,Public
M00204_P00295,7.2,Public
M00204_P00297,6.7,Private
M00204_P00298,0.0,Private
M00204_P00299,6.0,Private
M00204_P00304,6.3,Private
M00204_P00307,0.0,Public
M00204_P00309,5.8,Private
M00204_P00310,0.0,Public
M00204_P00611,0.0,Private
M00204_P00618,6.3,Private
M00204_P00619,0.0,Private
M00204_P00622,6.4,Private
M00205_P00888,0.0,Private
M00205_P00889,0.0,Private
M00205_P00893,5.8,Private
M00205_P00894,6.1,Private
M00205_P00895,6.2,Private
M00205_P00901,7.5,Private
M00205_P00909,0.0,Private
M00205_P01177,0.0,Private
M00205_P01182,7.2,Public
M00205_P01184,5.7,Private
M00205_P01193,6.3,Private
M00205_P01196,0.0,Public
M00206_P00055,0.0,Public
M00206_P00057,6.2,Public
M00206_P00059,0.0,Private
M00206_P00064,6.9,Private
M00206_P00066,7.7,Private
M00206_P00071,6.9,Private
M00206_P00077,7.9,Private
M00206_P00108,5.6,Private
M00206_P00110,6.0,Private
M00206_P00114,6.1,Private
M00206_P00124,0.0,Private
M00206_P00129,6.6,Private
M00207_P00209,0.0,Public
M00207_P00210,7.5,Private
M00207_P00211,0.0,Private
M00207_P00219,0.0,Private
M00207_P00221,6.1,Public
M00207_P00222,6.2,Public
M00207_P00232,0.0,Private
M00207_P00234,0.0,Public
M00207_P01146,0.0,Private
M00207_P01157,0.0,Public
M00207_P01166,6.7,Private
M00207_P01169,5.7,Private
M00208_P00011,4.7,Private
M00208_P00024,0.0,Private
M00208_P00157,4.8,Public
M00208_P00159,0.0,Public
M00208_P00164,6.5,Private
M00208_P00169,7.8,Private
M00208_P00171,0.0,Private
M00208_P00175,0.0,Private
M00209_P00782,6.9,Private
M00209_P00786,0.0,Private
M00209_P00788,0.0,Private
M00209_P00797,7.6,Public
M00209_P00803,0.0,Private
M00209_P00807,6.0,Private
M00209_P00812,7.3,Private
M00209_P00819,5.7,Public
M00209_P00826,5.7,Private
M00209_P00827,7.4,Private
M00210_P00079,0.0,Private
M00210_P00082,5.9,Private
M00210_P00087,5.6,Private
M00210_P00097,7.0,Private
M00210_P00102,0.0,Public
M00210_P00287,0.0,Private
M00210_P00290,4.9,Public
M00210_P00291,4.6,Private
M00210_P00295,7.3,Private
M00210_P00297,0.0,Public
M00210_P00298,3.8,Private
M00210_P00299,6.2,Public
M00210_P00304,0.0,Private
M00210_P00307,0.0,Private
M00210_P00309,0.0,Private
M00210_P00310,0.0,Public
M00211_P00108,0.0,Private
M00211_P00110,5.5,Private
M00211_P00114,7.2,Private
M00211_P00124,0.0,Private
M00211_P00129,5.8,Public
M00211_P00185,0.0,Private
M00211_P00193,6.2,Public
M00211_P00197,0.0,Private
M00211_P00199,0.0,Private
M00211_P00200,6.1,Public
M00212_P00108,5.4,Public
M00212_P00110,5.2,Public
M00212_P00114,0.0,Private
M00212_P00124,6.0,Private
M00212_P00129,5.5,Private
M00212_P00965,0.0,Public
M00212_P00966,5.5,Public
M00212_P00975,0.0,Private
M00212_P00978,6.4,Public
M00212_P00980,6.3,Private
M00212_P00986,5.8,Private
M00213_P00241,4.9,Private
M00213_P00244,6.4,Private
M00213_P00245,0.0,Private
M00213_P00248,0.0,Public
M00213_P00255,0.0,Public
M00213_P00260,7.8,Public
M00213_P00266,7.2,Private
M00213_P00271,5.9,Public
M00213_P00278,6.7,Private
M00213_P00286,0.0,Private
M00214_P00136,7.2,Private
M00214_P00141,0.0,Private
M00214_P00148,0.0,Public
M00214_P00156,6.8,Private
M00214_P00423,0.0,Private
M00214_P00424,5.6,Public
M00214_P00425,7.3,Public
M00214_P00426,0.0,Private
M00214_P00431,5.6,Private
M00214_P00436,0.0,Private
M00214_P00440,6.1,Private
M00215_P00991,7.3,Private
M00215_P00993,0.0,Private
M00215_P00997,6.0,Private
M00215_P01000,5.8,Private
M00215_P01010,0.0,Private
M00215_P01020,6.2,Private
M00215_P01034,0.0,Private
M00215_P01037,0.0,Private
M00215_P01038,6.2,Private
M00216_P00625,0.0,Private
M00216_P00630,5.6,Private
M00216_P00632,0.0,Private
M00216_P00635,6.6,Private
M00216_P00644,6.9,Public
M00216_P00645,0.0,Private
M00216_P00650,7.3,Public
M00216_P00863,0.0,Private
M00216_P00880,6.4,Private
M00216_P00882,0.0,Private
M00217_P00515,0.0,Private
M00217_P00991,7.4,Private
M00217_P00993,5.2,Private
M00217_P00997,6.7,Private
M00217_P01000,6.7,Private
M00217_P01010,0.0,Public
M00218_P00940,0.0,Public
M00218_P00948,5.9,Private
M00218_P00950,5.8,Private
M00218_P00951,6.2,Public
M00218_P00959,5.9,Public
M00218_P00962,0.0,Public
M00218_P01041,0.0,Private
M00218_P01042,5.9,Private
M00218_P01048,0.0,Private
M00218_P01049,6.4,Public
M00218_P01051,7.0,Private
M00218_P01055,5.6,Public
M00218_P01063,0.0,Public
M00218_P01064,6.2,Private
M00219_P00345,5.8,Public
M00219_P00347,6.3,Public
M00219_P00351,5.3,Public
M00219_P00353,0.0,Public
M00219_P00359,7.3,Public
M00219_P00362,6.3,Private
M00219_P01070,0.0,Private
M00219_P01074,0.0,Private
M00219_P01082,0.0,Private
M00220_P00136,0.0,Public
M00220_P00141,6.8,Private
M00220_P00148,5.3,Private
M00220_P00156,4.9,Public
M00220_P01099,6.1,Private
M00220_P01107,0.0,Public
M00220_P01108,0.0,Private
M00220_P01109,5.9,Private
M00220_P01114,6.7,Private
M00220_P01118,0.0,Private
M00221_P00287,0.0,Private
M00221_P00290,5.9,Private
M00221_P00291,6.5,Public
M00221_P00295,0.0,Public
M00221_P00297,0.0,Private
M00221_P00298,6.4,Private
M00221_P00299,7.0,Private
M00221_P00304,7.2,Private
M00221_P00307,6.1,Private
M00221_P00309,5.4,Private
M00221_P00310,6.2,Private
M00221_P00940,0.0,Private
M00221_P00948,6.1,Private
M00221_P00950,6.3,Private
M00221_P00951,6.8,Public
M00221_P00959,0.0,Private
M00221_P00962,0.0,Public
M00222_P00011,7.0,Public
M00222_P00024,0.0,Public
M00222_P00705,5.6,Private
M00222_P00707,0.0,Private
M00222_P00716,5.3,Public
M00222_P00718,0.0,Private
M00222_P00724,6.1,Private
M00222_P00728,6.9,Private
M00223_P00055,0.0,Public
M00223_P00057,0.0,Private
M00223_P00059,5.9,Private
M00223_P00064,5.7,Public
M00223_P00066,6.5,Public
M00223_P00071,0.0,Private
M00223_P00077,5.4,Private
M00223_P00478,5.8,Private
M00223_P00479,0.0,Private
M00223_P00486,5.5,Private
M00223_P00491,0.0,Private
M00224_P00478,5.7,Public
M00224_P00479,0.0,Private
M00224_P00486,0.0,Private
M00224_P00491,0.0,Private
M00224_P01177,5.5,Private
M00224_P01182,0.0,Private
M00224_P01184,0.0,Public
M00224_P01193,0.0,Private
M00224_P01196,5.8,Public
M00225_P00108,5.8,Private
M00225_P00110,5.3,Public
M00225_P00114,7.2,Public
M00225_P00124,6.1,Private
M00225_P00129,6.1,Public
M00225_P01146,8.1,Private
M00225_P01157,6.1,Private
M00225_P01166,0.0,Public
M00225_P01169,5.8,Public
M00226_P00965,0.0,Private
M00226_P00966,6.2,Private
M00226_P00975,6.3,Private
M00226_P00978,0.0,Private
M00226_P00980,6.8,Private
M00226_P00986,0.0,Private
M00226_P01041,6.7,Private
M00226_P01042,0.0,Private
M00226_P01048,0.0,Public
M00226_P01049,0.0,Private
M00226_P01051,5.2,Private
M00226_P01055,7.0,Private
M00226_P01063,6.6,Private
M00226_P01064,0.0,Private
M00227_P00185,0.0,Private
M00227_P00193,0.0,Private
M00227_P00197,7.0,Private
M00227_P00199,6.0,Private
M00227_P00200,0.0,Private
M00227_P00705,6.4,Private
M00227_P00707,0.0,Private
M00227_P00716,5.1,Private
M00227_P00718,0.0,Private
M00227_P00724,6.3,Private
M00227_P00728,6.1,Public
M00228_P00241,0.0,Private
M00228_P00244,6.0,Public
M00228_P00245,5.8,Private
M00228_P00248,5.5,Private
M00228_P00255,0.0,Public
M00228_P00260,7.1,Public
M00228_P01070,0.0,Private
M00228_P01074,5.4,Private
M00228_P01082,0.0,Private
M00229_P00079,0.0,Public
M00229_P00082,0.0,Private
M00229_P00087,7.8,Private
M00229_P00097,7.1,Private
M00229_P00102,0.0,Private
M00229_P00108,0.0,Private
M00229_P00110,6.1,Public
M00229_P00114,6.8,Private
M00229_P00124,6.4,Private
M00229_P00129,5.9,Private
M00230_P00940,5.8,Public
M00230_P00948,6.0,Private
M00230_P00950,0.0,Public
M00230_P00951,6.9,Private
M00230_P00959,4.8,Private
M00230_P00962,6.7,Private
M00230_P00991,0.0,Public
M00230_P00993,6.1,Public
M00230_P00997,5.7,Private
M00230_P01000,7.2,Public
M00230_P01010,0.0,Public
M00231_P00185,6.7,Private
M00231_P00193,0.0,Private
M00231_P00197,5.6,Public
M00231_P00199,6.8,Private
M00231_P00200,5.2,Public
M00231_P00782,5.8,Private
M00231_P00786,5.9,Private
M00231_P00788,0.0,Private
M00231_P00797,7.1,Private
M00231_P00803,7.5,Private
M00232_P00655,5.7,Private
M00232_P00662,0.0,Public
M00232_P00666,0.0,Private
M00232_P00668,0.0,Private
M00232_P00669,0.0,Private
M00232_P00673,6.3,Private
M00232_P00674,6.1,Private
M00232_P01146,0.0,Public
M00232_P01157,0.0,Private
M00232_P01166,7.3,Private
M00232_P01169,6.7,Private
M00233_P00136,7.7,Private
M00233_P00141,7.0,Private
M00233_P00148,6.6,Private
M00233_P00156,6.4,Public
M00233_P00732,4.6,Public
M00233_P00738,6.6,Public
M00233_P00742,0.0,Private
M00233_P00744,7.0,Public
M00233_P00747,7.2,Private
M00233_P00753,7.4,Private
M00234_P00529,6.1,Private
M00234_P00535,5.5,Private
M00234_P00536,4.2,Public
M00234_P00542,0.0,Private
M00234_P00543,0.0,Private
M00234_P00705,0.0,Private
M00234_P00707,0.0,Private
M00234_P00716,6.5,Private
M00234_P00718,5.9,Private
M00234_P00724,6.9,Private
M00234_P00728,0.0,Private
M00235_P00032,6.8,Private
M00235_P00044,0.0,Public
M00235_P00045,4.8,Private
M00235_P00050,6.5,Public
M00235_P00052,0.0,Private
M00235_P00157,0.0,Private
M00235_P00159,7.9,Public
M00235_P00164,0.0,Private
M00235_P00169,6.4,Private
M00235_P00171,7.4,Private
M00235_P00175,0.0,Private
M00236_P00443,0.0,Private
M00236_P00448,0.0,Public
M00236_P00452,5.6,Private
M00236_P00462,6.4,Public
M00236_P00463,0.0,Private
M00236_P00465,5.5,Public
M00236_P00468,6.1,Private
M00236_P01120,5.9,Private
M00237_P00287,0.0,Public
M00237_P00290,6.4,Private
M00237_P00291,6.0,Private
M00237_P00295,0.0,Private
M00237_P00297,0.0,Private
M00237_P00298,5.9,Private
M00237_P00299,6.2,Private
M00237_P00304,6.3,Public
M00237_P00307,5.5,Public
M00237_P00309,0.0,Private
M00237_P00310,0.0,Private
M00237_P00807,0.0,Private
M00237_P00812,7.4,Private
M00237_P00819,5.9,Private
M00237_P00826,6.0,Private
M00237_P00827,0.0,Private
M00238_P00287,5.4,Private
M00238_P00290,0.0,Private
M00238_P00291,6.6,Private
M00238_P00295,0.0,Private
M00238_P00297,4.7,Private
M00238_P00298,5.3,Public
M00238_P00299,5.9,Public
M00238_P00304,6.8,Private
M00238_P00307,0.0,Private
M00238_P00309,0.0,Private
M00238_P00310,6.3,Private
M00238_P00443,0.0,Public
M00238_P00448,0.0,Private
M00238_P00452,5.5,Private
M00238_P00462,0.0,Private
M00238_P00463,6.9,Private
M00238_P00465,0.0,Private
M00238_P00468,5.2,Public
M00239_P00807,0.0,Private
M00239_P00812,6.3,Private
M00239_P00819,4.7,Private
M00239_P00826,6.0,Private
M00239_P00827,6.6,Public
M00239_P01041,5.6,Public
M00239_P01042,0.0,Private
M00239_P01048,0.0,Private
M00239_P01049,6.6,Public
M00239_P01051,4.6,Public
M00239_P01055,0.0,Private
M00239_P01063,0.0,Public
M00239_P01064,6.1,Private
M00240_P00574,0.0,Private
M00240_P00579,6.4,Private
M00240_P00582,5.8,Public
M00240_P00584,6.3,Public
M00240_P00586,0.0,Private
M00240_P00590,7.4,Private
M00240_P00705,0.0,Private
M00240_P00707,0.0,Public
M00240_P00716,0.0,Private
M00240_P00718,7.1,Private
M00240_P00724,5.7,Private
M00240_P00728,7.1,Private
M00241_P00157,0.0,Private
M00241_P00159,5.8,Private
M00241_P00164,6.0,Public
M00241_P00169,5.8,Private
M00241_P00171,6.5,Public
M00241_P00175,5.8,Private
M00241_P01099,0.0,Private
M00241_P01107,0.0,Public
M00241_P01108,7.5,Private
M00241_P01109,0.0,Public
M00241_P01114,6.5,Private
M00241_P01118,7.4,Private
M00242_P00678,6.0,Public
M00242_P00679,0.0,Private
M00242_P00680,5.9,Private
M00242_P00681,0.0,Public
M00242_P00683,5.5,Public
M00242_P00694,5.7,Private
M00242_P01177,5.9,Private
M00242_P01182,6.0,Private
M00242_P01184,6.7,Public
M00242_P01193,6.1,Public
M00242_P01196,5.3,Private
M00243_P00655,6.4,Public
M00243_P00662,0.0,Public
M00243_P00666,6.2,Public
M00243_P00668,0.0,Private
M00243_P00669,6.6,Private
M00243_P00673,0.0,Private
M00243_P00674,0.0,Private
M00243_P01099,0.0,Private
M00243_P01107,6.1,Private
M00243_P01108,6.9,Public
M00243_P01109,0.0,Private
M00243_P01114,0.0,Private
M00243_P01118,6.3,Private
M00244_P00136,0.0,Private
M00244_P00141,6.9,Private
M00244_P00148,0.0,Public
M00244_P00156,0.0,Private
M00244_P00761,5.5,Private
M00244_P00772,0.0,Private
M00245_P00185,0.0,Private
M00245_P00193,6.6,Private
M00245_P00197,0.0,Public
M00245_P00199,0.0,Private
M00245_P00200,5.8,Public
M00245_P00529,0.0,Private
M00245_P00535,5.7,Private
M00245_P00536,0.0,Private
M00245_P00542,0.0,Private
M00245_P00543,0.0,Private
M00246_P00011,5.8,Public
M00246_P00024,5.6,Private
M00246_P00835,7.4,Public
M00246_P00840,0.0,Private
M00246_P00844,6.2,Public
M00246_P00847,0.0,Public
M00246_P00848,5.4,Private
M00246_P00856,6.4,Public
M00247_P00079,0.0,Private
M00247_P00082,6.2,Private
M00247_P00087,6.1,Public
M00247_P00097,6.9,Private
M00247_P00102,0.0,Public
M00247_P00678,0.0,Public
M00247_P00679,0.0,Private
M00247_P00680,6.9,Public
M00247_P00681,6.9,Private
M00247_P00683,0.0,Public
M00247_P00694,0.0,Public
M00248_P00807,0.0,Private
M00248_P00812,0.0,Private
M00248_P00819,0.0,Public
M00248_P00826,6.2,Private
M00248_P00827,7.4,Public
M00248_P01020,5.5,Private
M00248_P01034,6.7,Private
M00248_P01037,0.0,Private
M00248_P01038,0.0,Private
M00249_P00079,0.0,Private
M00249_P00082,0.0,Private
M00249_P00087,0.0,Private
M00249_P00097,6.9,Private
M00249_P00102,5.9,Public
M00249_P00368,0.0,Private
M00249_P00372,0.0,Private
M00249_P00378,5.9,Private
M00249_P00382,6.5,Private
M00249_P00383,0.0,Private
M00250_P00478,6.5,Public
M00250_P00479,6.0,Public
M00250_P00486,0.0,Private
M00250_P00491,6.5,Private
M00250_P00761,0.0,Private
M00250_P00772,5.4,Private
M00251_P00032,0.0,Private
M00251_P00044,0.0,Private
M00251_P00045,0.0,Public
M00251_P00050,5.5,Public
M00251_P00052,7.3,Private
M00251_P00185,0.0,Private
M00251_P00193,0.0,Public
M00251_P00197,5.0,Private
M00251_P00199,0.0,Private
M00251_P00200,0.0,Private
M00252_P00266,0.0,Private
M00252_P00271,6.5,Private
M00252_P00278,6.9,Public
M00252_P00286,6.8,Private
M00252_P01177,0.0,Private
M00252_P01182,5.7,Public
M00252_P01184,5.3,Private
M00252_P01193,6.8,Private
M00252_P01196,6.6,Private
M00253_P00678,0.0,Private
M00253_P00679,0.0,Public
M00253_P00680,6.0,Private
M00253_P00681,0.0,Private
M00253_P00683,6.5,Private
M00253_P00694,6.5,Public
M00253_P00922,6.9,Private
M00253_P00927,0.0,Private
M00253_P00931,0.0,Public
M00253_P00935,5.7,Public
M00254_P00185,4.6,Private
M00254_P00193,5.5,Private
M00254_P00197,4.8,Private
M00254_P00199,0.0,Private
M00254_P00200,5.9,Private
M00254_P00782,0.0,Private
M00254_P00786,5.7,Public
M00254_P00788,6.4,Private
M00254_P00797,6.5,Public
M00254_P00803,6.5,Private
M00255_P00807,0.0,Public
M00255_P00812,7.5,Public
M00255_P00819,6.0,Private
M00255_P00826,7.0,Public
M00255_P00827,6.4,Private
M00255_P01201,0.0,Public
M00255_P01209,5.6,Private
M00255_P01210,5.8,Private
M00255_P01211,0.0,Public
M00255_P01214,0.0,Public
M00256_P00678,0.0,Private
M00256_P00679,0.0,Private
M00256_P00680,5.9,Private
M00256_P00681,6.2,Private
M00256_P00683,0.0,Private
M00256_P00694,0.0,Public
M00256_P00807,0.0,Private
M00256_P00812,0.0,Private
M00256_P00819,5.6,Private
M00256_P00826,6.0,Private
M00256_P00827,7.8,Private
M00257_P00761,5.4,Private
M00257_P00772,5.7,Private
M00257_P00940,4.8,Private
M00257_P00948,0.0,Private
M00257_P00950,0.0,Public
M00257_P00951,0.0,Public
M00257_P00959,7.6,Private
M00257_P00962,7.2,Private
M00258_P00313,6.0,Public
M00258_P00324,6.2,Public
M00258_P00329,6.4,Public
M00258_P00333,7.1,Public
M00258_P00334,7.0,Private
M00258_P01020,6.0,Private
M00258_P01034,5.9,Private
M00258_P01037,0.0,Private
M00258_P01038,0.0,Public
M00259_P00108,6.0,Public
M00259_P00110,0.0,Private
M00259_P00114,7.1,Private
M00259_P00124,6.7,Private
M00259_P00129,6.1,Public
M00259_P00478,6.2,Private
M00259_P00479,6.6,Private
M00259_P00486,0.0,Private
M00259_P00491,0.0,Private
M00260_P00549,0.0,Private
M00260_P00552,0.0,Private
M00260_P00554,7.3,Public
M00260_P00561,7.9,Public
M00260_P00562,6.5,Public
M00260_P00568,6.0,Private
M00260_P00863,0.0,Private
M00260_P00880,0.0,Private
M00260_P00882,8.2,Public
M00261_P00478,0.0,Private
M00261_P00479,0.0,Private
M00261_P00486,6.8,Private
M00261_P00491,5.5,Private
M00261_P01223,0.0,Private
M00261_P01234,6.0,Private
M00261_P01236,5.8,Public
M00261_P01241,0.0,Private
M00261_P01242,0.0,Public
M00262_P00241,6.5,Public
M00262_P00244,7.1,Public
M00262_P00245,6.9,Private
M00262_P00248,6.9,Private
M00262_P00255,7.5,Private
M00262_P00260,0.0,Public
M00262_P00761,6.9,Private
M00262_P00772,6.2,Private
M00263_P00549,0.0,Private
M00263_P00552,0.0,Private
M00263_P00554,0.0,Public
M00263_P00561,0.0,Private
M00263_P00562,0.0,Private
M00263_P00568,6.7,Public
M00263_P00574,5.5,Private
M00263_P00579,5.1,Private
M00263_P00582,0.0,Private
M00263_P00584,7.7,Public
M00263_P00586,6.0,Public
M00263_P00590,7.2,Public
M00264_P00529,5.9,Private
M00264_P00535,0.0,Private
M00264_P00536,6.2,Public
M00264_P00542,0.0,Private
M00264_P00543,0.0,Private
M00264_P00761,6.3,Public
M00264_P00772,6.6,Private
M00265_P00625,6.4,Private
M00265_P00630,6.7,Public
M00265_P00632,0.0,Public
M00265_P00635,0.0,Private
M00265_P00644,5.9,Private
M00265_P00645,5.6,Private
M00265_P00650,0.0,Private
M00265_P00940,6.2,Public
M00265_P00948,6.6,Public
M00265_P00950,6.1,Private
M00265_P00951,6.0,Public
M00265_P00959,6.2,Public
M00265_P00962,7.3,Private
M00266_P00055,6.4,Private
M00266_P00057,5.6,Private
M00266_P00059,0.0,Private
M00266_P00064,0.0,Public
M00266_P00066,6.9,Private
M00266_P00071,5.7,Public
M00266_P00077,6.0,Private
M00266_P00549,0.0,Private
M00266_P00552,0.0,Private
M00266_P00554,6.2,Private
M00266_P00561,7.9,Private
M00266_P00562,6.0,Public
M00266_P00568,0.0,Private
M00267_P00625,0.0,Private
M00267_P00630,0.0,Public
M00267_P00632,6.8,Private
M00267_P00635,6.8,Private
M00267_P00644,0.0,Public
M00267_P00645,0.0,Private
M00267_P00650,4.8,Private
M00267_P01177,0.0,Private
M00267_P01182,5.8,Private
M00267_P01184,5.3,Private
M00267_P01193,5.4,Private
M00267_P01196,6.9,Private
M00268_P00055,5.7,Public
M00268_P00057,5.6,Private
M00268_P00059,0.0,Private
M00268_P00064,5.6,Public
M00268_P00066,7.9,Private
M00268_P00071,5.9,Private
M00268_P00077,6.3,Public
M00268_P00807,0.0,Private
M00268_P00812,6.3,Private
M00268_P00819,0.0,Private
M00268_P00826,5.8,Public
M00268_P00827,7.3,Public
M00269_P00157,4.9,Private
M00269_P00159,0.0,Private
M00269_P00164,0.0,Public
M00269_P00169,5.5,Private
M00269_P00171,6.8,Public
M00269_P00175,7.6,Private
M00269_P00761,6.4,Private
M00269_P00772,7.2,Private
M00270_P00011,6.1,Public
M00270_P00024,6.3,Private
M00270_P01223,5.8,Public
M00270_P01234,6.0,Private
M00270_P01236,0.0,Private
M00270_P01241,7.5,Public
M00270_P01242,6.3,Public
M00271_P00241,5.8,Private
M00271_P00244,6.7,Private
M00271_P00245,6.2,Private
M00271_P00248,5.8,Public
M00271_P00255,6.2,Private
M00271_P00260,6.9,Private
M00271_P01070,6.9,Private
M00271_P01074,6.7,Private
M00271_P01082,5.9,Private
M00272_P00423,6.2,Private
M00272_P00424,6.0,Private
M00272_P00425,0.0,Private
M00272_P00426,6.0,Private
M00272_P00431,0.0,Public
M00272_P00436,5.5,Private
M00272_P00440,4.5,Private
M00272_P00574,0.0,Private
M00272_P00579,6.3,Public
M00272_P00582,0.0,Public
M00272_P00584,6.8,Private
M00272_P00586,0.0,Public
M00272_P00590,7.3,Private
M00273_P00136,6.4,Public
M00273_P00141,0.0,Public
M00273_P00148,6.4,Public
M00273_P00156,0.0,Public
M00273_P01070,6.0,Private
M00273_P01074,6.5,Public
M00273_P01082,0.0,Private
M00274_P00529,7.0,Private
M00274_P00535,0.0,Private
M00274_P00536,0.0,Private
M00274_P00542,6.2,Private
M00274_P00543,6.6,Private
M00274_P01070,5.9,Public
M00274_P01074,6.5,Private
M00274_P01082,5.7,Private
M00275_P00055,0.0,Private
M00275_P00057,5.6,Private
M00275_P00059,6.2,Private
M00275_P00064,0.0,Private
M00275_P00066,6.9,Private
M00275_P00071,5.8,Private
M00275_P00077,0.0,Public
M00275_P00888,0.0,Private
M00275_P00889,4.9,Public
M00275_P00893,6.6,Private
M00275_P00894,6.1,Private
M00275_P00895,0.0,Public
M00275_P00901,6.2,Public
M00275_P00909,6.3,Public
M00276_P00391,0.0,Private
M00276_P00399,6.4,Private
M00276_P00410,5.8,Private
M00276_P00416,6.4,Private
M00276_P01070,0.0,Private
M00276_P01074,0.0,Private
M00276_P01082,6.5,Private
M00277_P00136,7.9,Private
M00277_P00141,7.9,Private
M00277_P00148,0.0,Public
M00277_P00156,6.8,Private
M00277_P00368,5.2,Private
M00277_P00372,6.3,Public
M00277_P00378,0.0,Private
M00277_P00382,0.0,Public
M00277_P00383,0.0,Public
M00278_P01041,5.7,Private
M00278_P01042,0.0,Public
M00278_P01048,7.3,Private
M00278_P01049,7.6,Private
M00278_P01051,0.0,Public
M00278_P01055,6.3,Private
M00278_P01063,0.0,Public
M00278_P01064,7.2,Private
M00278_P01201,7.0,Private
M00278_P01209,6.8,Public
M00278_P01210,5.7,Public
M00278_P01211,0.0,Private
M00278_P01214,6.0,Private
M00279_P00266,0.0,Public
M00279_P00271,6.8,Private
M00279_P00278,7.2,Private
M00279_P00286,5.6,Private
M00279_P01177,0.0,Private
M00279_P01182,0.0,Private
M00279_P01184,6.5,Private
M00279_P01193,5.0,Private
M00279_P01196,6.7,Private
M00280_P00055,0.0,Public
M00280_P00057,6.0,Private
M00280_P00059,6.9,Private
M00280_P00064,5.9,Private
M00280_P00066,8.1,Private
M00280_P00071,0.0,Private
M00280_P00077,0.0,Private
M00280_P00549,0.0,Private
M00280_P00552,0.0,Private
M00280_P00554,5.4,Public
M00280_P00561,0.0,Private
M00280_P00562,6.9,Private
M00280_P00568,0.0,Public
M00281_P00478,6.7,Private
M00281_P00479,7.6,Private
M00281_P00486,5.2,Private
M00281_P00491,5.9,Public
M00281_P00611,0.0,Public
M00281_P00618,0.0,Private
M00281_P00619,6.1,Public
M00281_P00622,0.0,Private
M00282_P00241,0.0,Private
M00282_P00244,5.7,Public
M00282_P00245,7.1,Private
M00282_P00248,0.0,Private
M00282_P00255,6.4,Private
M00282_P00260,0.0,Private
M00282_P00423,7.4,Private
M00282_P00424,6.5,Private
M00282_P00425,6.6,Private
M00282_P00426,6.0,Private
M00282_P00431,6.7,Private
M00282_P00436,0.0,Private
M00282_P00440,5.7,Private
M00283_P00940,0.0,Private
M00283_P00948,6.7,Public
M00283_P00950,6.9,Private
M00283_P00951,0.0,Public
M00283_P00959,5.5,Private
M00283_P00962,7.1,Private
M00283_P01146,0.0,Private
M00283_P01157,5.6,Private
M00283_P01166,6.3,Private
M00283_P01169,0.0,Private
M00284_P00266,6.0,Private
M00284_P00271,5.8,Private
M00284_P00278,6.8,Private
M00284_P00286,0.0,Private
M00284_P00313,0.0,Public
M00284_P00324,0.0,Private
M00284_P00329,6.6,Private
M00284_P00333,7.0,Private
M00284_P00334,7.1,Public
M00285_P01020,6.2,Private
M00285_P01034,0.0,Public
M00285_P01037,5.6,Private
M00285_P01038,5.9,Private
M00285_P01146,0.0,Private
M00285_P01157,5.2,Public
M00285_P01166,6.3,Private
M00285_P01169,6.4,Private
M00286_P00241,5.2,Private
M00286_P00244,6.2,Private
M00286_P00245,0.0,Public
M00286_P00248,6.2,Private
M00286_P00255,0.0,Private
M00286_P00260,6.0,Private
M00286_P00965,0.0,Public
M00286_P00966,5.1,Private
M00286_P00975,6.8,Private
M00286_P00978,0.0,Private
M00286_P00980,5.9,Public
M00286_P00986,0.0,Private
M00287_P00423,6.4,Public
M00287_P00424,5.3,Private
M00287_P00425,0.0,Public
M00287_P00426,6.7,Private
M00287_P00431,0.0,Private
M00287_P00436,0.0,Private
M00287_P00440,6.9,Public
M00287_P01041,0.0,Private
M00287_P01042,5.9,Private
M00287_P01048,5.9,Private
M00287_P01049,7.8,Private
M00287_P01051,0.0,Public
M00287_P01055,0.0,Private
M00287_P01063,0.0,Public
M00287_P01064,0.0,Private
M00288_P00011,0.0,Public
M00288_P00024,0.0,Private
M00288_P01099,6.8,Private
M00288_P01107,6.2,Private
M00288_P01108,7.3,Private
M00288_P01109,5.6,Private
M00288_P01114,0.0,Private
M00288_P01118,6.4,Public
M00289_P00888,0.0,Private
M00289_P00889,5.2,Public
M00289_P00893,5.6,Private
M00289_P00894,6.5,Private
M00289_P00895,7.1,Private
M00289_P00901,7.4,Public
M00289_P00909,0.0,Private
M00289_P01120,6.2,Private
M00290_P00574,6.1,Private
M00290_P00579,0.0,Private
M00290_P00582,0.0,Private
M00290_P00584,5.2,Public
M00290_P00586,6.0,Private
M00290_P00590,7.1,Private
M00290_P00732,5.4,Public
M00290_P00738,5.1,Public
M00290_P00742,5.4,Public
M00290_P00744,5.1,Private
M00290_P00747,0.0,Private
M00290_P00753,6.3,Public
M00291_P00705,5.9,Private
M00291_P00707,0.0,Public
M00291_P00716,6.3,Private
M00291_P00718,7.4,Public
M00291_P00724,6.6,Private
M00291_P00728,0.0,Private
M00291_P01041,0.0,Private
M00291_P01042,5.1,Private
M00291_P01048,4.9,Private
M00291_P01049,7.6,Private
M00291_P01051,6.6,Public
M00291_P01055,0.0,Public
M00291_P01063,6.6,Private
M00291_P01064,6.4,Public
M00292_P00515,5.5,Public
M00292_P00761,6.6,Private
M00292_P00772,5.5,Private
M00293_P00157,0.0,Private
M00293_P00159,6.5,Public
M00293_P00164,5.6,Public
M00293_P00169,5.5,Private
M00293_P00171,0.0,Public
M00293_P00175,6.4,Public
M00293_P00782,0.0,Private
M00293_P00786,0.0,Private
M00293_P00788,7.5,Private
M00293_P00797,7.3,Public
M00293_P00803,6.0,Public
M00294_P00574,0.0,Private
M00294_P00579,6.5,Public
M00294_P00582,0.0,Private
M00294_P00584,6.6,Private
M00294_P00586,0.0,Private
M00294_P00590,6.5,Private
M00294_P00940,6.4,Public
M00294_P00948,5.7,Private
M00294_P00950,5.3,Private
M00294_P00951,6.3,Private
M00294_P00959,5.6,Public
M00294_P00962,0.0,Public
M00295_P00478,5.3,Private
M00295_P00479,7.8,Private
M00295_P00486,6.4,Private
M00295_P00491,6.2,Public
M00295_P01146,0.0,Private
M00295_P01157,6.6,Private
M00295_P01166,6.8,Private
M00295_P01169,0.0,Private
M00296_P00011,7.5,Public
M00296_P00024,0.0,Private
M00296_P00443,5.8,Public
M00296_P00448,5.9,Private
M00296_P00452,6.5,Private
M00296_P00462,6.5,Private
M00296_P00463,5.7,Private
M00296_P00465,6.2,Public
M00296_P00468,0.0,Private
M00297_P00807,0.0,Private
M00297_P00812,7.9,Public
M00297_P00819,0.0,Public
M00297_P00826,6.5,Private
M00297_P00827,6.3,Public
M00297_P00991,0.0,Private
M00297_P00993,5.6,Private
M00297_P00997,4.3,Private
M00297_P01000,5.0,Public
M00297_P01010,6.4,Private
M00298_P00574,0.0,Private
M00298_P00579,6.4,Public
M00298_P00582,0.0,Private
M00298_P00584,5.9,Private
M00298_P00586,5.8,Private
M00298_P00590,0.0,Public
M00298_P00991,0.0,Private
M00298_P00993,0.0,Public
M00298_P00997,5.7,Public
M00298_P01000,0.0,Private
M00298_P01010,6.7,Private
M00299_P00423,6.1,Public
M00299_P00424,5.0,Public
M00299_P00425,0.0,Public
M00299_P00426,0.0,Public
M00299_P00431,6.0,Public
M00299_P00436,6.9,Public
M00299_P00440,5.8,Private
M00299_P01020,6.2,Private
M00299_P01034,0.0,Private
M00299_P01037,0.0,Private
M00299_P01038,4.8,Public
M00300_P00157,0.0,Private
M00300_P00159,6.7,Private
M00300_P00164,0.0,Private
M00300_P00169,5.5,Private
M00300_P00171,0.0,Private
M00300_P00175,6.4,Private
M00300_P01041,5.1,Public
M00300_P01042,0.0,Private
M00300_P01048,6.4,Private
M00300_P01049,7.1,Private
M00300_P01051,6.4,Private
M00300_P01055,6.0,Public
M00300_P01063,5.0,Private
M00300_P01064,0.0,Private
M00301_P00515,0.0,Private
M00301_P00761,6.6,Private
M00301_P00772,0.0,Public
M00302_P00209,0.0,Private
M00302_P00210,6.6,Private
M00302_P00211,0.0,Private
M00302_P00219,5.9,Private
M00302_P00221,0.0,Private
M00302_P00222,0.0,Private
M00302_P00232,0.0,Public
M00302_P00234,8.1,Private
M00302_P01201,5.2,Private
M00302_P01209,6.0,Private
M00302_P01210,0.0,Private
M00302_P01211,6.4,Private
M00302_P01214,5.8,Public
M00303_P00529,6.8,Private
M00303_P00535,4.0,Public
M00303_P00536,4.6,Private
M00303_P00542,6.2,Public
M00303_P00543,6.7,Private
M00303_P00705,6.3,Private
M00303_P00707,6.4,Public
M00303_P00716,0.0,Private
M00303_P00718,0.0,Private
M00303_P00724,6.5,Public
M00303_P00728,5.2,Private
M00304_P00209,4.9,Private
M00304_P00210,0.0,Private
M00304_P00211,0.0,Public
M00304_P00219,0.0,Public
M00304_P00221,6.0,Public
M00304_P00222,6.7,Public
M00304_P00232,0.0,Public
M00304_P00234,0.0,Private
M00304_P00922,6.0,Private
M00304_P00927,5.2,Private
M00304_P00931,5.8,Private
M00304_P00935,0.0,Public
M00305_P00266,6.0,Public
M00305_P00271,0.0,Private
M00305_P00278,7.2,Public
M00305_P00286,5.5,Private
M00305_P00443,0.0,Private
M00305_P00448,6.3,Private
M00305_P00452,5.8,Private
M00305_P00462,6.0,Private
M00305_P00463,0.0,Private
M00305_P00465,0.0,Private
M00305_P00468,7.0,Private
M00306_P00549,4.9,Private
M00306_P00552,6.4,Private
M00306_P00554,5.9,Private
M00306_P00561,8.1,Private
M00306_P00562,6.3,Private
M00306_P00568,0.0,Private
M00306_P01223,0.0,Public
M00306_P01234,0.0,Private
M00306_P01236,5.6,Private
M00306_P01241,0.0,Private
M00306_P01242,6.2,Public
M00307_P00108,0.0,Private
M00307_P00110,0.0,Private
M00307_P00114,7.2,Private
M00307_P00124,0.0,Private
M00307_P00129,0.0,Private
M00307_P00266,0.0,Private
M00307_P00271,0.0,Private
M00307_P00278,7.0,Public
M00307_P00286,0.0,Private
M00308_P01120,0.0,Public
M00308_P01223,0.0,Private
M00308_P01234,6.3,Public
M00308_P01236,0.0,Public
M00308_P01241,5.7,Public
M00308_P01242,6.0,Public
M00309_P00611,5.4,Private
M00309_P00618,0.0,Private
M00309_P00619,7.0,Private
M00309_P00622,7.1,Public
M00309_P00922,0.0,Public
M00309_P00927,4.7,Public
M00309_P00931,5.7,Public
M00309_P00935,0.0,Private
M00310_P00011,5.5,Public
M00310_P00024,6.0,Private
M00310_P00443,0.0,Public
M00310_P00448,5.0,Public
M00310_P00452,6.6,Private
M00310_P00462,0.0,Private
M00310_P00463,6.2,Public
M00310_P00465,0.0,Public
M00310_P00468,0.0,Private
M00311_P00611,5.4,Public
M00311_P00618,6.7,Public
M00311_P00619,6.9,Private
M00311_P00622,7.1,Private
M00311_P00761,6.3,Private
M00311_P00772,0.0,Private
M00312_P00625,0.0,Private
M00312_P00630,6.1,Private
M00312_P00632,5.6,Private
M00312_P00635,7.0,Private
M00312_P00644,5.8,Public
M00312_P00645,0.0,Private
M00312_P00650,5.8,Private
M00312_P00965,0.0,Private
M00312_P00966,0.0,Private
M00312_P00975,6.6,Private
M00312_P00978,5.4,Public
M00312_P00980,6.1,Private
M00312_P00986,0.0,Public
M00313_P00157,0.0,Private
M00313_P00159,4.9,Public
M00313_P00164,0.0,Private
M00313_P00169,4.9,Public
M00313_P00171,5.5,Private
M00313_P00175,6.1,Private
M00313_P01146,0.0,Public
M00313_P01157,0.0,Private
M00313_P01166,5.5,Private
M00313_P01169,0.0,Public
M00314_P00032,0.0,Private
M00314_P00044,0.0,Public
M00314_P00045,5.9,Private
M00314_P00050,0.0,Private
M00314_P00052,0.0,Private
M00314_P01041,0.0,Private
M00314_P01042,0.0,Public
M00314_P01048,6.7,Public
M00314_P01049,0.0,Private
M00314_P01051,0.0,Private
M00314_P01055,6.4,Private
M00314_P01063,0.0,Private
M00314_P01064,0.0,Private
M00315_P00368,6.0,Private
M00315_P00372,0.0,Private
M00315_P00378,5.4,Private
M00315_P00382,5.4,Private
M00315_P00383,5.7,Public
M00315_P01020,0.0,Private
M00315_P01034,5.7,Private
M00315_P01037,0.0,Private
M00315_P01038,0.0,Public
M00316_P00761,0.0,Private
M00316_P00772,6.5,Private
M00316_P01041,0.0,Private
M00316_P01042,6.1,Public
M00316_P01048,0.0,Public
M00316_P01049,0.0,Private
M00316_P01051,6.9,Private
M00316_P01055,6.6,Private
M00316_P01063,5.1,Private
M00316_P01064,5.9,Public
M00317_P00678,5.4,Private
M00317_P00679,0.0,Public
M00317_P00680,0.0,Private
M00317_P00681,7.0,Private
M00317_P00683,6.0,Private
M00317_P00694,6.1,Private
M00317_P01070,0.0,Private
M00317_P01074,6.0,Private
M00317_P01082,0.0,Public
M00318_P00055,5.3,Private
M00318_P00057,0.0,Private
M00318_P00059,0.0,Public
M00318_P00064,0.0,Private
M00318_P00066,0.0,Private
M00318_P00071,6.0,Private
M00318_P00077,6.0,Private
M00318_P00079,5.7,Private
M00318_P00082,6.9,Public
M00318_P00087,6.3,Public
M00318_P00097,0.0,Private
M00318_P00102,5.4,Private
M00319_P00157,0.0,Public
M00319_P00159,0.0,Private
M00319_P00164,0.0,Private
M00319_P00169,5.8,Private
M00319_P00171,0.0,Public
M00319_P00175,6.5,Private
M00319_P00185,6.5,Private
M00319_P00193,0.0,Private
M00319_P00197,0.0,Private
M00319_P00199,6.3,Private
M00319_P00200,6.1,Private
M00320_P00625,0.0,Public
M00320_P00630,5.4,Private
M00320_P00632,6.0,Private
M00320_P00635,6.4,Private
M00320_P00644,7.2,Public
M00320_P00645,6.5,Public
M00320_P00650,6.0,Private
M00320_P00782,0.0,Private
M00320_P00786,6.6,Private
M00320_P00788,0.0,Private
M00320_P00797,0.0,Private
M00320_P00803,6.0,Private
M00321_P00965,0.0,Private
M00321_P00966,0.0,Private
M00321_P00975,0.0,Private
M00321_P00978,0.0,Public
M00321_P00980,0.0,Private
M00321_P00986,0.0,Private
M00321_P01223,6.5,Public
M00321_P01234,0.0,Public
M00321_P01236,5.9,Private
M00321_P01241,5.7,Public
M00321_P01242,5.5,Public
M00322_P00157,0.0,Private
M00322_P00159,5.2,Private
M00322_P00164,0.0,Private
M00322_P00169,5.0,Public
M00322_P00171,0.0,Public
M00322_P00175,5.6,Private
M00322_P01070,0.0,Private
M00322_P01074,5.3,Private
M00322_P01082,5.5,Private
M00323_P00055,0.0,Private
M00323_P00057,0.0,Public
M00323_P00059,0.0,Private
M00323_P00064,6.1,Public
M00323_P00066,7.3,Private
M00323_P00071,0.0,Private
M00323_P00077,5.1,Private
M00323_P00443,0.0,Public
M00323_P00448,0.0,Public
M00323_P00452,0.0,Private
M00323_P00462,6.2,Public
M00323_P00463,7.9,Private
M00323_P00465,7.6,Public
M00323_P00468,5.4,Private
M00324_P00345,5.1,Private
M00324_P00347,6.6,Private
M00324_P00351,6.0,Private
M00324_P00353,6.1,Public
M00324_P00359,5.4,Public
M00324_P00362,4.9,Private
M00324_P00761,6.7,Private
M00324_P00772,6.1,Private
M00325_P00157,5.8,Public
M00325_P00159,0.0,Public
M00325_P00164,5.4,Public
M00325_P00169,7.0,Private
M00325_P00171,0.0,Public
M00325_P00175,5.7,Private
M00325_P00611,0.0,Public
M00325_P00618,6.5,Private
M00325_P00619,0.0,Private
M00325_P00622,4.6,Private
M00326_P00888,0.0,Private
M00326_P00889,6.8,Private
M00326_P00893,6.6,Private
M00326_P00894,0.0,Private
M00326_P00895,0.0,Private
M00326_P00901,7.2,Private
M00326_P00909,6.5,Public
M00326_P01099,7.2,Private
M00326_P01107,5.4,Public
M00326_P01108,7.8,Public
M00326_P01109,7.1,Private
M00326_P01114,6.8,Private
M00326_P01118,0.0,Private
M00327_P00443,0.0,Private
M00327_P00448,5.7,Private
M00327_P00452,6.4,Private
M00327_P00462,6.9,Public
M00327_P00463,0.0,Public
M00327_P00465,6.3,Private
M00327_P00468,5.5,Public
M00327_P00655,0.0,Public
M00327_P00662,0.0,Private
M00327_P00666,0.0,Private
M00327_P00668,4.9,Private
M00327_P00669,6.3,Private
M00327_P00673,7.3,Private
M00327_P00674,4.8,Public
M00328_P00136,6.6,Public
M00328_P00141,0.0,Private
M00328_P00148,5.3,Private
M00328_P00156,6.0,Private
M00328_P00761,5.7,Public
M00328_P00772,6.0,Private
M00329_P01041,0.0,Private
M00329_P01042,0.0,Private
M00329_P01048,8.0,Private
M00329_P01049,7.7,Private
M00329_P01051,6.8,Private
M00329_P01055,5.8,Private
M00329_P01063,7.2,Private
M00329_P01064,5.5,Private
M00329_P01070,6.0,Private
M00329_P01074,7.0,Private
M00329_P01082,5.4,Private
M00330_P00079,0.0,Public
M00330_P00082,6.5,Private
M00330_P00087,6.7,Private
M00330_P00097,0.0,Private
M00330_P00102,0.0,Private
M00330_P00574,4.8,Private
M00330_P00579,0.0,Public
M00330_P00582,5.2,Private
M00330_P00584,6.4,Private
M00330_P00586,4.8,Private
M00330_P00590,0.0,Private
M00331_P00345,7.6,Private
M00331_P00347,5.7,Private
M00331_P00351,6.2,Public
M00331_P00353,5.8,Private
M00331_P00359,6.5,Private
M00331_P00362,0.0,Private
M00331_P00940,5.3,Private
M00331_P00948,0.0,Private
M00331_P00950,0.0,Public
M00331_P00951,0.0,Private
M00331_P00959,0.0,Private
M00331_P00962,6.2,Private
M00332_P00345,5.9,Private
M00332_P00347,0.0,Public
M00332_P00351,6.3,Public
M00332_P00353,0.0,Private
M00332_P00359,7.2,Private
M00332_P00362,7.9,Public
M00332_P00965,6.8,Private
M00332_P00966,0.0,Private
M00332_P00975,0.0,Private
M00332_P00978,0.0,Private
M00332_P00980,0.0,Public
M00332_P00986,0.0,Public
M00333_P00241,0.0,Private
M00333_P00244,5.3,Private
M00333_P00245,6.7,Private
M00333_P00248,0.0,Private
M00333_P00255,0.0,Private
M00333_P00260,7.9,Private
M00333_P01020,6.7,Private
M00333_P01034,7.0,Private
M00333_P01037,4.6,Private
M00333_P01038,0.0,Public
M00334_P00209,6.5,Private
M00334_P00210,0.0,Public
M00334_P00211,0.0,Private
M00334_P00219,6.4,Private
M00334_P00221,6.6,Private
M00334_P00222,6.1,Private
M00334_P00232,5.0,Public
M00334_P00234,7.4,Public
M00334_P00241,6.2,Private
M00334_P00244,0.0,Public
M00334_P00245,6.1,Private
M00334_P00248,5.6,Private
M00334_P00255,8.1,Private
M00334_P00260,0.0,Private
M00335_P00185,0.0,Public
M00335_P00193,6.9,Private
M00335_P00197,6.8,Private
M00335_P00199,0.0,Public
M00335_P00200,6.6,Private
M00335_P00287,0.0,Public
M00335_P00290,0.0,Private
M00335_P00291,6.3,Private
M00335_P00295,6.3,Public
M00335_P00297,0.0,Private
M00335_P00298,0.0,Private
M00335_P00299,6.6,Private
M00335_P00304,5.3,Private
M00335_P00307,0.0,Private
M00335_P00309,0.0,Public
M00335_P00310,5.1,Private
M00336_P00011,5.8,Public
M00336_P00024,0.0,Private
M00336_P00209,6.4,Private
M00336_P00210,0.0,Private
M00336_P00211,0.0,Private
M00336_P00219,0.0,Public
M00336_P00221,0.0,Private
M00336_P00222,7.3,Public
M00336_P00232,0.0,Public
M00336_P00234,7.9,Public
M00337_P00529,6.5,Private
M00337_P00535,0.0,Public
M00337_P00536,0.0,Public
M00337_P00542,0.0,Public
M00337_P00543,6.9,Public
M00337_P00965,7.0,Private
M00337_P00966,0.0,Private
M00337_P00975,0.0,Private
M00337_P00978,0.0,Private
M00337_P00980,7.2,Public
M00337_P00986,6.3,Private
M00338_P00079,0.0,Private
M00338_P00082,6.3,Public
M00338_P00087,5.4,Public
M00338_P00097,7.2,Public
M00338_P00102,5.9,Public
M00338_P00423,0.0,Private
M00338_P00424,0.0,Private
M00338_P00425,7.2,Public
M00338_P00426,5.0,Public
M00338_P00431,0.0,Private
M00338_P00436,5.7,Public
M00338_P00440,6.9,Private
M00339_P00185,0.0,Private
M00339_P00193,5.6,Public
M00339_P00197,5.8,Public
M00339_P00199,5.1,Private
M00339_P00200,6.0,Private
M00339_P00863,6.2,Private
M00339_P00880,0.0,Private
M00339_P00882,0.0,Public
M00340_P00732,6.0,Private
M00340_P00738,4.9,Private
M00340_P00742,6.2,Public
M00340_P00744,6.3,Private
M00340_P00747,0.0,Public
M00340_P00753,0.0,Private
M00340_P00782,6.7,Public
M00340_P00786,4.9,Private
M00340_P00788,0.0,Private
M00340_P00797,6.3,Private
M00340_P00803,0.0,Public
M00341_P00835,0.0,Private
M00341_P00840,0.0,Private
M00341_P00844,6.6,Private
M00341_P00847,6.0,Private
M00341_P00848,0.0,Private
M00341_P00856,5.9,Private
M00341_P00991,0.0,Private
M00341_P00993,6.4,Private
M00341_P00997,0.0,Private
M00341_P01000,0.0,Private
M00341_P01010,6.8,Private
M00342_P00368,6.1,Private
M00342_P00372,6.6,Private
M00342_P00378,4.7,Public
M00342_P00382,0.0,Private
M00342_P00383,5.3,Private
M00342_P00835,0.0,Private
M00342_P00840,5.8,Private
M00342_P00844,4.8,Private
M00342_P00847,5.6,Private
M00342_P00848,0.0,Private
M00342_P00856,0.0,Private
M00343_P01099,6.6,Private
M00343_P01107,5.6,Private
M00343_P01108,0.0,Private
M00343_P01109,5.8,Public
M00343_P01114,6.8,Public
M00343_P01118,0.0,Private
M00343_P01201,0.0,Public
M00343_P01209,0.0,Private
M00343_P01210,6.2,Private
M00343_P01211,6.6,Private
M00343_P01214,6.2,Private
M00344_P00761,0.0,Public
M00344_P00772,5.9,Private
M00344_P01099,6.1,Private
M00344_P01107,0.0,Private
M00344_P01108,6.3,Public
M00344_P01109,5.9,Private
M00344_P01114,0.0,Public
M00344_P01118,6.6,Public
M00345_P00655,0.0,Public
M00345_P00662,0.0,Public
M00345_P00666,5.5,Private
M00345_P00668,0.0,Public
M00345_P00669,0.0,Private
M00345_P00673,6.8,Private
M00345_P00674,6.0,Private
M00345_P00782,5.7,Public
M00345_P00786,0.0,Private
M00345_P00788,0.0,Private
M00345_P00797,0.0,Private
M00345_P00803,5.7,Public
M00346_P00807,0.0,Private
M00346_P00812,8.1,Private
M00346_P00819,6.0,Private
M00346_P00826,6.2,Public
M00346_P00827,6.7,Private
M00346_P01201,6.6,Public
M00346_P01209,6.2,Public
M00346_P01210,6.1,Private
M00346_P01211,7.4,Public
M00346_P01214,0.0,Public
M00347_P00136,6.8,Public
M00347_P00141,0.0,Private
M00347_P00148,0.0,Private
M00347_P00156,6.1,Private
M00347_P00549,5.1,Private
M00347_P00552,4.0,Public
M00347_P00554,5.6,Private
M00347_P00561,7.7,Private
M00347_P00562,7.3,Public
M00347_P00568,6.2,Private
M00348_P00108,0.0,Private
M00348_P00110,0.0,Public
M00348_P00114,0.0,Public
M00348_P00124,6.7,Public
M00348_P00129,8.1,Public
M00348_P00241,5.6,Private
M00348_P00244,6.5,Private
M00348_P00245,6.1,Private
M00348_P00248,4.7,Private
M00348_P00255,7.3,Public
M00348_P00260,0.0,Private
M00349_P00625,0.0,Private
M00349_P00630,6.7,Private
M00349_P00632,0.0,Private
M00349_P00635,5.5,Private
M00349_P00644,6.4,Private
M00349_P00645,7.0,Private
M00349_P00650,0.0,Public
M00349_P01020,0.0,Public
M00349_P01034,0.0,Public
M00349_P01037,6.2,Private
M00349_P01038,0.0,Private
M00350_P00761,0.0,Private
M00350_P00772,6.0,Private
M00350_P00863,6.9,Private
M00350_P00880,6.8,Private
M00350_P00882,0.0,Public
M00351_P00157,0.0,Public
M00351_P00159,5.7,Private
M00351_P00164,0.0,Private
M00351_P00169,0.0,Private
M00351_P00171,0.0,Public
M00351_P00175,7.1,Public
M00351_P01177,0.0,Private
M00351_P01182,0.0,Public
M00351_P01184,0.0,Public
M00351_P01193,6.3,Private
M00351_P01196,6.0,Public
M00352_P00705,5.3,Private
M00352_P00707,0.0,Public
M00352_P00716,6.2,Public
M00352_P00718,0.0,Private
M00352_P00724,6.4,Private
M00352_P00728,7.2,Private
M00352_P00761,6.4,Private
M00352_P00772,5.6,Public
M00353_P00549,0.0,Private
M00353_P00552,7.0,Public
M00353_P00554,0.0,Private
M00353_P00561,0.0,Private
M00353_P00562,4.9,Private
M00353_P00568,5.1,Private
M00353_P00782,5.8,Public
M00353_P00786,5.8,Public
M00353_P00788,7.0,Private
M00353_P00797,6.5,Private
M00353_P00803,0.0,Private
M00354_P00157,0.0,Public
M00354_P00159,0.0,Private
M00354_P00164,6.3,Public
M00354_P00169,0.0,Private
M00354_P00171,5.4,Private
M00354_P00175,7.0,Private
M00354_P01201,0.0,Public
M00354_P01209,6.4,Private
M00354_P01210,0.0,Private
M00354_P01211,6.0,Private
M00354_P01214,0.0,Private
M00355_P00529,6.2,Private
M00355_P00535,5.5,Private
M00355_P00536,5.1,Private
M00355_P00542,0.0,Public
M00355_P00543,6.6,Public
M00355_P01120,5.1,Private
M00356_P00241,0.0,Public
M00356_P00244,0.0,Private
M00356_P00245,6.0,Private
M00356_P00248,0.0,Private
M00356_P00255,7.1,Private
M00356_P00260,0.0,Private
M00356_P01146,6.2,Private
M00356_P01157,6.8,Public
M00356_P01166,4.9,Private
M00356_P01169,5.8,Public
M00357_P00136,0.0,Private
M00357_P00141,6.8,Private
M00357_P00148,5.5,Private
M00357_P00156,4.9,Public
M00357_P00157,0.0,Private
M00357_P00159,5.7,Private
M00357_P00164,6.1,Public
M00357_P00169,6.9,Public
M00357_P00171,5.5,Public
M00357_P00175,0.0,Private
M00358_P00157,0.0,Public
M00358_P00159,0.0,Private
M00358_P00164,6.2,Private
M00358_P00169,6.5,Private
M00358_P00171,0.0,Public
M00358_P00175,0.0,Private
M00358_P00625,6.8,Private
M00358_P00630,4.8,Private
M00358_P00632,0.0,Private
M00358_P00635,5.7,Private
M00358_P00644,0.0,Private
M00358_P00645,5.8,Private
M00358_P00650,0.0,Private
M00359_P00922,0.0,Public
M00359_P00927,5.5,Public
M00359_P00931,6.7,Public
M00359_P00935,6.8,Private
M00359_P00965,0.0,Private
M00359_P00966,0.0,Private
M00359_P00975,6.2,Private
M00359_P00978,0.0,Private
M00359_P00980,5.5,Private
M00359_P00986,7.2,Private
M00360_P00185,0.0,Private
M00360_P00193,0.0,Public
M00360_P00197,0.0,Public
M00360_P00199,0.0,Public
M00360_P00200,6.4,Private
M00360_P01099,6.3,Private
M00360_P01107,5.5,Private
M00360_P01108,7.1,Public
M00360_P01109,6.0,Private
M00360_P01114,0.0,Private
M00360_P01118,0.0,Public
M00361_P00705,0.0,Private
M00361_P00707,6.5,Public
M00361_P00716,5.7,Private
M00361_P00718,0.0,Private
M00361_P00724,6.2,Public
M00361_P00728,6.4,Public
M00361_P01099,5.8,Private
M00361_P01107,5.2,Private
M00361_P01108,7.6,Private
M00361_P01109,5.5,Private
M00361_P01114,6.5,Private
M00361_P01118,6.3,Private
M00362_P00478,0.0,Private
M00362_P00479,0.0,Private
M00362_P00486,0.0,Private
M00362_P00491,6.6,Private
M00362_P01020,5.4,Private
M00362_P01034,0.0,Private
M00362_P01037,5.5,Public
M00362_P01038,0.0,Private
M00363_P00157,0.0,Private
M00363_P00159,0.0,Public
M00363_P00164,7.1,Private
M00363_P00169,0.0,Private
M00363_P00171,6.8,Public
M00363_P00175,6.8,Private
M00363_P00965,0.0,Public
M00363_P00966,5.3,Public
M00363_P00975,7.1,Private
M00363_P00978,0.0,Private
M00363_P00980,6.3,Public
M00363_P00986,0.0,Private
M00364_P00241,6.6,Private
M00364_P00244,5.3,Public
M00364_P00245,6.4,Public
M00364_P00248,6.9,Private
M00364_P00255,0.0,Public
M00364_P00260,6.8,Private
M00364_P01120,0.0,Private
M00365_P00157,0.0,Private
M00365_P00159,5.4,Public
M00365_P00164,5.8,Private
M00365_P00169,6.0,Private
M00365_P00171,0.0,Private
M00365_P00175,6.2,Public
M00365_P00611,0.0,Public
M00365_P00618,6.0,Private
M00365_P00619,6.2,Private
M00365_P00622,0.0,Public
M00366_P00185,6.3,Private
M00366_P00193,7.3,Public
M00366_P00197,0.0,Private
M00366_P00199,5.2,Private
M00366_P00200,0.0,Private
M00366_P00478,0.0,Private
M00366_P00479,0.0,Private
M00366_P00486,5.2,Private
M00366_P00491,0.0,Private
M00367_P00705,6.0,Private
M00367_P00707,0.0,Private
M00367_P00716,0.0,Public
M00367_P00718,6.2,Public
M00367_P00724,5.4,Private
M00367_P00728,0.0,Private
M00367_P00940,6.7,Private
M00367_P00948,0.0,Public
M00367_P00950,6.0,Private
M00367_P00951,7.3,Private
M00367_P00959,6.1,Private
M00367_P00962,5.7,Private
M00368_P00991,6.9,Private
M00368_P00993,5.7,Private
M00368_P00997,0.0,Private
M00368_P01000,0.0,Public
M00368_P01010,6.2,Private
M00368_P01120,0.0,Private
M00369_P00032,6.9,Private
M00369_P00044,7.4,Public
M00369_P00045,0.0,Private
M00369_P00050,7.6,Private
M00369_P00052,6.5,Public
M00369_P00313,0.0,Private
M00369_P00324,6.0,Private
M00369_P00329,0.0,Private
M00369_P00333,6.2,Private
M00369_P00334,6.3,Public
M00370_P00549,0.0,Private
M00370_P00552,6.0,Public
M00370_P00554,5.7,Private
M00370_P00561,7.0,Private
M00370_P00562,0.0,Private
M00370_P00568,0.0,Public
M00370_P00611,4.8,Private
M00370_P00618,0.0,Private
M00370_P00619,5.4,Private
M00370_P00622,0.0,Private
M00371_P00241,6.0,Private
M00371_P00244,5.7,Private
M00371_P00245,0.0,Private
M00371_P00248,7.1,Public
M00371_P00255,0.0,Public
M00371_P00260,7.3,Private
M00371_P00965,0.0,Private
M00371_P00966,0.0,Private
M00371_P00975,5.7,Private
M00371_P00978,5.9,Public
M00371_P00980,6.3,Private
M00371_P00986,6.6,Public
M00372_P00108,6.0,Public
M00372_P00110,6.6,Private
M00372_P00114,8.2,Public
M00372_P00124,0.0,Private
M00372_P00129,6.8,Public
M00372_P00266,6.5,Private
M00372_P00271,0.0,Private
M00372_P00278,7.2,Public
M00372_P00286,6.7,Private
M00373_P00136,7.1,Private
M00373_P00141,0.0,Private
M00373_P00148,0.0,Public
M00373_P00156,7.2,Private
M00373_P00888,6.1,Private
M00373_P00889,5.9,Private
M00373_P00893,0.0,Private
M00373_P00894,6.1,Private
M00373_P00895,7.2,Private
M00373_P00901,0.0,Private
M00373_P00909,6.7,Private
M00374_P00678,0.0,Private
M00374_P00679,7.3,Private
M00374_P00680,0.0,Private
M00374_P00681,0.0,Private
M00374_P00683,5.9,Public
M00374_P00694,0.0,Private
M00374_P00782,6.3,Private
M00374_P00786,6.6,Private
M00374_P00788,0.0,Private
M00374_P00797,5.4,Private
M00374_P00803,6.8,Private
M00375_P00515,6.1,Public
M00375_P00611,0.0,Private
M00375_P00618,6.9,Private
M00375_P00619,5.7,Private
M00375_P00622,7.7,Private
M00376_P00940,6.2,Private
M00376_P00948,6.5,Private
M00376_P00950,6.1,Public
M00376_P00951,6.8,Public
M00376_P00959,6.0,Public
M00376_P00962,7.1,Private
M00376_P01020,0.0,Private
M00376_P01034,6.5,Private
M00376_P01037,6.4,Private
M00376_P01038,6.2,Private
M00377_P00241,6.7,Private
M00377_P00244,5.7,Private
M00377_P00245,0.0,Private
M00377_P00248,0.0,Private
M00377_P00255,0.0,Private
M00377_P00260,7.5,Public
M00377_P00287,0.0,Private
M00377_P00290,0.0,Public
M00377_P00291,5.3,Private
M00377_P00295,0.0,Private
M00377_P00297,7.0,Private
M00377_P00298,5.9,Public
M00377_P00299,6.9,Private
M00377_P00304,6.4,Public
M00377_P00307,0.0,Private
M00377_P00309,0.0,Public
M00377_P00310,0.0,Private
M00378_P00136,7.8,Private
M00378_P00141,0.0,Private
M00378_P00148,0.0,Public
M00378_P00156,0.0,Public
M00378_P01120,0.0,Private
M00379_P00705,0.0,Private
M00379_P00707,6.3,Private
M00379_P00716,0.0,Public
M00379_P00718,7.6,Private
M00379_P00724,5.6,Public
M00379_P00728,0.0,Public
M00379_P01099,6.7,Private
M00379_P01107,6.5,Private
M00379_P01108,6.9,Public
M00379_P01109,0.0,Public
M00379_P01114,7.1,Public
M00379_P01118,6.3,Private
M00380_P00443,5.2,Private
M00380_P00448,6.0,Public
M00380_P00452,4.7,Public
M00380_P00462,0.0,Private
M00380_P00463,6.3,Private
M00380_P00465,5.8,Private
M00380_P00468,0.0,Public
M00380_P00678,0.0,Public
M00380_P00679,7.3,Private
M00380_P00680,7.0,Private
M00380_P00681,0.0,Public
M00380_P00683,0.0,Private
M00380_P00694,0.0,Public
M00381_P00574,5.7,Private
M00381_P00579,7.0,Private
M00381_P00582,5.7,Public
M00381_P00584,0.0,Private
M00381_P00586,0.0,Private
M00381_P00590,7.7,Private
M00381_P00732,5.6,Private
M00381_P00738,0.0,Public
M00381_P00742,0.0,Private
M00381_P00744,0.0,Public
M00381_P00747,7.7,Private
M00381_P00753,4.9,Private
M00382_P01120,0.0,Private
M00382_P01146,0.0,Public
M00382_P01157,6.1,Private
M00382_P01166,0.0,Private
M00382_P01169,5.3,Private
M00383_P00863,0.0,Public
M00383_P00880,5.4,Public
M00383_P00882,7.6,Private
M00383_P01120,0.0,Private
M00384_P00368,6.2,Public
M00384_P00372,0.0,Private
M00384_P00378,6.1,Private
M00384_P00382,0.0,Private
M00384_P00383,6.7,Public
M00384_P00678,0.0,Public
M00384_P00679,7.2,Private
M00384_P00680,5.8,Public
M00384_P00681,5.9,Private
M00384_P00683,6.7,Private
M00384_P00694,6.6,Private
M00385_P00011,6.6,Private
M00385_P00024,0.0,Private
M00385_P00368,5.7,Public
M00385_P00372,7.4,Private
M00385_P00378,0.0,Private
M00385_P00382,6.7,Private
M00385_P00383,0.0,Public
M00386_P00209,0.0,Public
M00386_P00210,7.8,Public
M00386_P00211,0.0,Private
M00386_P00219,6.2,Private
M00386_P00221,7.2,Private
M00386_P00222,7.3,Public
M00386_P00232,7.3,Public
M00386_P00234,7.1,Private
M00386_P00443,0.0,Private
M00386_P00448,5.4,Public
M00386_P00452,5.2,Private
M00386_P00462,6.2,Public
M00386_P00463,5.0,Private
M00386_P00465,0.0,Private
M00386_P00468,0.0,Public
M00387_P00011,0.0,Public
M00387_P00024,7.3,Private
M00387_P00185,4.8,Public
M00387_P00193,5.7,Private
M00387_P00197,0.0,Private
M00387_P00199,0.0,Private
M00387_P00200,6.8,Private
M00388_P00209,0.0,Private
M00388_P00210,7.5,Public
M00388_P00211,0.0,Private
M00388_P00219,0.0,Private
M00388_P00221,7.3,Private
M00388_P00222,0.0,Public
M00388_P00232,0.0,Public
M00388_P00234,0.0,Private
M00388_P00287,0.0,Public
M00388_P00290,6.1,Private
M00388_P00291,0.0,Private
M00388_P00295,7.4,Private
M00388_P00297,6.2,Private
M00388_P00298,0.0,Private
M00388_P00299,5.4,Private
M00388_P00304,4.1,Public
M00388_P00307,6.4,Private
M00388_P00309,0.0,Private
M00388_P00310,0.0,Private
M00389_P00835,0.0,Private
M00389_P00840,0.0,Private
M00389_P00844,0.0,Private
M00389_P00847,6.3,Private
M00389_P00848,5.6,Public
M00389_P00856,6.2,Private
M00389_P00940,0.0,Private
M00389_P00948,6.8,Private
M00389_P00950,6.8,Private
M00389_P00951,0.0,Private
M00389_P00959,0.0,Public
M00389_P00962,0.0,Private
M00390_P00108,0.0,Public
M00390_P00110,5.8,Private
M00390_P00114,7.6,Private
M00390_P00124,7.1,Public
M00390_P00129,0.0,Public
M00390_P00678,0.0,Private
M00390_P00679,0.0,Public
M00390_P00680,5.4,Private
M00390_P00681,6.5,Public
M00390_P00683,0.0,Public
M00390_P00694,5.8,Private
M00391_P00032,5.8,Private
M00391_P00044,6.1,Private
M00391_P00045,0.0,Private
M00391_P00050,6.5,Private
M00391_P00052,6.8,Private
M00391_P00705,5.7,Private
M00391_P00707,0.0,Private
M00391_P00716,0.0,Private
M00391_P00718,0.0,Private
M00391_P00724,0.0,Public
M00391_P00728,7.2,Private
M00392_P00529,6.7,Public
M00392_P00535,0.0,Private
M00392_P00536,5.9,Public
M00392_P00542,5.7,Private
M00392_P00543,5.8,Private
M00392_P00965,0.0,Public
M00392_P00966,5.3,Public
M00392_P00975,6.3,Public
M00392_P00978,6.2,Private
M00392_P00980,0.0,Private
M00392_P00986,6.3,Public
M00393_P01041,5.4,Private
M00393_P01042,0.0,Private
M00393_P01048,0.0,Private
M00393_P01049,8.2,Private
M00393_P01051,6.3,Private
M00393_P01055,5.7,Private
M00393_P01063,5.5,Public
M00393_P01064,7.0,Public
M00393_P01177,0.0,Public
M00393_P01182,6.5,Public
M00393_P01184,5.9,Private
M00393_P01193,0.0,Private
M00393_P01196,7.0,Private
M00394_P00185,0.0,Public
M00394_P00193,6.4,Public
M00394_P00197,5.5,Private
M00394_P00199,0.0,Private
M00394_P00200,5.0,Public
M00394_P00678,0.0,Private
M00394_P00679,0.0,Private
M00394_P00680,6.5,Private
M00394_P00681,0.0,Private
M00394_P00683,0.0,Public
M00394_P00694,0.0,Public
M00395_P00266,5.6,Private
M00395_P00271,5.6,Private
M00395_P00278,0.0,Private
M00395_P00286,0.0,Private
M00395_P01041,0.0,Public
M00395_P01042,0.0,Private
M00395_P01048,6.7,Public
M00395_P01049,0.0,Private
M00395_P01051,7.3,Private
M00395_P01055,6.0,Private
M00395_P01063,7.3,Private
M00395_P01064,0.0,Private
M00396_P00136,6.8,Private
M00396_P00141,6.8,Private
M00396_P00148,7.0,Public
M00396_P00156,6.5,Public
M00396_P00732,6.3,Public
M00396_P00738,5.8,Public
M00396_P00742,6.2,Private
M00396_P00744,6.2,Private
M00396_P00747,7.7,Private
M00396_P00753,5.5,Public
M00397_P00705,0.0,Private
M00397_P00707,6.5,Private
M00397_P00716,0.0,Private
M00397_P00718,6.5,Private
M00397_P00724,0.0,Private
M00397_P00728,6.3,Public
M00397_P00991,7.6,Public
M00397_P00993,7.3,Private
M00397_P00997,5.0,Private
M00397_P01000,6.4,Private
M00397_P01010,5.7,Public
M00398_P00515,6.3,Private
M00398_P00655,6.3,Private
M00398_P00662,4.9,Private
M00398_P00666,0.0,Public
M00398_P00668,0.0,Public
M00398_P00669,6.9,Private
M00398_P00673,7.0,Private
M00398_P00674,0.0,Public
M00399_P00368,5.0,Public
M00399_P00372,6.2,Private
M00399_P00378,0.0,Private
M00399_P00382,5.8,Private
M00399_P00383,6.1,Private
M00399_P00574,6.2,Private
M00399_P00579,0.0,Public
M00399_P00582,0.0,Private
M00399_P00584,0.0,Private
M00399_P00586,4.8,Private
M00399_P00590,6.8,Private
M00400_P00108,6.0,Public
M00400_P00110,7.2,Public
M00400_P00114,6.6,Private
M00400_P00124,5.9,Public
M00400_P00129,0.0,Public
M00400_P00863,6.6,Private
M00400_P00880,5.8,Private
M00400_P00882,0.0,Private
M00401_P00835,0.0,Private
M00401_P00840,5.7,Private
M00401_P00844,6.7,Private
M00401_P00847,0.0,Private
M00401_P00848,5.8,Private
M00401_P00856,0.0,Private
M00401_P00863,6.7,Private
M00401_P00880,6.7,Private
M00401_P00882,7.6,Private
M00402_P00574,0.0,Private
M00402_P00579,6.7,Public
M00402_P00582,0.0,Private
M00402_P00584,0.0,Public
M00402_P00586,6.0,Private
M00402_P00590,0.0,Private
M00402_P01223,4.9,Private
M00402_P01234,6.6,Private
M00402_P01236,0.0,Private
M00402_P01241,6.6,Private
M00402_P01242,5.0,Private
M00403_P00157,0.0,Private
M00403_P00159,0.0,Public
M00403_P00164,0.0,Public
M00403_P00169,5.0,Public
M00403_P00171,5.8,Private
M00403_P00175,5.8,Private
M00403_P00391,0.0,Private
M00403_P00399,6.7,Public
M00403_P00410,6.1,Public
M00403_P00416,0.0,Private
M00404_P00287,6.8,Public
M00404_P00290,6.1,Private
M00404_P00291,7.1,Private
M00404_P00295,8.1,Private
M00404_P00297,6.1,Public
M00404_P00298,0.0,Public
M00404_P00299,0.0,Public
M00404_P00304,0.0,Private
M00404_P00307,5.5,Private
M00404_P00309,5.9,Public
M00404_P00310,7.0,Private
M00404_P00313,0.0,Private
M00404_P00324,0.0,Public
M00404_P00329,0.0,Private
M00404_P00333,5.4,Private
M00404_P00334,6.6,Public
M00405_P00108,5.7,Private
M00405_P00110,4.9,Private
M00405_P00114,0.0,Private
M00405_P00124,0.0,Private
M00405_P00129,6.3,Private
M00405_P01070,0.0,Private
M00405_P01074,7.2,Private
M00405_P01082,6.2,Private
M00406_P00761,6.6,Private
M00406_P00772,6.2,Public
M00406_P00965,0.0,Private
M00406_P00966,6.8,Private
M00406_P00975,0.0,Private
M00406_P00978,7.0,Private
M00406_P00980,5.8,Public
M00406_P00986,0.0,Private
M00407_P00940,6.1,Public
M00407_P00948,5.5,Private
M00407_P00950,0.0,Private
M00407_P00951,0.0,Private
M00407_P00959,6.1,Private
M00407_P00962,7.2,Private
M00407_P01120,6.0,Private
M00408_P00529,0.0,Private
M00408_P00535,6.5,Private
M00408_P00536,5.4,Private
M00408_P00542,5.4,Public
M00408_P00543,6.2,Public
M00408_P01041,0.0,Private
M00408_P01042,0.0,Private
M00408_P01048,0.0,Private
M00408_P01049,0.0,Public
M00408_P01051,0.0,Private
M00408_P01055,0.0,Private
M00408_P01063,7.3,Public
M00408_P01064,5.8,Private
M00409_P00108,0.0,Private
M00409_P00110,5.5,Private
M00409_P00114,7.3,Private
M00409_P00124,6.4,Private
M00409_P00129,6.7,Public
M00409_P00807,6.8,Private
M00409_P00812,0.0,Private
M00409_P00819,5.8,Private
M00409_P00826,0.0,Private
M00409_P00827,7.7,Private
M00410_P00443,6.5,Private
M00410_P00448,6.8,Public
M00410_P00452,6.3,Private
M00410_P00462,0.0,Private
M00410_P00463,0.0,Private
M00410_P00465,6.3,Private
M00410_P00468,6.9,Public
M00410_P00991,0.0,Private
M00410_P00993,6.5,Private
M00410_P00997,5.7,Private
M00410_P01000,6.5,Private
M00410_P01010,0.0,Private
M00411_P00108,6.1,Public
M00411_P00110,5.4,Private
M00411_P00114,8.1,Public
M00411_P00124,0.0,Private
M00411_P00129,6.9,Public
M00411_P00835,0.0,Public
M00411_P00840,6.2,Private
M00411_P00844,6.6,Private
M00411_P00847,5.3,Private
M00411_P00848,7.6,Private
M00411_P00856,0.0,Private
M00412_P00055,0.0,Private
M00412_P00057,6.2,Private
M00412_P00059,5.7,Public
M00412_P00064,0.0,Private
M00412_P00066,8.6,Private
M00412_P00071,0.0,Private
M00412_P00077,4.6,Public
M00412_P00732,6.1,Public
M00412_P00738,6.1,Public
M00412_P00742,6.6,Private
M00412_P00744,0.0,Private
M00412_P00747,6.4,Public
M00412_P00753,0.0,Private
M00413_P00108,5.9,Private
M00413_P00110,5.8,Private
M00413_P00114,0.0,Private
M00413_P00124,0.0,Public
M00413_P00129,5.8,Private
M00413_P00478,6.3,Private
M00413_P00479,8.0,Private
M00413_P00486,0.0,Private
M00413_P00491,0.0,Public
M00414_P00991,0.0,Private
M00414_P00993,0.0,Public
M00414_P00997,6.1,Private
M00414_P01000,6.4,Private
M00414_P01010,7.8,Public
M00414_P01020,6.1,Private
M00414_P01034,0.0,Public
M00414_P01037,6.1,Private
M00414_P01038,5.4,Private
M00415_P00761,6.3,Private
M00415_P00772,5.6,Private
M00415_P00991,0.0,Private
M00415_P00993,6.8,Private
M00415_P00997,6.4,Private
M00415_P01000,0.0,Private
M00415_P01010,0.0,Public
M00416_P00732,5.6,Private
M00416_P00738,5.8,Public
M00416_P00742,0.0,Private
M00416_P00744,0.0,Public
M00416_P00747,8.1,Public
M00416_P00753,0.0,Private
M00416_P00965,0.0,Private
M00416_P00966,6.5,Private
M00416_P00975,6.9,Public
M00416_P00978,5.5,Private
M00416_P00980,0.0,Private
M00416_P00986,0.0,Private
M00417_P00529,6.8,Public
M00417_P00535,5.8,Private
M00417_P00536,0.0,Public
M00417_P00542,5.3,Private
M00417_P00543,6.1,Private
M00417_P01020,6.6,Private
M00417_P01034,6.3,Private
M00417_P01037,0.0,Private
M00417_P01038,0.0,Private
M00418_P00079,0.0,Private
M00418_P00082,0.0,Private
M00418_P00087,0.0,Private
M00418_P00097,5.9,Private
M00418_P00102,0.0,Private
M00418_P00761,0.0,Private
M00418_P00772,6.5,Private
M00419_P00136,6.6,Private
M00419_P00141,0.0,Public
M00419_P00148,4.8,Private
M00419_P00156,6.3,Private
M00419_P01177,0.0,Public
M00419_P01182,6.2,Public
M00419_P01184,0.0,Private
M00419_P01193,5.5,Private
M00419_P01196,6.0,Private
M00420_P00055,0.0,Public
M00420_P00057,6.5,Private
M00420_P00059,6.1,Public
M00420_P00064,5.9,Private
M00420_P00066,6.6,Public
M00420_P00071,5.8,Public
M00420_P00077,7.0,Public
M00420_P00423,7.0,Private
M00420_P00424,0.0,Public
M00420_P00425,6.5,Private
M00420_P00426,5.3,Private
M00420_P00431,0.0,Private
M00420_P00436,7.0,Private
M00420_P00440,5.5,Private
M00421_P00732,6.3,Public
M00421_P00738,4.9,Private
M00421_P00742,0.0,Public
M00421_P00744,0.0,Public
M00421_P00747,7.0,Private
M00421_P00753,0.0,Private
M00421_P00888,0.0,Private
M00421_P00889,0.0,Private
M00421_P00893,0.0,Private
M00421_P00894,6.8,Public
M00421_P00895,6.6,Public
M00421_P00901,7.0,Public
M00421_P00909,0.0,Public
M00422_P00611,5.5,Private
M00422_P00618,0.0,Private
M00422_P00619,5.6,Public
M00422_P00622,5.8,Private
M00422_P00625,0.0,Private
M00422_P00630,6.6,Public
M00422_P00632,5.5,Public
M00422_P00635,6.0,Public
M00422_P00644,5.8,Public
M00422_P00645,6.6,Public
M00422_P00650,5.7,Private
M00423_P00549,0.0,Public
M00423_P00552,6.2,Private
M00423_P00554,0.0,Private
M00423_P00561,7.8,Private
M00423_P00562,5.9,Private
M00423_P00568,4.6,Public
M00423_P00678,4.6,Private
M00423_P00679,0.0,Private
M00423_P00680,6.4,Public
M00423_P00681,0.0,Public
M00423_P00683,6.1,Private
M00423_P00694,0.0,Private
M00424_P01041,0.0,Private
M00424_P01042,0.0,Private
M00424_P01048,0.0,Private
M00424_P01049,7.7,Public
M00424_P01051,6.1,Private
M00424_P01055,0.0,Public
M00424_P01063,4.9,Public
M00424_P01064,6.3,Private
M00424_P01099,0.0,Private
M00424_P01107,6.4,Private
M00424_P01108,6.6,Private
M00424_P01109,0.0,Private
M00424_P01114,7.6,Public
M00424_P01118,0.0,Public
M00425_P00157,0.0,Public
M00425_P00159,0.0,Private
M00425_P00164,6.1,Private
M00425_P00169,5.5,Private
M00425_P00171,5.2,Private
M00425_P00175,6.4,Private
M00425_P00549,0.0,Public
M00425_P00552,5.5,Public
M00425_P00554,5.0,Private
M00425_P00561,6.4,Private
M00425_P00562,6.6,Private
M00425_P00568,0.0,Public
M00426_P00423,6.3,Private
M00426_P00424,5.2,Private
M00426_P00425,0.0,Public
M00426_P00426,5.3,Private
M00426_P00431,5.0,Private
M00426_P00436,0.0,Private
M00426_P00440,0.0,Public
M00426_P00478,0.0,Private
M00426_P00479,0.0,Private
M00426_P00486,7.0,Private
M00426_P00491,0.0,Private
M00427_P00136,6.7,Private
M00427_P00141,8.3,Private
M00427_P00148,0.0,Private
M00427_P00156,0.0,Private
M00427_P00549,0.0,Public
M00427_P00552,5.8,Private
M00427_P00554,0.0,Public
M00427_P00561,0.0,Private
M00427_P00562,5.4,Private
M00427_P00568,6.3,Private
M00428_P00515,0.0,Private
M00428_P00574,6.5,Private
M00428_P00579,0.0,Public
M00428_P00582,7.2,Private
M00428_P00584,6.0,Private
M00428_P00586,0.0,Public
M00428_P00590,7.3,Public
M00429_P00209,0.0,Private
M00429_P00210,7.1,Private
M00429_P00211,0.0,Private
M00429_P00219,0.0,Private
M00429_P00221,6.7,Public
M00429_P00222,6.0,Private
M00429_P00232,6.6,Private
M00429_P00234,0.0,Private
M00429_P01020,6.5,Private
M00429_P01034,0.0,Private
M00429_P01037,0.0,Private
M00429_P01038,7.3,Private
M00430_P00515,6.3,Public
M00430_P00940,6.3,Private
M00430_P00948,6.8,Private
M00430_P00950,7.3,Private
M00430_P00951,0.0,Public
M00430_P00959,6.6,Private
M00430_P00962,6.7,Public
M00431_P00209,0.0,Private
M00431_P00210,7.8,Private
M00431_P00211,0.0,Private
M00431_P00219,7.1,Public
M00431_P00221,5.7,Private
M00431_P00222,0.0,Private
M00431_P00232,0.0,Private
M00431_P00234,6.9,Private
M00431_P01120,0.0,Private
M00432_P01070,5.7,Private
M00432_P01074,0.0,Public
M00432_P01082,6.6,Public
M00432_P01120,6.4,Private
M00433_P00032,0.0,Private
M00433_P00044,6.9,Private
M00433_P00045,5.9,Public
M00433_P00050,5.3,Public
M00433_P00052,7.4,Private
M00433_P00625,0.0,Public
M00433_P00630,5.2,Private
M00433_P00632,6.4,Public
M00433_P00635,0.0,Private
M00433_P00644,7.1,Private
M00433_P00645,6.8,Public
M00433_P00650,6.7,Private
M00434_P00345,6.0,Public
M00434_P00347,6.6,Private
M00434_P00351,5.4,Private
M00434_P00353,5.8,Private
M00434_P00359,6.1,Private
M00434_P00362,6.4,Private
M00434_P00574,0.0,Public
M00434_P00579,6.9,Public
M00434_P00582,6.0,Private
M00434_P00584,0.0,Private
M00434_P00586,5.4,Private
M00434_P00590,6.6,Private
M00435_P00313,0.0,Private
M00435_P00324,0.0,Private
M00435_P00329,5.5,Private
M00435_P00333,0.0,Private
M00435_P00334,0.0,Private
M00435_P00391,6.0,Public
M00435_P00399,7.4,Public
M00435_P00410,6.5,Public
M00435_P00416,6.8,Public
M00436_P00108,0.0,Private
M00436_P00110,0.0,Private
M00436_P00114,0.0,Private
M00436_P00124,5.6,Private
M00436_P00129,6.4,Private
M00436_P00515,6.1,Public
M00437_P00835,0.0,Public
M00437_P00840,0.0,Public
M00437_P00844,6.2,Private
M00437_P00847,6.4,Public
M00437_P00848,0.0,Public
M00437_P00856,6.5,Private
M00437_P00922,6.1,Private
M00437_P00927,0.0,Public
M00437_P00931,6.3,Private
M00437_P00935,0.0,Private
M00438_P00549,0.0,Private
M00438_P00552,4.3,Private
M00438_P00554,6.2,Public
M00438_P00561,0.0,Public
M00438_P00562,0.0,Private
M00438_P00568,0.0,Private
M00438_P01099,6.8,Private
M00438_P01107,0.0,Private
M00438_P01108,6.8,Private
M00438_P01109,5.9,Private
M00438_P01114,5.8,Private
M00438_P01118,5.4,Private
M00439_P00625,0.0,Public
M00439_P00630,0.0,Private
M00439_P00632,5.6,Public
M00439_P00635,5.6,Public
M00439_P00644,7.2,Private
M00439_P00645,0.0,Public
M00439_P00650,6.2,Public
M00439_P00991,0.0,Public
M00439_P00993,5.7,Private
M00439_P00997,6.3,Private
M00439_P01000,0.0,Private
M00439_P01010,5.6,Public
M00440_P00287,0.0,Private
M00440_P00290,6.3,Private
M00440_P00291,5.0,Private
M00440_P00295,0.0,Private
M00440_P00297,5.1,Public
M00440_P00298,0.0,Private
M00440_P00299,6.4,Private
M00440_P00304,5.8,Private
M00440_P00307,0.0,Private
M00440_P00309,0.0,Private
M00440_P00310,7.3,Private
M00440_P01177,0.0,Private
M00440_P01182,5.4,Private
M00440_P01184,6.2,Private
M00440_P01193,6.4,Public
M00440_P01196,0.0,Private
M00441_P00732,0.0,Private
M00441_P00738,5.5,Private
M00441_P00742,6.8,Public
M00441_P00744,0.0,Private
M00441_P00747,7.0,Private
M00441_P00753,6.3,Private
M00441_P01201,0.0,Private
M00441_P01209,4.8,Private
M00441_P01210,0.0,Public
M00441_P01211,6.6,Private
M00441_P01214,6.7,Public
M00442_P00611,6.6,Public
M00442_P00618,6.7,Private
M00442_P00619,0.0,Private
M00442_P00622,6.4,Private
M00442_P01146,8.0,Private
M00442_P01157,5.6,Private
M00442_P01166,6.8,Private
M00442_P01169,6.2,Public
M00443_P00732,0.0,Private
M00443_P00738,5.4,Private
M00443_P00742,6.3,Private
M00443_P00744,5.4,Public
M00443_P00747,6.9,Private
M00443_P00753,0.0,Public
M00443_P01041,0.0,Public
M00443_P01042,6.3,Private
M00443_P01048,7.0,Private
M00443_P01049,0.0,Private
M00443_P01051,6.6,Private
M00443_P01055,6.2,Private
M00443_P01063,7.2,Private
M00443_P01064,7.2,Private
M00444_P00368,0.0,Public
M00444_P00372,7.7,Private
M00444_P00378,0.0,Private
M00444_P00382,5.7,Private
M00444_P00383,0.0,Private
M00444_P00922,0.0,Private
M00444_P00927,5.4,Private
M00444_P00931,5.8,Private
M00444_P00935,0.0,Public
M00445_P00313,5.3,Private
M00445_P00324,6.5,Private
M00445_P00329,6.4,Private
M00445_P00333,6.7,Public
M00445_P00334,5.6,Private
M00445_P00782,0.0,Private
M00445_P00786,6.0,Private
M00445_P00788,6.6,Private
M00445_P00797,0.0,Private
M00445_P00803,5.8,Private
M00446_P00478,0.0,Private
M00446_P00479,7.5,Private
M00446_P00486,7.7,Public
M00446_P00491,5.6,Private
M00446_P00761,0.0,Private
M00446_P00772,5.9,Private
M00447_P00835,0.0,Public
M00447_P00840,5.9,Private
M00447_P00844,7.0,Public
M00447_P00847,5.9,Public
M00447_P00848,6.5,Private
M00447_P00856,7.2,Private
M00447_P00888,5.2,Private
M00447_P00889,6.9,Private
M00447_P00893,5.3,Public
M00447_P00894,5.5,Private
M00447_P00895,6.4,Private
M00447_P00901,0.0,Public
M00447_P00909,6.0,Private
M00448_P00313,0.0,Private
M00448_P00324,0.0,Private
M00448_P00329,6.7,Private
M00448_P00333,6.9,Private
M00448_P00334,7.5,Private
M00448_P01020,6.6,Private
M00448_P01034,5.7,Public
M00448_P01037,6.7,Private
M00448_P01038,6.2,Private
M00449_P00079,0.0,Private
M00449_P00082,0.0,Private
M00449_P00087,0.0,Private
M00449_P00097,0.0,Private
M00449_P00102,6.1,Public
M00449_P01099,5.3,Private
M00449_P01107,0.0,Private
M00449_P01108,6.3,Public
M00449_P01109,0.0,Private
M00449_P01114,0.0,Private
M00449_P01118,0.0,Private
M00450_P00157,5.3,Public
M00450_P00159,0.0,Public
M00450_P00164,0.0,Private
M00450_P00169,6.6,Public
M00450_P00171,6.9,Private
M00450_P00175,0.0,Private
M00450_P00922,0.0,Public
M00450_P00927,5.9,Public
M00450_P00931,0.0,Private
M00450_P00935,6.9,Private
M00451_P00136,0.0,Private
M00451_P00141,0.0,Private
M00451_P00148,0.0,Private
M00451_P00156,5.9,Private
M00451_P00478,6.8,Private
M00451_P00479,6.7,Private
M00451_P00486,0.0,Private
M00451_P00491,7.2,Private
M00452_P00443,6.4,Public
M00452_P00448,5.7,Private
M00452_P00452,6.3,Public
M00452_P00462,0.0,Public
M00452_P00463,0.0,Private
M00452_P00465,6.0,Private
M00452_P00468,5.6,Private
M00452_P00761,0.0,Private
M00452_P00772,4.9,Private
M00453_P00136,8.4,Public
M00453_P00141,0.0,Private
M00453_P00148,6.5,Private
M00453_P00156,0.0,Private
M00453_P00705,5.6,Private
M00453_P00707,6.0,Public
M00453_P00716,7.2,Private
M00453_P00718,6.1,Private
M00453_P00724,0.0,Private
M00453_P00728,0.0,Private
M00454_P00032,0.0,Private
M00454_P00044,0.0,Private
M00454_P00045,5.6,Private
M00454_P00050,7.1,Private
M00454_P00052,0.0,Public
M00454_P00574,0.0,Public
M00454_P00579,6.0,Private
M00454_P00582,6.0,Public
M00454_P00584,6.9,Public
M00454_P00586,0.0,Private
M00454_P00590,7.1,Private
M00455_P00655,0.0,Private
M00455_P00662,0.0,Public
M00455_P00666,5.9,Public
M00455_P00668,6.1,Public
M00455_P00669,5.4,Private
M00455_P00673,5.9,Private
M00455_P00674,6.2,Private
M00455_P00863,5.0,Public
M00455_P00880,7.1,Private
M00455_P00882,7.4,Private
M00456_P00136,7.6,Private
M00456_P00141,6.8,Private
M00456_P00148,5.9,Private
M00456_P00156,0.0,Public
M00456_P00625,6.2,Public
M00456_P00630,5.9,Private
M00456_P00632,0.0,Public
M00456_P00635,5.2,Public
M00456_P00644,6.8,Public
M00456_P00645,0.0,Public
M00456_P00650,6.8,Private
M00457_P00032,0.0,Private
M00457_P00044,7.0,Private
M00457_P00045,7.4,Private
M00457_P00050,7.2,Private
M00457_P00052,0.0,Private
M00457_P00549,0.0,Private
M00457_P00552,5.3,Private
M00457_P00554,6.2,Public
M00457_P00561,7.2,Private
M00457_P00562,0.0,Private
M00457_P00568,5.0,Private
M00458_P00209,0.0,Private
M00458_P00210,7.1,Private
M00458_P00211,0.0,Private
M00458_P00219,0.0,Public
M00458_P00221,7.5,Private
M00458_P00222,5.7,Private
M00458_P00232,6.2,Private
M00458_P00234,7.3,Public
M00458_P00241,6.2,Private
M00458_P00244,6.4,Private
M00458_P00245,6.7,Public
M00458_P00248,6.7,Private
M00458_P00255,0.0,Public
M00458_P00260,6.9,Private
M00459_P00782,6.5,Private
M00459_P00786,0.0,Private
M00459_P00788,7.6,Public
M00459_P00797,6.0,Private
M00459_P00803,7.2,Public
M00459_P01177,0.0,Public
M00459_P01182,5.1,Public
M00459_P01184,5.7,Public
M00459_P01193,6.2,Private
M00459_P01196,0.0,Public
M00460_P00732,0.0,Private
M00460_P00738,0.0,Private
M00460_P00742,0.0,Private
M00460_P00744,0.0,Private
M00460_P00747,7.4,Private
M00460_P00753,5.2,Private
M00460_P01041,0.0,Public
M00460_P01042,0.0,Private
M00460_P01048,0.0,Public
M00460_P01049,0.0,Public
M00460_P01051,5.6,Public
M00460_P01055,5.7,Private
M00460_P01063,5.7,Public
M00460_P01064,0.0,Private
M00461_P00032,6.9,Public
M00461_P00044,7.0,Private
M00461_P00045,6.6,Public
M00461_P00050,0.0,Public
M00461_P00052,4.8,Private
M00461_P00443,0.0,Public
M00461_P00448,0.0,Private
M00461_P00452,5.7,Private
M00461_P00462,7.1,Public
M00461_P00463,0.0,Private
M00461_P00465,6.2,Public
M00461_P00468,6.2,Private
M00462_P00922,7.1,Public
M00462_P00927,5.7,Private
M00462_P00931,6.1,Public
M00462_P00935,7.3,Private
M00462_P01223,5.5,Private
M00462_P01234,6.7,Private
M00462_P01236,0.0,Private
M00462_P01241,7.0,Private
M00462_P01242,6.4,Private
M00463_P00185,0.0,Public
M00463_P00193,5.9,Public
M00463_P00197,0.0,Public
M00463_P00199,0.0,Private
M00463_P00200,6.0,Private
M00463_P00515,0.0,Private
M00464_P00079,6.0,Public
M00464_P00082,5.7,Private
M00464_P00087,0.0,Public
M00464_P00097,0.0,Private
M00464_P00102,5.8,Private
M00464_P00185,0.0,Private
M00464_P00193,0.0,Private
M00464_P00197,6.0,Private
M00464_P00199,6.5,Public
M00464_P00200,0.0,Private
M00465_P01020,6.6,Public
M00465_P01034,0.0,Private
M00465_P01037,0.0,Private
M00465_P01038,5.3,Public
M00465_P01041,0.0,Public
M00465_P01042,6.6,Private
M00465_P01048,0.0,Private
M00465_P01049,0.0,Private
M00465_P01051,7.2,Public
M00465_P01055,7.0,Public
M00465_P01063,0.0,Private
M00465_P01064,6.9,Private
M00466_P00185,0.0,Public
M00466_P00193,6.8,Private
M00466_P00197,0.0,Public
M00466_P00199,6.1,Private
M00466_P00200,6.4,Private
M00466_P00835,0.0,Private
M00466_P00840,6.0,Private
M00466_P00844,6.3,Private
M00466_P00847,6.3,Public
M00466_P00848,0.0,Public
M00466_P00856,0.0,Private
M00467_P00835,0.0,Private
M00467_P00840,6.1,Private
M00467_P00844,5.8,Private
M00467_P00847,6.2,Private
M00467_P00848,0.0,Public
M00467_P00856,7.6,Private
M00467_P01041,0.0,Private
M00467_P01042,0.0,Private
M00467_P01048,0.0,Private
M00467_P01049,7.4,Public
M00467_P01051,6.4,Private
M00467_P01055,6.2,Private
M00467_P01063,5.8,Private
M00467_P01064,0.0,Public
M00468_P00241,6.1,Public
M00468_P00244,0.0,Public
M00468_P00245,0.0,Public
M00468_P00248,6.9,Private
M00468_P00255,6.9,Private
M00468_P00260,0.0,Private
M00468_P01177,6.7,Private
M00468_P01182,0.0,Private
M00468_P01184,0.0,Public
M00468_P01193,0.0,Private
M00468_P01196,7.5,Private
M00469_P00011,6.1,Public
M00469_P00024,5.3,Public
M00469_P01041,0.0,Private
M00469_P01042,0.0,Private
M00469_P01048,0.0,Private
M00469_P01049,8.6,Public
M00469_P01051,0.0,Private
M00469_P01055,5.6,Private
M00469_P01063,4.8,Public
M00469_P01064,0.0,Private
M00470_P00678,5.8,Public
M00470_P00679,0.0,Private
M00470_P00680,0.0,Public
M00470_P00681,6.4,Public
M00470_P00683,0.0,Public
M00470_P00694,5.7,Public
M00470_P00940,4.2,Private
M00470_P00948,5.6,Public
M00470_P00950,0.0,Private
M00470_P00951,0.0,Public
M00470_P00959,0.0,Private
M00470_P00962,0.0,Private
M00471_P00611,0.0,Public
M00471_P00618,6.5,Private
M00471_P00619,0.0,Public
M00471_P00622,0.0,Private
M00471_P00863,0.0,Private
M00471_P00880,6.1,Private
M00471_P00882,6.8,Private
M00472_P00625,0.0,Private
M00472_P00630,0.0,Public
M00472_P00632,6.2,Public
M00472_P00635,0.0,Private
M00472_P00644,6.6,Private
M00472_P00645,8.2,Private
M00472_P00650,6.3,Private
M00472_P00807,0.0,Private
M00472_P00812,0.0,Private
M00472_P00819,6.8,Private
M00472_P00826,0.0,Private
M00472_P00827,7.0,Private
M00473_P00423,5.6,Public
M00473_P00424,5.1,Public
M00473_P00425,6.0,Private
M00473_P00426,0.0,Public
M00473_P00431,0.0,Private
M00473_P00436,0.0,Private
M00473_P00440,5.7,Private
M00473_P00611,0.0,Private
M00473_P00618,0.0,Private
M00473_P00619,6.1,Private
M00473_P00622,0.0,Private
M00474_P00108,0.0,Private
M00474_P00110,5.3,Private
M00474_P00114,6.1,Private
M00474_P00124,6.7,Private
M00474_P00129,6.0,Private
M00474_P00574,0.0,Private
M00474_P00579,6.1,Private
M00474_P00582,0.0,Private
M00474_P00584,5.7,Private
M00474_P00586,0.0,Private
M00474_P00590,0.0,Private
M00475_P01099,0.0,Private
M00475_P01107,0.0,Private
M00475_P01108,6.5,Private
M00475_P01109,5.2,Private
M00475_P01114,6.1,Private
M00475_P01118,0.0,Public
M00475_P01201,5.7,Private
M00475_P01209,0.0,Private
M00475_P01210,6.4,Private
M00475_P01211,6.7,Private
M00475_P01214,0.0,Private
M00476_P00549,0.0,Private
M00476_P00552,0.0,Public
M00476_P00554,0.0,Private
M00476_P00561,7.4,Private
M00476_P00562,5.2,Public
M00476_P00568,6.0,Public
M00476_P00965,0.0,Private
M00476_P00966,4.8,Private
M00476_P00975,6.1,Public
M00476_P00978,0.0,Private
M00476_P00980,0.0,Private
M00476_P00986,6.7,Private
M00477_P00574,0.0,Private
M00477_P00579,6.5,Private
M00477_P00582,5.3,Private
M00477_P00584,6.6,Private
M00477_P00586,0.0,Private
M00477_P00590,7.1,Public
M00477_P00922,5.9,Private
M00477_P00927,6.2,Public
M00477_P00931,0.0,Public
M00477_P00935,0.0,Public
M00478_P00761,5.4,Public
M00478_P00772,6.7,Private
M00478_P01120,0.0,Public
M00479_P00287,0.0,Private
M00479_P00290,5.9,Private
M00479_P00291,0.0,Private
M00479_P00295,0.0,Public
M00479_P00297,5.5,Private
M00479_P00298,0.0,Private
M00479_P00299,0.0,Private
M00479_P00304,5.7,Private
M00479_P00307,6.5,Private
M00479_P00309,6.1,Private
M00479_P00310,5.5,Private
M00479_P01041,0.0,Private
M00479_P01042,6.4,Public
M00479_P01048,5.8,Private
M00479_P01049,0.0,Public
M00479_P01051,0.0,Private
M00479_P01055,5.6,Private
M00479_P01063,0.0,Private
M00479_P01064,5.6,Private
M00480_P00761,5.5,Private
M00480_P00772,0.0,Private
M00480_P01177,6.4,Private
M00480_P01182,5.7,Private
M00480_P01184,6.9,Public
M00480_P01193,0.0,Private
M00480_P01196,7.4,Private
M00481_P00055,0.0,Public
M00481_P00057,0.0,Private
M00481_P00059,0.0,Public
M00481_P00064,4.9,Private
M00481_P00066,6.3,Private
M00481_P00071,0.0,Private
M00481_P00077,6.8,Public
M00481_P00313,6.9,Public
M00481_P00324,6.9,Public
M00481_P00329,6.5,Private
M00481_P00333,6.5,Private
M00481_P00334,0.0,Private
M00482_P00055,6.1,Private
M00482_P00057,6.4,Private
M00482_P00059,6.0,Private
M00482_P00064,5.9,Private
M00482_P00066,7.8,Private
M00482_P00071,6.8,Private
M00482_P00077,7.0,Public
M00482_P00549,0.0,Public
M00482_P00552,0.0,Private
M00482_P00554,6.6,Public
M00482_P00561,8.8,Private
M00482_P00562,6.8,Private
M00482_P00568,6.1,Private
M00483_P00782,0.0,Private
M00483_P00786,5.1,Public
M00483_P00788,6.3,Private
M00483_P00797,8.0,Private
M00483_P00803,0.0,Private
M00483_P00888,0.0,Private
M00483_P00889,0.0,Private
M00483_P00893,5.6,Private
M00483_P00894,5.3,Private
M00483_P00895,0.0,Public
M00483_P00901,6.5,Private
M00483_P00909,6.7,Private
M00484_P00313,0.0,Private
M00484_P00324,6.2,Private
M00484_P00329,5.5,Private
M00484_P00333,5.8,Private
M00484_P00334,0.0,Private
M00484_P01070,6.8,Public
M00484_P01074,0.0,Private
M00484_P01082,3.9,Public
M00485_P00079,7.3,Public
M00485_P00082,0.0,Private
M00485_P00087,0.0,Private
M00485_P00097,7.3,Private
M00485_P00102,0.0,Public
M00485_P01099,6.9,Private
M00485_P01107,0.0,Private
M00485_P01108,6.5,Private
M00485_P01109,0.0,Private
M00485_P01114,0.0,Private
M00485_P01118,0.0,Private
M00486_P00185,0.0,Private
M00486_P00193,5.5,Public
M00486_P00197,4.6,Private
M00486_P00199,0.0,Private
M00486_P00200,7.1,Private
M00486_P00625,0.0,Public
M00486_P00630,6.3,Private
M00486_P00632,6.2,Private
M00486_P00635,0.0,Private
M00486_P00644,5.7,Public
M00486_P00645,7.6,Private
M00486_P00650,0.0,Private
M00487_P00732,0.0,Private
M00487_P00738,0.0,Public
M00487_P00742,5.3,Private
M00487_P00744,6.5,Private
M00487_P00747,0.0,Public
M00487_P00753,6.0,Public
M00487_P01223,6.5,Private
M00487_P01234,0.0,Public
M00487_P01236,0.0,Public
M00487_P01241,5.7,Private
M00487_P01242,5.9,Private
M00488_P00287,0.0,Public
M00488_P00290,0.0,Private
M00488_P00291,4.8,Public
M00488_P00295,6.7,Public
M00488_P00297,6.0,Public
M00488_P00298,5.4,Private
M00488_P00299,0.0,Public
M00488_P00304,0.0,Public
M00488_P00307,6.3,Private
M00488_P00309,7.6,Private
M00488_P00310,5.9,Public
M00488_P00835,0.0,Private
M00488_P00840,0.0,Public
M00488_P00844,5.8,Private
M00488_P00847,5.7,Private
M00488_P00848,5.0,Private
M00488_P00856,0.0,Private
M00489_P00611,0.0,Private
M00489_P00618,5.9,Public
M00489_P00619,5.2,Private
M00489_P00622,6.6,Public
M00489_P00888,0.0,Private
M00489_P00889,0.0,Private
M00489_P00893,4.7,Private
M00489_P00894,5.3,Private
M00489_P00895,0.0,Private
M00489_P00901,7.0,Private
M00489_P00909,5.4,Public
M00490_P00705,5.9,Private
M00490_P00707,5.8,Private
M00490_P00716,0.0,Private
M00490_P00718,5.9,Private
M00490_P00724,6.2,Public
M00490_P00728,5.7,Private
M00490_P01201,7.0,Private
M00490_P01209,7.2,Public
M00490_P01210,0.0,Private
M00490_P01211,6.8,Private
M00490_P01214,6.9,Private
M00491_P00287,0.0,Private
M00491_P00290,0.0,Public
M00491_P00291,5.6,Private
M00491_P00295,0.0,Private
M00491_P00297,0.0,Private
M00491_P00298,6.0,Private
M00491_P00299,5.4,Public
M00491_P00304,6.1,Public
M00491_P00307,0.0,Private
M00491_P00309,0.0,Private
M00491_P00310,0.0,Private
M00491_P00991,0.0,Public
M00491_P00993,6.4,Private
M00491_P00997,0.0,Private
M00491_P01000,0.0,Private
M00491_P01010,7.1,Public
M00492_P00157,0.0,Private
M00492_P00159,0.0,Private
M00492_P00164,0.0,Private
M00492_P00169,6.4,Private
M00492_P00171,0.0,Private
M00492_P00175,0.0,Private
M00492_P00529,6.7,Private
M00492_P00535,0.0,Public
M00492_P00536,6.6,Private
M00492_P00542,0.0,Public
M00492_P00543,0.0,Private
M00493_P00478,0.0,Private
M00493_P00479,6.5,Private
M00493_P00486,6.9,Private
M00493_P00491,0.0,Public
M00493_P01099,7.0,Private
M00493_P01107,5.8,Private
M00493_P01108,7.3,Public
M00493_P01109,0.0,Private
M00493_P01114,0.0,Public
M00493_P01118,0.0,Private
M00494_P00991,6.7,Private
M00494_P00993,7.0,Public
M00494_P00997,6.3,Private
M00494_P01000,6.9,Public
M00494_P01010,6.9,Public
M00494_P01201,6.0,Public
M00494_P01209,5.1,Private
M00494_P01210,5.8,Private
M00494_P01211,5.3,Private
M00494_P01214,4.9,Public
M00495_P00732,5.6,Public
M00495_P00738,0.0,Private
M00495_P00742,6.8,Private
M00495_P00744,6.0,Private
M00495_P00747,0.0,Public
M00495_P00753,0.0,Private
M00495_P01146,0.0,Private
M00495_P01157,0.0,Private
M00495_P01166,6.3,Private
M00495_P01169,0.0,Public
M00496_P00055,6.9,Private
M00496_P00057,5.2,Private
M00496_P00059,6.0,Private
M00496_P00064,6.0,Private
M00496_P00066,0.0,Private
M00496_P00071,6.4,Private
M00496_P00077,0.0,Public
M00496_P01223,0.0,Private
M00496_P01234,0.0,Private
M00496_P01236,5.9,Private
M00496_P01241,7.1,Private
M00496_P01242,5.8,Public
M00497_P00443,0.0,Private
M00497_P00448,0.0,Private
M00497_P00452,0.0,Public
M00497_P00462,6.0,Private
M00497_P00463,7.0,Public
M00497_P00465,0.0,Private
M00497_P00468,5.2,Private
M00497_P01070,0.0,Private
M00497_P01074,6.0,Private
M00497_P01082,0.0,Private
M00498_P00108,5.5,Private
M00498_P00110,7.0,Private
M00498_P00114,8.1,Private
M00498_P00124,5.8,Private
M00498_P00129,6.3,Public
M00498_P01120,0.0,Private
M00499_P00611,0.0,Public
M00499_P00618,5.9,Private
M00499_P00619,5.3,Private
M00499_P00622,5.9,Private
M00499_P00863,6.7,Private
M00499_P00880,0.0,Private
M00499_P00882,7.2,Private
M00500_P00032,5.9,Public
M00500_P00044,6.1,Public
M00500_P00045,7.0,Public
M00500_P00050,6.8,Private
M00500_P00052,5.5,Public
M00500_P00266,6.5,Private
M00500_P00271,6.2,Private
M00500_P00278,0.0,Public
M00500_P00286,0.0,Private
M00501_P00055,6.7,Private
M00501_P00057,0.0,Public
M00501_P00059,0.0,Private
M00501_P00064,5.5,Private
M00501_P00066,0.0,Private
M00501_P00071,6.2,Private
M00501_P00077,0.0,Private
M00501_P00241,6.5,Private
M00501_P00244,6.5,Public
M00501_P00245,5.1,Private
M00501_P00248,0.0,Private
M00501_P00255,6.5,Public
M00501_P00260,0.0,Private
M00502_P00611,6.5,Private
M00502_P00618,6.7,Private
M00502_P00619,0.0,Private
M00502_P00622,0.0,Private
M00502_P01070,0.0,Private
M00502_P01074,6.1,Private
M00502_P01082,0.0,Private
M00503_P00055,6.1,Private
M00503_P00057,4.8,Private
M00503_P00059,7.1,Private
M00503_P00064,0.0,Private
M00503_P00066,0.0,Private
M00503_P00071,5.2,Private
M00503_P00077,6.1,Public
M00503_P00940,0.0,Private
M00503_P00948,0.0,Private
M00503_P00950,6.7,Public
M00503_P00951,6.3,Private
M00503_P00959,0.0,Private
M00503_P00962,0.0,Private
M00504_P00732,5.8,Public
M00504_P00738,5.8,Private
M00504_P00742,6.5,Private
M00504_P00744,5.2,Public
M00504_P00747,8.5,Private
M00504_P00753,0.0,Private
M00504_P01120,0.0,Public
M00505_P00108,0.0,Private
M00505_P00110,0.0,Private
M00505_P00114,7.5,Private
M00505_P00124,5.7,Public
M00505_P00129,6.7,Public
M00505_P00732,0.0,Public
M00505_P00738,5.7,Private
M00505_P00742,6.7,Private
M00505_P00744,6.3,Public
M00505_P00747,7.4,Public
M00505_P00753,0.0,Private
M00506_P00611,5.5,Private
M00506_P00618,5.8,Private
M00506_P00619,6.8,Private
M00506_P00622,6.0,Private
M00506_P00863,5.8,Public
M00506_P00880,5.7,Private
M00506_P00882,0.0,Private
M00507_P00443,6.7,Private
M00507_P00448,6.4,Private
M00507_P00452,5.1,Public
M00507_P00462,7.2,Public
M00507_P00463,0.0,Private
M00507_P00465,0.0,Public
M00507_P00468,6.4,Public
M00507_P01070,5.9,Public
M00507_P01074,6.1,Public
M00507_P01082,6.4,Private
M00508_P00032,0.0,Public
M00508_P00044,0.0,Private
M00508_P00045,0.0,Private
M00508_P00050,6.7,Private
M00508_P00052,6.7,Public
M00508_P00313,0.0,Private
M00508_P00324,5.8,Public
M00508_P00329,6.4,Private
M00508_P00333,0.0,Private
M00508_P00334,6.4,Private
M00509_P00185,0.0,Private
M00509_P00193,5.5,Private
M00509_P00197,5.0,Private
M00509_P00199,6.3,Private
M00509_P00200,5.7,Private
M00509_P00922,6.4,Private
M00509_P00927,0.0,Private
M00509_P00931,0.0,Private
M00509_P00935,5.5,Private
M00510_P00732,6.3,Private
M00510_P00738,0.0,Private
M00510_P00742,6.6,Public
M00510_P00744,7.5,Private
M00510_P00747,0.0,Public
M00510_P00753,6.5,Private
M00510_P01177,5.9,Public
M00510_P01182,6.5,Public
M00510_P01184,6.1,Private
M00510_P01193,5.5,Private
M00510_P01196,0.0,Public
M00511_P00807,0.0,Private
M00511_P00812,7.5,Public
M00511_P00819,5.3,Public
M00511_P00826,6.0,Private
M00511_P00827,6.3,Private
M00511_P01146,6.7,Public
M00511_P01157,6.8,Private
M00511_P01166,0.0,Public
M00511_P01169,6.4,Private
M00512_P00108,5.9,Private
M00512_P00110,6.0,Private
M00512_P00114,0.0,Private
M00512_P00124,0.0,Private
M00512_P00129,5.8,Private
M00512_P00209,6.5,Public
M00512_P00210,0.0,Private
M00512_P00211,0.0,Private
M00512_P00219,5.6,Public
M00512_P00221,0.0,Public
M00512_P00222,5.6,Private
M00512_P00232,6.2,Private
M00512_P00234,7.1,Public
M00513_P00732,5.5,Public
M00513_P00738,5.8,Private
M00513_P00742,0.0,Private
M00513_P00744,5.9,Private
M00513_P00747,6.7,Private
M00513_P00753,6.2,Public
M00513_P01177,6.9,Private
M00513_P01182,6.7,Private
M00513_P01184,0.0,Private
M00513_P01193,0.0,Public
M00513_P01196,6.7,Private
M00514_P00574,0.0,Private
M00514_P00579,7.1,Private
M00514_P00582,0.0,Private
M00514_P00584,5.8,Public
M00514_P00586,6.0,Private
M00514_P00590,0.0,Private
M00514_P01099,7.7,Private
M00514_P01107,0.0,Private
M00514_P01108,0.0,Private
M00514_P01109,6.9,Private
M00514_P01114,7.0,Private
M00514_P01118,0.0,Public
M00515_P00888,6.3,Private
M00515_P00889,5.5,Private
M00515_P00893,0.0,Private
M00515_P00894,5.8,Private
M00515_P00895,6.9,Private
M00515_P00901,8.0,Private
M00515_P00909,0.0,Private
M00515_P00922,0.0,Private
M00515_P00927,0.0,Private
M00515_P00931,0.0,Public
M00515_P00935,0.0,Public
M00516_P00266,0.0,Private
M00516_P00271,0.0,Public
M00516_P00278,6.4,Public
M00516_P00286,6.8,Private
M00516_P01201,0.0,Private
M00516_P01209,6.6,Private
M00516_P01210,0.0,Private
M00516_P01211,6.8,Private
M00516_P01214,5.8,Private
M00517_P00611,7.4,Public
M00517_P00618,5.5,Private
M00517_P00619,4.3,Private
M00517_P00622,0.0,Private
M00517_P00863,6.2,Private
M00517_P00880,0.0,Private
M00517_P00882,6.0,Public
M00518_P00209,0.0,Private
M00518_P00210,7.6,Private
M00518_P00211,0.0,Private
M00518_P00219,5.9,Public
M00518_P00221,0.0,Private
M00518_P00222,5.4,Private
M00518_P00232,0.0,Public
M00518_P00234,7.4,Private
M00518_P00313,0.0,Private
M00518_P00324,0.0,Private
M00518_P00329,6.0,Private
M00518_P00333,0.0,Private
M00518_P00334,6.2,Private
M00519_P00032,6.6,Private
M00519_P00044,0.0,Public
M00519_P00045,6.6,Private
M00519_P00050,0.0,Public
M00519_P00052,7.0,Public
M00519_P00625,0.0,Private
M00519_P00630,6.6,Private
M00519_P00632,0.0,Private
M00519_P00635,7.0,Private
M00519_P00644,0.0,Private
M00519_P00645,0.0,Public
M00519_P00650,0.0,Private
M00520_P00761,0.0,Private
M00520_P00772,5.7,Private
M00520_P00940,5.4,Private
M00520_P00948,5.9,Private
M00520_P00950,6.2,Private
M00520_P00951,5.2,Public
M00520_P00959,6.3,Private
M00520_P00962,6.9,Private
M00521_P00108,5.9,Private
M00521_P00110,4.7,Public
M00521_P00114,7.3,Private
M00521_P00124,7.0,Public
M00521_P00129,0.0,Private
M00521_P00529,6.2,Private
M00521_P00535,5.7,Public
M00521_P00536,7.1,Private
M00521_P00542,6.9,Public
M00521_P00543,0.0,Private
M00522_P00678,0.0,Private
M00522_P00679,6.8,Public
M00522_P00680,7.4,Public
M00522_P00681,0.0,Private
M00522_P00683,6.4,Public
M00522_P00694,5.8,Public
M00522_P00863,0.0,Private
M00522_P00880,6.8,Private
M00522_P00882,7.2,Private
M00523_P00108,5.9,Public
M00523_P00110,0.0,Public
M00523_P00114,6.8,Public
M00523_P00124,5.1,Public
M00523_P00129,5.7,Private
M00523_P00940,0.0,Private
M00523_P00948,5.9,Public
M00523_P00950,0.0,Private
M00523_P00951,0.0,Private
M00523_P00959,6.6,Private
M00523_P00962,0.0,Private
M00524_P00108,5.8,Private
M00524_P00110,5.8,Public
M00524_P00114,0.0,Public
M00524_P00124,6.0,Private
M00524_P00129,0.0,Public
M00524_P01070,5.5,Private
M00524_P01074,5.1,Private
M00524_P01082,0.0,Private
M00525_P00863,0.0,Private
M00525_P00880,6.3,Private
M00525_P00882,7.0,Private
M00525_P01120,0.0,Private
M00526_P00922,7.0,Public
M00526_P00927,5.6,Private
M00526_P00931,0.0,Public
M00526_P00935,0.0,Private
M00526_P01070,6.2,Private
M00526_P01074,6.7,Private
M00526_P01082,6.4,Private
M00527_P00209,6.4,Private
M00527_P00210,0.0,Private
M00527_P00211,0.0,Public
M00527_P00219,5.8,Private
M00527_P00221,5.3,Private
M00527_P00222,0.0,Private
M00527_P00232,6.1,Private
M00527_P00234,0.0,Public
M00527_P00732,5.9,Private
M00527_P00738,6.4,Private
M00527_P00742,0.0,Private
M00527_P00744,0.0,Public
M00527_P00747,0.0,Private
M00527_P00753,0.0,Private
M00528_P00185,0.0,Public
M00528_P00193,7.0,Private
M00528_P00197,0.0,Private
M00528_P00199,0.0,Private
M00528_P00200,0.0,Private
M00528_P00888,4.4,Private
M00528_P00889,0.0,Private
M00528_P00893,0.0,Private
M00528_P00894,6.1,Public
M00528_P00895,4.9,Public
M00528_P00901,8.1,Private
M00528_P00909,5.9,Private
M00529_P00266,6.6,Public
M00529_P00271,7.1,Private
M00529_P00278,6.0,Private
M00529_P00286,6.5,Public
M00529_P00287,0.0,Private
M00529_P00290,5.1,Public
M00529_P00291,5.3,Private
M00529_P00295,0.0,Private
M00529_P00297,0.0,Private
M00529_P00298,0.0,Public
M00529_P00299,5.4,Private
M00529_P00304,7.5,Private
M00529_P00307,5.3,Private
M00529_P00309,0.0,Public
M00529_P00310,6.5,Private
M00530_P00574,0.0,Private
M00530_P00579,6.4,Private
M00530_P00582,6.6,Private
M00530_P00584,0.0,Private
M00530_P00586,6.0,Private
M00530_P00590,7.2,Public
M00530_P00888,0.0,Private
M00530_P00889,5.6,Public
M00530_P00893,5.6,Private
M00530_P00894,0.0,Public
M00530_P00895,5.8,Private
M00530_P00901,6.9,Public
M00530_P00909,0.0,Private
M00531_P00313,7.9,Private
M00531_P00324,7.2,Public
M00531_P00329,0.0,Public
M00531_P00333,6.6,Public
M00531_P00334,6.3,Private
M00531_P00423,7.5,Private
M00531_P00424,5.5,Private
M00531_P00425,6.0,Public
M00531_P00426,0.0,Private
M00531_P00431,6.5,Private
M00531_P00436,6.4,Private
M00531_P00440,5.8,Private
M00532_P00209,0.0,Public
M00532_P00210,7.9,Public
M00532_P00211,0.0,Public
M00532_P00219,5.6,Public
M00532_P00221,0.0,Public
M00532_P00222,0.0,Public
M00532_P00232,0.0,Private
M00532_P00234,7.3,Private
M00532_P01070,0.0,Private
M00532_P01074,6.6,Private
M00532_P01082,0.0,Private
M00533_P00835,0.0,Public
M00533_P00840,5.7,Private
M00533_P00844,4.9,Public
M00533_P00847,5.2,Private
M00533_P00848,5.3,Private
M00533_P00856,6.2,Private
M00533_P01099,5.5,Public
M00533_P01107,0.0,Public
M00533_P01108,6.0,Private
M00533_P01109,6.5,Public
M00533_P01114,7.6,Private
M00533_P01118,0.0,Private
M00534_P00266,6.6,Private
M00534_P00271,0.0,Private
M00534_P00278,5.7,Private
M00534_P00286,5.7,Public
M00534_P01120,0.0,Private
M00535_P00055,0.0,Private
M00535_P00057,6.3,Private
M00535_P00059,6.3,Public
M00535_P00064,0.0,Private
M00535_P00066,0.0,Private
M00535_P00071,0.0,Private
M00535_P00077,0.0,Private
M00535_P00940,0.0,Public
M00535_P00948,5.1,Private
M00535_P00950,0.0,Private
M00535_P00951,7.5,Private
M00535_P00959,7.3,Private
M00535_P00962,6.4,Public
M00536_P00055,0.0,Private
M00536_P00057,5.4,Private
M00536_P00059,0.0,Private
M00536_P00064,0.0,Private
M00536_P00066,7.4,Private
M00536_P00071,7.1,Private
M00536_P00077,0.0,Public
M00536_P01099,0.0,Private
M00536_P01107,0.0,Private
M00536_P01108,0.0,Private
M00536_P01109,5.9,Private
M00536_P01114,6.8,Private
M00536_P01118,6.0,Private
M00537_P00345,0.0,Private
M00537_P00347,6.7,Public
M00537_P00351,6.4,Private
M00537_P00353,0.0,Public
M00537_P00359,0.0,Private
M00537_P00362,6.1,Public
M00537_P01070,5.8,Private
M00537_P01074,6.8,Private
M00537_P01082,5.8,Private
M00538_P01020,6.1,Private
M00538_P01034,0.0,Private
M00538_P01037,5.7,Public
M00538_P01038,6.1,Private
M00538_P01070,6.1,Private
M00538_P01074,0.0,Public
M00538_P01082,7.1,Private
M00539_P00888,5.5,Private
M00539_P00889,0.0,Private
M00539_P00893,6.3,Public
M00539_P00894,0.0,Private
M00539_P00895,0.0,Public
M00539_P00901,8.0,Public
M00539_P00909,0.0,Private
M00539_P01041,5.5,Private
M00539_P01042,0.0,Private
M00539_P01048,0.0,Public
M00539_P01049,0.0,Private
M00539_P01051,6.6,Private
M00539_P01055,6.0,Private
M00539_P01063,6.9,Private
M00539_P01064,5.7,Public
M00540_P00391,0.0,Private
M00540_P00399,6.3,Private
M00540_P00410,6.3,Public
M00540_P00416,6.6,Public
M00540_P00782,5.8,Public
M00540_P00786,5.3,Public
M00540_P00788,0.0,Private
M00540_P00797,0.0,Private
M00540_P00803,5.8,Public
M00541_P00515,0.0,Public
M00541_P00782,5.7,Private
M00541_P00786,6.0,Private
M00541_P00788,0.0,Private
M00541_P00797,0.0,Private
M00541_P00803,6.9,Private
M00542_P00266,4.7,Public
M00542_P00271,6.1,Public
M00542_P00278,6.5,Private
M00542_P00286,0.0,Private
M00542_P00761,5.8,Private
M00542_P00772,0.0,Private
M00543_P00345,0.0,Private
M00543_P00347,6.5,Public
M00543_P00351,6.8,Private
M00543_P00353,6.1,Public
M00543_P00359,0.0,Public
M00543_P00362,4.5,Private
M00543_P00761,7.8,Private
M00543_P00772,6.2,Private
M00544_P00529,6.9,Private
M00544_P00535,0.0,Public
M00544_P00536,0.0,Public
M00544_P00542,0.0,Private
M00544_P00543,0.0,Private
M00544_P01201,4.1,Private
M00544_P01209,4.9,Private
M00544_P01210,6.3,Private
M00544_P01211,7.4,Private
M00544_P01214,5.8,Public
M00545_P00209,0.0,Private
M00545_P00210,6.8,Private
M00545_P00211,0.0,Public
M00545_P00219,0.0,Private
M00545_P00221,6.5,Private
M00545_P00222,7.1,Private
M00545_P00232,5.3,Public
M00545_P00234,7.7,Private
M00545_P00655,0.0,Public
M00545_P00662,6.3,Private
M00545_P00666,6.5,Public
M00545_P00668,5.6,Public
M00545_P00669,6.8,Private
M00545_P00673,6.8,Private
M00545_P00674,5.4,Public
M00546_P00835,5.1,Public
M00546_P00840,4.8,Private
M00546_P00844,0.0,Private
M00546_P00847,4.2,Private
M00546_P00848,5.3,Public
M00546_P00856,0.0,Private
M00546_P00940,5.7,Public
M00546_P00948,0.0,Public
M00546_P00950,6.2,Private
M00546_P00951,6.2,Private
M00546_P00959,0.0,Private
M00546_P00962,6.3,Private
M00547_P00391,0.0,Private
M00547_P00399,6.2,Private
M00547_P00410,0.0,Private
M00547_P00416,6.6,Public
M00547_P00782,5.8,Public
M00547_P00786,5.7,Private
M00547_P00788,0.0,Private
M00547_P00797,0.0,Public
M00547_P00803,0.0,Private
M00548_P00391,0.0,Public
M00548_P00399,0.0,Private
M00548_P00410,0.0,Public
M00548_P00416,0.0,Private
M00548_P00732,0.0,Private
M00548_P00738,0.0,Public
M00548_P00742,0.0,Private
M00548_P00744,6.6,Private
M00548_P00747,6.4,Private
M00548_P00753,4.9,Private
M00549_P00079,7.1,Private
M00549_P00082,6.3,Public
M00549_P00087,5.2,Private
M00549_P00097,0.0,Public
M00549_P00102,0.0,Public
M00549_P00515,5.5,Public
M00550_P00266,6.3,Private
M00550_P00271,0.0,Private
M00550_P00278,6.8,Public
M00550_P00286,5.3,Public
M00550_P00391,0.0,Private
M00550_P00399,6.5,Public
M00550_P00410,7.8,Public
M00550_P00416,6.6,Public
M00551_P00266,0.0,Private
M00551_P00271,7.1,Private
M00551_P00278,6.6,Private
M00551_P00286,0.0,Private
M00551_P00313,0.0,Private
M00551_P00324,5.7,Private
M00551_P00329,0.0,Private
M00551_P00333,6.5,Private
M00551_P00334,7.2,Public
M00552_P00515,0.0,Public
M00552_P00807,0.0,Private
M00552_P00812,0.0,Private
M00552_P00819,0.0,Private
M00552_P00826,5.9,Private
M00552_P00827,7.3,Private
M00553_P00136,0.0,Public
M00553_P00141,7.5,Private
M00553_P00148,6.7,Private
M00553_P00156,0.0,Private
M00553_P00678,6.0,Private
M00553_P00679,0.0,Private
M00553_P00680,5.8,Public
M00553_P00681,0.0,Private
M00553_P00683,6.3,Public
M00553_P00694,7.7,Private
M00554_P00345,5.6,Private
M00554_P00347,0.0,Private
M00554_P00351,6.7,Private
M00554_P00353,6.0,Private
M00554_P00359,0.0,Private
M00554_P00362,0.0,Private
M00554_P00391,0.0,Private
M00554_P00399,0.0,Private
M00554_P00410,0.0,Private
M00554_P00416,6.9,Public
M00555_P00079,0.0,Private
M00555_P00082,0.0,Private
M00555_P00087,0.0,Public
M00555_P00097,0.0,Public
M00555_P00102,5.9,Public
M00555_P00108,5.6,Private
M00555_P00110,6.2,Private
M00555_P00114,0.0,Private
M00555_P00124,0.0,Public
M00555_P00129,0.0,Private
M00556_P00991,0.0,Public
M00556_P00993,0.0,Private
M00556_P00997,0.0,Private
M00556_P01000,0.0,Public
M00556_P01010,6.9,Private
M00556_P01099,5.8,Public
M00556_P01107,6.0,Private
M00556_P01108,0.0,Private
M00556_P01109,0.0,Private
M00556_P01114,0.0,Public
M00556_P01118,6.5,Public
M00557_P00478,0.0,Private
M00557_P00479,6.6,Public
M00557_P00486,5.7,Private
M00557_P00491,4.5,Private
M00557_P00922,5.9,Public
M00557_P00927,4.5,Public
M00557_P00931,6.4,Private
M00557_P00935,6.9,Private
M00558_P00209,0.0,Private
M00558_P00210,6.4,Private
M00558_P00211,0.0,Private
M00558_P00219,0.0,Public
M00558_P00221,0.0,Private
M00558_P00222,5.4,Private
M00558_P00232,6.7,Public
M00558_P00234,7.5,Public
M00558_P00705,0.0,Public
M00558_P00707,6.8,Public
M00558_P00716,0.0,Private
M00558_P00718,6.1,Private
M00558_P00724,0.0,Public
M00558_P00728,5.7,Private
M00559_P00611,5.1,Private
M00559_P00618,6.5,Private
M00559_P00619,0.0,Private
M00559_P00622,0.0,Public
M00559_P00655,6.9,Private
M00559_P00662,5.9,Private
M00559_P00666,6.4,Public
M00559_P00668,6.0,Public
M00559_P00669,6.0,Public
M00559_P00673,0.0,Public
M00559_P00674,0.0,Private
M00560_P00079,0.0,Private
M00560_P00082,7.2,Private
M00560_P00087,0.0,Private
M00560_P00097,5.8,Private
M00560_P00102,0.0,Private
M00560_P00965,6.2,Private
M00560_P00966,5.2,Public
M00560_P00975,7.2,Private
M00560_P00978,0.0,Private
M00560_P00980,0.0,Public
M00560_P00986,0.0,Private
M00561_P00611,5.6,Private
M00561_P00618,5.4,Private
M00561_P00619,5.3,Private
M00561_P00622,7.0,Private
M00561_P00940,6.1,Private
M00561_P00948,7.1,Private
M00561_P00950,0.0,Private
M00561_P00951,5.7,Private
M00561_P00959,0.0,Private
M00561_P00962,0.0,Private
M00562_P00625,0.0,Private
M00562_P00630,0.0,Private
M00562_P00632,7.5,Public
M00562_P00635,0.0,Public
M00562_P00644,5.1,Public
M00562_P00645,8.8,Private
M00562_P00650,6.3,Public
M00562_P00863,0.0,Public
M00562_P00880,0.0,Private
M00562_P00882,6.6,Private
M00563_P01020,6.9,Private
M00563_P01034,0.0,Public
M00563_P01037,5.1,Private
M00563_P01038,5.6,Private
M00563_P01146,7.9,Private
M00563_P01157,5.7,Private
M00563_P01166,5.8,Private
M00563_P01169,4.7,Public
M00564_P00157,0.0,Public
M00564_P00159,6.0,Public
M00564_P00164,0.0,Private
M00564_P00169,7.0,Private
M00564_P00171,5.7,Private
M00564_P00175,7.5,Public
M00564_P00209,6.5,Private
M00564_P00210,0.0,Private
M00564_P00211,0.0,Private
M00564_P00219,0.0,Private
M00564_P00221,6.5,Public
M00564_P00222,7.0,Private
M00564_P00232,5.4,Private
M00564_P00234,0.0,Public
M00565_P00549,7.0,Public
M00565_P00552,0.0,Private
M00565_P00554,5.9,Private
M00565_P00561,0.0,Private
M00565_P00562,6.0,Public
M00565_P00568,0.0,Private
M00565_P00940,5.8,Private
M00565_P00948,0.0,Private
M00565_P00950,6.1,Private
M00565_P00951,0.0,Public
M00565_P00959,5.6,Private
M00565_P00962,7.4,Private
M00566_P00313,0.0,Private
M00566_P00324,6.0,Private
M00566_P00329,7.1,Private
M00566_P00333,5.8,Private
M00566_P00334,0.0,Private
M00566_P01020,6.9,Private
M00566_P01034,0.0,Private
M00566_P01037,6.1,Private
M00566_P01038,0.0,Private
M00567_P00055,0.0,Private
M00567_P00057,6.0,Public
M00567_P00059,6.7,Private
M00567_P00064,6.4,Public
M00567_P00066,0.0,Private
M00567_P00071,6.9,Private
M00567_P00077,6.1,Private
M00567_P00835,0.0,Private
M00567_P00840,7.3,Private
M00567_P00844,4.9,Private
M00567_P00847,5.8,Public
M00567_P00848,0.0,Private
M00567_P00856,0.0,Public
M00568_P00209,5.8,Private
M00568_P00210,0.0,Private
M00568_P00211,0.0,Private
M00568_P00219,5.0,Public
M00568_P00221,6.8,Public
M00568_P00222,0.0,Private
M00568_P00232,5.4,Private
M00568_P00234,0.0,Private
M00568_P01201,0.0,Private
M00568_P01209,6.0,Private
M00568_P01210,0.0,Public
M00568_P01211,0.0,Private
M00568_P01214,5.6,Private
M00569_P00761,0.0,Public
M00569_P00772,5.0,Private
M00569_P00863,0.0,Public
M00569_P00880,0.0,Private
M00569_P00882,0.0,Public
M00570_P00529,5.3,Private
M00570_P00535,5.6,Public
M00570_P00536,0.0,Private
M00570_P00542,5.1,Private
M00570_P00543,6.1,Private
M00570_P01041,0.0,Private
M00570_P01042,0.0,Private
M00570_P01048,5.7,Public
M00570_P01049,7.3,Private
M00570_P01051,6.1,Public
M00570_P01055,0.0,Private
M00570_P01063,6.4,Private
M00570_P01064,0.0,Private
M00571_P00655,5.6,Private
M00571_P00662,0.0,Public
M00571_P00666,0.0,Public
M00571_P00668,6.6,Public
M00571_P00669,6.2,Private
M00571_P00673,6.4,Public
M00571_P00674,0.0,Public
M00571_P01041,6.0,Private
M00571_P01042,0.0,Private
M00571_P01048,0.0,Private
M00571_P01049,6.9,Private
M00571_P01051,0.0,Public
M00571_P01055,6.3,Private
M00571_P01063,6.6,Private
M00571_P01064,5.4,Public
M00572_P00549,0.0,Public
M00572_P00552,5.1,Private
M00572_P00554,0.0,Private
M00572_P00561,0.0,Public
M00572_P00562,0.0,Private
M00572_P00568,0.0,Private
M00572_P00965,6.4,Private
M00572_P00966,5.0,Private
M00572_P00975,6.3,Private
M00572_P00978,6.4,Private
M00572_P00980,7.9,Private
M00572_P00986,6.1,Private
M00573_P00940,6.1,Private
M00573_P00948,6.6,Private
M00573_P00950,5.8,Private
M00573_P00951,7.1,Private
M00573_P00959,6.2,Public
M00573_P00962,7.8,Private
M00573_P01177,5.5,Private
M00573_P01182,5.3,Private
M00573_P01184,6.2,Public
M00573_P01193,0.0,Private
M00573_P01196,0.0,Private
M00574_P00032,0.0,Public
M00574_P00044,6.8,Private
M00574_P00045,0.0,Public
M00574_P00050,6.5,Public
M00574_P00052,6.8,Private
M00574_P00625,0.0,Private
M00574_P00630,5.5,Private
M00574_P00632,6.9,Public
M00574_P00635,0.0,Private
M00574_P00644,5.3,Public
M00574_P00645,0.0,Public
M00574_P00650,0.0,Public
M00575_P00678,5.3,Private
M00575_P00679,0.0,Private
M00575_P00680,0.0,Private
M00575_P00681,5.4,Private
M00575_P00683,6.3,Public
M00575_P00694,7.5,Private
M00575_P00991,6.3,Private
M00575_P00993,6.3,Private
M00575_P00997,5.0,Public
M00575_P01000,0.0,Private
M00575_P01010,6.0,Private
M00576_P00782,0.0,Private
M00576_P00786,0.0,Private
M00576_P00788,6.9,Public
M00576_P00797,7.2,Private
M00576_P00803,5.9,Public
M00576_P00991,0.0,Private
M00576_P00993,4.4,Private
M00576_P00997,5.3,Public
M00576_P01000,0.0,Private
M00576_P01010,0.0,Private
M00577_P00079,7.6,Public
M00577_P00082,0.0,Private
M00577_P00087,6.5,Public
M00577_P00097,6.5,Private
M00577_P00102,5.8,Private
M00577_P01201,0.0,Private
M00577_P01209,6.3,Private
M00577_P01210,6.6,Private
M00577_P01211,7.6,Private
M00577_P01214,6.5,Public
M00578_P00266,0.0,Private
M00578_P00271,0.0,Private
M00578_P00278,7.9,Public
M00578_P00286,7.0,Private
M00578_P00888,6.1,Private
M00578_P00889,0.0,Private
M00578_P00893,7.0,Public
M00578_P00894,0.0,Public
M00578_P00895,6.3,Public
M00578_P00901,6.7,Private
M00578_P00909,0.0,Public
M00579_P00241,5.3,Private
M00579_P00244,5.1,Public
M00579_P00245,6.0,Private
M00579_P00248,5.4,Private
M00579_P00255,7.4,Private
M00579_P00260,7.8,Public
M00579_P01146,6.9,Private
M00579_P01157,5.8,Public
M00579_P01166,6.2,Private
M00579_P01169,0.0,Private
M00580_P00940,6.5,Public
M00580_P00948,0.0,Private
M00580_P00950,5.7,Private
M00580_P00951,6.6,Public
M00580_P00959,0.0,Private
M00580_P00962,0.0,Public
M00580_P01177,0.0,Private
M00580_P01182,6.6,Private
M00580_P01184,0.0,Public
M00580_P01193,5.5,Private
M00580_P01196,6.3,Private
M00581_P00032,6.8,Private
M00581_P00044,7.1,Private
M00581_P00045,6.1,Private
M00581_P00050,5.9,Private
M00581_P00052,6.9,Private
M00581_P00761,0.0,Private
M00581_P00772,5.9,Private
M00582_P00241,0.0,Private
M00582_P00244,6.5,Private
M00582_P00245,6.8,Private
M00582_P00248,5.4,Private
M00582_P00255,0.0,Private
M00582_P00260,6.9,Private
M00582_P00705,0.0,Private
M00582_P00707,6.2,Private
M00582_P00716,6.7,Public
M00582_P00718,0.0,Private
M00582_P00724,6.0,Private
M00582_P00728,0.0,Private
M00583_P00678,6.8,Public
M00583_P00679,0.0,Public
M00583_P00680,0.0,Private
M00583_P00681,5.9,Private
M00583_P00683,6.4,Public
M00583_P00694,6.2,Private
M00583_P00863,0.0,Private
M00583_P00880,0.0,Public
M00583_P00882,7.6,Private
M00584_P01201,5.3,Private
M00584_P01209,5.0,Private
M00584_P01210,0.0,Private
M00584_P01211,6.5,Private
M00584_P01214,6.5,Private
M00584_P01223,0.0,Private
M00584_P01234,6.7,Public
M00584_P01236,0.0,Public
M00584_P01241,5.6,Private
M00584_P01242,5.7,Private
M00585_P00345,0.0,Public
M00585_P00347,7.3,Private
M00585_P00351,5.9,Public
M00585_P00353,4.4,Private
M00585_P00359,0.0,Private
M00585_P00362,5.7,Private
M00585_P00863,6.2,Private
M00585_P00880,6.6,Public
M00585_P00882,7.0,Private
M00586_P00782,0.0,Public
M00586_P00786,6.1,Private
M00586_P00788,0.0,Public
M00586_P00797,0.0,Private
M00586_P00803,0.0,Private
M00586_P01099,7.3,Private
M00586_P01107,5.0,Private
M00586_P01108,7.5,Private
M00586_P01109,7.2,Public
M00586_P01114,7.2,Public
M00586_P01118,5.8,Private
M00587_P00287,6.1,Public
M00587_P00290,0.0,Public
M00587_P00291,5.9,Private
M00587_P00295,0.0,Private
M00587_P00297,0.0,Private
M00587_P00298,0.0,Private
M00587_P00299,0.0,Private
M00587_P00304,6.0,Public
M00587_P00307,6.3,Private
M00587_P00309,6.7,Private
M00587_P00310,6.4,Private
M00587_P00529,0.0,Public
M00587_P00535,5.8,Private
M00587_P00536,6.0,Public
M00587_P00542,5.9,Public
M00587_P00543,0.0,Public
M00588_P00574,0.0,Private
M00588_P00579,6.6,Private
M00588_P00582,0.0,Private
M00588_P00584,0.0,Private
M00588_P00586,0.0,Private
M00588_P00590,6.9,Public
M00588_P00888,0.0,Public
M00588_P00889,6.0,Private
M00588_P00893,6.1,Private
M00588_P00894,0.0,Private
M00588_P00895,0.0,Public
M00588_P00901,7.5,Public
M00588_P00909,0.0,Public
M00589_P00782,0.0,Private
M00589_P00786,6.0,Private
M00589_P00788,6.4,Private
M00589_P00797,7.0,Private
M00589_P00803,4.8,Private
M00589_P01020,6.7,Private
M00589_P01034,5.8,Public
M00589_P01037,5.9,Private
M00589_P01038,0.0,Private
M00590_P00443,0.0,Public
M00590_P00448,7.5,Private
M00590_P00452,0.0,Private
M00590_P00462,5.8,Private
M00590_P00463,6.3,Private
M00590_P00465,6.8,Private
M00590_P00468,6.4,Private
M00590_P00940,0.0,Public
M00590_P00948,0.0,Public
M00590_P00950,6.2,Public
M00590_P00951,5.3,Public
M00590_P00959,6.5,Private
M00590_P00962,7.3,Private
M00591_P00478,6.3,Public
M00591_P00479,0.0,Private
M00591_P00486,5.6,Public
M00591_P00491,5.9,Private
M00591_P00515,6.2,Public
M00592_P01146,7.5,Private
M00592_P01157,5.8,Public
M00592_P01166,6.7,Private
M00592_P01169,5.4,Private
M00592_P01201,6.8,Private
M00592_P01209,5.0,Public
M00592_P01210,0.0,Public
M00592_P01211,0.0,Public
M00592_P01214,5.6,Private
M00593_P00574,5.7,Public
M00593_P00579,4.9,Private
M00593_P00582,0.0,Private
M00593_P00584,0.0,Private
M00593_P00586,5.1,Private
M00593_P00590,0.0,Public
M00593_P00782,0.0,Public
M00593_P00786,5.0,Private
M00593_P00788,5.7,Private
M00593_P00797,0.0,Public
M00593_P00803,6.0,Public
M00594_P00185,5.4,Private
M00594_P00193,6.0,Public
M00594_P00197,5.7,Private
M00594_P00199,5.5,Private
M00594_P00200,6.8,Public
M00594_P00478,0.0,Public
M00594_P00479,6.1,Public
M00594_P00486,5.5,Private
M00594_P00491,0.0,Private
M00595_P00574,0.0,Private
M00595_P00579,0.0,Private
M00595_P00582,6.3,Private
M00595_P00584,6.0,Public
M00595_P00586,5.2,Public
M00595_P00590,0.0,Private
M00595_P00655,0.0,Public
M00595_P00662,7.1,Public
M00595_P00666,5.3,Private
M00595_P00668,0.0,Private
M00595_P00669,6.7,Private
M00595_P00673,5.7,Private
M00595_P00674,5.2,Public
M00596_P00055,6.6,Private
M00596_P00057,6.3,Public
M00596_P00059,6.0,Private
M00596_P00064,0.0,Private
M00596_P00066,7.3,Public
M00596_P00071,6.7,Private
M00596_P00077,7.1,Public
M00596_P00478,0.0,Private
M00596_P00479,0.0,Private
M00596_P00486,0.0,Private
M00596_P00491,0.0,Private
M00597_P00574,0.0,Public
M00597_P00579,6.0,Private
M00597_P00582,0.0,Private
M00597_P00584,5.6,Public
M00597_P00586,5.9,Private
M00597_P00590,6.7,Private
M00597_P00761,0.0,Public
M00597_P00772,0.0,Private
M00598_P00782,0.0,Public
M00598_P00786,0.0,Private
M00598_P00788,7.7,Public
M00598_P00797,0.0,Private
M00598_P00803,5.9,Private
M00598_P01223,6.0,Private
M00598_P01234,0.0,Private
M00598_P01236,6.0,Private
M00598_P01241,6.9,Private
M00598_P01242,0.0,Public
M00599_P00443,0.0,Private
M00599_P00448,5.0,Private
M00599_P00452,6.4,Private
M00599_P00462,0.0,Private
M00599_P00463,6.4,Private
M00599_P00465,0.0,Private
M00599_P00468,5.8,Private
M00599_P00888,6.6,Public
M00599_P00889,5.1,Private
M00599_P00893,5.9,Private
M00599_P00894,5.7,Private
M00599_P00895,6.8,Private
M00599_P00901,0.0,Public
M00599_P00909,8.3,Private
M00600_P00157,0.0,Private
M00600_P00159,0.0,Public
M00600_P00164,5.6,Private
M00600_P00169,0.0,Public
M00600_P00171,6.3,Private
M00600_P00175,6.6,Public
M00600_P00209,4.4,Private
M00600_P00210,0.0,Private
M00600_P00211,0.0,Private
M00600_P00219,6.0,Private
M00600_P00221,7.0,Private
M00600_P00222,0.0,Public
M00600_P00232,5.8,Public
M00600_P00234,7.5,Private
M00601_P00079,0.0,Public
M00601_P00082,6.0,Private
M00601_P00087,0.0,Private
M00601_P00097,0.0,Private
M00601_P00102,5.7,Private
M00601_P00391,0.0,Public
M00601_P00399,6.4,Private
M00601_P00410,7.1,Private
M00601_P00416,6.8,Private
M00602_P00368,5.9,Private
M00602_P00372,0.0,Public
M00602_P00378,6.2,Private
M00602_P00382,0.0,Private
M00602_P00383,5.4,Private
M00602_P01041,6.8,Public
M00602_P01042,0.0,Private
M00602_P01048,6.0,Private
M00602_P01049,0.0,Public
M00602_P01051,6.3,Private
M00602_P01055,0.0,Private
M00602_P01063,5.4,Private
M00602_P01064,0.0,Private
M00603_P00549,5.8,Public
M00603_P00552,5.8,Private
M00603_P00554,0.0,Private
M00603_P00561,8.5,Private
M00603_P00562,5.5,Private
M00603_P00568,0.0,Private
M00603_P00678,0.0,Public
M00603_P00679,6.5,Private
M00603_P00680,4.6,Private
M00603_P00681,6.2,Private
M00603_P00683,0.0,Private
M00603_P00694,0.0,Private
M00604_P00157,5.2,Private
M00604_P00159,0.0,Public
M00604_P00164,6.5,Private
M00604_P00169,6.1,Private
M00604_P00171,5.8,Private
M00604_P00175,6.1,Private
M00604_P01146,0.0,Private
M00604_P01157,5.7,Private
M00604_P01166,6.9,Private
M00604_P01169,0.0,Private
M00605_P00011,0.0,Private
M00605_P00024,5.9,Private
M00605_P00940,0.0,Private
M00605_P00948,7.1,Private
M00605_P00950,7.3,Private
M00605_P00951,7.0,Private
M00605_P00959,0.0,Private
M00605_P00962,7.7,Public
M00606_P00782,5.7,Public
M00606_P00786,0.0,Private
M00606_P00788,6.7,Private
M00606_P00797,6.5,Private
M00606_P00803,5.9,Private
M00606_P01070,5.7,Public
M00606_P01074,5.6,Private
M00606_P01082,0.0,Private
M00607_P00478,5.9,Private
M00607_P00479,0.0,Private
M00607_P00486,6.4,Public
M00607_P00491,0.0,Public
M00607_P00549,0.0,Private
M00607_P00552,6.2,Private
M00607_P00554,6.5,Private
M00607_P00561,7.0,Public
M00607_P00562,0.0,Public
M00607_P00568,0.0,Private
M00608_P00136,0.0,Private
M00608_P00141,7.2,Private
M00608_P00148,5.8,Public
M00608_P00156,0.0,Private
M00608_P01099,6.9,Public
M00608_P01107,6.1,Public
M00608_P01108,0.0,Private
M00608_P01109,6.8,Public
M00608_P01114,5.9,Public
M00608_P01118,7.1,Private
M00609_P00888,5.7,Private
M00609_P00889,0.0,Private
M00609_P00893,5.8,Private
M00609_P00894,0.0,Public
M00609_P00895,7.0,Public
M00609_P00901,0.0,Private
M00609_P00909,7.1,Private
M00609_P01223,0.0,Private
M00609_P01234,7.2,Public
M00609_P01236,6.0,Private
M00609_P01241,6.6,Public
M00609_P01242,5.9,Private
M00610_P00287,0.0,Private
M00610_P00290,6.3,Private
M00610_P00291,0.0,Private
M00610_P00295,8.1,Private
M00610_P00297,6.4,Private
M00610_P00298,0.0,Private
M00610_P00299,5.8,Public
M00610_P00304,6.9,Private
M00610_P00307,6.4,Public
M00610_P00309,5.4,Private
M00610_P00310,0.0,Private
M00610_P00678,6.0,Private
M00610_P00679,0.0,Private
M00610_P00680,7.4,Public
M00610_P00681,0.0,Private
M00610_P00683,0.0,Private
M00610_P00694,0.0,Private
M00611_P00287,0.0,Private
M00611_P00290,5.4,Private
M00611_P00291,5.8,Private
M00611_P00295,0.0,Public
M00611_P00297,0.0,Public
M00611_P00298,0.0,Private
M00611_P00299,0.0,Private
M00611_P00304,5.3,Private
M00611_P00307,7.5,Private
M00611_P00309,6.4,Private
M00611_P00310,5.6,Private
M00611_P00807,0.0,Public
M00611_P00812,7.5,Public
M00611_P00819,5.5,Private
M00611_P00826,0.0,Private
M00611_P00827,6.5,Private
M00612_P00011,0.0,Private
M00612_P00024,6.1,Public
M00612_P00055,0.0,Private
M00612_P00057,6.5,Public
M00612_P00059,7.0,Private
M00612_P00064,5.5,Private
M00612_P00066,7.5,Private
M00612_P00071,0.0,Private
M00612_P00077,6.9,Public
M00613_P00478,0.0,Private
M00613_P00479,0.0,Private
M00613_P00486,5.8,Private
M00613_P00491,6.0,Private
M00613_P00549,0.0,Private
M00613_P00552,0.0,Private
M00613_P00554,0.0,Public
M00613_P00561,7.2,Private
M00613_P00562,0.0,Public
M00613_P00568,7.3,Private
M00614_P00209,0.0,Private
M00614_P00210,0.0,Private
M00614_P00211,6.6,Private
M00614_P00219,6.3,Private
M00614_P00221,0.0,Public
M00614_P00222,6.1,Private
M00614_P00232,0.0,Private
M00614_P00234,7.1,Private
M00614_P00863,5.4,Public
M00614_P00880,6.5,Private
M00614_P00882,0.0,Private
M00615_P00185,0.0,Private
M00615_P00193,5.9,Private
M00615_P00197,0.0,Private
M00615_P00199,5.7,Private
M00615_P00200,7.1,Private
M00615_P00313,0.0,Public
M00615_P00324,0.0,Public
M00615_P00329,5.6,Private
M00615_P00333,6.5,Public
M00615_P00334,6.4,Private
M00616_P00761,6.0,Private
M00616_P00772,6.1,Public
M00616_P01201,0.0,Private
M00616_P01209,0.0,Private
M00616_P01210,6.0,Private
M00616_P01211,6.7,Private
M00616_P01214,0.0,Private
M00617_P00287,0.0,Private
M00617_P00290,5.3,Private
M00617_P00291,0.0,Private
M00617_P00295,7.0,Public
M00617_P00297,5.5,Public
M00617_P00298,7.0,Private
M00617_P00299,0.0,Public
M00617_P00304,5.3,Public
M00617_P00307,0.0,Private
M00617_P00309,6.9,Public
M00617_P00310,0.0,Private
M00617_P01177,0.0,Private
M00617_P01182,6.0,Private
M00617_P01184,0.0,Private
M00617_P01193,0.0,Public
M00617_P01196,6.2,Private
M00618_P00478,6.8,Private
M00618_P00479,6.7,Private
M00618_P00486,0.0,Private
M00618_P00491,5.3,Private
M00618_P00965,6.0,Private
M00618_P00966,0.0,Public
M00618_P00975,6.9,Private
M00618_P00978,0.0,Private
M00618_P00980,0.0,Public
M00618_P00986,7.7,Private
M00619_P00287,0.0,Public
M00619_P00290,6.7,Private
M00619_P00291,0.0,Private
M00619_P00295,0.0,Public
M00619_P00297,0.0,Private
M00619_P00298,7.2,Public
M00619_P00299,0.0,Private
M00619_P00304,0.0,Public
M00619_P00307,5.8,Private
M00619_P00309,6.3,Private
M00619_P00310,0.0,Private
M00619_P01041,0.0,Private
M00619_P01042,0.0,Private
M00619_P01048,0.0,Private
M00619_P01049,0.0,Private
M00619_P01051,0.0,Private
M00619_P01055,6.1,Private
M00619_P01063,0.0,Public
M00619_P01064,6.1,Private
M00620_P00705,5.4,Public
M00620_P00707,6.0,Private
M00620_P00716,6.2,Private
M00620_P00718,0.0,Private
M00620_P00724,5.7,Public
M00620_P00728,0.0,Public
M00620_P00863,0.0,Private
M00620_P00880,0.0,Private
M00620_P00882,0.0,Private
M00621_P00655,5.8,Private
M00621_P00662,0.0,Private
M00621_P00666,6.1,Private
M00621_P00668,0.0,Public
M00621_P00669,6.2,Private
M00621_P00673,5.0,Public
M00621_P00674,0.0,Private
M00621_P01120,5.9,Public
M00622_P00209,0.0,Private
M00622_P00210,7.1,Public
M00622_P00211,0.0,Public
M00622_P00219,5.9,Private
M00622_P00221,5.4,Public
M00622_P00222,0.0,Public
M00622_P00232,6.2,Private
M00622_P00234,0.0,Public
M00622_P00807,0.0,Public
M00622_P00812,0.0,Private
M00622_P00819,5.5,Private
M00622_P00826,6.2,Private
M00622_P00827,7.9,Private
M00623_P00011,0.0,Private
M00623_P00024,6.5,Public
M00623_P00443,0.0,Private
M00623_P00448,5.2,Private
M00623_P00452,0.0,Private
M00623_P00462,0.0,Private
M00623_P00463,6.5,Public
M00623_P00465,6.0,Private
M00623_P00468,0.0,Private
M00624_P00443,5.4,Private
M00624_P00448,0.0,Public
M00624_P00452,0.0,Public
M00624_P00462,6.3,Public
M00624_P00463,5.8,Private
M00624_P00465,0.0,Public
M00624_P00468,6.0,Public
M00624_P00732,0.0,Private
M00624_P00738,6.7,Public
M00624_P00742,5.7,Private
M00624_P00744,7.4,Private
M00624_P00747,0.0,Private
M00624_P00753,0.0,Private
M00625_P00965,0.0,Private
M00625_P00966,0.0,Private
M00625_P00975,6.2,Public
M00625_P00978,0.0,Public
M00625_P00980,0.0,Public
M00625_P00986,6.8,Private
M00625_P01223,0.0,Private
M00625_P01234,7.1,Private
M00625_P01236,5.1,Private
M00625_P01241,0.0,Public
M00625_P01242,5.2,Private
M00626_P00423,6.8,Private
M00626_P00424,5.7,Public
M00626_P00425,7.0,Private
M00626_P00426,0.0,Public
M00626_P00431,6.7,Private
M00626_P00436,6.3,Private
M00626_P00440,0.0,Public
M00626_P01099,7.2,Private
M00626_P01107,0.0,Private
M00626_P01108,7.1,Private
M00626_P01109,6.6,Private
M00626_P01114,6.4,Public
M00626_P01118,0.0,Private
M00627_P00079,7.5,Private
M00627_P00082,6.2,Private
M00627_P00087,7.0,Public
M00627_P00097,6.1,Private
M00627_P00102,0.0,Private
M00627_P01120,6.0,Public
M00628_P00266,0.0,Private
M00628_P00271,6.9,Public
M00628_P00278,7.7,Private
M00628_P00286,6.7,Public
M00628_P00515,0.0,Private
M00629_P00185,6.1,Private
M00629_P00193,6.4,Private
M00629_P00197,7.0,Private
M00629_P00199,0.0,Private
M00629_P00200,0.0,Private
M00629_P01146,0.0,Public
M00629_P01157,0.0,Public
M00629_P01166,5.3,Private
M00629_P01169,5.6,Public
M00630_P00611,0.0,Private
M00630_P00618,5.7,Private
M00630_P00619,6.3,Public
M00630_P00622,5.3,Private
M00630_P01041,6.0,Private
M00630_P01042,0.0,Private
M00630_P01048,6.0,Private
M00630_P01049,0.0,Private
M00630_P01051,7.0,Public
M00630_P01055,6.7,Private
M00630_P01063,6.4,Private
M00630_P01064,0.0,Private
M00631_P00209,0.0,Public
M00631_P00210,8.3,Public
M00631_P00211,0.0,Private
M00631_P00219,0.0,Private
M00631_P00221,5.9,Private
M00631_P00222,7.2,Private
M00631_P00232,0.0,Private
M00631_P00234,7.4,Private
M00631_P00807,0.0,Public
M00631_P00812,6.8,Public
M00631_P00819,0.0,Public
M00631_P00826,0.0,Private
M00631_P00827,5.7,Private
M00632_P00991,7.6,Private
M00632_P00993,5.6,Private
M00632_P00997,5.7,Private
M00632_P01000,0.0,Private
M00632_P01010,6.2,Private
M00632_P01223,0.0,Public
M00632_P01234,0.0,Public
M00632_P01236,5.6,Private
M00632_P01241,5.7,Private
M00632_P01242,0.0,Private
M00633_P00922,6.0,Private
M00633_P00927,0.0,Private
M00633_P00931,6.0,Public
M00633_P00935,7.5,Public
M00633_P01146,0.0,Public
M00633_P01157,0.0,Private
M00633_P01166,0.0,Public
M00633_P01169,0.0,Private
M00634_P00391,0.0,Private
M00634_P00399,7.1,Private
M00634_P00410,0.0,Public
M00634_P00416,7.9,Private
M00634_P01146,6.8,Private
M00634_P01157,6.7,Private
M00634_P01166,5.2,Private
M00634_P01169,0.0,Public
M00635_P00732,0.0,Private
M00635_P00738,0.0,Private
M00635_P00742,5.4,Private
M00635_P00744,6.2,Private
M00635_P00747,6.3,Private
M00635_P00753,5.9,Public
M00635_P00863,5.6,Private
M00635_P00880,0.0,Private
M00635_P00882,0.0,Private
M00636_P00108,0.0,Private
M00636_P00110,6.8,Private
M00636_P00114,6.6,Private
M00636_P00124,5.1,Public
M00636_P00129,6.1,Private
M00636_P00965,0.0,Private
M00636_P00966,0.0,Private
M00636_P00975,6.5,Private
M00636_P00978,5.6,Private
M00636_P00980,7.3,Public
M00636_P00986,0.0,Private
M00637_P00835,6.5,Private
M00637_P00840,5.8,Private
M00637_P00844,5.9,Private
M00637_P00847,0.0,Private
M00637_P00848,5.9,Public
M00637_P00856,6.9,Private
M00637_P00922,6.3,Private
M00637_P00927,0.0,Public
M00637_P00931,0.0,Public
M00637_P00935,6.9,Private
M00638_P00266,6.1,Public
M00638_P00271,6.6,Private
M00638_P00278,6.6,Public
M00638_P00286,6.4,Public
M00638_P00549,0.0,Private
M00638_P00552,6.0,Private
M00638_P00554,0.0,Private
M00638_P00561,7.4,Private
M00638_P00562,0.0,Private
M00638_P00568,6.9,Private
M00639_P00185,0.0,Private
M00639_P00193,0.0,Private
M00639_P00197,6.2,Public
M00639_P00199,6.2,Public
M00639_P00200,0.0,Private
M00639_P01146,0.0,Private
M00639_P01157,5.5,Public
M00639_P01166,0.0,Public
M00639_P01169,6.5,Public
M00640_P00136,6.8,Private
M00640_P00141,7.7,Private
M00640_P00148,0.0,Public
M00640_P00156,6.3,Private
M00640_P00863,6.4,Private
M00640_P00880,0.0,Private
M00640_P00882,6.7,Public
M00641_P00209,5.8,Private
M00641_P00210,0.0,Private
M00641_P00211,0.0,Private
M00641_P00219,0.0,Public
M00641_P00221,5.9,Private
M00641_P00222,5.2,Private
M00641_P00232,0.0,Private
M00641_P00234,8.3,Public
M00641_P00761,0.0,Private
M00641_P00772,5.2,Public
M00642_P00761,6.2,Private
M00642_P00772,5.8,Private
M00642_P00965,6.9,Private
M00642_P00966,0.0,Private
M00642_P00975,0.0,Private
M00642_P00978,5.8,Private
M00642_P00980,0.0,Private
M00642_P00986,8.2,Public
M00643_P00515,0.0,Private
M00643_P01120,0.0,Private
M00644_P00423,5.8,Private
M00644_P00424,6.3,Private
M00644_P00425,6.4,Private
M00644_P00426,0.0,Private
M00644_P00431,0.0,Private
M00644_P00436,0.0,Private
M00644_P00440,5.6,Private
M00644_P00655,5.1,Private
M00644_P00662,6.3,Public
M00644_P00666,5.9,Public
M00644_P00668,5.2,Private
M00644_P00669,0.0,Private
M00644_P00673,7.5,Private
M00644_P00674,0.0,Private
M00645_P00108,0.0,Public
M00645_P00110,6.1,Private
M00645_P00114,7.1,Public
M00645_P00124,0.0,Public
M00645_P00129,0.0,Private
M00645_P00965,6.2,Public
M00645_P00966,0.0,Private
M00645_P00975,7.0,Private
M00645_P00978,7.2,Private
M00645_P00980,0.0,Public
M00645_P00986,6.9,Private
M00646_P00574,0.0,Public
M00646_P00579,0.0,Private
M00646_P00582,0.0,Private
M00646_P00584,0.0,Private
M00646_P00586,5.4,Public
M00646_P00590,7.5,Private
M00646_P01177,0.0,Private
M00646_P01182,0.0,Public
M00646_P01184,6.2,Private
M00646_P01193,5.9,Private
M00646_P01196,0.0,Public
M00647_P00108,0.0,Public
M00647_P00110,0.0,Private
M00647_P00114,0.0,Public
M00647_P00124,6.0,Public
M00647_P00129,6.5,Private
M00647_P00807,0.0,Private
M00647_P00812,0.0,Private
M00647_P00819,0.0,Private
M00647_P00826,5.9,Private
M00647_P00827,6.2,Public
M00648_P00287,5.5,Private
M00648_P00290,5.8,Private
M00648_P00291,6.4,Public
M00648_P00295,0.0,Private
M00648_P00297,0.0,Private
M00648_P00298,0.0,Public
M00648_P00299,0.0,Public
M00648_P00304,6.7,Private
M00648_P00307,6.6,Private
M00648_P00309,7.8,Private
M00648_P00310,6.6,Private
M00648_P00678,0.0,Public
M00648_P00679,7.6,Public
M00648_P00680,5.6,Public
M00648_P00681,4.9,Public
M00648_P00683,5.6,Public
M00648_P00694,5.6,Private
M00649_P01070,6.2,Private
M00649_P01074,6.6,Private
M00649_P01082,6.6,Public
M00649_P01223,5.6,Private
M00649_P01234,6.3,Private
M00649_P01236,5.9,Public
M00649_P01241,6.5,Private
M00649_P01242,6.6,Private
M00650_P00611,0.0,Public
M00650_P00618,6.8,Private
M00650_P00619,0.0,Public
M00650_P00622,0.0,Private
M00650_P00655,0.0,Private
M00650_P00662,0.0,Private
M00650_P00666,6.5,Public
M00650_P00668,5.8,Private
M00650_P00669,6.9,Private
M00650_P00673,6.8,Private
M00650_P00674,5.1,Private
M00651_P00136,7.5,Private
M00651_P00141,0.0,Private
M00651_P00148,0.0,Private
M00651_P00156,0.0,Private
M00651_P00625,0.0,Private
M00651_P00630,0.0,Private
M00651_P00632,7.1,Private
M00651_P00635,7.1,Private
M00651_P00644,6.2,Private
M00651_P00645,6.5,Private
M00651_P00650,0.0,Private
M00652_P00574,0.0,Public
M00652_P00579,6.0,Private
M00652_P00582,6.7,Private
M00652_P00584,0.0,Public
M00652_P00586,5.7,Private
M00652_P00590,0.0,Public
M00652_P01070,0.0,Public
M00652_P01074,5.2,Public
M00652_P01082,0.0,Private
M00653_P00655,6.2,Private
M00653_P00662,6.5,Private
M00653_P00666,0.0,Private
M00653_P00668,6.4,Private
M00653_P00669,0.0,Private
M00653_P00673,5.8,Private
M00653_P00674,6.1,Private
M00653_P00888,5.9,Public
M00653_P00889,6.2,Public
M00653_P00893,6.4,Private
M00653_P00894,0.0,Private
M00653_P00895,0.0,Public
M00653_P00901,0.0,Public
M00653_P00909,0.0,Private
M00654_P00368,0.0,Private
M00654_P00372,7.0,Private
M00654_P00378,7.0,Private
M00654_P00382,6.2,Private
M00654_P00383,6.0,Private
M00654_P01201,0.0,Private
M00654_P01209,5.4,Public
M00654_P01210,6.8,Private
M00654_P01211,7.0,Public
M00654_P01214,6.5,Public
M00655_P00515,0.0,Private
M00655_P00782,0.0,Private
M00655_P00786,0.0,Private
M00655_P00788,0.0,Public
M00655_P00797,0.0,Private
M00655_P00803,5.7,Private
M00656_P00625,5.3,Private
M00656_P00630,0.0,Public
M00656_P00632,5.7,Private
M00656_P00635,6.5,Private
M00656_P00644,6.4,Public
M00656_P00645,6.8,Private
M00656_P00650,7.4,Private
M00656_P00888,6.9,Public
M00656_P00889,5.8,Public
M00656_P00893,6.1,Public
M00656_P00894,6.6,Private
M00656_P00895,0.0,Public
M00656_P00901,6.4,Private
M00656_P00909,0.0,Private
M00657_P00574,0.0,Private
M00657_P00579,6.3,Public
M00657_P00582,5.3,Public
M00657_P00584,0.0,Private
M00657_P00586,5.8,Private
M00657_P00590,0.0,Private
M00657_P00761,0.0,Public
M00657_P00772,6.1,Private
M00658_P00313,0.0,Private
M00658_P00324,0.0,Public
M00658_P00329,5.6,Private
M00658_P00333,0.0,Private
M00658_P00334,5.6,Public
M00658_P01223,5.2,Private
M00658_P01234,0.0,Private
M00658_P01236,5.9,Public
M00658_P01241,6.9,Private
M00658_P01242,6.1,Private
M00659_P00055,0.0,Private
M00659_P00057,0.0,Public
M00659_P00059,5.7,Private
M00659_P00064,0.0,Private
M00659_P00066,0.0,Private
M00659_P00071,6.7,Public
M00659_P00077,5.7,Private
M00659_P01120,0.0,Private
M00660_P00345,0.0,Private
M00660_P00347,0.0,Private
M00660_P00351,7.2,Public
M00660_P00353,4.5,Public
M00660_P00359,6.7,Private
M00660_P00362,6.4,Public
M00660_P00391,0.0,Private
M00660_P00399,0.0,Public
M00660_P00410,5.3,Private
M00660_P00416,5.5,Private
M00661_P00055,0.0,Private
M00661_P00057,4.0,Private
M00661_P00059,0.0,Public
M00661_P00064,0.0,Private
M00661_P00066,0.0,Public
M00661_P00071,6.3,Private
M00661_P00077,6.4,Private
M00661_P00991,8.1,Private
M00661_P00993,0.0,Private
M00661_P00997,6.2,Private
M00661_P01000,0.0,Private
M00661_P01010,6.7,Private
M00662_P00055,5.9,Private
M00662_P00057,6.5,Public
M00662_P00059,0.0,Private
M00662_P00064,5.5,Private
M00662_P00066,0.0,Public
M00662_P00071,6.2,Public
M00662_P00077,7.0,Public
M00662_P00391,0.0,Private
M00662_P00399,5.4,Public
M00662_P00410,6.6,Public
M00662_P00416,0.0,Public
M00663_P00368,5.3,Private
M00663_P00372,0.0,Private
M00663_P00378,6.0,Private
M00663_P00382,0.0,Private
M00663_P00383,0.0,Private
M00663_P00922,5.7,Public
M00663_P00927,0.0,Public
M00663_P00931,6.9,Public
M00663_P00935,0.0,Public
M00664_P00209,5.7,Private
M00664_P00210,0.0,Private
M00664_P00211,0.0,Private
M00664_P00219,0.0,Private
M00664_P00221,0.0,Private
M00664_P00222,0.0,Public
M00664_P00232,0.0,Public
M00664_P00234,7.8,Private
M00664_P00863,0.0,Private
M00664_P00880,0.0,Public
M00664_P00882,0.0,Private
M00665_P00940,0.0,Private
M00665_P00948,0.0,Private
M00665_P00950,7.0,Private
M00665_P00951,6.5,Private
M00665_P00959,0.0,Public
M00665_P00962,0.0,Private
M00665_P01201,4.6,Public
M00665_P01209,6.7,Private
M00665_P01210,5.6,Private
M00665_P01211,8.0,Private
M00665_P01214,0.0,Private
M00666_P00391,0.0,Private
M00666_P00399,6.1,Private
M00666_P00410,0.0,Private
M00666_P00416,0.0,Private
M00666_P00529,0.0,Private
M00666_P00535,5.9,Public
M00666_P00536,0.0,Private
M00666_P00542,5.4,Private
M00666_P00543,6.3,Public
M00667_P00515,6.1,Public
M00667_P00678,0.0,Private
M00667_P00679,6.9,Public
M00667_P00680,0.0,Private
M00667_P00681,5.8,Private
M00667_P00683,0.0,Private
M00667_P00694,0.0,Public
M00668_P00922,5.6,Private
M00668_P00927,0.0,Private
M00668_P00931,5.5,Private
M00668_P00935,7.2,Private
M00668_P00991,0.0,Private
M00668_P00993,6.3,Private
M00668_P00997,0.0,Private
M00668_P01000,7.2,Private
M00668_P01010,0.0,Private
M00669_P01041,0.0,Private
M00669_P01042,5.5,Public
M00669_P01048,0.0,Public
M00669_P01049,7.4,Private
M00669_P01051,5.8,Private
M00669_P01055,6.2,Private
M00669_P01063,5.9,Private
M00669_P01064,5.8,Public
M00669_P01146,0.0,Private
M00669_P01157,4.8,Public
M00669_P01166,5.5,Private
M00669_P01169,0.0,Private
M00670_P00079,7.2,Private
M00670_P00082,0.0,Private
M00670_P00087,5.9,Private
M00670_P00097,0.0,Private
M00670_P00102,6.3,Public
M00670_P00611,0.0,Public
M00670_P00618,7.0,Private
M00670_P00619,5.9,Private
M00670_P00622,5.7,Private
M00671_P00529,0.0,Private
M00671_P00535,0.0,Private
M00671_P00536,6.3,Private
M00671_P00542,0.0,Private
M00671_P00543,7.2,Public
M00671_P00863,5.1,Public
M00671_P00880,5.7,Private
M00671_P00882,7.3,Public
M00672_P00241,6.4,Public
M00672_P00244,7.4,Public
M00672_P00245,6.6,Private
M00672_P00248,5.0,Private
M00672_P00255,0.0,Private
M00672_P00260,7.7,Private
M00672_P00678,0.0,Private
M00672_P00679,0.0,Private
M00672_P00680,4.2,Public
M00672_P00681,5.6,Public
M00672_P00683,6.0,Private
M00672_P00694,7.0,Private
M00673_P00287,5.9,Private
M00673_P00290,0.0,Private
M00673_P00291,0.0,Private
M00673_P00295,0.0,Public
M00673_P00297,0.0,Public
M00673_P00298,0.0,Public
M00673_P00299,7.0,Public
M00673_P00304,5.3,Private
M00673_P00307,7.4,Public
M00673_P00309,0.0,Public
M00673_P00310,6.3,Private
M00673_P00922,6.4,Private
M00673_P00927,0.0,Public
M00673_P00931,5.8,Public
M00673_P00935,6.8,Private
M00674_P00368,0.0,Private
M00674_P00372,7.4,Private
M00674_P00378,5.9,Private
M00674_P00382,0.0,Private
M00674_P00383,5.1,Private
M00674_P00529,5.9,Private
M00674_P00535,6.2,Private
M00674_P00536,6.5,Public
M00674_P00542,0.0,Private
M00674_P00543,7.4,Private
M00675_P00079,7.0,Public
M00675_P00082,7.4,Private
M00675_P00087,7.1,Public
M00675_P00097,0.0,Private
M00675_P00102,6.2,Private
M00675_P00761,0.0,Private
M00675_P00772,0.0,Private
M00676_P00678,0.0,Public
M00676_P00679,7.1,Private
M00676_P00680,5.3,Private
M00676_P00681,0.0,Private
M00676_P00683,6.3,Private
M00676_P00694,0.0,Private
M00676_P00940,0.0,Private
M00676_P00948,7.3,Public
M00676_P00950,6.3,Private
M00676_P00951,6.4,Private
M00676_P00959,6.0,Private
M00676_P00962,6.4,Public
M00677_P00391,0.0,Public
M00677_P00399,0.0,Private
M00677_P00410,7.2,Private
M00677_P00416,6.3,Private
M00677_P00625,0.0,Private
M00677_P00630,6.1,Private
M00677_P00632,5.6,Private
M00677_P00635,5.6,Public
M00677_P00644,6.5,Private
M00677_P00645,6.0,Public
M00677_P00650,6.7,Private
M00678_P00549,0.0,Private
M00678_P00552,0.0,Private
M00678_P00554,6.3,Private
M00678_P00561,7.8,Private
M00678_P00562,0.0,Private
M00678_P00568,5.5,Public
M00678_P01099,0.0,Private
M00678_P01107,5.9,Public
M00678_P01108,6.9,Private
M00678_P01109,7.1,Public
M00678_P01114,0.0,Public
M00678_P01118,7.2,Private
M00679_P00136,6.6,Private
M00679_P00141,0.0,Private
M00679_P00148,5.2,Public
M00679_P00156,0.0,Private
M00679_P00611,0.0,Public
M00679_P00618,5.4,Private
M00679_P00619,6.7,Private
M00679_P00622,7.1,Private
M00680_P00079,5.3,Private
M00680_P00082,5.4,Private
M00680_P00087,6.3,Private
M00680_P00097,0.0,Private
M00680_P00102,4.9,Private
M00680_P00478,6.5,Private
M00680_P00479,7.2,Public
M00680_P00486,6.9,Private
M00680_P00491,6.0,Private
M00681_P00108,5.5,Private
M00681_P00110,5.6,Public
M00681_P00114,0.0,Public
M00681_P00124,6.6,Private
M00681_P00129,5.2,Private
M00681_P00345,0.0,Public
M00681_P00347,5.8,Private
M00681_P00351,7.1,Private
M00681_P00353,0.0,Private
M00681_P00359,6.8,Public
M00681_P00362,5.7,Public
M00682_P00345,5.7,Private
M00682_P00347,6.1,Public
M00682_P00351,6.4,Public
M00682_P00353,5.5,Private
M00682_P00359,0.0,Private
M00682_P00362,0.0,Public
M00682_P00782,0.0,Public
M00682_P00786,0.0,Public
M00682_P00788,5.7,Public
M00682_P00797,6.0,Private
M00682_P00803,0.0,Private
M00683_P00011,6.1,Private
M00683_P00024,0.0,Private
M00683_P00368,5.4,Private
M00683_P00372,6.6,Public
M00683_P00378,0.0,Private
M00683_P00382,5.6,Private
M00683_P00383,5.4,Private
M00684_P00782,0.0,Public
M00684_P00786,6.2,Private
M00684_P00788,0.0,Private
M00684_P00797,0.0,Private
M00684_P00803,0.0,Public
M00684_P01223,5.7,Private
M00684_P01234,0.0,Private
M00684_P01236,6.7,Private
M00684_P01241,0.0,Private
M00684_P01242,5.5,Public
M00685_P00391,0.0,Public
M00685_P00399,5.8,Private
M00685_P00410,6.0,Private
M00685_P00416,7.7,Public
M00685_P00655,5.0,Private
M00685_P00662,0.0,Private
M00685_P00666,0.0,Public
M00685_P00668,0.0,Private
M00685_P00669,0.0,Private
M00685_P00673,0.0,Private
M00685_P00674,5.4,Private
M00686_P00478,5.5,Private
M00686_P00479,0.0,Public
M00686_P00486,6.1,Private
M00686_P00491,5.4,Public
M00686_P00655,5.7,Private
M00686_P00662,5.0,Public
M00686_P00666,5.6,Private
M00686_P00668,4.6,Private
M00686_P00669,5.8,Private
M00686_P00673,6.8,Public
M00686_P00674,0.0,Private
M00687_P00423,7.3,Private
M00687_P00424,0.0,Private
M00687_P00425,6.1,Public
M00687_P00426,0.0,Private
M00687_P00431,0.0,Private
M00687_P00436,7.2,Public
M00687_P00440,0.0,Private
M00687_P00515,0.0,Private
M00688_P00157,0.0,Private
M00688_P00159,5.8,Private
M00688_P00164,6.1,Private
M00688_P00169,6.3,Private
M00688_P00171,6.7,Private
M00688_P00175,0.0,Private
M00688_P00761,5.3,Private
M00688_P00772,0.0,Private
M00689_P00345,6.9,Public
M00689_P00347,4.8,Private
M00689_P00351,6.3,Private
M00689_P00353,0.0,Public
M00689_P00359,0.0,Public
M00689_P00362,4.9,Private
M00689_P00529,5.4,Private
M00689_P00535,5.7,Private
M00689_P00536,0.0,Private
M00689_P00542,5.5,Public
M00689_P00543,6.5,Private
M00690_P00055,5.7,Private
M00690_P00057,0.0,Private
M00690_P00059,6.8,Public
M00690_P00064,6.5,Private
M00690_P00066,7.2,Public
M00690_P00071,0.0,Private
M00690_P00077,0.0,Private
M00690_P00678,0.0,Private
M00690_P00679,6.4,Public
M00690_P00680,5.9,Private
M00690_P00681,0.0,Private
M00690_P00683,5.3,Private
M00690_P00694,5.4,Private
M00691_P00241,5.7,Private
M00691_P00244,7.0,Private
M00691_P00245,7.0,Private
M00691_P00248,0.0,Private
M00691_P00255,7.0,Public
M00691_P00260,6.6,Private
M00691_P01223,0.0,Private
M00691_P01234,7.4,Public
M00691_P01236,0.0,Private
M00691_P01241,5.4,Private
M00691_P01242,0.0,Private
M00692_P00922,0.0,Private
M00692_P00927,6.5,Public
M00692_P00931,6.8,Private
M00692_P00935,0.0,Public
M00692_P00991,0.0,Private
M00692_P00993,5.6,Public
M00692_P00997,5.8,Public
M00692_P01000,0.0,Private
M00692_P01010,6.1,Private
M00693_P00241,6.0,Private
M00693_P00244,5.3,Private
M00693_P00245,6.3,Public
M00693_P00248,0.0,Public
M00693_P00255,6.1,Private
M00693_P00260,0.0,Public
M00693_P00478,5.4,Private
M00693_P00479,0.0,Private
M00693_P00486,6.2,Private
M00693_P00491,0.0,Private
M00694_P00368,0.0,Private
M00694_P00372,0.0,Private
M00694_P00378,5.3,Public
M00694_P00382,0.0,Public
M00694_P00383,5.7,Private
M00694_P00655,6.2,Private
M00694_P00662,0.0,Private
M00694_P00666,5.9,Private
M00694_P00668,7.3,Public
M00694_P00669,0.0,Private
M00694_P00673,5.0,Private
M00694_P00674,5.5,Public
M00695_P00807,0.0,Private
M00695_P00812,0.0,Public
M00695_P00819,0.0,Private
M00695_P00826,6.9,Private
M00695_P00827,7.4,Private
M00695_P00940,5.7,Private
M00695_P00948,6.4,Private
M00695_P00950,6.5,Private
M00695_P00951,5.7,Private
M00695_P00959,0.0,Private
M00695_P00962,0.0,Private
M00696_P00423,7.0,Public
M00696_P00424,0.0,Private
M00696_P00425,6.9,Public
M00696_P00426,5.2,Public
M00696_P00431,5.3,Private
M00696_P00436,6.9,Private
M00696_P00440,6.4,Public
M00696_P00835,0.0,Private
M00696_P00840,0.0,Private
M00696_P00844,6.8,Private
M00696_P00847,0.0,Public
M00696_P00848,0.0,Private
M00696_P00856,6.2,Private
M00697_P00266,6.0,Private
M00697_P00271,0.0,Public
M00697_P00278,6.5,Public
M00697_P00286,5.6,Private
M00697_P00761,6.7,Private
M00697_P00772,6.7,Public
M00698_P00209,0.0,Public
M00698_P00210,7.5,Private
M00698_P00211,0.0,Public
M00698_P00219,0.0,Private
M00698_P00221,6.1,Public
M00698_P00222,0.0,Public
M00698_P00232,0.0,Private
M00698_P00234,6.7,Private
M00698_P00266,0.0,Private
M00698_P00271,0.0,Private
M00698_P00278,0.0,Private
M00698_P00286,0.0,Private
M00699_P00287,4.5,Public
M00699_P00290,5.3,Private
M00699_P00291,0.0,Private
M00699_P00295,0.0,Private
M00699_P00297,6.0,Public
M00699_P00298,6.1,Private
M00699_P00299,6.3,Private
M00699_P00304,0.0,Private
M00699_P00307,7.2,Public
M00699_P00309,6.5,Public
M00699_P00310,5.7,Private
M00699_P00922,0.0,Public
M00699_P00927,0.0,Private
M00699_P00931,5.2,Private
M00699_P00935,5.7,Public
M00700_P00055,5.7,Private
M00700_P00057,0.0,Private
M00700_P00059,5.5,Private
M00700_P00064,5.8,Public
M00700_P00066,7.5,Public
M00700_P00071,0.0,Private
M00700_P00077,6.6,Public
M00700_P00863,5.4,Private
M00700_P00880,0.0,Public
M00700_P00882,6.3,Private
M00701_P00011,5.4,Private
M00701_P00024,5.0,Private
M00701_P00705,0.0,Public
M00701_P00707,6.0,Private
M00701_P00716,0.0,Public
M00701_P00718,7.3,Private
M00701_P00724,6.2,Public
M00701_P00728,0.0,Private
M00702_P00108,6.3,Private
M00702_P00110,5.4,Public
M00702_P00114,8.0,Private
M00702_P00124,6.7,Public
M00702_P00129,5.8,Private
M00702_P01201,0.0,Private
M00702_P01209,0.0,Private
M00702_P01210,0.0,Private
M00702_P01211,0.0,Public
M00702_P01214,5.4,Private
M00703_P00345,0.0,Public
M00703_P00347,5.9,Private
M00703_P00351,5.8,Private
M00703_P00353,6.0,Private
M00703_P00359,0.0,Public
M00703_P00362,0.0,Private
M00703_P00863,5.1,Private
M00703_P00880,7.4,Private
M00703_P00882,0.0,Public
M00704_P00079,6.5,Public
M00704_P00082,0.0,Public
M00704_P00087,5.1,Private
M00704_P00097,6.2,Public
M00704_P00102,0.0,Private
M00704_P01041,0.0,Public
M00704_P01042,0.0,Private
M00704_P01048,0.0,Private
M00704_P01049,7.3,Private
M00704_P01051,7.5,Private
M00704_P01055,5.7,Public
M00704_P01063,6.0,Public
M00704_P01064,5.7,Public
M00705_P00807,0.0,Private
M00705_P00812,8.0,Private
M00705_P00819,0.0,Private
M00705_P00826,7.1,Private
M00705_P00827,8.0,Private
M00705_P01099,0.0,Private
M00705_P01107,5.5,Private
M00705_P01108,7.1,Public
M00705_P01109,6.9,Private
M00705_P01114,5.5,Private
M00705_P01118,0.0,Private
M00706_P00888,6.6,Private
M00706_P00889,6.4,Private
M00706_P00893,4.6,Public
M00706_P00894,6.9,Private
M00706_P00895,0.0,Private
M00706_P00901,0.0,Public
M00706_P00909,0.0,Private
M00706_P00940,0.0,Private
M00706_P00948,5.5,Private
M00706_P00950,6.8,Public
M00706_P00951,6.7,Private
M00706_P00959,5.7,Private
M00706_P00962,0.0,Private
M00707_P00032,0.0,Private
M00707_P00044,6.2,Private
M00707_P00045,5.8,Private
M00707_P00050,5.3,Private
M00707_P00052,0.0,Private
M00707_P00888,0.0,Private
M00707_P00889,0.0,Public
M00707_P00893,7.3,Private
M00707_P00894,0.0,Private
M00707_P00895,6.8,Private
M00707_P00901,0.0,Public
M00707_P00909,6.7,Private
M00708_P00478,0.0,Public
M00708_P00479,7.4,Public
M00708_P00486,5.7,Private
M00708_P00491,6.4,Private
M00708_P00888,0.0,Private
M00708_P00889,6.2,Public
M00708_P00893,5.6,Private
M00708_P00894,6.9,Public
M00708_P00895,0.0,Private
M00708_P00901,0.0,Private
M00708_P00909,7.1,Private
M00709_P00157,5.5,Private
M00709_P00159,0.0,Public
M00709_P00164,6.3,Private
M00709_P00169,0.0,Public
M00709_P00171,6.3,Private
M00709_P00175,5.7,Private
M00709_P00287,5.6,Public
M00709_P00290,0.0,Private
M00709_P00291,0.0,Private
M00709_P00295,7.4,Public
M00709_P00297,6.6,Public
M00709_P00298,5.7,Public
M00709_P00299,5.5,Private
M00709_P00304,6.3,Private
M00709_P00307,6.0,Public
M00709_P00309,5.9,Public
M00709_P00310,0.0,Private
M00710_P00313,0.0,Private
M00710_P00324,5.2,Private
M00710_P00329,7.2,Private
M00710_P00333,6.4,Public
M00710_P00334,0.0,Private
M00710_P00391,6.0,Private
M00710_P00399,6.4,Public
M00710_P00410,6.6,Private
M00710_P00416,5.7,Private
M00711_P00443,6.0,Private
M00711_P00448,5.7,Public
M00711_P00452,6.0,Private
M00711_P00462,0.0,Private
M00711_P00463,7.0,Private
M00711_P00465,5.5,Private
M00711_P00468,0.0,Public
M00711_P00574,0.0,Public
M00711_P00579,0.0,Private
M00711_P00582,6.2,Public
M00711_P00584,0.0,Private
M00711_P00586,0.0,Private
M00711_P00590,0.0,Private
M00712_P00136,0.0,Private
M00712_P00141,7.4,Private
M00712_P00148,0.0,Public
M00712_P00156,7.0,Private
M00712_P00625,0.0,Private
M00712_P00630,6.4,Private
M00712_P00632,0.0,Public
M00712_P00635,6.8,Private
M00712_P00644,0.0,Public
M00712_P00645,6.6,Public
M00712_P00650,6.0,Public
M00713_P00391,5.6,Private
M00713_P00399,0.0,Public
M00713_P00410,6.8,Public
M00713_P00416,6.5,Public
M00713_P00940,6.0,Public
M00713_P00948,6.0,Private
M00713_P00950,5.7,Public
M00713_P00951,6.6,Public
M00713_P00959,0.0,Private
M00713_P00962,0.0,Private
M00714_P00515,5.0,Private
M00714_P01146,6.9,Private
M00714_P01157,0.0,Public
M00714_P01166,0.0,Private
M00714_P01169,0.0,Public
M00715_P00136,0.0,Private
M00715_P00141,0.0,Private
M00715_P00148,5.6,Public
M00715_P00156,6.7,Private
M00715_P00678,6.6,Private
M00715_P00679,0.0,Private
M00715_P00680,6.4,Private
M00715_P00681,0.0,Private
M00715_P00683,0.0,Public
M00715_P00694,6.4,Public
M00716_P00782,6.0,Private
M00716_P00786,0.0,Private
M00716_P00788,0.0,Private
M00716_P00797,6.8,Private
M00716_P00803,0.0,Private
M00716_P00922,0.0,Private
M00716_P00927,5.4,Private
M00716_P00931,0.0,Private
M00716_P00935,7.1,Private
M00717_P00266,6.5,Private
M00717_P00271,0.0,Private
M00717_P00278,7.5,Public
M00717_P00286,6.6,Private
M00717_P01146,0.0,Private
M00717_P01157,6.2,Private
M00717_P01166,7.1,Private
M00717_P01169,5.6,Private
M00718_P00705,6.6,Public
M00718_P00707,6.4,Private
M00718_P00716,0.0,Private
M00718_P00718,6.5,Private
M00718_P00724,6.6,Public
M00718_P00728,0.0,Private
M00718_P01099,0.0,Private
M00718_P01107,5.4,Private
M00718_P01108,0.0,Private
M00718_P01109,6.8,Private
M00718_P01114,6.5,Private
M00718_P01118,6.2,Private
M00719_P00157,5.4,Private
M00719_P00159,0.0,Public
M00719_P00164,0.0,Private
M00719_P00169,0.0,Private
M00719_P00171,6.1,Private
M00719_P00175,0.0,Private
M00719_P00940,5.8,Public
M00719_P00948,6.1,Public
M00719_P00950,6.2,Private
M00719_P00951,0.0,Public
M00719_P00959,0.0,Private
M00719_P00962,6.1,Private
M00720_P00345,6.0,Private
M00720_P00347,0.0,Public
M00720_P00351,5.9,Public
M00720_P00353,5.8,Private
M00720_P00359,0.0,Private
M00720_P00362,6.5,Private
M00720_P00368,0.0,Private
M00720_P00372,0.0,Private
M00720_P00378,0.0,Private
M00720_P00382,4.6,Private
M00720_P00383,5.7,Private
M00721_P00055,0.0,Public
M00721_P00057,6.1,Public
M00721_P00059,7.0,Private
M00721_P00064,6.5,Private
M00721_P00066,0.0,Public
M00721_P00071,6.9,Public
M00721_P00077,5.8,Private
M00721_P00443,6.7,Public
M00721_P00448,6.9,Private
M00721_P00452,0.0,Private
M00721_P00462,6.7,Private
M00721_P00463,6.9,Private
M00721_P00465,0.0,Private
M00721_P00468,7.3,Private
M00722_P00888,0.0,Private
M00722_P00889,5.3,Private
M00722_P00893,0.0,Private
M00722_P00894,5.9,Public
M00722_P00895,6.0,Public
M00722_P00901,7.3,Public
M00722_P00909,0.0,Public
M00722_P00965,7.0,Private
M00722_P00966,5.3,Private
M00722_P00975,7.4,Private
M00722_P00978,5.9,Private
M00722_P00980,5.9,Private
M00722_P00986,7.8,Private
M00723_P00287,6.1,Private
M00723_P00290,6.0,Public
M00723_P00291,0.0,Public
M00723_P00295,0.0,Private
M00723_P00297,0.0,Private
M00723_P00298,0.0,Public
M00723_P00299,0.0,Public
M00723_P00304,5.8,Private
M00723_P00307,0.0,Public
M00723_P00309,5.4,Private
M00723_P00310,0.0,Private
M00723_P00549,6.2,Private
M00723_P00552,6.1,Private
M00723_P00554,5.7,Private
M00723_P00561,6.8,Private
M00723_P00562,5.9,Private
M00723_P00568,0.0,Private
M00724_P00241,6.4,Public
M00724_P00244,0.0,Private
M00724_P00245,0.0,Private
M00724_P00248,5.8,Private
M00724_P00255,0.0,Private
M00724_P00260,0.0,Private
M00724_P00965,0.0,Public
M00724_P00966,0.0,Private
M00724_P00975,6.6,Private
M00724_P00978,0.0,Private
M00724_P00980,7.1,Private
M00724_P00986,6.1,Public
M00725_P00108,0.0,Private
M00725_P00110,0.0,Public
M00725_P00114,5.8,Private
M00725_P00124,5.8,Private
M00725_P00129,5.2,Public
M00725_P00529,5.8,Private
M00725_P00535,5.2,Public
M00725_P00536,6.5,Public
M00725_P00542,6.1,Private
M00725_P00543,0.0,Private
M00726_P00625,0.0,Private
M00726_P00630,0.0,Private
M00726_P00632,5.8,Private
M00726_P00635,5.6,Private
M00726_P00644,5.5,Public
M00726_P00645,7.6,Public
M00726_P00650,0.0,Private
M00726_P00940,0.0,Private
M00726_P00948,6.5,Private
M00726_P00950,6.2,Private
M00726_P00951,0.0,Private
M00726_P00959,0.0,Public
M00726_P00962,7.7,Public
M00727_P00209,0.0,Private
M00727_P00210,0.0,Private
M00727_P00211,6.4,Private
M00727_P00219,0.0,Public
M00727_P00221,8.1,Private
M00727_P00222,0.0,Public
M00727_P00232,5.6,Public
M00727_P00234,6.1,Private
M00727_P00625,0.0,Public
M00727_P00630,0.0,Private
M00727_P00632,5.9,Public
M00727_P00635,0.0,Private
M00727_P00644,6.7,Private
M00727_P00645,6.3,Private
M00727_P00650,0.0,Private
M00728_P00574,0.0,Public
M00728_P00579,0.0,Private
M00728_P00582,6.1,Private
M00728_P00584,5.4,Public
M00728_P00586,5.6,Private
M00728_P00590,0.0,Public
M00728_P00835,0.0,Private
M00728_P00840,5.4,Private
M00728_P00844,0.0,Public
M00728_P00847,0.0,Private
M00728_P00848,0.0,Private
M00728_P00856,7.1,Private
M00729_P00368,6.4,Private
M00729_P00372,7.7,Private
M00729_P00378,5.0,Private
M00729_P00382,0.0,Private
M00729_P00383,5.5,Public
M00729_P00705,0.0,Private
M00729_P00707,5.7,Private
M00729_P00716,6.8,Private
M00729_P00718,6.8,Private
M00729_P00724,7.2,Private
M00729_P00728,0.0,Private
M00730_P00991,0.0,Private
M00730_P00993,6.6,Private
M00730_P00997,6.5,Private
M00730_P01000,0.0,Private
M00730_P01010,6.6,Private
M00730_P01041,0.0,Private
M00730_P01042,4.3,Public
M00730_P01048,5.7,Private
M00730_P01049,0.0,Private
M00730_P01051,6.6,Public
M00730_P01055,0.0,Public
M00730_P01063,6.1,Private
M00730_P01064,0.0,Private
M00731_P00032,0.0,Private
M00731_P00044,0.0,Public
M00731_P00045,6.5,Public
M00731_P00050,4.9,Private
M00731_P00052,0.0,Private
M00731_P00529,8.4,Public
M00731_P00535,0.0,Private
M00731_P00536,0.0,Private
M00731_P00542,0.0,Public
M00731_P00543,6.3,Public
M00732_P00732,5.4,Public
M00732_P00738,5.6,Private
M00732_P00742,6.4,Private
M00732_P00744,0.0,Private
M00732_P00747,6.9,Private
M00732_P00753,0.0,Private
M00732_P00835,0.0,Private
M00732_P00840,0.0,Private
M00732_P00844,0.0,Public
M00732_P00847,6.4,Private
M00732_P00848,6.6,Private
M00732_P00856,7.2,Private
M00733_P00625,0.0,Private
M00733_P00630,6.6,Public
M00733_P00632,0.0,Private
M00733_P00635,0.0,Private
M00733_P00644,0.0,Private
M00733_P00645,6.6,Private
M00733_P00650,5.9,Private
M00733_P00922,0.0,Private
M00733_P00927,0.0,Private
M00733_P00931,0.0,Private
M00733_P00935,7.5,Private
M00734_P00965,0.0,Private
M00734_P00966,0.0,Private
M00734_P00975,7.3,Private
M00734_P00978,6.0,Public
M00734_P00980,0.0,Public
M00734_P00986,6.4,Private
M00734_P01120,5.2,Private
M00735_P00136,6.3,Private
M00735_P00141,7.0,Private
M00735_P00148,6.8,Public
M00735_P00156,0.0,Private
M00735_P01041,0.0,Private
M00735_P01042,0.0,Private
M00735_P01048,0.0,Private
M00735_P01049,0.0,Private
M00735_P01051,6.7,Public
M00735_P01055,0.0,Private
M00735_P01063,5.0,Public
M00735_P01064,0.0,Private
M00736_P00108,0.0,Private
M00736_P00110,5.5,Private
M00736_P00114,6.7,Private
M00736_P00124,6.8,Private
M00736_P00129,0.0,Private
M00736_P01177,6.3,Public
M00736_P01182,4.5,Private
M00736_P01184,0.0,Private
M00736_P01193,6.4,Private
M00736_P01196,6.7,Private
M00737_P00241,0.0,Public
M00737_P00244,6.2,Public
M00737_P00245,5.8,Private
M00737_P00248,5.9,Private
M00737_P00255,8.4,Private
M00737_P00260,0.0,Private
M00737_P00655,5.8,Public
M00737_P00662,0.0,Private
M00737_P00666,6.6,Public
M00737_P00668,5.7,Private
M00737_P00669,0.0,Public
M00737_P00673,7.8,Private
M00737_P00674,6.4,Public
M00738_P00625,0.0,Private
M00738_P00630,7.1,Private
M00738_P00632,5.0,Private
M00738_P00635,6.2,Private
M00738_P00644,5.3,Private
M00738_P00645,6.6,Public
M00738_P00650,0.0,Private
M00738_P01223,0.0,Private
M00738_P01234,6.5,Public
M00738_P01236,5.7,Public
M00738_P01241,0.0,Private
M00738_P01242,5.9,Private
M00739_P00136,7.7,Private
M00739_P00141,7.0,Private
M00739_P00148,6.5,Public
M00739_P00156,0.0,Public
M00739_P00157,0.0,Private
M00739_P00159,0.0,Public
M00739_P00164,0.0,Private
M00739_P00169,6.5,Private
M00739_P00171,6.3,Public
M00739_P00175,0.0,Private
M00740_P00611,0.0,Public
M00740_P00618,0.0,Private
M00740_P00619,6.2,Public
M00740_P00622,0.0,Private
M00740_P00732,7.0,Private
M00740_P00738,6.3,Private
M00740_P00742,5.6,Private
M00740_P00744,0.0,Public
M00740_P00747,0.0,Private
M00740_P00753,0.0,Private
M00741_P00157,0.0,Private
M00741_P00159,0.0,Public
M00741_P00164,5.8,Private
M00741_P00169,0.0,Public
M00741_P00171,6.1,Private
M00741_P00175,6.1,Public
M00741_P00241,6.3,Private
M00741_P00244,5.0,Public
M00741_P00245,7.2,Private
M00741_P00248,0.0,Private
M00741_P00255,6.6,Public
M00741_P00260,0.0,Private
M00742_P00705,6.0,Public
M00742_P00707,6.6,Private
M00742_P00716,7.2,Private
M00742_P00718,0.0,Private
M00742_P00724,0.0,Private
M00742_P00728,0.0,Public
M00742_P00761,6.4,Private
M00742_P00772,5.8,Public
M00743_P00032,0.0,Private
M00743_P00044,0.0,Private
M00743_P00045,6.6,Private
M00743_P00050,5.5,Public
M00743_P00052,5.3,Private
M00743_P00157,0.0,Private
M00743_P00159,0.0,Public
M00743_P00164,0.0,Private
M00743_P00169,0.0,Private
M00743_P00171,0.0,Private
M00743_P00175,0.0,Private
M00744_P00136,0.0,Private
M00744_P00141,0.0,Public
M00744_P00148,0.0,Private
M00744_P00156,0.0,Public
M00744_P00922,0.0,Private
M00744_P00927,6.9,Private
M00744_P00931,6.2,Private
M00744_P00935,6.1,Private
M00745_P00011,6.0,Public
M00745_P00024,0.0,Private
M00745_P00625,5.8,Private
M00745_P00630,6.3,Public
M00745_P00632,6.5,Private
M00745_P00635,0.0,Private
M00745_P00644,0.0,Private
M00745_P00645,7.3,Public
M00745_P00650,6.4,Private
M00746_P00136,0.0,Public
M00746_P00141,6.9,Public
M00746_P00148,5.9,Public
M00746_P00156,6.8,Public
M00746_P00625,0.0,Public
M00746_P00630,6.0,Private
M00746_P00632,6.4,Private
M00746_P00635,5.2,Public
M00746_P00644,0.0,Public
M00746_P00645,6.1,Private
M00746_P00650,6.5,Private
M00747_P00863,5.2,Public
M00747_P00880,6.2,Public
M00747_P00882,0.0,Public
M00747_P00940,5.6,Public
M00747_P00948,6.0,Public
M00747_P00950,0.0,Private
M00747_P00951,0.0,Public
M00747_P00959,0.0,Private
M00747_P00962,6.3,Public
M00748_P00209,0.0,Private
M00748_P00210,7.0,Private
M00748_P00211,0.0,Private
M00748_P00219,6.0,Private
M00748_P00221,0.0,Private
M00748_P00222,0.0,Private
M00748_P00232,6.8,Private
M00748_P00234,8.3,Private
M00748_P00266,6.7,Private
M00748_P00271,5.1,Private
M00748_P00278,7.9,Private
M00748_P00286,6.7,Private
M00749_P00443,0.0,Public
M00749_P00448,0.0,Public
M00749_P00452,0.0,Private
M00749_P00462,0.0,Public
M00749_P00463,0.0,Private
M00749_P00465,0.0,Public
M00749_P00468,6.5,Private
M00749_P00835,0.0,Private
M00749_P00840,6.4,Private
M00749_P00844,0.0,Private
M00749_P00847,6.7,Private
M00749_P00848,0.0,Private
M00749_P00856,6.5,Private
M00750_P00266,6.2,Public
M00750_P00271,5.3,Private
M00750_P00278,7.2,Private
M00750_P00286,0.0,Private
M00750_P00732,0.0,Private
M00750_P00738,6.8,Private
M00750_P00742,5.7,Public
M00750_P00744,5.9,Public
M00750_P00747,7.4,Private
M00750_P00753,0.0,Private
M00751_P00515,6.5,Private
M00751_P00807,0.0,Public
M00751_P00812,7.1,Private
M00751_P00819,6.1,Private
M00751_P00826,6.4,Private
M00751_P00827,6.7,Public
M00752_P00423,0.0,Public
M00752_P00424,5.9,Public
M00752_P00425,6.8,Public
M00752_P00426,0.0,Public
M00752_P00431,6.5,Public
M00752_P00436,0.0,Private
M00752_P00440,0.0,Private
M00752_P00611,0.0,Private
M00752_P00618,6.1,Public
M00752_P00619,6.4,Private
M00752_P00622,6.1,Private
M00753_P00991,0.0,Public
M00753_P00993,6.0,Private
M00753_P00997,0.0,Public
M00753_P01000,6.2,Private
M00753_P01010,5.7,Private
M00753_P01041,0.0,Private
M00753_P01042,5.1,Private
M00753_P01048,0.0,Private
M00753_P01049,6.5,Private
M00753_P01051,6.3,Private
M00753_P01055,5.8,Public
M00753_P01063,0.0,Public
M00753_P01064,6.5,Private
M00754_P00157,6.1,Private
M00754_P00159,0.0,Private
M00754_P00164,0.0,Public
M00754_P00169,0.0,Private
M00754_P00171,6.6,Public
M00754_P00175,5.9,Private
M00754_P00241,6.3,Private
M00754_P00244,0.0,Private
M00754_P00245,6.3,Public
M00754_P00248,5.7,Private
M00754_P00255,7.3,Private
M00754_P00260,7.5,Private
M00755_P00549,0.0,Private
M00755_P00552,5.9,Private
M00755_P00554,6.6,Private
M00755_P00561,0.0,Private
M00755_P00562,5.6,Public
M00755_P00568,5.7,Private
M00755_P00655,7.2,Private
M00755_P00662,5.6,Public
M00755_P00666,6.4,Public
M00755_P00668,5.7,Private
M00755_P00669,6.8,Public
M00755_P00673,7.1,Private
M00755_P00674,0.0,Public
M00756_P00549,0.0,Private
M00756_P00552,0.0,Private
M00756_P00554,0.0,Private
M00756_P00561,7.8,Private
M00756_P00562,6.9,Private
M00756_P00568,0.0,Private
M00756_P00761,7.0,Public
M00756_P00772,5.7,Public
M00757_P00991,0.0,Public
M00757_P00993,0.0,Private
M00757_P00997,0.0,Public
M00757_P01000,0.0,Public
M00757_P01010,6.4,Private
M00757_P01070,0.0,Private
M00757_P01074,0.0,Private
M00757_P01082,0.0,Public
M00758_P00529,5.3,Public
M00758_P00535,0.0,Private
M00758_P00536,4.8,Public
M00758_P00542,0.0,Private
M00758_P00543,0.0,Private
M00758_P01020,0.0,Private
M00758_P01034,5.2,Public
M00758_P01037,0.0,Private
M00758_P01038,5.3,Private
M00759_P00529,6.1,Private
M00759_P00535,5.7,Private
M00759_P00536,6.3,Public
M00759_P00542,0.0,Public
M00759_P00543,0.0,Private
M00759_P00782,0.0,Private
M00759_P00786,0.0,Private
M00759_P00788,6.4,Private
M00759_P00797,0.0,Private
M00759_P00803,0.0,Private
M00760_P00478,0.0,Private
M00760_P00479,6.6,Public
M00760_P00486,7.2,Private
M00760_P00491,5.6,Public
M00760_P00529,0.0,Private
M00760_P00535,6.3,Private
M00760_P00536,6.0,Private
M00760_P00542,5.8,Public
M00760_P00543,6.3,Private
M00761_P00391,0.0,Public
M00761_P00399,5.3,Private
M00761_P00410,0.0,Public
M00761_P00416,0.0,Private
M00761_P00940,6.8,Private
M00761_P00948,0.0,Private
M00761_P00950,7.0,Private
M00761_P00951,0.0,Public
M00761_P00959,6.4,Public
M00761_P00962,0.0,Private
M00762_P00443,0.0,Private
M00762_P00448,0.0,Public
M00762_P00452,6.5,Private
M00762_P00462,6.5,Private
M00762_P00463,7.0,Public
M00762_P00465,6.8,Public
M00762_P00468,7.1,Public
M00762_P00678,0.0,Private
M00762_P00679,6.2,Private
M00762_P00680,5.3,Private
M00762_P00681,5.6,Private
M00762_P00683,0.0,Public
M00762_P00694,0.0,Private
M00763_P00313,0.0,Private
M00763_P00324,5.7,Public
M00763_P00329,3.9,Private
M00763_P00333,0.0,Private
M00763_P00334,0.0,Private
M00763_P00940,0.0,Private
M00763_P00948,0.0,Public
M00763_P00950,6.0,Public
M00763_P00951,0.0,Private
M00763_P00959,6.4,Public
M00763_P00962,6.0,Private
M00764_P00922,0.0,Private
M00764_P00927,5.8,Private
M00764_P00931,6.0,Private
M00764_P00935,6.1,Private
M00764_P01120,5.5,Private
M00765_P00345,5.9,Private
M00765_P00347,0.0,Public
M00765_P00351,0.0,Public
M00765_P00353,5.4,Private
M00765_P00359,6.3,Public
M00765_P00362,0.0,Public
M00765_P01177,6.7,Public
M00765_P01182,4.7,Private
M00765_P01184,0.0,Private
M00765_P01193,6.5,Public
M00765_P01196,5.6,Private
M00766_P00108,0.0,Private
M00766_P00110,0.0,Public
M00766_P00114,7.1,Private
M00766_P00124,7.3,Private
M00766_P00129,6.0,Private
M00766_P01146,5.9,Private
M00766_P01157,5.8,Public
M00766_P01166,6.2,Private
M00766_P01169,7.3,Public
M00767_P00807,0.0,Private
M00767_P00812,8.4,Private
M00767_P00819,0.0,Private
M00767_P00826,7.3,Public
M00767_P00827,7.6,Private
M00767_P01120,0.0,Private
M00768_P00391,0.0,Private
M00768_P00399,6.1,Private
M00768_P00410,5.9,Private
M00768_P00416,0.0,Private
M00768_P00443,0.0,Private
M00768_P00448,6.6,Private
M00768_P00452,0.0,Private
M00768_P00462,7.4,Private
M00768_P00463,6.9,Public
M00768_P00465,7.3,Private
M00768_P00468,7.0,Private
M00769_P00705,0.0,Public
M00769_P00707,6.4,Private
M00769_P00716,7.3,Private
M00769_P00718,0.0,Private
M00769_P00724,4.9,Private
M00769_P00728,6.3,Public
M00769_P01177,0.0,Public
M00769_P01182,5.0,Private
M00769_P01184,6.3,Public
M00769_P01193,6.0,Public
M00769_P01196,6.4,Private
M00770_P00108,0.0,Private
M00770_P00110,5.6,Private
M00770_P00114,0.0,Private
M00770_P00124,0.0,Public
M00770_P00129,5.9,Public
M00770_P00761,0.0,Private
M00770_P00772,6.2,Private
M00771_P00655,0.0,Public
M00771_P00662,0.0,Private
M00771_P00666,6.4,Public
M00771_P00668,7.0,Private
M00771_P00669,5.8,Public
M00771_P00673,5.9,Public
M00771_P00674,6.4,Public
M00771_P00965,0.0,Private
M00771_P00966,6.9,Private
M00771_P00975,7.2,Private
M00771_P00978,6.6,Private
M00771_P00980,0.0,Private
M00771_P00986,0.0,Public
M00772_P00055,0.0,Private
M00772_P00057,5.4,Private
M00772_P00059,5.9,Private
M00772_P00064,0.0,Public
M00772_P00066,0.0,Private
M00772_P00071,6.3,Public
M00772_P00077,0.0,Private
M00772_P00888,0.0,Public
M00772_P00889,0.0,Private
M00772_P00893,5.3,Private
M00772_P00894,6.6,Private
M00772_P00895,7.0,Private
M00772_P00901,6.2,Private
M00772_P00909,6.1,Private
M00773_P00888,7.1,Private
M00773_P00889,5.4,Private
M00773_P00893,5.7,Private
M00773_P00894,5.2,Public
M00773_P00895,5.9,Private
M00773_P00901,0.0,Private
M00773_P00909,5.7,Private
M00773_P01146,0.0,Private
M00773_P01157,5.8,Private
M00773_P01166,0.0,Public
M00773_P01169,0.0,Public
M00774_P00157,0.0,Public
M00774_P00159,6.0,Private
M00774_P00164,0.0,Private
M00774_P00169,6.5,Private
M00774_P00171,0.0,Private
M00774_P00175,6.2,Public
M00774_P00423,6.6,Private
M00774_P00424,6.0,Private
M00774_P00425,0.0,Private
M00774_P00426,0.0,Private
M00774_P00431,6.0,Private
M00774_P00436,5.4,Private
M00774_P00440,5.5,Private
M00775_P00266,0.0,Public
M00775_P00271,6.0,Public
M00775_P00278,7.3,Private
M00775_P00286,0.0,Private
M00775_P01099,4.7,Private
M00775_P01107,0.0,Private
M00775_P01108,6.3,Private
M00775_P01109,6.4,Public
M00775_P01114,6.2,Private
M00775_P01118,6.6,Private
M00776_P00940,5.3,Public
M00776_P00948,6.6,Private
M00776_P00950,5.9,Private
M00776_P00951,7.2,Private
M00776_P00959,0.0,Private
M00776_P00962,7.3,Private
M00776_P01099,0.0,Private
M00776_P01107,4.8,Private
M00776_P01108,0.0,Private
M00776_P01109,0.0,Public
M00776_P01114,0.0,Private
M00776_P01118,6.4,Public
M00777_P00549,4.9,Public
M00777_P00552,6.2,Private
M00777_P00554,0.0,Public
M00777_P00561,0.0,Private
M00777_P00562,5.5,Public
M00777_P00568,6.0,Private
M00777_P00732,6.2,Public
M00777_P00738,0.0,Public
M00777_P00742,0.0,Public
M00777_P00744,5.6,Private
M00777_P00747,7.4,Private
M00777_P00753,5.2,Public
M00778_P00157,0.0,Private
M00778_P00159,6.2,Private
M00778_P00164,5.5,Private
M00778_P00169,0.0,Private
M00778_P00171,0.0,Private
M00778_P00175,6.5,Public
M00778_P00443,5.9,Private
M00778_P00448,5.1,Private
M00778_P00452,0.0,Private
M00778_P00462,0.0,Public
M00778_P00463,7.5,Public
M00778_P00465,0.0,Private
M00778_P00468,7.1,Private
M00779_P00611,5.3,Private
M00779_P00618,0.0,Private
M00779_P00619,6.7,Public
M00779_P00622,6.8,Private
M00779_P00732,5.3,Private
M00779_P00738,6.0,Private
M00779_P00742,0.0,Public
M00779_P00744,0.0,Private
M00779_P00747,7.2,Private
M00779_P00753,6.5,Public
M00780_P00965,6.1,Private
M00780_P00966,0.0,Private
M00780_P00975,6.6,Public
M00780_P00978,0.0,Private
M00780_P00980,0.0,Private
M00780_P00986,7.5,Private
M00780_P01120,0.0,Private
M00781_P00032,7.3,Private
M00781_P00044,0.0,Public
M00781_P00045,6.2,Private
M00781_P00050,5.9,Private
M00781_P00052,5.6,Private
M00781_P00574,0.0,Private
M00781_P00579,0.0,Public
M00781_P00582,6.3,Private
M00781_P00584,6.3,Private
M00781_P00586,0.0,Public
M00781_P00590,6.5,Private
M00782_P00478,0.0,Private
M00782_P00479,7.0,Private
M00782_P00486,0.0,Public
M00782_P00491,0.0,Private
M00782_P00705,0.0,Public
M00782_P00707,0.0,Public
M00782_P00716,6.4,Private
M00782_P00718,5.9,Public
M00782_P00724,0.0,Public
M00782_P00728,0.0,Public
M00783_P00241,0.0,Public
M00783_P00244,6.4,Public
M00783_P00245,6.5,Private
M00783_P00248,0.0,Public
M00783_P00255,7.8,Public
M00783_P00260,6.1,Public
M00783_P01201,6.1,Private
M00783_P01209,6.1,Private
M00783_P01210,0.0,Private
M00783_P01211,6.4,Private
M00783_P01214,5.7,Private
M00784_P00549,0.0,Private
M00784_P00552,4.2,Public
M00784_P00554,0.0,Private
M00784_P00561,8.0,Private
M00784_P00562,7.0,Private
M00784_P00568,5.6,Public
M00784_P00782,6.1,Private
M00784_P00786,5.5,Public
M00784_P00788,0.0,Public
M00784_P00797,6.5,Private
M00784_P00803,0.0,Private
M00785_P00782,6.7,Private
M00785_P00786,5.5,Private
M00785_P00788,8.0,Public
M00785_P00797,6.5,Public
M00785_P00803,0.0,Public
M00785_P00863,5.9,Private
M00785_P00880,5.9,Public
M00785_P00882,0.0,Public
M00786_P00157,0.0,Private
M00786_P00159,6.3,Public
M00786_P00164,0.0,Private
M00786_P00169,6.8,Private
M00786_P00171,5.6,Private
M00786_P00175,0.0,Private
M00786_P00761,8.1,Private
M00786_P00772,5.9,Public
M00787_P00108,0.0,Private
M00787_P00110,7.3,Private
M00787_P00114,0.0,Public
M00787_P00124,0.0,Public
M00787_P00129,0.0,Private
M00787_P00529,5.3,Private
M00787_P00535,5.2,Private
M00787_P00536,0.0,Private
M00787_P00542,0.0,Public
M00787_P00543,7.3,Private
M00788_P00185,5.8,Private
M00788_P00193,0.0,Public
M00788_P00197,0.0,Private
M00788_P00199,5.8,Private
M00788_P00200,6.9,Private
M00788_P01177,0.0,Public
M00788_P01182,0.0,Private
M00788_P01184,0.0,Private
M00788_P01193,6.7,Private
M00788_P01196,6.5,Private
M00789_P00157,0.0,Public
M00789_P00159,6.7,Private
M00789_P00164,0.0,Private
M00789_P00169,0.0,Public
M00789_P00171,5.0,Private
M00789_P00175,0.0,Private
M00789_P01070,6.0,Private
M00789_P01074,5.6,Public
M00789_P01082,0.0,Private
M00790_P00391,0.0,Private
M00790_P00399,6.0,Private
M00790_P00410,0.0,Private
M00790_P00416,0.0,Private
M00790_P01223,0.0,Public
M00790_P01234,7.3,Private
M00790_P01236,0.0,Private
M00790_P01241,0.0,Private
M00790_P01242,6.2,Public
M00791_P00266,0.0,Private
M00791_P00271,0.0,Private
M00791_P00278,6.8,Private
M00791_P00286,0.0,Public
M00791_P00922,7.0,Public
M00791_P00927,6.1,Private
M00791_P00931,6.0,Public
M00791_P00935,5.8,Private
M00792_P00368,4.9,Public
M00792_P00372,8.0,Private
M00792_P00378,0.0,Private
M00792_P00382,0.0,Private
M00792_P00383,0.0,Private
M00792_P00761,6.9,Private
M00792_P00772,5.7,Public
M00793_P00287,0.0,Public
M00793_P00290,0.0,Private
M00793_P00291,5.5,Private
M00793_P00295,7.6,Private
M00793_P00297,0.0,Private
M00793_P00298,6.0,Private
M00793_P00299,0.0,Private
M00793_P00304,6.2,Public
M00793_P00307,5.9,Private
M00793_P00309,0.0,Private
M00793_P00310,5.0,Private
M00793_P01070,6.6,Private
M00793_P01074,7.0,Private
M00793_P01082,0.0,Private
M00794_P00032,7.1,Private
M00794_P00044,7.2,Public
M00794_P00045,0.0,Public
M00794_P00050,0.0,Private
M00794_P00052,6.2,Private
M00794_P00655,0.0,Private
M00794_P00662,0.0,Public
M00794_P00666,0.0,Public
M00794_P00668,6.3,Private
M00794_P00669,0.0,Private
M00794_P00673,0.0,Private
M00794_P00674,6.1,Private
M00795_P00732,6.0,Public
M00795_P00738,5.5,Private
M00795_P00742,6.4,Private
M00795_P00744,6.5,Public
M00795_P00747,0.0,Private
M00795_P00753,5.9,Public
M00795_P00991,0.0,Public
M00795_P00993,5.6,Public
M00795_P00997,0.0,Public
M00795_P01000,6.1,Private
M00795_P01010,5.5,Private
M00796_P00011,5.6,Private
M00796_P00024,6.7,Private
M00796_P01201,6.0,Public
M00796_P01209,5.6,Public
M00796_P01210,0.0,Private
M00796_P01211,0.0,Private
M00796_P01214,6.2,Public
M00797_P00443,0.0,Private
M00797_P00448,0.0,Private
M00797_P00452,6.3,Private
M00797_P00462,4.9,Private
M00797_P00463,6.2,Public
M00797_P00465,7.3,Private
M00797_P00468,7.1,Public
M00797_P01201,6.0,Private
M00797_P01209,6.1,Public
M00797_P01210,6.1,Private
M00797_P01211,6.8,Public
M00797_P01214,6.6,Private
M00798_P00157,0.0,Private
M00798_P00159,6.4,Private
M00798_P00164,5.3,Private
M00798_P00169,0.0,Private
M00798_P00171,7.1,Private
M00798_P00175,0.0,Private
M00798_P00940,4.9,Private
M00798_P00948,0.0,Private
M00798_P00950,0.0,Private
M00798_P00951,5.9,Private
M00798_P00959,6.3,Private
M00798_P00962,0.0,Private
M00799_P00529,0.0,Private
M00799_P00535,6.1,Private
M00799_P00536,5.7,Public
M00799_P00542,6.4,Private
M00799_P00543,6.8,Private
M00799_P00611,6.6,Private
M00799_P00618,0.0,Private
M00799_P00619,0.0,Public
M00799_P00622,5.8,Private
M00800_P00185,0.0,Private
M00800_P00193,5.1,Private
M00800_P00197,0.0,Public
M00800_P00199,6.3,Private
M00800_P00200,5.4,Private
M00800_P00443,0.0,Public
M00800_P00448,6.0,Private
M00800_P00452,0.0,Public
M00800_P00462,5.9,Private
M00800_P00463,6.5,Public
M00800_P00465,0.0,Public
M00800_P00468,6.0,Private
M00801_P00863,6.3,Public
M00801_P00880,6.1,Public
M00801_P00882,0.0,Private
M00801_P01070,0.0,Private
M00801_P01074,6.9,Private
M00801_P01082,5.3,Private
M00802_P00655,5.5,Private
M00802_P00662,6.1,Private
M00802_P00666,0.0,Public
M00802_P00668,0.0,Public
M00802_P00669,6.0,Private
M00802_P00673,6.0,Private
M00802_P00674,5.5,Private
M00802_P01020,6.3,Private
M00802_P01034,6.0,Private
M00802_P01037,5.1,Public
M00802_P01038,5.8,Public
M00803_P00574,0.0,Private
M00803_P00579,0.0,Private
M00803_P00582,6.0,Private
M00803_P00584,0.0,Public
M00803_P00586,0.0,Private
M00803_P00590,6.8,Private
M00803_P00611,6.5,Public
M00803_P00618,0.0,Private
M00803_P00619,5.5,Private
M00803_P00622,6.5,Private
M00804_P01120,5.5,Private
M00804_P01201,0.0,Public
M00804_P01209,5.8,Private
M00804_P01210,6.5,Public
M00804_P01211,6.5,Private
M00804_P01214,6.7,Private
M00805_P00209,0.0,Private
M00805_P00210,6.7,Private
M00805_P00211,0.0,Private
M00805_P00219,6.0,Private
M00805_P00221,0.0,Private
M00805_P00222,0.0,Private
M00805_P00232,0.0,Private
M00805_P00234,0.0,Private
M00805_P01120,6.5,Private
M00806_P00391,0.0,Private
M00806_P00399,6.6,Private
M00806_P00410,0.0,Public
M00806_P00416,7.5,Public
M00806_P00529,0.0,Public
M00806_P00535,6.7,Private
M00806_P00536,5.8,Private
M00806_P00542,0.0,Private
M00806_P00543,6.0,Private
M00807_P00611,0.0,Private
M00807_P00618,0.0,Private
M00807_P00619,0.0,Public
M00807_P00622,5.7,Public
M00807_P01177,5.9,Private
M00807_P01182,5.8,Private
M00807_P01184,6.4,Private
M00807_P01193,0.0,Public
M00807_P01196,6.6,Private
M00808_P00678,0.0,Public
M00808_P00679,6.8,Public
M00808_P00680,0.0,Public
M00808_P00681,5.3,Public
M00808_P00683,6.3,Private
M00808_P00694,5.7,Public
M00808_P01020,0.0,Private
M00808_P01034,5.2,Private
M00808_P01037,0.0,Public
M00808_P01038,0.0,Public
M00809_P00287,0.0,Private
M00809_P00290,5.2,Public
M00809_P00291,5.7,Private
M00809_P00295,0.0,Private
M00809_P00297,0.0,Public
M00809_P00298,6.9,Private
M00809_P00299,5.0,Public
M00809_P00304,5.9,Private
M00809_P00307,7.3,Private
M00809_P00309,0.0,Public
M00809_P00310,6.2,Public
M00809_P00705,0.0,Private
M00809_P00707,5.1,Private
M00809_P00716,0.0,Public
M00809_P00718,7.9,Private
M00809_P00724,6.0,Private
M00809_P00728,0.0,Private
M00810_P00266,0.0,Public
M00810_P00271,0.0,Private
M00810_P00278,7.4,Private
M00810_P00286,6.8,Public
M00810_P00922,6.9,Private
M00810_P00927,5.9,Private
M00810_P00931,4.8,Private
M00810_P00935,0.0,Public
M00811_P00209,0.0,Private
M00811_P00210,0.0,Private
M00811_P00211,5.4,Private
M00811_P00219,0.0,Private
M00811_P00221,6.3,Private
M00811_P00222,5.5,Private
M00811_P00232,6.7,Public
M00811_P00234,7.0,Private
M00811_P00313,0.0,Private
M00811_P00324,6.2,Public
M00811_P00329,6.0,Private
M00811_P00333,6.4,Private
M00811_P00334,6.4,Public
M00812_P00079,6.8,Public
M00812_P00082,5.4,Public
M00812_P00087,6.6,Public
M00812_P00097,7.0,Private
M00812_P00102,5.7,Public
M00812_P01020,0.0,Private
M00812_P01034,0.0,Private
M00812_P01037,5.7,Public
M00812_P01038,6.1,Private
M00813_P00209,0.0,Private
M00813_P00210,6.6,Private
M00813_P00211,0.0,Public
M00813_P00219,0.0,Public
M00813_P00221,6.4,Private
M00813_P00222,6.5,Private
M00813_P00232,6.0,Private
M00813_P00234,0.0,Private
M00813_P00807,0.0,Public
M00813_P00812,0.0,Private
M00813_P00819,6.1,Public
M00813_P00826,6.7,Public
M00813_P00827,0.0,Private
M00814_P00835,0.0,Public
M00814_P00840,0.0,Private
M00814_P00844,0.0,Private
M00814_P00847,5.3,Public
M00814_P00848,6.9,Private
M00814_P00856,0.0,Private
M00814_P00922,0.0,Private
M00814_P00927,6.9,Public
M00814_P00931,0.0,Private
M00814_P00935,6.2,Private
M00815_P00678,0.0,Private
M00815_P00679,6.8,Public
M00815_P00680,0.0,Private
M00815_P00681,5.9,Public
M00815_P00683,0.0,Private
M00815_P00694,6.6,Public
M00815_P01146,7.3,Private
M00815_P01157,0.0,Private
M00815_P01166,0.0,Public
M00815_P01169,4.5,Public
M00816_P00732,6.1,Private
M00816_P00738,5.4,Private
M00816_P00742,5.9,Private
M00816_P00744,6.5,Private
M00816_P00747,0.0,Public
M00816_P00753,0.0,Private
M00816_P01177,6.0,Private
M00816_P01182,5.6,Private
M00816_P01184,0.0,Private
M00816_P01193,0.0,Private
M00816_P01196,5.1,Private
M00817_P00136,7.6,Public
M00817_P00141,6.9,Private
M00817_P00148,0.0,Private
M00817_P00156,6.4,Public
M00817_P00965,6.4,Private
M00817_P00966,0.0,Private
M00817_P00975,6.7,Private
M00817_P00978,7.0,Private
M00817_P00980,0.0,Private
M00817_P00986,0.0,Public
M00818_P00055,0.0,Private
M00818_P00057,0.0,Private
M00818_P00059,0.0,Private
M00818_P00064,6.6,Private
M00818_P00066,7.2,Public
M00818_P00071,6.1,Private
M00818_P00077,5.9,Private
M00818_P00478,5.4,Private
M00818_P00479,0.0,Private
M00818_P00486,0.0,Private
M00818_P00491,6.0,Private
M00819_P00478,6.6,Private
M00819_P00479,0.0,Private
M00819_P00486,0.0,Private
M00819_P00491,5.6,Private
M00819_P00888,0.0,Private
M00819_P00889,5.3,Private
M00819_P00893,5.7,Public
M00819_P00894,7.2,Private
M00819_P00895,5.4,Public
M00819_P00901,6.9,Private
M00819_P00909,6.5,Private
M00820_P00807,0.0,Private
M00820_P00812,7.4,Private
M00820_P00819,6.5,Public
M00820_P00826,6.6,Private
M00820_P00827,0.0,Private
M00820_P00940,5.2,Private
M00820_P00948,6.5,Public
M00820_P00950,0.0,Private
M00820_P00951,7.1,Private
M00820_P00959,0.0,Private
M00820_P00962,7.2,Private
M00821_P00185,5.2,Private
M00821_P00193,7.4,Private
M00821_P00197,4.4,Private
M00821_P00199,0.0,Private
M00821_P00200,0.0,Public
M00821_P00940,0.0,Private
M00821_P00948,0.0,Private
M00821_P00950,7.1,Public
M00821_P00951,0.0,Public
M00821_P00959,6.0,Private
M00821_P00962,6.9,Public
M00822_P00055,0.0,Private
M00822_P00057,6.5,Public
M00822_P00059,5.9,Private
M00822_P00064,5.1,Public
M00822_P00066,7.9,Public
M00822_P00071,7.2,Private
M00822_P00077,6.8,Private
M00822_P00888,6.2,Public
M00822_P00889,6.2,Private
M00822_P00893,7.0,Private
M00822_P00894,0.0,Private
M00822_P00895,6.8,Private
M00822_P00901,6.6,Private
M00822_P00909,6.5,Private
M00823_P00345,0.0,Private
M00823_P00347,6.6,Public
M00823_P00351,6.2,Private
M00823_P00353,0.0,Private
M00823_P00359,6.9,Private
M00823_P00362,6.3,Private
M00823_P00888,0.0,Private
M00823_P00889,5.5,Private
M00823_P00893,4.9,Private
M00823_P00894,7.0,Private
M00823_P00895,0.0,Private
M00823_P00901,7.5,Private
M00823_P00909,0.0,Private
M00824_P01070,5.7,Public
M00824_P01074,5.8,Private
M00824_P01082,4.8,Private
M00824_P01223,0.0,Private
M00824_P01234,6.8,Public
M00824_P01236,6.8,Private
M00824_P01241,0.0,Private
M00824_P01242,0.0,Private
M00825_P00055,4.9,Private
M00825_P00057,0.0,Private
M00825_P00059,0.0,Public
M00825_P00064,0.0,Public
M00825_P00066,7.8,Private
M00825_P00071,0.0,Private
M00825_P00077,6.7,Public
M00825_P00515,0.0,Public
M00826_P00136,6.6,Public
M00826_P00141,8.2,Private
M00826_P00148,6.8,Public
M00826_P00156,0.0,Private
M00826_P00574,0.0,Private
M00826_P00579,6.4,Public
M00826_P00582,0.0,Private
M00826_P00584,4.8,Public
M00826_P00586,6.0,Private
M00826_P00590,6.3,Public
M00827_P00345,0.0,Private
M00827_P00347,6.1,Private
M00827_P00351,5.2,Public
M00827_P00353,0.0,Public
M00827_P00359,0.0,Private
M00827_P00362,5.2,Public
M00827_P00391,6.7,Private
M00827_P00399,5.6,Private
M00827_P00410,5.6,Private
M00827_P00416,5.9,Private
M00828_P01020,0.0,Private
M00828_P01034,0.0,Private
M00828_P01037,5.4,Private
M00828_P01038,0.0,Public
M00828_P01177,0.0,Public
M00828_P01182,0.0,Private
M00828_P01184,6.1,Private
M00828_P01193,5.9,Private
M00828_P01196,6.8,Public
M00829_P00266,0.0,Private
M00829_P00271,6.9,Public
M00829_P00278,0.0,Public
M00829_P00286,0.0,Private
M00829_P01041,0.0,Public
M00829_P01042,5.5,Private
M00829_P01048,0.0,Private
M00829_P01049,0.0,Private
M00829_P01051,5.2,Private
M00829_P01055,5.8,Public
M00829_P01063,0.0,Public
M00829_P01064,0.0,Private
M00830_P00079,0.0,Private
M00830_P00082,5.5,Private
M00830_P00087,0.0,Public
M00830_P00097,0.0,Private
M00830_P00102,6.7,Private
M00830_P00345,0.0,Private
M00830_P00347,0.0,Private
M00830_P00351,5.7,Public
M00830_P00353,0.0,Public
M00830_P00359,6.2,Private
M00830_P00362,0.0,Private
M00831_P00443,6.8,Public
M00831_P00448,0.0,Private
M00831_P00452,4.9,Public
M00831_P00462,5.9,Public
M00831_P00463,5.6,Private
M00831_P00465,0.0,Public
M00831_P00468,0.0,Private
M00831_P00888,0.0,Private
M00831_P00889,5.9,Public
M00831_P00893,0.0,Public
M00831_P00894,6.6,Private
M00831_P00895,6.6,Public
M00831_P00901,7.0,Private
M00831_P00909,0.0,Private
M00832_P00529,0.0,Private
M00832_P00535,6.2,Private
M00832_P00536,6.7,Public
M00832_P00542,0.0,Public
M00832_P00543,7.9,Public
M00832_P01201,6.3,Private
M00832_P01209,6.2,Private
M00832_P01210,0.0,Public
M00832_P01211,0.0,Public
M00832_P01214,5.3,Private
M00833_P00443,5.5,Private
M00833_P00448,5.3,Private
M00833_P00452,5.1,Private
M00833_P00462,5.4,Private
M00833_P00463,0.0,Private
M00833_P00465,6.3,Private
M00833_P00468,6.5,Private
M00833_P00940,5.4,Private
M00833_P00948,6.1,Public
M00833_P00950,6.2,Public
M00833_P00951,0.0,Private
M00833_P00959,5.6,Private
M00833_P00962,5.7,Private
M00834_P00209,6.7,Public
M00834_P00210,0.0,Private
M00834_P00211,0.0,Private
M00834_P00219,5.8,Public
M00834_P00221,6.1,Private
M00834_P00222,0.0,Private
M00834_P00232,5.7,Private
M00834_P00234,7.8,Private
M00834_P00705,6.2,Private
M00834_P00707,5.5,Private
M00834_P00716,0.0,Private
M00834_P00718,0.0,Private
M00834_P00724,5.4,Private
M00834_P00728,0.0,Private
M00835_P00209,0.0,Public
M00835_P00210,7.8,Private
M00835_P00211,0.0,Private
M00835_P00219,6.2,Private
M00835_P00221,7.4,Private
M00835_P00222,6.4,Public
M00835_P00232,6.1,Private
M00835_P00234,7.8,Public
M00835_P01070,5.5,Public
M00835_P01074,0.0,Private
M00835_P01082,6.3,Public
M00836_P00241,0.0,Private
M00836_P00244,6.0,Private
M00836_P00245,5.9,Private
M00836_P00248,0.0,Private
M00836_P00255,7.3,Public
M00836_P00260,7.1,Public
M00836_P00391,0.0,Private
M00836_P00399,0.0,Private
M00836_P00410,6.3,Private
M00836_P00416,6.8,Private
M00837_P00391,0.0,Public
M00837_P00399,7.5,Private
M00837_P00410,5.8,Private
M00837_P00416,6.0,Public
M00837_P01146,6.2,Public
M00837_P01157,5.4,Public
M00837_P01166,0.0,Public
M00837_P01169,4.9,Private
M00838_P00241,5.8,Public
M00838_P00244,6.3,Public
M00838_P00245,6.5,Public
M00838_P00248,0.0,Private
M00838_P00255,0.0,Private
M00838_P00260,7.3,Public
M00838_P00965,0.0,Private
M00838_P00966,5.5,Public
M00838_P00975,6.9,Private
M00838_P00978,0.0,Public
M00838_P00980,6.0,Private
M00838_P00986,0.0,Private
M00839_P00678,0.0,Private
M00839_P00679,7.2,Public
M00839_P00680,0.0,Private
M00839_P00681,0.0,Private
M00839_P00683,5.6,Public
M00839_P00694,6.9,Private
M00839_P01041,0.0,Public
M00839_P01042,0.0,Public
M00839_P01048,0.0,Public
M00839_P01049,6.6,Private
M00839_P01051,6.2,Private
M00839_P01055,6.9,Private
M00839_P01063,0.0,Public
M00839_P01064,0.0,Private
M00840_P00108,5.5,Public
M00840_P00110,5.7,Private
M00840_P00114,7.7,Private
M00840_P00124,6.6,Public
M00840_P00129,6.2,Private
M00840_P01070,6.5,Private
M00840_P01074,6.0,Private
M00840_P01082,5.3,Private
M00841_P00655,5.6,Private
M00841_P00662,0.0,Private
M00841_P00666,0.0,Private
M00841_P00668,6.5,Public
M00841_P00669,5.8,Private
M00841_P00673,7.5,Private
M00841_P00674,6.3,Public
M00841_P00863,0.0,Public
M00841_P00880,7.2,Private
M00841_P00882,0.0,Private
M00842_P00611,0.0,Private
M00842_P00618,0.0,Public
M00842_P00619,6.8,Private
M00842_P00622,0.0,Public
M00842_P01146,6.9,Private
M00842_P01157,0.0,Private
M00842_P01166,6.8,Public
M00842_P01169,0.0,Private
M00843_P00529,0.0,Private
M00843_P00535,6.0,Private
M00843_P00536,5.8,Private
M00843_P00542,5.7,Private
M00843_P00543,7.0,Private
M00843_P00991,8.1,Public
M00843_P00993,4.3,Public
M00843_P00997,0.0,Public
M00843_P01000,5.8,Private
M00843_P01010,6.1,Private
M00844_P00761,6.4,Private
M00844_P00772,0.0,Private
M00844_P01201,6.6,Private
M00844_P01209,5.9,Private
M00844_P01210,6.1,Private
M00844_P01211,0.0,Private
M00844_P01214,5.7,Private
M00845_P00108,6.4,Public
M00845_P00110,6.2,Private
M00845_P00114,6.9,Public
M00845_P00124,6.6,Public
M00845_P00129,6.9,Private
M00845_P00922,5.5,Private
M00845_P00927,6.6,Private
M00845_P00931,6.2,Private
M00845_P00935,6.3,Private
M00846_P00345,5.2,Public
M00846_P00347,6.7,Private
M00846_P00351,6.2,Private
M00846_P00353,6.8,Private
M00846_P00359,5.9,Private
M00846_P00362,6.3,Private
M00846_P00705,6.4,Public
M00846_P00707,0.0,Private
M00846_P00716,0.0,Private
M00846_P00718,0.0,Private
M00846_P00724,0.0,Public
M00846_P00728,7.1,Private
M00847_P00478,5.7,Private
M00847_P00479,7.6,Public
M00847_P00486,0.0,Private
M00847_P00491,6.1,Public
M00847_P00529,0.0,Private
M00847_P00535,0.0,Private
M00847_P00536,0.0,Private
M00847_P00542,0.0,Private
M00847_P00543,6.4,Public
M00848_P00807,5.1,Private
M00848_P00812,8.1,Private
M00848_P00819,0.0,Public
M00848_P00826,0.0,Private
M00848_P00827,7.5,Private
M00848_P00940,5.3,Public
M00848_P00948,5.5,Public
M00848_P00950,6.5,Public
M00848_P00951,6.3,Private
M00848_P00959,0.0,Private
M00848_P00962,7.2,Private
M00849_P00079,7.5,Private
M00849_P00082,0.0,Private
M00849_P00087,6.6,Private
M00849_P00097,6.2,Public
M00849_P00102,0.0,Private
M00849_P01120,6.4,Private
M00850_P00761,7.6,Private
M00850_P00772,0.0,Private
M00850_P01041,0.0,Private
M00850_P01042,0.0,Private
M00850_P01048,5.8,Public
M00850_P01049,7.8,Private
M00850_P01051,0.0,Public
M00850_P01055,5.7,Private
M00850_P01063,0.0,Public
M00850_P01064,5.5,Public
M00851_P00266,6.9,Private
M00851_P00271,5.1,Private
M00851_P00278,7.7,Public
M00851_P00286,6.6,Private
M00851_P00761,5.9,Private
M00851_P00772,5.4,Public
M00852_P00313,0.0,Private
M00852_P00324,0.0,Private
M00852_P00329,6.7,Private
M00852_P00333,0.0,Private
M00852_P00334,0.0,Private
M00852_P00705,5.4,Private
M00852_P00707,5.7,Public
M00852_P00716,5.8,Public
M00852_P00718,7.7,Private
M00852_P00724,0.0,Private
M00852_P00728,6.4,Private
M00853_P00515,5.2,Public
M00853_P01070,6.4,Public
M00853_P01074,5.8,Private
M00853_P01082,7.3,Private
M00854_P00136,6.5,Public
M00854_P00141,7.9,Private
M00854_P00148,0.0,Private
M00854_P00156,6.1,Private
M00854_P01099,6.1,Private
M00854_P01107,0.0,Private
M00854_P01108,6.3,Private
M00854_P01109,5.3,Private
M00854_P01114,7.1,Private
M00854_P01118,0.0,Private
M00855_P00136,6.7,Private
M00855_P00141,7.6,Private
M00855_P00148,6.8,Private
M00855_P00156,0.0,Private
M00855_P00625,0.0,Private
M00855_P00630,6.5,Public
M00855_P00632,5.3,Public
M00855_P00635,0.0,Private
M00855_P00644,6.4,Private
M00855_P00645,0.0,Private
M00855_P00650,6.2,Private
M00856_P00079,0.0,Private
M00856_P00082,5.2,Private
M00856_P00087,7.3,Public
M00856_P00097,6.6,Private
M00856_P00102,5.6,Private
M00856_P00678,5.7,Public
M00856_P00679,0.0,Private
M00856_P00680,0.0,Private
M00856_P00681,6.4,Public
M00856_P00683,0.0,Public
M00856_P00694,6.3,Private
M00857_P01146,7.4,Private
M00857_P01157,5.0,Public
M00857_P01166,6.0,Public
M00857_P01169,7.1,Private
M00857_P01201,0.0,Private
M00857_P01209,0.0,Private
M00857_P01210,0.0,Public
M00857_P01211,0.0,Private
M00857_P01214,0.0,Private
M00858_P00705,0.0,Private
M00858_P00707,6.2,Private
M00858_P00716,0.0,Private
M00858_P00718,0.0,Private
M00858_P00724,0.0,Private
M00858_P00728,5.7,Private
M00858_P01099,0.0,Private
M00858_P01107,0.0,Private
M00858_P01108,6.6,Private
M00858_P01109,0.0,Public
M00858_P01114,6.6,Private
M00858_P01118,0.0,Public
M00859_P00011,0.0,Private
M00859_P00024,0.0,Public
M00859_P00368,0.0,Private
M00859_P00372,0.0,Private
M00859_P00378,5.7,Private
M00859_P00382,5.1,Private
M00859_P00383,0.0,Private
M00860_P00209,6.4,Private
M00860_P00210,0.0,Private
M00860_P00211,0.0,Public
M00860_P00219,6.3,Private
M00860_P00221,0.0,Private
M00860_P00222,5.9,Public
M00860_P00232,5.4,Private
M00860_P00234,0.0,Private
M00860_P00991,7.2,Private
M00860_P00993,0.0,Private
M00860_P00997,6.4,Private
M00860_P01000,5.8,Public
M00860_P01010,0.0,Public
M00861_P00011,0.0,Private
M00861_P00024,0.0,Public
M00861_P00032,0.0,Public
M00861_P00044,7.8,Private
M00861_P00045,0.0,Private
M00861_P00050,0.0,Private
M00861_P00052,6.5,Private
M00862_P00185,0.0,Private
M00862_P00193,6.1,Private
M00862_P00197,5.6,Private
M00862_P00199,5.9,Private
M00862_P00200,5.7,Private
M00862_P00732,0.0,Private
M00862_P00738,5.0,Public
M00862_P00742,0.0,Private
M00862_P00744,6.2,Private
M00862_P00747,0.0,Private
M00862_P00753,6.0,Private
M00863_P00108,0.0,Private
M00863_P00110,5.3,Public
M00863_P00114,7.5,Public
M00863_P00124,0.0,Private
M00863_P00129,5.6,Private
M00863_P00782,0.0,Public
M00863_P00786,0.0,Private
M00863_P00788,0.0,Public
M00863_P00797,6.0,Private
M00863_P00803,0.0,Public
M00864_P00136,7.0,Private
M00864_P00141,0.0,Private
M00864_P00148,6.7,Private
M00864_P00156,0.0,Private
M00864_P01223,0.0,Private
M00864_P01234,0.0,Private
M00864_P01236,0.0,Private
M00864_P01241,5.9,Private
M00864_P01242,6.7,Private
M00865_P00529,0.0,Private
M00865_P00535,0.0,Private
M00865_P00536,5.2,Public
M00865_P00542,6.2,Private
M00865_P00543,6.6,Public
M00865_P00625,6.6,Public
M00865_P00630,0.0,Public
M00865_P00632,6.5,Public
M00865_P00635,5.5,Public
M00865_P00644,0.0,Private
M00865_P00645,0.0,Public
M00865_P00650,6.7,Private
M00866_P00209,0.0,Public
M00866_P00210,7.9,Private
M00866_P00211,0.0,Private
M00866_P00219,5.8,Private
M00866_P00221,5.6,Private
M00866_P00222,0.0,Private
M00866_P00232,0.0,Private
M00866_P00234,8.1,Public
M00866_P00625,0.0,Private
M00866_P00630,4.5,Private
M00866_P00632,6.0,Private
M00866_P00635,0.0,Private
M00866_P00644,0.0,Private
M00866_P00645,6.8,Private
M00866_P00650,0.0,Private
M00867_P00108,0.0,Private
M00867_P00110,6.3,Public
M00867_P00114,6.5,Private
M00867_P00124,6.9,Private
M00867_P00129,6.0,Public
M00867_P00888,6.0,Public
M00867_P00889,0.0,Private
M00867_P00893,5.4,Private
M00867_P00894,6.3,Public
M00867_P00895,6.6,Private
M00867_P00901,0.0,Public
M00867_P00909,0.0,Private
M00868_P01020,0.0,Private
M00868_P01034,5.0,Private
M00868_P01037,0.0,Private
M00868_P01038,6.4,Private
M00868_P01099,0.0,Private
M00868_P01107,6.9,Public
M00868_P01108,0.0,Private
M00868_P01109,7.3,Private
M00868_P01114,5.2,Private
M00868_P01118,0.0,Private
M00869_P00574,0.0,Public
M00869_P00579,6.5,Public
M00869_P00582,6.7,Public
M00869_P00584,6.4,Private
M00869_P00586,5.2,Private
M00869_P00590,6.6,Private
M00869_P01223,0.0,Private
M00869_P01234,0.0,Private
M00869_P01236,6.0,Private
M00869_P01241,6.7,Public
M00869_P01242,5.2,Private
M00870_P00678,0.0,Public
M00870_P00679,7.4,Public
M00870_P00680,6.8,Private
M00870_P00681,5.2,Private
M00870_P00683,0.0,Private
M00870_P00694,0.0,Private
M00870_P01041,0.0,Private
M00870_P01042,6.9,Private
M00870_P01048,0.0,Private
M00870_P01049,6.4,Private
M00870_P01051,0.0,Private
M00870_P01055,0.0,Public
M00870_P01063,5.5,Private
M00870_P01064,5.6,Private
M00871_P00136,6.3,Private
M00871_P00141,6.7,Private
M00871_P00148,5.5,Private
M00871_P00156,6.5,Public
M00871_P00345,0.0,Private
M00871_P00347,0.0,Private
M00871_P00351,0.0,Public
M00871_P00353,0.0,Private
M00871_P00359,7.1,Private
M00871_P00362,0.0,Public
M00872_P00185,0.0,Private
M00872_P00193,0.0,Private
M00872_P00197,6.2,Private
M00872_P00199,0.0,Private
M00872_P00200,6.6,Public
M00872_P00991,7.1,Public
M00872_P00993,0.0,Private
M00872_P00997,5.2,Private
M00872_P01000,6.4,Private
M00872_P01010,5.8,Private
M00873_P00574,0.0,Private
M00873_P00579,0.0,Private
M00873_P00582,0.0,Public
M00873_P00584,6.2,Public
M00873_P00586,6.4,Public
M00873_P00590,7.0,Private
M00873_P00732,6.0,Public
M00873_P00738,6.0,Private
M00873_P00742,0.0,Private
M00873_P00744,6.2,Private
M00873_P00747,7.4,Private
M00873_P00753,7.1,Private
M00874_P00391,0.0,Private
M00874_P00399,0.0,Private
M00874_P00410,0.0,Private
M00874_P00416,6.3,Private
M00874_P00478,5.1,Private
M00874_P00479,0.0,Private
M00874_P00486,6.3,Private
M00874_P00491,0.0,Private
M00875_P00391,0.0,Private
M00875_P00399,0.0,Private
M00875_P00410,6.7,Private
M00875_P00416,0.0,Private
M00875_P00940,6.4,Private
M00875_P00948,0.0,Private
M00875_P00950,7.0,Private
M00875_P00951,5.8,Private
M00875_P00959,6.1,Public
M00875_P00962,0.0,Private
M00876_P00032,6.6,Private
M00876_P00044,5.8,Public
M00876_P00045,7.1,Private
M00876_P00050,0.0,Private
M00876_P00052,0.0,Private
M00876_P01146,0.0,Private
M00876_P01157,5.9,Private
M00876_P01166,0.0,Private
M00876_P01169,7.2,Private
M00877_P00345,0.0,Public
M00877_P00347,0.0,Private
M00877_P00351,6.0,Private
M00877_P00353,5.7,Private
M00877_P00359,0.0,Private
M00877_P00362,0.0,Private
M00877_P00888,0.0,Private
M00877_P00889,6.0,Private
M00877_P00893,5.7,Private
M00877_P00894,6.4,Private
M00877_P00895,0.0,Private
M00877_P00901,6.1,Public
M00877_P00909,0.0,Private
M00878_P00655,6.1,Public
M00878_P00662,0.0,Public
M00878_P00666,0.0,Private
M00878_P00668,5.5,Private
M00878_P00669,6.0,Private
M00878_P00673,0.0,Private
M00878_P00674,0.0,Private
M00878_P01223,5.0,Private
M00878_P01234,0.0,Private
M00878_P01236,0.0,Private
M00878_P01241,6.6,Private
M00878_P01242,6.4,Private
M00879_P00391,0.0,Private
M00879_P00399,0.0,Public
M00879_P00410,0.0,Public
M00879_P00416,6.5,Public
M00879_P00835,0.0,Public
M00879_P00840,5.8,Private
M00879_P00844,5.6,Public
M00879_P00847,5.0,Public
M00879_P00848,6.0,Public
M00879_P00856,6.8,Public
M00880_P00391,5.1,Public
M00880_P00399,0.0,Private
M00880_P00410,6.6,Private
M00880_P00416,0.0,Public
M00880_P00835,0.0,Private
M00880_P00840,0.0,Private
M00880_P00844,6.0,Public
M00880_P00847,5.3,Private
M00880_P00848,0.0,Private
M00880_P00856,0.0,Private
M00881_P00011,0.0,Private
M00881_P00024,6.8,Public
M00881_P00863,0.0,Private
M00881_P00880,5.8,Private
M00881_P00882,0.0,Private
M00882_P00209,0.0,Public
M00882_P00210,6.8,Private
M00882_P00211,0.0,Private
M00882_P00219,5.9,Private
M00882_P00221,5.7,Public
M00882_P00222,6.7,Private
M00882_P00232,0.0,Private
M00882_P00234,6.9,Private
M00882_P00655,0.0,Private
M00882_P00662,6.5,Private
M00882_P00666,7.1,Private
M00882_P00668,0.0,Private
M00882_P00669,6.3,Private
M00882_P00673,7.1,Private
M00882_P00674,5.4,Public
M00883_P00611,6.5,Private
M00883_P00618,6.9,Private
M00883_P00619,0.0,Private
M00883_P00622,6.2,Private
M00883_P00922,6.1,Private
M00883_P00927,0.0,Private
M00883_P00931,5.2,Public
M00883_P00935,6.7,Private
M00884_P00108,6.1,Public
M00884_P00110,0.0,Private
M00884_P00114,6.5,Private
M00884_P00124,0.0,Private
M00884_P00129,6.0,Private
M00884_P00782,0.0,Public
M00884_P00786,0.0,Public
M00884_P00788,7.0,Private
M00884_P00797,0.0,Private
M00884_P00803,7.5,Public
M00885_P00011,6.0,Private
M00885_P00024,5.4,Private
M00885_P00443,0.0,Private
M00885_P00448,0.0,Private
M00885_P00452,0.0,Private
M00885_P00462,6.2,Private
M00885_P00463,0.0,Private
M00885_P00465,0.0,Public
M00885_P00468,0.0,Private
M00886_P00079,0.0,Private
M00886_P00082,0.0,Private
M00886_P00087,6.9,Private
M00886_P00097,5.4,Public
M00886_P00102,5.4,Public
M00886_P00678,6.0,Private
M00886_P00679,0.0,Private
M00886_P00680,6.3,Private
M00886_P00681,0.0,Private
M00886_P00683,0.0,Private
M00886_P00694,0.0,Private
M00887_P01041,0.0,Private
M00887_P01042,4.3,Private
M00887_P01048,6.4,Private
M00887_P01049,7.7,Private
M00887_P01051,0.0,Public
M00887_P01055,5.6,Private
M00887_P01063,0.0,Public
M00887_P01064,6.6,Private
M00887_P01201,0.0,Public
M00887_P01209,6.2,Private
M00887_P01210,0.0,Private
M00887_P01211,6.4,Private
M00887_P01214,6.1,Public
M00888_P00705,0.0,Public
M00888_P00707,6.1,Private
M00888_P00716,0.0,Public
M00888_P00718,6.4,Private
M00888_P00724,6.6,Private
M00888_P00728,7.0,Private
M00888_P01177,5.3,Private
M00888_P01182,0.0,Private
M00888_P01184,0.0,Public
M00888_P01193,6.1,Public
M00888_P01196,0.0,Public
M00889_P00888,0.0,Public
M00889_P00889,0.0,Public
M00889_P00893,5.7,Private
M00889_P00894,6.9,Private
M00889_P00895,6.6,Private
M00889_P00901,5.7,Private
M00889_P00909,5.5,Private
M00889_P01041,0.0,Private
M00889_P01042,0.0,Public
M00889_P01048,0.0,Private
M00889_P01049,0.0,Public
M00889_P01051,6.8,Public
M00889_P01055,0.0,Private
M00889_P01063,7.3,Private
M00889_P01064,0.0,Private
M00890_P00136,7.3,Public
M00890_P00141,6.2,Private
M00890_P00148,5.2,Private
M00890_P00156,6.1,Private
M00890_P00443,0.0,Private
M00890_P00448,0.0,Private
M00890_P00452,6.7,Public
M00890_P00462,0.0,Private
M00890_P00463,6.3,Private
M00890_P00465,5.7,Private
M00890_P00468,5.2,Private
M00891_P00345,0.0,Private
M00891_P00347,0.0,Private
M00891_P00351,5.9,Private
M00891_P00353,6.6,Private
M00891_P00359,7.0,Private
M00891_P00362,0.0,Public
M00891_P00835,7.3,Public
M00891_P00840,0.0,Private
M00891_P00844,5.5,Private
M00891_P00847,6.2,Private
M00891_P00848,0.0,Private
M00891_P00856,6.3,Public
M00892_P00655,6.5,Public
M00892_P00662,6.3,Private
M00892_P00666,6.5,Public
M00892_P00668,6.5,Private
M00892_P00669,7.8,Public
M00892_P00673,6.0,Private
M00892_P00674,0.0,Private
M00892_P00991,0.0,Private
M00892_P00993,0.0,Private
M00892_P00997,0.0,Public
M00892_P01000,6.3,Private
M00892_P01010,0.0,Private
M00893_P00515,0.0,Private
M00893_P01177,5.2,Private
M00893_P01182,4.5,Public
M00893_P01184,0.0,Private
M00893_P01193,0.0,Private
M00893_P01196,6.8,Private
M00894_P00079,0.0,Public
M00894_P00082,5.6,Private
M00894_P00087,5.9,Private
M00894_P00097,6.3,Public
M00894_P00102,0.0,Private
M00894_P00423,7.5,Private
M00894_P00424,6.5,Private
M00894_P00425,0.0,Private
M00894_P00426,6.9,Private
M00894_P00431,5.7,Private
M00894_P00436,0.0,Private
M00894_P00440,5.9,Public
M00895_P00185,0.0,Private
M00895_P00193,0.0,Private
M00895_P00197,0.0,Private
M00895_P00199,6.9,Private
M00895_P00200,6.2,Private
M00895_P00782,0.0,Private
M00895_P00786,0.0,Private
M00895_P00788,0.0,Private
M00895_P00797,6.7,Public
M00895_P00803,6.6,Private
M00896_P00515,4.6,Private
M00896_P01120,0.0,Private
M00897_P00011,5.4,Private
M00897_P00024,0.0,Private
M00897_P00185,0.0,Public
M00897_P00193,6.6,Private
M00897_P00197,5.4,Private
M00897_P00199,7.1,Public
M00897_P00200,6.2,Public
M00898_P00011,0.0,Private
M00898_P00024,6.0,Private
M00898_P01146,8.2,Public
M00898_P01157,0.0,Private
M00898_P01166,6.4,Private
M00898_P01169,0.0,Private
M00899_P00574,5.1,Private
M00899_P00579,0.0,Private
M00899_P00582,6.3,Public
M00899_P00584,0.0,Public
M00899_P00586,5.0,Private
M00899_P00590,6.5,Private
M00899_P00888,0.0,Private
M00899_P00889,6.8,Private
M00899_P00893,0.0,Private
M00899_P00894,5.4,Private
M00899_P00895,6.2,Public
M00899_P00901,8.1,Public
M00899_P00909,0.0,Private
M00900_P00266,0.0,Public
M00900_P00271,0.0,Public
M00900_P00278,6.6,Private
M00900_P00286,0.0,Private
M00900_P00625,0.0,Private
M00900_P00630,0.0,Public
M00900_P00632,5.9,Public
M00900_P00635,5.2,Private
M00900_P00644,0.0,Private
M00900_P00645,0.0,Private
M00900_P00650,5.8,Private
M00901_P00185,0.0,Private
M00901_P00193,6.6,Private
M00901_P00197,6.5,Public
M00901_P00199,0.0,Private
M00901_P00200,6.1,Private
M00901_P01201,6.4,Private
M00901_P01209,4.0,Private
M00901_P01210,0.0,Public
M00901_P01211,0.0,Private
M00901_P01214,0.0,Private
M00902_P00549,5.4,Public
M00902_P00552,5.1,Public
M00902_P00554,0.0,Private
M00902_P00561,0.0,Private
M00902_P00562,0.0,Public
M00902_P00568,5.2,Private
M00902_P00732,6.4,Public
M00902_P00738,0.0,Private
M00902_P00742,0.0,Private
M00902_P00744,5.9,Public
M00902_P00747,6.9,Private
M00902_P00753,5.8,Public
M00903_P00423,7.2,Private
M00903_P00424,0.0,Public
M00903_P00425,6.7,Private
M00903_P00426,0.0,Public
M00903_P00431,0.0,Private
M00903_P00436,0.0,Private
M00903_P00440,6.1,Public
M00903_P01201,6.4,Private
M00903_P01209,0.0,Public
M00903_P01210,0.0,Private
M00903_P01211,0.0,Public
M00903_P01214,5.5,Private
M00904_P00761,0.0,Private
M00904_P00772,5.8,Private
M00904_P00807,0.0,Private
M00904_P00812,7.5,Private
M00904_P00819,5.2,Private
M00904_P00826,6.2,Private
M00904_P00827,0.0,Private
M00905_P00079,0.0,Public
M00905_P00082,0.0,Private
M00905_P00087,6.1,Private
M00905_P00097,6.3,Private
M00905_P00102,5.9,Private
M00905_P00835,5.0,Public
M00905_P00840,0.0,Private
M00905_P00844,6.2,Public
M00905_P00847,6.2,Public
M00905_P00848,5.6,Public
M00905_P00856,0.0,Private
M00906_P00266,6.2,Public
M00906_P00271,0.0,Public
M00906_P00278,7.6,Private
M00906_P00286,6.4,Public
M00906_P00611,4.7,Public
M00906_P00618,5.9,Public
M00906_P00619,0.0,Private
M00906_P00622,5.4,Private
M00907_P00940,0.0,Public
M00907_P00948,6.6,Private
M00907_P00950,0.0,Private
M00907_P00951,7.1,Private
M00907_P00959,0.0,Private
M00907_P00962,7.2,Private
M00907_P01146,0.0,Private
M00907_P01157,5.8,Public
M00907_P01166,6.5,Public
M00907_P01169,5.6,Private
M00908_P00368,6.6,Public
M00908_P00372,0.0,Private
M00908_P00378,0.0,Private
M00908_P00382,0.0,Private
M00908_P00383,6.0,Private
M00908_P00863,4.9,Private
M00908_P00880,6.2,Public
M00908_P00882,7.5,Private
M00909_P00011,0.0,Private
M00909_P00024,0.0,Private
M00909_P00423,6.5,Private
M00909_P00424,0.0,Private
M00909_P00425,0.0,Private
M00909_P00426,0.0,Private
M00909_P00431,6.0,Private
M00909_P00436,6.1,Private
M00909_P00440,6.6,Private
M00910_P00611,0.0,Private
M00910_P00618,0.0,Public
M00910_P00619,0.0,Private
M00910_P00622,0.0,Private
M00910_P00655,0.0,Private
M00910_P00662,6.4,Private
M00910_P00666,0.0,Public
M00910_P00668,0.0,Public
M00910_P00669,7.2,Public
M00910_P00673,6.2,Public
M00910_P00674,6.3,Private
M00911_P00055,0.0,Private
M00911_P00057,5.1,Private
M00911_P00059,6.1,Private
M00911_P00064,0.0,Public
M00911_P00066,7.1,Public
M00911_P00071,5.5,Public
M00911_P00077,0.0,Private
M00911_P00940,6.7,Private
M00911_P00948,0.0,Public
M00911_P00950,5.8,Private
M00911_P00951,6.9,Public
M00911_P00959,5.6,Private
M00911_P00962,7.3,Private
M00912_P00368,6.1,Private
M00912_P00372,6.6,Private
M00912_P00378,5.4,Private
M00912_P00382,6.1,Public
M00912_P00383,0.0,Private
M00912_P00549,5.4,Private
M00912_P00552,6.4,Private
M00912_P00554,6.4,Private
M00912_P00561,6.6,Private
M00912_P00562,5.1,Private
M00912_P00568,0.0,Public
M00913_P00529,6.0,Private
M00913_P00535,0.0,Public
M00913_P00536,5.6,Public
M00913_P00542,6.3,Private
M00913_P00543,0.0,Private
M00913_P01201,4.9,Public
M00913_P01209,6.7,Private
M00913_P01210,5.8,Private
M00913_P01211,0.0,Public
M00913_P01214,5.9,Private
M00914_P00611,0.0,Private
M00914_P00618,6.2,Private
M00914_P00619,6.4,Private
M00914_P00622,5.2,Private
M00914_P00940,5.7,Private
M00914_P00948,6.0,Private
M00914_P00950,6.9,Private
M00914_P00951,6.3,Public
M00914_P00959,6.5,Private
M00914_P00962,6.3,Private
M00915_P00287,0.0,Public
M00915_P00290,5.2,Private
M00915_P00291,0.0,Private
M00915_P00295,7.2,Public
M00915_P00297,0.0,Private
M00915_P00298,6.1,Private
M00915_P00299,5.6,Private
M00915_P00304,0.0,Private
M00915_P00307,0.0,Private
M00915_P00309,6.2,Private
M00915_P00310,6.1,Private
M00915_P00391,0.0,Public
M00915_P00399,0.0,Private
M00915_P00410,0.0,Public
M00915_P00416,6.9,Private
M00916_P00108,4.0,Private
M00916_P00110,6.0,Private
M00916_P00114,7.8,Private
M00916_P00124,6.1,Public
M00916_P00129,0.0,Public
M00916_P00655,0.0,Public
M00916_P00662,6.1,Private
M00916_P00666,6.1,Private
M00916_P00668,0.0,Public
M00916_P00669,0.0,Private
M00916_P00673,6.5,Private
M00916_P00674,0.0,Private
M00917_P00515,0.0,Private
M00917_P00549,0.0,Private
M00917_P00552,0.0,Public
M00917_P00554,0.0,Private
M00917_P00561,7.7,Private
M00917_P00562,6.3,Private
M00917_P00568,0.0,Private
M00918_P00011,5.9,Public
M00918_P00024,6.3,Private
M00918_P00625,6.2,Private
M00918_P00630,6.3,Private
M00918_P00632,6.9,Private
M00918_P00635,6.0,Private
M00918_P00644,7.2,Private
M00918_P00645,0.0,Private
M00918_P00650,6.3,Private
M00919_P00515,4.7,Private
M00919_P00940,5.4,Public
M00919_P00948,0.0,Public
M00919_P00950,0.0,Public
M00919_P00951,6.3,Private
M00919_P00959,0.0,Private
M00919_P00962,5.9,Private
M00920_P00611,6.5,Private
M00920_P00618,6.2,Public
M00920_P00619,0.0,Public
M00920_P00622,0.0,Public
M00920_P00761,5.7,Private
M00920_P00772,5.6,Public
M00921_P00313,0.0,Public
M00921_P00324,7.2,Private
M00921_P00329,6.3,Private
M00921_P00333,6.6,Public
M00921_P00334,0.0,Private
M00921_P01223,4.6,Private
M00921_P01234,6.1,Private
M00921_P01236,5.8,Private
M00921_P01241,0.0,Public
M00921_P01242,5.0,Private
M00922_P00011,0.0,Private
M00922_P00024,6.6,Public
M00922_P00241,5.1,Private
M00922_P00244,0.0,Private
M00922_P00245,6.2,Private
M00922_P00248,7.2,Public
M00922_P00255,0.0,Private
M00922_P00260,6.2,Public
M00923_P00368,4.6,Private
M00923_P00372,7.2,Public
M00923_P00378,5.8,Public
M00923_P00382,5.7,Private
M00923_P00383,6.4,Private
M00923_P00922,7.7,Private
M00923_P00927,6.0,Private
M00923_P00931,5.5,Public
M00923_P00935,0.0,Private
M00924_P00011,5.9,Private
M00924_P00024,6.1,Public
M00924_P00549,6.6,Private
M00924_P00552,0.0,Public
M00924_P00554,6.4,Private
M00924_P00561,7.3,Private
M00924_P00562,6.7,Private
M00924_P00568,0.0,Private
M00925_P01201,5.4,Private
M00925_P01209,6.3,Public
M00925_P01210,5.0,Private
M00925_P01211,6.2,Public
M00925_P01214,0.0,Private
M00925_P01223,5.9,Private
M00925_P01234,6.1,Private
M00925_P01236,5.7,Private
M00925_P01241,6.4,Private
M00925_P01242,6.6,Private
M00926_P00345,6.7,Public
M00926_P00347,6.1,Private
M00926_P00351,5.5,Public
M00926_P00353,0.0,Private
M00926_P00359,6.7,Public
M00926_P00362,5.9,Private
M00926_P00888,0.0,Public
M00926_P00889,5.6,Public
M00926_P00893,5.5,Private
M00926_P00894,0.0,Public
M00926_P00895,0.0,Private
M00926_P00901,0.0,Public
M00926_P00909,6.8,Private
M00927_P00079,7.2,Private
M00927_P00082,0.0,Private
M00927_P00087,0.0,Public
M00927_P00097,0.0,Private
M00927_P00102,0.0,Private
M00927_P00807,0.0,Private
M00927_P00812,0.0,Private
M00927_P00819,0.0,Private
M00927_P00826,6.8,Public
M00927_P00827,7.9,Public
M00928_P00055,0.0,Public
M00928_P00057,5.7,Public
M00928_P00059,5.9,Public
M00928_P00064,5.7,Private
M00928_P00066,6.8,Private
M00928_P00071,0.0,Private
M00928_P00077,5.9,Public
M00928_P00136,6.9,Private
M00928_P00141,7.6,Private
M00928_P00148,6.1,Private
M00928_P00156,0.0,Public
M00929_P00611,0.0,Public
M00929_P00618,0.0,Public
M00929_P00619,5.5,Private
M00929_P00622,0.0,Private
M00929_P01146,7.3,Public
M00929_P01157,6.9,Public
M00929_P01166,0.0,Private
M00929_P01169,6.1,Private
M00930_P00157,6.1,Private
M00930_P00159,0.0,Private
M00930_P00164,0.0,Private
M00930_P00169,0.0,Public
M00930_P00171,6.7,Private
M00930_P00175,0.0,Private
M00930_P00965,6.1,Private
M00930_P00966,0.0,Public
M00930_P00975,6.8,Private
M00930_P00978,0.0,Private
M00930_P00980,0.0,Private
M00930_P00986,0.0,Public
M00931_P00655,6.4,Private
M00931_P00662,6.1,Private
M00931_P00666,0.0,Private
M00931_P00668,0.0,Private
M00931_P00669,5.6,Public
M00931_P00673,6.1,Public
M00931_P00674,0.0,Private
M00931_P01041,0.0,Private
M00931_P01042,6.1,Private
M00931_P01048,6.0,Private
M00931_P01049,6.4,Private
M00931_P01051,6.4,Private
M00931_P01055,0.0,Private
M00931_P01063,5.4,Private
M00931_P01064,0.0,Public
M00932_P00705,0.0,Private
M00932_P00707,7.0,Private
M00932_P00716,7.3,Private
M00932_P00718,7.6,Private
M00932_P00724,0.0,Public
M00932_P00728,0.0,Private
M00932_P01120,4.7,Private
M00933_P00423,0.0,Private
M00933_P00424,6.2,Public
M00933_P00425,5.4,Public
M00933_P00426,5.0,Private
M00933_P00431,6.2,Private
M00933_P00436,5.8,Private
M00933_P00440,0.0,Public
M00933_P00478,4.9,Private
M00933_P00479,0.0,Public
M00933_P00486,5.9,Public
M00933_P00491,6.7,Private
M00934_P00529,0.0,Private
M00934_P00535,5.4,Public
M00934_P00536,0.0,Public
M00934_P00542,5.5,Public
M00934_P00543,0.0,Private
M00934_P01146,0.0,Private
M00934_P01157,5.5,Private
M00934_P01166,0.0,Private
M00934_P01169,6.1,Private
M00935_P00368,5.6,Public
M00935_P00372,0.0,Private
M00935_P00378,5.8,Private
M00935_P00382,0.0,Public
M00935_P00383,7.0,Public
M00935_P00443,0.0,Public
M00935_P00448,6.1,Public
M00935_P00452,6.6,Private
M00935_P00462,6.5,Private
M00935_P00463,6.7,Private
M00935_P00465,5.6,Private
M00935_P00468,5.9,Private
M00936_P00209,5.2,Private
M00936_P00210,0.0,Public
M00936_P00211,0.0,Private
M00936_P00219,4.8,Private
M00936_P00221,5.8,Public
M00936_P00222,6.6,Public
M00936_P00232,0.0,Private
M00936_P00234,8.6,Private
M00936_P00991,6.8,Public
M00936_P00993,5.9,Private
M00936_P00997,0.0,Private
M00936_P01000,6.6,Private
M00936_P01010,0.0,Public
M00937_P00157,6.8,Private
M00937_P00159,0.0,Private
M00937_P00164,6.1,Public
M00937_P00169,5.9,Private
M00937_P00171,6.8,Private
M00937_P00175,0.0,Public
M00937_P00287,0.0,Public
M00937_P00290,5.8,Public
M00937_P00291,5.6,Private
M00937_P00295,0.0,Public
M00937_P00297,5.1,Private
M00937_P00298,5.5,Private
M00937_P00299,0.0,Public
M00937_P00304,6.2,Private
M00937_P00307,5.8,Private
M00937_P00309,7.3,Private
M00937_P00310,5.8,Public
M00938_P00529,5.2,Private
M00938_P00535,6.7,Private
M00938_P00536,6.2,Private
M00938_P00542,0.0,Public
M00938_P00543,6.2,Private
M00938_P00705,0.0,Private
M00938_P00707,0.0,Public
M00938_P00716,6.1,Private
M00938_P00718,0.0,Private
M00938_P00724,0.0,Private
M00938_P00728,0.0,Private
M00939_P00345,6.7,Private
M00939_P00347,0.0,Private
M00939_P00351,0.0,Private
M00939_P00353,6.1,Private
M00939_P00359,6.9,Private
M00939_P00362,5.2,Private
M00939_P00761,0.0,Private
M00939_P00772,5.5,Private
M00940_P00185,5.5,Private
M00940_P00193,5.6,Public
M00940_P00197,0.0,Public
M00940_P00199,6.7,Private
M00940_P00200,0.0,Public
M00940_P00423,0.0,Public
M00940_P00424,6.6,Private
M00940_P00425,6.9,Public
M00940_P00426,5.6,Public
M00940_P00431,5.8,Private
M00940_P00436,0.0,Private
M00940_P00440,6.4,Private
M00941_P00515,4.8,Private
M00941_P01120,0.0,Private
M00942_P00345,0.0,Private
M00942_P00347,6.8,Private
M00942_P00351,7.4,Public
M00942_P00353,6.4,Public
M00942_P00359,0.0,Private
M00942_P00362,5.3,Private
M00942_P00549,0.0,Private
M00942_P00552,0.0,Private
M00942_P00554,0.0,Private
M00942_P00561,6.2,Private
M00942_P00562,5.4,Private
M00942_P00568,6.0,Public
M00943_P00391,0.0,Private
M00943_P00399,6.2,Public
M00943_P00410,0.0,Private
M00943_P00416,0.0,Private
M00943_P01177,6.0,Private
M00943_P01182,0.0,Private
M00943_P01184,6.3,Private
M00943_P01193,6.6,Private
M00943_P01196,0.0,Private
M00944_P00079,0.0,Private
M00944_P00082,0.0,Private
M00944_P00087,5.2,Private
M00944_P00097,6.1,Public
M00944_P00102,6.0,Private
M00944_P00835,6.5,Private
M00944_P00840,4.2,Private
M00944_P00844,5.7,Private
M00944_P00847,0.0,Private
M00944_P00848,6.2,Private
M00944_P00856,5.3,Private
M00945_P00287,0.0,Private
M00945_P00290,6.3,Public
M00945_P00291,5.9,Private
M00945_P00295,0.0,Public
M00945_P00297,5.6,Public
M00945_P00298,5.1,Private
M00945_P00299,0.0,Public
M00945_P00304,0.0,Private
M00945_P00307,6.5,Private
M00945_P00309,5.9,Private
M00945_P00310,0.0,Private
M00945_P00423,8.1,Public
M00945_P00424,0.0,Private
M00945_P00425,0.0,Public
M00945_P00426,4.9,Private
M00945_P00431,0.0,Private
M00945_P00436,0.0,Private
M00945_P00440,6.6,Private
M00946_P00732,6.5,Private
M00946_P00738,0.0,Private
M00946_P00742,0.0,Private
M00946_P00744,6.0,Public
M00946_P00747,7.2,Private
M00946_P00753,6.7,Private
M00946_P00940,0.0,Private
M00946_P00948,5.8,Public
M00946_P00950,7.1,Private
M00946_P00951,6.2,Private
M00946_P00959,0.0,Public
M00946_P00962,7.0,Private
M00947_P00157,0.0,Private
M00947_P00159,0.0,Private
M00947_P00164,0.0,Private
M00947_P00169,5.2,Private
M00947_P00171,0.0,Public
M00947_P00175,6.2,Private
M00947_P00782,0.0,Public
M00947_P00786,3.6,Private
M00947_P00788,0.0,Public
M00947_P00797,6.3,Public
M00947_P00803,0.0,Private
M00948_P00011,0.0,Public
M00948_P00024,5.6,Public
M00948_P00185,0.0,Private
M00948_P00193,6.4,Public
M00948_P00197,5.6,Public
M00948_P00199,0.0,Private
M00948_P00200,0.0,Private
M00949_P00209,0.0,Private
M00949_P00210,8.0,Private
M00949_P00211,0.0,Private
M00949_P00219,0.0,Private
M00949_P00221,6.6,Private
M00949_P00222,0.0,Public
M00949_P00232,0.0,Private
M00949_P00234,7.3,Private
M00949_P00345,6.0,Private
M00949_P00347,6.3,Public
M00949_P00351,6.4,Public
M00949_P00353,6.1,Private
M00949_P00359,6.0,Public
M00949_P00362,4.5,Private
M00950_P01041,0.0,Private
M00950_P01042,6.5,Private
M00950_P01048,6.0,Public
M00950_P01049,0.0,Private
M00950_P01051,6.4,Private
M00950_P01055,6.6,Private
M00950_P01063,6.6,Public
M00950_P01064,6.4,Public
M00950_P01120,0.0,Private
M00951_P00965,0.0,Public
M00951_P00966,6.1,Private
M00951_P00975,7.0,Private
M00951_P00978,6.9,Private
M00951_P00980,0.0,Private
M00951_P00986,6.8,Public
M00951_P00991,7.3,Public
M00951_P00993,5.9,Public
M00951_P00997,5.7,Private
M00951_P01000,0.0,Private
M00951_P01010,6.5,Public
M00952_P00032,6.8,Private
M00952_P00044,7.5,Private
M00952_P00045,6.7,Private
M00952_P00050,6.1,Public
M00952_P00052,0.0,Public
M00952_P00136,0.0,Public
M00952_P00141,6.5,Private
M00952_P00148,5.6,Public
M00952_P00156,6.8,Private
M00953_P00136,8.1,Private
M00953_P00141,0.0,Private
M00953_P00148,6.9,Private
M00953_P00156,0.0,Public
M00953_P00209,0.0,Private
M00953_P00210,0.0,Private
M00953_P00211,5.4,Private
M00953_P00219,0.0,Private
M00953_P00221,7.4,Private
M00953_P00222,6.2,Public
M00953_P00232,5.9,Public
M00953_P00234,0.0,Public
M00954_P00055,6.3,Private
M00954_P00057,0.0,Public
M00954_P00059,5.6,Private
M00954_P00064,6.2,Private
M00954_P00066,0.0,Private
M00954_P00071,6.2,Private
M00954_P00077,0.0,Private
M00954_P00782,0.0,Public
M00954_P00786,5.8,Public
M00954_P00788,0.0,Private
M00954_P00797,7.4,Public
M00954_P00803,5.7,Public
M00955_P00705,0.0,Private
M00955_P00707,0.0,Public
M00955_P00716,7.0,Private
M00955_P00718,0.0,Private
M00955_P00724,6.2,Private
M00955_P00728,6.7,Private
M00955_P00940,5.7,Private
M00955_P00948,6.4,Public
M00955_P00950,6.3,Public
M00955_P00951,5.8,Private
M00955_P00959,0.0,Private
M00955_P00962,5.8,Private
M00956_P00032,5.7,Private
M00956_P00044,5.6,Public
M00956_P00045,0.0,Private
M00956_P00050,6.1,Private
M00956_P00052,0.0,Private
M00956_P00807,6.4,Private
M00956_P00812,7.1,Private
M00956_P00819,0.0,Private
M00956_P00826,6.4,Private
M00956_P00827,7.4,Public
M00957_P00287,0.0,Private
M00957_P00290,6.9,Public
M00957_P00291,5.3,Public
M00957_P00295,6.9,Private
M00957_P00297,0.0,Private
M00957_P00298,5.4,Public
M00957_P00299,4.8,Private
M00957_P00304,5.5,Public
M00957_P00307,6.1,Private
M00957_P00309,5.5,Private
M00957_P00310,0.0,Private
M00957_P00611,0.0,Private
M00957_P00618,0.0,Private
M00957_P00619,0.0,Private
M00957_P00622,0.0,Private
M00958_P00443,0.0,Private
M00958_P00448,0.0,Private
M00958_P00452,6.1,Private
M00958_P00462,0.0,Private
M00958_P00463,6.3,Public
M00958_P00465,6.8,Public
M00958_P00468,6.3,Private
M00958_P00478,5.9,Private
M00958_P00479,6.8,Private
M00958_P00486,5.6,Private
M00958_P00491,5.9,Private
M00959_P00055,0.0,Public
M00959_P00057,7.0,Private
M00959_P00059,6.3,Private
M00959_P00064,0.0,Private
M00959_P00066,7.3,Private
M00959_P00071,6.2,Public
M00959_P00077,7.0,Private
M00959_P01041,0.0,Private
M00959_P01042,7.5,Public
M00959_P01048,6.1,Private
M00959_P01049,7.9,Private
M00959_P01051,5.2,Private
M00959_P01055,0.0,Public
M00959_P01063,6.8,Private
M00959_P01064,5.7,Private
M00960_P00478,6.2,Private
M00960_P00479,7.4,Private
M00960_P00486,0.0,Private
M00960_P00491,0.0,Private
M00960_P01070,6.3,Private
M00960_P01074,0.0,Private
M00960_P01082,0.0,Public
M00961_P00782,5.7,Public
M00961_P00786,6.1,Public
M00961_P00788,7.8,Public
M00961_P00797,6.6,Public
M00961_P00803,6.1,Public
M00961_P00922,0.0,Public
M00961_P00927,6.1,Private
M00961_P00931,4.8,Public
M00961_P00935,0.0,Private
M00962_P00443,0.0,Public
M00962_P00448,5.3,Private
M00962_P00452,6.4,Private
M00962_P00462,0.0,Private
M00962_P00463,0.0,Private
M00962_P00465,6.2,Public
M00962_P00468,5.9,Private
M00962_P00655,0.0,Private
M00962_P00662,5.1,Private
M00962_P00666,6.9,Private
M00962_P00668,5.6,Private
M00962_P00669,5.5,Private
M00962_P00673,0.0,Public
M00962_P00674,0.0,Private
M00963_P00313,0.0,Public
M00963_P00324,6.4,Private
M00963_P00329,5.8,Public
M00963_P00333,6.3,Public
M00963_P00334,0.0,Private
M00963_P01099,0.0,Private
M00963_P01107,0.0,Private
M00963_P01108,7.1,Public
M00963_P01109,5.6,Public
M00963_P01114,0.0,Private
M00963_P01118,6.2,Private
M00964_P00888,0.0,Private
M00964_P00889,6.0,Private
M00964_P00893,4.8,Private
M00964_P00894,5.6,Private
M00964_P00895,6.1,Private
M00964_P00901,0.0,Private
M00964_P00909,6.2,Private
M00964_P01041,0.0,Private
M00964_P01042,0.0,Private
M00964_P01048,0.0,Private
M00964_P01049,0.0,Public
M00964_P01051,6.7,Public
M00964_P01055,0.0,Private
M00964_P01063,5.7,Public
M00964_P01064,5.4,Public
M00965_P00625,0.0,Private
M00965_P00630,6.8,Private
M00965_P00632,6.5,Private
M00965_P00635,0.0,Private
M00965_P00644,7.6,Private
M00965_P00645,0.0,Private
M00965_P00650,0.0,Private
M00965_P01201,0.0,Private
M00965_P01209,0.0,Private
M00965_P01210,0.0,Private
M00965_P01211,6.7,Public
M00965_P01214,6.6,Public
M00966_P00807,5.9,Private
M00966_P00812,0.0,Public
M00966_P00819,7.4,Private
M00966_P00826,6.3,Private
M00966_P00827,0.0,Private
M00966_P00888,5.9,Private
M00966_P00889,6.1,Private
M00966_P00893,0.0,Public
M00966_P00894,0.0,Private
M00966_P00895,0.0,Private
M00966_P00901,8.4,Private
M00966_P00909,0.0,Private
M00967_P00443,6.3,Public
M00967_P00448,5.4,Public
M00967_P00452,6.9,Public
M00967_P00462,0.0,Private
M00967_P00463,5.9,Private
M00967_P00465,6.7,Private
M00967_P00468,5.8,Private
M00967_P00625,0.0,Private
M00967_P00630,7.0,Private
M00967_P00632,7.5,Public
M00967_P00635,0.0,Public
M00967_P00644,5.6,Private
M00967_P00645,6.9,Private
M00967_P00650,6.0,Private
M00968_P00529,5.3,Private
M00968_P00535,0.0,Private
M00968_P00536,5.7,Public
M00968_P00542,5.9,Public
M00968_P00543,0.0,Private
M00968_P01020,0.0,Private
M00968_P01034,6.6,Public
M00968_P01037,5.7,Public
M00968_P01038,7.1,Public
M00969_P00079,5.8,Private
M00969_P00082,0.0,Private
M00969_P00087,0.0,Public
M00969_P00097,6.6,Public
M00969_P00102,5.8,Public
M00969_P00443,0.0,Private
M00969_P00448,0.0,Public
M00969_P00452,0.0,Private
M00969_P00462,0.0,Public
M00969_P00463,5.9,Public
M00969_P00465,0.0,Private
M00969_P00468,6.7,Private
M00970_P00368,5.3,Public
M00970_P00372,6.6,Private
M00970_P00378,5.8,Private
M00970_P00382,7.5,Private
M00970_P00383,6.9,Private
M00970_P00965,0.0,Private
M00970_P00966,0.0,Private
M00970_P00975,0.0,Public
M00970_P00978,0.0,Private
M00970_P00980,6.2,Private
M00970_P00986,6.3,Public
M00971_P00391,0.0,Public
M00971_P00399,6.4,Public
M00971_P00410,0.0,Private
M00971_P00416,0.0,Private
M00971_P01120,5.5,Private
M00972_P00079,0.0,Public
M00972_P00082,6.4,Private
M00972_P00087,6.2,Private
M00972_P00097,5.9,Private
M00972_P00102,0.0,Private
M00972_P00888,0.0,Private
M00972_P00889,5.1,Private
M00972_P00893,6.3,Private
M00972_P00894,0.0,Private
M00972_P00895,7.3,Private
M00972_P00901,0.0,Private
M00972_P00909,7.1,Public
M00973_P00625,0.0,Public
M00973_P00630,6.3,Public
M00973_P00632,6.5,Private
M00973_P00635,6.5,Private
M00973_P00644,0.0,Public
M00973_P00645,6.1,Public
M00973_P00650,0.0,Private
M00973_P00940,6.3,Private
M00973_P00948,5.6,Private
M00973_P00950,5.9,Private
M00973_P00951,0.0,Private
M00973_P00959,5.7,Private
M00973_P00962,0.0,Private
M00974_P00287,0.0,Public
M00974_P00290,7.4,Private
M00974_P00291,5.7,Private
M00974_P00295,7.5,Private
M00974_P00297,0.0,Private
M00974_P00298,6.0,Private
M00974_P00299,7.1,Public
M00974_P00304,6.4,Private
M00974_P00307,6.1,Public
M00974_P00309,0.0,Public
M00974_P00310,0.0,Public
M00974_P00423,7.4,Private
M00974_P00424,0.0,Private
M00974_P00425,5.7,Private
M00974_P00426,0.0,Private
M00974_P00431,5.1,Private
M00974_P00436,5.8,Private
M00974_P00440,0.0,Private
M00975_P01146,7.3,Private
M00975_P01157,0.0,Private
M00975_P01166,7.1,Private
M00975_P01169,5.6,Private
M00975_P01223,6.8,Private
M00975_P01234,0.0,Public
M00975_P01236,0.0,Public
M00975_P01241,0.0,Private
M00975_P01242,5.2,Private
M00976_P01146,0.0,Public
M00976_P01157,0.0,Private
M00976_P01166,6.5,Public
M00976_P01169,6.0,Private
M00976_P01177,6.3,Private
M00976_P01182,0.0,Private
M00976_P01184,6.1,Public
M00976_P01193,5.4,Public
M00976_P01196,0.0,Private
M00977_P00313,0.0,Public
M00977_P00324,6.5,Private
M00977_P00329,5.7,Private
M00977_P00333,6.4,Public
M00977_P00334,6.5,Public
M00977_P00940,5.3,Private
M00977_P00948,5.4,Public
M00977_P00950,7.3,Public
M00977_P00951,6.3,Private
M00977_P00959,0.0,Private
M00977_P00962,7.1,Private
M00978_P00287,6.5,Public
M00978_P00290,7.0,Private
M00978_P00291,5.4,Private
M00978_P00295,6.9,Private
M00978_P00297,5.8,Private
M00978_P00298,0.0,Private
M00978_P00299,5.3,Private
M00978_P00304,6.3,Public
M00978_P00307,6.5,Private
M00978_P00309,0.0,Private
M00978_P00310,7.1,Private
M00978_P00835,5.8,Public
M00978_P00840,6.1,Public
M00978_P00844,5.7,Private
M00978_P00847,0.0,Private
M00978_P00848,0.0,Private
M00978_P00856,0.0,Public
M00979_P00079,7.4,Public
M00979_P00082,6.8,Private
M00979_P00087,7.0,Private
M00979_P00097,7.9,Private
M00979_P00102,5.9,Private
M00979_P00391,0.0,Private
M00979_P00399,5.2,Private
M00979_P00410,6.0,Private
M00979_P00416,5.5,Private
M00980_P00032,0.0,Private
M00980_P00044,7.4,Public
M00980_P00045,4.8,Private
M00980_P00050,0.0,Public
M00980_P00052,5.7,Private
M00980_P00888,0.0,Private
M00980_P00889,4.1,Public
M00980_P00893,5.7,Private
M00980_P00894,6.3,Public
M00980_P00895,0.0,Private
M00980_P00901,0.0,Private
M00980_P00909,0.0,Public
M00981_P00549,0.0,Private
M00981_P00552,6.0,Public
M00981_P00554,0.0,Public
M00981_P00561,7.2,Private
M00981_P00562,5.6,Private
M00981_P00568,6.9,Public
M00981_P01041,0.0,Private
M00981_P01042,0.0,Private
M00981_P01048,5.8,Private
M00981_P01049,8.1,Public
M00981_P01051,0.0,Private
M00981_P01055,6.7,Private
M00981_P01063,0.0,Private
M00981_P01064,6.9,Private
M00982_P00549,0.0,Private
M00982_P00552,4.9,Public
M00982_P00554,8.2,Private
M00982_P00561,0.0,Private
M00982_P00562,6.5,Private
M00982_P00568,5.9,Private
M00982_P01201,0.0,Private
M00982_P01209,6.5,Private
M00982_P01210,6.6,Private
M00982_P01211,0.0,Public
M00982_P01214,6.3,Private
M00983_P00032,6.1,Private
M00983_P00044,6.7,Private
M00983_P00045,0.0,Private
M00983_P00050,0.0,Private
M00983_P00052,0.0,Private
M00983_P00079,7.4,Private
M00983_P00082,0.0,Private
M00983_P00087,0.0,Private
M00983_P00097,0.0,Private
M00983_P00102,6.1,Public
M00984_P00185,6.3,Public
M00984_P00193,0.0,Private
M00984_P00197,6.0,Public
M00984_P00199,6.9,Private
M00984_P00200,0.0,Public
M00984_P00888,6.7,Private
M00984_P00889,0.0,Public
M00984_P00893,0.0,Private
M00984_P00894,6.2,Private
M00984_P00895,5.6,Private
M00984_P00901,7.0,Private
M00984_P00909,5.3,Private
M00985_P00611,6.1,Private
M00985_P00618,0.0,Public
M00985_P00619,0.0,Private
M00985_P00622,0.0,Private
M00985_P01201,5.9,Private
M00985_P01209,5.9,Public
M00985_P01210,5.9,Private
M00985_P01211,7.6,Public
M00985_P01214,5.7,Private
M00986_P00157,5.3,Private
M00986_P00159,0.0,Public
M00986_P00164,0.0,Private
M00986_P00169,6.1,Private
M00986_P00171,0.0,Private
M00986_P00175,6.2,Public
M00986_P00965,0.0,Private
M00986_P00966,6.3,Public
M00986_P00975,7.1,Private
M00986_P00978,0.0,Private
M00986_P00980,0.0,Private
M00986_P00986,0.0,Public
M00987_P00209,0.0,Private
M00987_P00210,7.3,Public
M00987_P00211,0.0,Private
M00987_P00219,0.0,Public
M00987_P00221,0.0,Private
M00987_P00222,5.5,Public
M00987_P00232,5.4,Public
M00987_P00234,0.0,Public
M00987_P00529,7.4,Private
M00987_P00535,6.4,Public
M00987_P00536,6.7,Private
M00987_P00542,0.0,Private
M00987_P00543,0.0,Private
M00988_P00807,6.4,Private
M00988_P00812,7.6,Public
M00988_P00819,6.0,Private
M00988_P00826,6.2,Public
M00988_P00827,7.0,Private
M00988_P01041,5.9,Public
M00988_P01042,0.0,Private
M00988_P01048,6.8,Private
M00988_P01049,7.3,Private
M00988_P01051,6.4,Public
M00988_P01055,5.5,Private
M00988_P01063,0.0,Public
M00988_P01064,0.0,Private
M00989_P00287,0.0,Private
M00989_P00290,4.1,Private
M00989_P00291,5.6,Private
M00989_P00295,7.3,Private
M00989_P00297,6.8,Private
M00989_P00298,0.0,Private
M00989_P00299,6.7,Private
M00989_P00304,0.0,Private
M00989_P00307,5.7,Public
M00989_P00309,6.2,Private
M00989_P00310,0.0,Private
M00989_P01201,5.3,Public
M00989_P01209,0.0,Private
M00989_P01210,5.9,Private
M00989_P01211,0.0,Public
M00989_P01214,0.0,Private
M00990_P00368,5.1,Private
M00990_P00372,6.1,Private
M00990_P00378,4.9,Private
M00990_P00382,0.0,Private
M00990_P00383,5.2,Public
M00990_P01120,0.0,Private
M00991_P00515,6.4,Private
M00991_P00625,5.7,Private
M00991_P00630,6.1,Private
M00991_P00632,6.5,Private
M00991_P00635,0.0,Private
M00991_P00644,0.0,Private
M00991_P00645,6.3,Private
M00991_P00650,6.2,Private
M00992_P00209,5.3,Private
M00992_P00210,0.0,Private
M00992_P00211,0.0,Public
M00992_P00219,0.0,Private
M00992_P00221,6.7,Private
M00992_P00222,0.0,Private
M00992_P00232,7.0,Private
M00992_P00234,7.4,Private
M00992_P00313,0.0,Public
M00992_P00324,6.4,Private
M00992_P00329,6.9,Private
M00992_P00333,6.9,Public
M00992_P00334,6.8,Public
M00993_P00940,5.7,Private
M00993_P00948,5.2,Private
M00993_P00950,6.3,Private
M00993_P00951,5.5,Private
M00993_P00959,0.0,Private
M00993_P00962,7.1,Private
M00993_P01146,0.0,Private
M00993_P01157,6.5,Public
M00993_P01166,0.0,Private
M00993_P01169,5.7,Private
M00994_P00287,0.0,Private
M00994_P00290,5.7,Private
M00994_P00291,0.0,Private
M00994_P00295,6.7,Public
M00994_P00297,6.3,Public
M00994_P00298,0.0,Public
M00994_P00299,6.1,Public
M00994_P00304,5.6,Private
M00994_P00307,0.0,Public
M00994_P00309,5.6,Public
M00994_P00310,0.0,Private
M00994_P01020,7.9,Private
M00994_P01034,5.2,Public
M00994_P01037,6.8,Private
M00994_P01038,6.0,Private
M00995_P00940,6.0,Public
M00995_P00948,6.6,Public
M00995_P00950,0.0,Private
M00995_P00951,6.2,Private
M00995_P00959,5.5,Private
M00995_P00962,0.0,Public
M00995_P01041,0.0,Private
M00995_P01042,0.0,Private
M00995_P01048,5.4,Public
M00995_P01049,0.0,Private
M00995_P01051,6.6,Private
M00995_P01055,7.1,Private
M00995_P01063,5.9,Private
M00995_P01064,4.5,Private
M00996_P00241,0.0,Private
M00996_P00244,5.4,Private
M00996_P00245,7.7,Public
M00996_P00248,0.0,Private
M00996_P00255,7.9,Public
M00996_P00260,0.0,Public
M00996_P00574,0.0,Private
M00996_P00579,0.0,Private
M00996_P00582,7.0,Private
M00996_P00584,6.9,Private
M00996_P00586,0.0,Public
M00996_P00590,0.0,Private
M00997_P00391,0.0,Private
M00997_P00399,0.0,Private
M00997_P00410,6.5,Private
M00997_P00416,0.0,Private
M00997_P00611,0.0,Private
M00997_P00618,6.0,Private
M00997_P00619,5.7,Public
M00997_P00622,6.9,Private
M00998_P00136,7.7,Private
M00998_P00141,0.0,Private
M00998_P00148,0.0,Private
M00998_P00156,0.0,Private
M00998_P01041,0.0,Private
M00998_P01042,6.6,Private
M00998_P01048,6.4,Private
M00998_P01049,8.0,Private
M00998_P01051,7.0,Private
M00998_P01055,4.2,Private
M00998_P01063,6.4,Public
M00998_P01064,6.0,Private
M00999_P00011,6.1,Public
M00999_P00024,7.0,Private
M00999_P00732,6.3,Private
M00999_P00738,0.0,Private
M00999_P00742,6.2,Private
M00999_P00744,0.0,Private
M00999_P00747,7.3,Public
M00999_P00753,5.4,Private
M01000_P00391,0.0,Private
M01000_P00399,7.0,Private
M01000_P00410,0.0,Private
M01000_P00416,7.1,Private
M01000_P01177,6.6,Private
M01000_P01182,5.7,Private
M01000_P01184,0.0,Private
M01000_P01193,0.0,Public
M01000_P01196,6.8,Private
M01001_P00157,6.0,Private
M01001_P00159,0.0,Public
M01001_P00164,5.3,Public
M01001_P00169,6.6,Private
M01001_P00171,6.1,Private
M01001_P00175,6.9,Public
M01001_P00423,0.0,Private
M01001_P00424,4.9,Private
M01001_P00425,6.9,Public
M01001_P00426,0.0,Public
M01001_P00431,6.0,Private
M01001_P00436,0.0,Public
M01001_P00440,5.3,Private
M01002_P00079,0.0,Private
M01002_P00082,0.0,Private
M01002_P00087,6.3,Public
M01002_P00097,7.4,Public
M01002_P00102,6.3,Public
M01002_P00655,6.2,Public
M01002_P00662,4.9,Private
M01002_P00666,6.2,Public
M01002_P00668,0.0,Private
M01002_P00669,0.0,Private
M01002_P00673,6.3,Public
M01002_P00674,5.6,Public
M01003_P00266,7.3,Public
M01003_P00271,6.7,Public
M01003_P00278,7.0,Private
M01003_P00286,0.0,Private
M01003_P00705,4.9,Private
M01003_P00707,6.2,Private
M01003_P00716,7.4,Private
M01003_P00718,7.8,Private
M01003_P00724,5.1,Private
M01003_P00728,0.0,Public
M01004_P00574,0.0,Public
M01004_P00579,0.0,Private
M01004_P00582,0.0,Private
M01004_P00584,6.9,Private
M01004_P00586,0.0,Private
M01004_P00590,6.5,Private
M01004_P00922,5.6,Private
M01004_P00927,5.3,Private
M01004_P00931,0.0,Private
M01004_P00935,7.2,Private
M01005_P00782,0.0,Private
M01005_P00786,0.0,Private
M01005_P00788,7.5,Private
M01005_P00797,0.0,Private
M01005_P00803,4.6,Private
M01005_P00965,5.8,Private
M01005_P00966,6.0,Private
M01005_P00975,7.1,Public
M01005_P00978,0.0,Private
M01005_P00980,0.0,Public
M01005_P00986,0.0,Private
M01006_P00266,0.0,Private
M01006_P00271,0.0,Private
M01006_P00278,0.0,Public
M01006_P00286,0.0,Private
M01006_P00761,5.7,Private
M01006_P00772,6.7,Private
M01007_P00032,0.0,Public
M01007_P00044,7.3,Private
M01007_P00045,0.0,Private
M01007_P00050,5.1,Public
M01007_P00052,7.3,Private
M01007_P00478,0.0,Private
M01007_P00479,7.8,Private
M01007_P00486,7.1,Private
M01007_P00491,6.9,Private
M01008_P00108,5.6,Private
M01008_P00110,0.0,Private
M01008_P00114,7.5,Public
M01008_P00124,7.0,Public
M01008_P00129,6.6,Private
M01008_P00157,5.5,Private
M01008_P00159,0.0,Private
M01008_P00164,0.0,Private
M01008_P00169,0.0,Private
M01008_P00171,6.2,Private
M01008_P00175,6.2,Public
M01009_P00266,0.0,Private
M01009_P00271,6.4,Private
M01009_P00278,0.0,Private
M01009_P00286,0.0,Public
M01009_P00625,0.0,Private
M01009_P00630,6.5,Public
M01009_P00632,6.2,Public
M01009_P00635,5.5,Public
M01009_P00644,0.0,Private
M01009_P00645,6.6,Private
M01009_P00650,0.0,Private
M01010_P00136,7.3,Private
M01010_P00141,7.4,Private
M01010_P00148,0.0,Private
M01010_P00156,7.3,Private
M01010_P00922,0.0,Public
M01010_P00927,6.2,Private
M01010_P00931,0.0,Private
M01010_P00935,6.9,Private
M01011_P00032,6.7,Private
M01011_P00044,6.5,Private
M01011_P00045,5.7,Public
M01011_P00050,0.0,Private
M01011_P00052,0.0,Private
M01011_P01177,6.2,Private
M01011_P01182,5.5,Private
M01011_P01184,6.2,Private
M01011_P01193,6.9,Private
M01011_P01196,6.2,Private
M01012_P00705,0.0,Public
M01012_P00707,5.8,Private
M01012_P00716,7.2,Private
M01012_P00718,5.4,Public
M01012_P00724,5.7,Private
M01012_P00728,0.0,Private
M01012_P00991,7.2,Private
M01012_P00993,5.5,Public
M01012_P00997,7.1,Private
M01012_P01000,0.0,Private
M01012_P01010,0.0,Private
M01013_P00157,0.0,Private
M01013_P00159,5.9,Public
M01013_P00164,6.8,Private
M01013_P00169,0.0,Public
M01013_P00171,5.2,Public
M01013_P00175,5.9,Private
M01013_P00574,6.2,Private
M01013_P00579,0.0,Private
M01013_P00582,0.0,Public
M01013_P00584,7.1,Private
M01013_P00586,6.0,Private
M01013_P00590,0.0,Private
M01014_P00678,0.0,Private
M01014_P00679,0.0,Private
M01014_P00680,5.9,Private
M01014_P00681,0.0,Public
M01014_P00683,5.3,Private
M01014_P00694,5.7,Private
M01014_P01177,0.0,Private
M01014_P01182,0.0,Private
M01014_P01184,7.0,Private
M01014_P01193,0.0,Public
M01014_P01196,6.5,Public
M01015_P00478,6.5,Private
M01015_P00479,6.3,Public
M01015_P00486,6.7,Private
M01015_P00491,6.6,Private
M01015_P01099,0.0,Private
M01015_P01107,0.0,Private
M01015_P01108,6.9,Private
M01015_P01109,0.0,Private
M01015_P01114,5.7,Public
M01015_P01118,6.9,Private
M01016_P00079,0.0,Private
M01016_P00082,6.2,Private
M01016_P00087,6.1,Public
M01016_P00097,8.0,Private
M01016_P00102,4.9,Private
M01016_P00157,0.0,Private
M01016_P00159,0.0,Private
M01016_P00164,0.0,Private
M01016_P00169,6.7,Private
M01016_P00171,0.0,Public
M01016_P00175,6.1,Private
M01017_P00079,7.7,Private
M01017_P00082,6.1,Private
M01017_P00087,0.0,Private
M01017_P00097,6.7,Public
M01017_P00102,0.0,Public
M01017_P00241,0.0,Private
M01017_P00244,5.1,Private
M01017_P00245,6.8,Private
M01017_P00248,0.0,Private
M01017_P00255,0.0,Private
M01017_P00260,6.1,Private
M01018_P00136,8.1,Private
M01018_P00141,5.9,Private
M01018_P00148,5.3,Private
M01018_P00156,5.9,Private
M01018_P00705,0.0,Private
M01018_P00707,6.6,Private
M01018_P00716,0.0,Private
M01018_P00718,6.8,Private
M01018_P00724,6.4,Private
M01018_P00728,0.0,Public
M01019_P00157,0.0,Private
M01019_P00159,5.0,Private
M01019_P00164,0.0,Private
M01019_P00169,7.2,Public
M01019_P00171,7.5,Public
M01019_P00175,0.0,Public
M01019_P00313,0.0,Private
M01019_P00324,5.8,Public
M01019_P00329,0.0,Private
M01019_P00333,7.4,Public
M01019_P00334,6.3,Public
M01020_P00266,6.7,Public
M01020_P00271,0.0,Public
M01020_P00278,6.8,Private
M01020_P00286,6.4,Private
M01020_P01070,5.8,Private
M01020_P01074,0.0,Public
M01020_P01082,0.0,Public
M01021_P00185,0.0,Private
M01021_P00193,6.5,Private
M01021_P00197,0.0,Public
M01021_P00199,0.0,Private
M01021_P00200,6.1,Private
M01021_P00782,0.0,Public
M01021_P00786,6.1,Private
M01021_P00788,0.0,Public
M01021_P00797,6.6,Private
M01021_P00803,0.0,Public
M01022_P00782,5.9,Private
M01022_P00786,0.0,Public
M01022_P00788,7.7,Private
M01022_P00797,6.6,Public
M01022_P00803,0.0,Private
M01022_P00835,6.4,Private
M01022_P00840,0.0,Private
M01022_P00844,6.6,Private
M01022_P00847,6.4,Private
M01022_P00848,4.7,Private
M01022_P00856,0.0,Public
M01023_P00136,0.0,Private
M01023_P00141,0.0,Public
M01023_P00148,0.0,Private
M01023_P00156,6.7,Public
M01023_P01099,6.6,Private
M01023_P01107,5.0,Private
M01023_P01108,6.1,Private
M01023_P01109,0.0,Private
M01023_P01114,0.0,Public
M01023_P01118,6.8,Private
M01024_P00287,6.0,Public
M01024_P00290,6.1,Private
M01024_P00291,6.1,Private
M01024_P00295,8.0,Private
M01024_P00297,5.8,Public
M01024_P00298,5.4,Public
M01024_P00299,0.0,Public
M01024_P00304,0.0,Public
M01024_P00307,5.9,Public
M01024_P00309,0.0,Private
M01024_P00310,8.0,Public
M01024_P00625,0.0,Private
M01024_P00630,6.5,Private
M01024_P00632,6.4,Private
M01024_P00635,5.5,Private
M01024_P00644,7.0,Private
M01024_P00645,0.0,Private
M01024_P00650,0.0,Public
M01025_P00287,0.0,Private
M01025_P00290,0.0,Private
M01025_P00291,4.4,Private
M01025_P00295,0.0,Private
M01025_P00297,6.1,Private
M01025_P00298,6.0,Private
M01025_P00299,6.0,Public
M01025_P00304,6.0,Private
M01025_P00307,6.9,Private
M01025_P00309,0.0,Public
M01025_P00310,0.0,Public
M01025_P00761,6.1,Public
M01025_P00772,6.2,Private
M01026_P00732,6.0,Public
M01026_P00738,6.1,Private
M01026_P00742,6.4,Private
M01026_P00744,0.0,Private
M01026_P00747,0.0,Private
M01026_P00753,0.0,Private
M01026_P00782,0.0,Private
M01026_P00786,5.9,Public
M01026_P00788,0.0,Private
M01026_P00797,6.0,Private
M01026_P00803,0.0,Private
M01027_P00443,0.0,Private
M01027_P00448,6.0,Public
M01027_P00452,5.4,Private
M01027_P00462,7.4,Public
M01027_P00463,0.0,Private
M01027_P00465,6.3,Private
M01027_P00468,6.1,Private
M01027_P00965,6.5,Public
M01027_P00966,0.0,Private
M01027_P00975,6.6,Private
M01027_P00978,7.0,Public
M01027_P00980,0.0,Private
M01027_P00986,7.1,Private
M01028_P01099,0.0,Private
M01028_P01107,0.0,Private
M01028_P01108,7.4,Private
M01028_P01109,6.4,Private
M01028_P01114,0.0,Private
M01028_P01118,0.0,Private
M01028_P01146,0.0,Private
M01028_P01157,0.0,Public
M01028_P01166,5.8,Public
M01028_P01169,0.0,Public
M01029_P00574,0.0,Private
M01029_P00579,5.1,Private
M01029_P00582,0.0,Private
M01029_P00584,6.5,Public
M01029_P00586,7.1,Private
M01029_P00590,6.6,Private
M01029_P01099,5.6,Private
M01029_P01107,5.7,Private
M01029_P01108,7.8,Private
M01029_P01109,0.0,Public
M01029_P01114,0.0,Public
M01029_P01118,6.7,Public
M01030_P00368,6.5,Private
M01030_P00372,5.6,Private
M01030_P00378,0.0,Private
M01030_P00382,4.9,Private
M01030_P00383,6.7,Private
M01030_P00965,0.0,Public
M01030_P00966,0.0,Public
M01030_P00975,6.5,Private
M01030_P00978,0.0,Private
M01030_P00980,6.6,Private
M01030_P00986,7.2,Private
M01031_P00625,0.0,Public
M01031_P00630,5.5,Private
M01031_P00632,0.0,Private
M01031_P00635,6.7,Public
M01031_P00644,5.4,Private
M01031_P00645,7.7,Private
M01031_P00650,0.0,Public
M01031_P00888,0.0,Public
M01031_P00889,5.7,Private
M01031_P00893,5.0,Private
M01031_P00894,6.0,Private
M01031_P00895,6.1,Private
M01031_P00901,0.0,Private
M01031_P00909,0.0,Public
M01032_P00391,0.0,Private
M01032_P00399,0.0,Private
M01032_P00410,6.4,Private
M01032_P00416,7.3,Private
M01032_P00940,5.4,Private
M01032_P00948,6.9,Public
M01032_P00950,6.7,Private
M01032_P00951,0.0,Private
M01032_P00959,0.0,Public
M01032_P00962,0.0,Private
M01033_P00136,0.0,Public
M01033_P00141,0.0,Private
M01033_P00148,5.9,Private
M01033_P00156,6.9,Public
M01033_P00678,0.0,Private
M01033_P00679,7.6,Private
M01033_P00680,0.0,Private
M01033_P00681,6.9,Public
M01033_P00683,7.5,Public
M01033_P00694,6.4,Private
M01034_P00835,0.0,Public
M01034_P00840,4.5,Private
M01034_P00844,0.0,Private
M01034_P00847,5.1,Private
M01034_P00848,6.0,Private
M01034_P00856,6.6,Private
M01034_P00965,6.8,Private
M01034_P00966,0.0,Private
M01034_P00975,5.7,Private
M01034_P00978,7.6,Private
M01034_P00980,6.1,Public
M01034_P00986,0.0,Public
M01035_P00185,0.0,Private
M01035_P00193,0.0,Private
M01035_P00197,0.0,Private
M01035_P00199,5.0,Private
M01035_P00200,6.2,Public
M01035_P00761,5.3,Private
M01035_P00772,0.0,Private
M01036_P00313,5.5,Private
M01036_P00324,7.0,Private
M01036_P00329,5.5,Public
M01036_P00333,0.0,Private
M01036_P00334,0.0,Private
M01036_P00345,0.0,Public
M01036_P00347,6.3,Private
M01036_P00351,0.0,Private
M01036_P00353,0.0,Private
M01036_P00359,0.0,Private
M01036_P00362,5.5,Public
M01037_P00136,0.0,Private
M01037_P00141,7.6,Public
M01037_P00148,7.2,Private
M01037_P00156,5.4,Public
M01037_P00705,0.0,Private
M01037_P00707,6.4,Private
M01037_P00716,0.0,Private
M01037_P00718,7.2,Public
M01037_P00724,0.0,Private
M01037_P00728,0.0,Private
M01038_P00313,6.7,Public
M01038_P00324,0.0,Private
M01038_P00329,5.5,Private
M01038_P00333,6.0,Private
M01038_P00334,7.1,Private
M01038_P01070,6.4,Public
M01038_P01074,6.8,Private
M01038_P01082,6.5,Private
M01039_P00529,6.2,Public
M01039_P00535,5.6,Private
M01039_P00536,5.4,Private
M01039_P00542,5.9,Private
M01039_P00543,0.0,Private
M01039_P01223,0.0,Public
M01039_P01234,0.0,Public
M01039_P01236,0.0,Private
M01039_P01241,4.9,Public
M01039_P01242,5.2,Private
M01040_P00625,0.0,Public
M01040_P00630,5.2,Private
M01040_P00632,0.0,Private
M01040_P00635,6.3,Private
M01040_P00644,5.4,Public
M01040_P00645,6.3,Public
M01040_P00650,6.2,Public
M01040_P00940,0.0,Public
M01040_P00948,6.9,Private
M01040_P00950,6.7,Private
M01040_P00951,0.0,Private
M01040_P00959,6.6,Private
M01040_P00962,6.6,Private
M01041_P00443,6.6,Private
M01041_P00448,5.5,Private
M01041_P00452,5.7,Private
M01041_P00462,6.1,Private
M01041_P00463,6.9,Private
M01041_P00465,0.0,Public
M01041_P00468,0.0,Public
M01041_P00888,0.0,Private
M01041_P00889,0.0,Public
M01041_P00893,5.9,Private
M01041_P00894,0.0,Private
M01041_P00895,0.0,Public
M01041_P00901,7.0,Public
M01041_P00909,0.0,Private
M01042_P01020,0.0,Private
M01042_P01034,0.0,Public
M01042_P01037,6.1,Private
M01042_P01038,0.0,Private
M01042_P01146,0.0,Private
M01042_P01157,0.0,Public
M01042_P01166,0.0,Private
M01042_P01169,0.0,Public
M01043_P00185,5.9,Private
M01043_P00193,0.0,Private
M01043_P00197,6.7,Private
M01043_P00199,5.4,Private
M01043_P00200,0.0,Private
M01043_P00705,5.5,Private
M01043_P00707,0.0,Public
M01043_P00716,6.3,Private
M01043_P00718,0.0,Private
M01043_P00724,0.0,Public
M01043_P00728,6.6,Private
M01044_P00940,5.6,Public
M01044_P00948,7.4,Public
M01044_P00950,5.1,Public
M01044_P00951,0.0,Private
M01044_P00959,0.0,Private
M01044_P00962,6.9,Private
M01044_P00991,0.0,Private
M01044_P00993,6.3,Private
M01044_P00997,5.5,Private
M01044_P01000,0.0,Public
M01044_P01010,7.0,Private
M01045_P00157,5.4,Public
M01045_P00159,0.0,Private
M01045_P00164,5.9,Public
M01045_P00169,6.3,Private
M01045_P00171,0.0,Public
M01045_P00175,5.5,Public
M01045_P00965,7.0,Private
M01045_P00966,5.2,Private
M01045_P00975,0.0,Private
M01045_P00978,7.9,Private
M01045_P00980,0.0,Private
M01045_P00986,0.0,Private
M01046_P00478,5.9,Private
M01046_P00479,6.5,Private
M01046_P00486,6.6,Private
M01046_P00491,0.0,Private
M01046_P00922,6.9,Private
M01046_P00927,6.3,Public
M01046_P00931,6.8,Public
M01046_P00935,6.6,Private
M01047_P00423,6.5,Private
M01047_P00424,5.2,Public
M01047_P00425,0.0,Private
M01047_P00426,0.0,Private
M01047_P00431,5.0,Public
M01047_P00436,5.7,Private
M01047_P00440,6.1,Private
M01047_P00655,7.2,Private
M01047_P00662,5.9,Private
M01047_P00666,7.3,Private
M01047_P00668,0.0,Private
M01047_P00669,6.7,Private
M01047_P00673,7.2,Private
M01047_P00674,6.1,Private
M01048_P00940,5.5,Private
M01048_P00948,0.0,Private
M01048_P00950,5.8,Public
M01048_P00951,0.0,Public
M01048_P00959,0.0,Public
M01048_P00962,6.9,Public
M01048_P01020,5.8,Private
M01048_P01034,5.6,Private
M01048_P01037,0.0,Private
M01048_P01038,6.5,Private
M01049_P00287,0.0,Private
M01049_P00290,0.0,Private
M01049_P00291,5.4,Private
M01049_P00295,0.0,Private
M01049_P00297,5.4,Private
M01049_P00298,5.6,Private
M01049_P00299,5.6,Public
M01049_P00304,5.3,Private
M01049_P00307,6.0,Private
M01049_P00309,0.0,Public
M01049_P00310,6.6,Private
M01049_P00478,0.0,Private
M01049_P00479,8.1,Public
M01049_P00486,0.0,Private
M01049_P00491,5.6,Private
M01050_P00991,0.0,Private
M01050_P00993,4.5,Private
M01050_P00997,5.1,Private
M01050_P01000,5.6,Private
M01050_P01010,6.2,Private
M01050_P01020,7.9,Private
M01050_P01034,0.0,Public
M01050_P01037,6.9,Private
M01050_P01038,0.0,Private
