Id,player_rating
M00001_P00055,5.252089697601588
M00001_P00057,0.0
M00001_P00059,5.665109920438951
M00001_P00064,0.0
M00001_P00066,8.117989297340877
M00001_P00071,6.6450793111822435
M00001_P00077,0.0
M00001_P01223,0.0
M00001_P01234,0.0
M00001_P01236,0.0
M00001_P01241,7.415911890952131
M00001_P01242,0.0
M00002_P00136,7.115470696678166
M00002_P00141,6.545773775104889
M00002_P00148,0.0
M00002_P00156,5.955412902899703
M00002_P00625,0.0
M00002_P00630,6.782822613064995
M00002_P00632,5.630508983429637
M00002_P00635,7.281686133166056
M00002_P00644,0.0
M00002_P00645,0.0
M00002_P00650,5.880429425098254
M00003_P01020,7.3558591785653835
M00003_P01034,5.018790722319222
M00003_P01037,6.745511883962968
M00003_P01038,5.829865752523295
M00003_P01041,5.893329289872862
M00003_P01042,0.0
M00003_P01048,6.119333571065331
M00003_P01049,0.0
M00003_P01051,0.0
M00003_P01055,0.0
M00003_P01063,6.017832905713622
M00003_P01064,5.50973838033477
M00004_P00108,0.0
M00004_P00110,0.0
M00004_P00114,6.496137225546756
M00004_P00124,7.271713606110349
M00004_P00129,5.2145774730119445
M00004_P01177,6.554284813549451
M00004_P01182,5.330839390848559
M00004_P01184,0.0
M00004_P01193,5.87646567563034
M00004_P01196,6.8614979862515275
M00005_P00136,6.676727825033164
M00005_P00141,7.188964181586787
M00005_P00148,0.0
M00005_P00156,0.0
M00005_P00478,5.942842503568215
M00005_P00479,8.26273764851084
M00005_P00486,0.0
M00005_P00491,0.0
M00006_P00443,0.0
M00006_P00448,5.57005451901815
M00006_P00452,0.0
M00006_P00462,6.172131837316927
M00006_P00463,5.550156746135789
M00006_P00465,6.527453553388842
M00006_P00468,6.161271741883047
M00006_P00625,0.0
M00006_P00630,0.0
M00006_P00632,5.460200280583301
M00006_P00635,6.679560408855032
M00006_P00644,7.686588084310936
M00006_P00645,0.0
M00006_P00650,7.1297609424717345
M00007_P00266,6.513601650763303
M00007_P00271,6.8928652144523745
M00007_P00278,5.490186858001031
M00007_P00286,0.0
M00007_P00625,0.0
M00007_P00630,0.0
M00007_P00632,6.131907854634532
M00007_P00635,7.2948084368960355
M00007_P00644,0.0
M00007_P00645,6.680435674620908
M00007_P00650,6.444191736736794
M00008_P00443,6.819565616991602
M00008_P00448,0.0
M00008_P00452,0.0
M00008_P00462,6.844760598999649
M00008_P00463,0.0
M00008_P00465,6.0121928159721785
M00008_P00468,7.020032966486072
M00008_P01099,6.602986736291017
M00008_P01107,5.175129167669799
M00008_P01108,0.0
M00008_P01109,0.0
M00008_P01114,5.426373669795853
M00008_P01118,6.106481117006045
M00009_P00991,0.0
M00009_P00993,6.2237448741984736
M00009_P00997,6.161892515027169
M00009_P01000,0.0
M00009_P01010,5.534324966815859
M00009_P01070,0.0
M00009_P01074,0.0
M00009_P01082,0.0
M00010_P00266,0.0
M00010_P00271,5.45179469185708
M00010_P00278,0.0
M00010_P00286,0.0
M00010_P00782,0.0
M00010_P00786,0.0
M00010_P00788,6.028293503632982
M00010_P00797,6.782576545061623
M00010_P00803,7.522558835459131
M00011_P01041,0.0
M00011_P01042,0.0
M00011_P01048,0.0
M00011_P01049,7.020651893832846
M00011_P01051,6.134653072186725
M00011_P01055,6.045874550014366
M00011_P01063,7.267847015578863
M00011_P01064,0.0
M00011_P01177,0.0
M00011_P01182,5.309966629953228
M00011_P01184,6.064959900737838
M00011_P01193,6.785844223310662
M00011_P01196,0.0
M00012_P00529,5.61262999218762
M00012_P00535,5.7975748791054045
M00012_P00536,5.614660305169572
M00012_P00542,0.0
M00012_P00543,0.0
M00012_P01120,0.0
M00013_P00055,5.788063253776029
M00013_P00057,6.19008446420633
M00013_P00059,0.0
M00013_P00064,0.0
M00013_P00066,0.0
M00013_P00071,5.990640759513018
M00013_P00077,7.297299883516844
M00013_P00368,5.586165336634156
M00013_P00372,0.0
M00013_P00378,0.0
M00013_P00382,0.0
M00013_P00383,6.314296192728271
M00014_P00108,6.233912695686276
M00014_P00110,0.0
M00014_P00114,6.513769607954326
M00014_P00124,0.0
M00014_P00129,0.0
M00014_P00443,0.0
M00014_P00448,5.074511543763679
M00014_P00452,0.0
M00014_P00462,6.338645502739713
M00014_P00463,0.0
M00014_P00465,5.337983421438116
M00014_P00468,5.834450239049107
M00015_P00345,6.721761926976296
M00015_P00347,6.576317899617704
M00015_P00351,0.0
M00015_P00353,6.2709035877257415
M00015_P00359,5.535158437810076
M00015_P00362,5.777170443957018
M00015_P01099,6.466925301284316
M00015_P01107,6.527571516372264
M00015_P01108,0.0
M00015_P01109,6.5720104925042575
M00015_P01114,0.0
M00015_P01118,0.0
M00016_P00761,0.0
M00016_P00772,6.167901257047869
M00016_P01070,6.767650695152852
M00016_P01074,6.627231363816321
M00016_P01082,0.0
M00017_P00209,0.0
M00017_P00210,0.0
M00017_P00211,5.831990813474645
M00017_P00219,0.0
M00017_P00221,0.0
M00017_P00222,6.561321031486801
M00017_P00232,5.61579906732471
M00017_P00234,8.262823565227
M00017_P00423,6.0780084029228085
M00017_P00424,0.0
M00017_P00425,0.0
M00017_P00426,6.389204523117257
M00017_P00431,0.0
M00017_P00436,0.0
M00017_P00440,6.836520487854573
M00018_P00965,0.0
M00018_P00966,0.0
M00018_P00975,0.0
M00018_P00978,6.8574406169155235
M00018_P00980,6.001476172766754
M00018_P00986,6.908523607213647
M00018_P01223,6.143009951832315
M00018_P01234,5.425866606262941
M00018_P01236,0.0
M00018_P01241,6.667923141920607
M00018_P01242,6.167276178351472
M00019_P00368,5.531210287062771
M00019_P00372,7.108899383085334
M00019_P00378,5.435217974785516
M00019_P00382,0.0
M00019_P00383,6.1498869651492925
M00019_P00611,5.522971404537692
M00019_P00618,7.341606187294856
M00019_P00619,0.0
M00019_P00622,7.128959723594215
M00020_P00079,7.216778368363444
M00020_P00082,6.362859410252904
M00020_P00087,5.589998664172656
M00020_P00097,5.641108135822946
M00020_P00102,0.0
M00020_P00136,6.356515836611479
M00020_P00141,7.6620426942528645
M00020_P00148,5.381594553119435
M00020_P00156,6.651827106961371
M00021_P00266,0.0
M00021_P00271,0.0
M00021_P00278,7.107980921153613
M00021_P00286,5.165281195673805
M00021_P01041,6.478822019082091
M00021_P01042,0.0
M00021_P01048,0.0
M00021_P01049,8.12640225644338
M00021_P01051,5.78228583231493
M00021_P01055,0.0
M00021_P01063,6.5368271727907015
M00021_P01064,0.0
M00022_P00108,5.9103875611076315
M00022_P00110,5.517226069754504
M00022_P00114,0.0
M00022_P00124,0.0
M00022_P00129,5.5364446712760245
M00022_P00991,0.0
M00022_P00993,5.102158173652532
M00022_P00997,0.0
M00022_P01000,6.06709059980046
M00022_P01010,6.38316903081496
M00023_P00761,0.0
M00023_P00772,5.630738969258401
M00023_P00991,0.0
M00023_P00993,5.294636689268353
M00023_P00997,0.0
M00023_P01000,6.2980263460411585
M00023_P01010,6.53893131861037
M00024_P00011,6.932532789867125
M00024_P00024,5.822743974879836
M00024_P00922,5.868475951996822
M00024_P00927,6.446352952513854
M00024_P00931,0.0
M00024_P00935,7.48597465852435
M00025_P00888,5.60219120193115
M00025_P00889,5.851892889659959
M00025_P00893,4.372146518298324
M00025_P00894,0.0
M00025_P00895,5.790667495876297
M00025_P00901,7.7228163142018
M00025_P00909,7.199313495291769
M00025_P01120,6.285355797580577
M00026_P00549,0.0
M00026_P00552,7.546441148870706
M00026_P00554,6.568267811626136
M00026_P00561,6.809857111110894
M00026_P00562,7.048827199052283
M00026_P00568,0.0
M00026_P01070,0.0
M00026_P01074,5.979856987606154
M00026_P01082,0.0
M00027_P00266,0.0
M00027_P00271,0.0
M00027_P00278,0.0
M00027_P00286,6.638869442245488
M00027_P00705,5.669665647444344
M00027_P00707,5.801840484471209
M00027_P00716,6.3951271931731135
M00027_P00718,0.0
M00027_P00724,5.6025648156172565
M00027_P00728,5.946688546489552
M00028_P01201,5.113191643434045
M00028_P01209,0.0
M00028_P01210,6.284381987741586
M00028_P01211,7.386082837799911
M00028_P01214,5.691631975608798
M00028_P01223,0.0
M00028_P01234,6.639482469886447
M00028_P01236,6.051944919720981
M00028_P01241,6.536223674402528
M00028_P01242,0.0
M00029_P00157,5.393136983951372
M00029_P00159,0.0
M00029_P00164,5.9545338606445055
M00029_P00169,5.067744503045704
M00029_P00171,0.0
M00029_P00175,0.0
M00029_P00835,0.0
M00029_P00840,5.658323020713525
M00029_P00844,5.797282603691764
M00029_P00847,0.0
M00029_P00848,6.194771336927755
M00029_P00856,0.0
M00030_P00835,0.0
M00030_P00840,5.387728251699784
M00030_P00844,0.0
M00030_P00847,6.336496700608453
M00030_P00848,6.043573363533949
M00030_P00856,0.0
M00030_P01041,6.278677766547974
M00030_P01042,0.0
M00030_P01048,0.0
M00030_P01049,0.0
M00030_P01051,0.0
M00030_P01055,6.407774823897494
M00030_P01063,7.057009433584385
M00030_P01064,0.0
M00031_P00241,0.0
M00031_P00244,0.0
M00031_P00245,6.321782056061847
M00031_P00248,5.875453964862858
M00031_P00255,8.037432008747896
M00031_P00260,0.0
M00031_P00625,0.0
M00031_P00630,0.0
M00031_P00632,5.800653472781297
M00031_P00635,5.87554537814324
M00031_P00644,6.254217897289188
M00031_P00645,7.49223079037689
M00031_P00650,7.113577949016469
M00032_P00863,6.6025097670571915
M00032_P00880,0.0
M00032_P00882,0.0
M00032_P00888,0.0
M00032_P00889,6.218308537564674
M00032_P00893,5.673319427092787
M00032_P00894,6.075142505468309
M00032_P00895,0.0
M00032_P00901,7.522698139582857
M00032_P00909,6.218655791841846
M00033_P00032,0.0
M00033_P00044,6.5266334160571695
M00033_P00045,5.655356113220321
M00033_P00050,6.277731702500721
M00033_P00052,0.0
M00033_P00807,5.950076702893396
M00033_P00812,0.0
M00033_P00819,0.0
M00033_P00826,6.254451362647012
M00033_P00827,7.072453468050736
M00034_P00391,0.0
M00034_P00399,6.268879630265115
M00034_P00410,5.323854036036529
M00034_P00416,5.831109477820917
M00034_P00515,4.808595284054804
M00035_P00136,0.0
M00035_P00141,6.14143585740956
M00035_P00148,0.0
M00035_P00156,6.098164343430878
M00035_P00940,0.0
M00035_P00948,0.0
M00035_P00950,5.627377425091689
M00035_P00951,7.314593701052489
M00035_P00959,6.249371691224789
M00035_P00962,0.0
M00036_P00108,0.0
M00036_P00110,6.034258110113566
M00036_P00114,0.0
M00036_P00124,6.475099256479638
M00036_P00129,6.445672041125848
M00036_P00922,6.5620817426826346
M00036_P00927,0.0
M00036_P00931,0.0
M00036_P00935,0.0
M00037_P00209,6.218153377411228
M00037_P00210,0.0
M00037_P00211,0.0
M00037_P00219,5.7495277774352544
M00037_P00221,6.103525025095528
M00037_P00222,0.0
M00037_P00232,6.126552367776407
M00037_P00234,7.674103701614413
M00037_P01120,0.0
M00038_P00423,0.0
M00038_P00424,5.430401442871207
M00038_P00425,0.0
M00038_P00426,0.0
M00038_P00431,0.0
M00038_P00436,5.81162920455794
M00038_P00440,0.0
M00038_P00888,5.941596302764594
M00038_P00889,6.189143965396012
M00038_P00893,5.2402105309792475
M00038_P00894,0.0
M00038_P00895,7.150006282762902
M00038_P00901,7.294857112460515
M00038_P00909,0.0
M00039_P00345,6.200616744147937
M00039_P00347,6.647096846853735
M00039_P00351,6.4529052672812846
M00039_P00353,6.856796136848463
M00039_P00359,7.669115723769897
M00039_P00362,5.453523974132012
M00039_P00922,0.0
M00039_P00927,6.20210720642578
M00039_P00931,6.223493701964675
M00039_P00935,0.0
M00040_P00515,0.0
M00040_P01177,0.0
M00040_P01182,6.39079672768231
M00040_P01184,6.259799909188199
M00040_P01193,5.504564564052215
M00040_P01196,7.507135646647695
M00041_P00732,6.054710171451747
M00041_P00738,0.0
M00041_P00742,0.0
M00041_P00744,0.0
M00041_P00747,6.42626657468929
M00041_P00753,6.368914130908456
M00041_P00888,5.706818140451454
M00041_P00889,5.102598074592188
M00041_P00893,5.434232323285751
M00041_P00894,6.978200093840564
M00041_P00895,6.41609061787878
M00041_P00901,8.124098600226029
M00041_P00909,0.0
M00042_P00368,0.0
M00042_P00372,6.5761858226255185
M00042_P00378,5.429190380314625
M00042_P00382,0.0
M00042_P00383,6.144175020405402
M00042_P00391,0.0
M00042_P00399,0.0
M00042_P00410,6.508697594630652
M00042_P00416,5.8246430311788355
M00043_P00032,6.787059062682962
M00043_P00044,6.867385477574052
M00043_P00045,0.0
M00043_P00050,0.0
M00043_P00052,6.270659491704537
M00043_P00991,0.0
M00043_P00993,0.0
M00043_P00997,0.0
M00043_P01000,6.152960758270776
M00043_P01010,6.853110147609866
M00044_P00368,5.9096159467179445
M00044_P00372,7.195855121510025
M00044_P00378,5.717850276945613
M00044_P00382,0.0
M00044_P00383,6.173907923285963
M00044_P00965,0.0
M00044_P00966,0.0
M00044_P00975,0.0
M00044_P00978,6.513587296015535
M00044_P00980,0.0
M00044_P00986,6.336942158094048
M00045_P01041,5.691641862818073
M00045_P01042,0.0
M00045_P01048,5.9493927442333705
M00045_P01049,7.50054832777642
M00045_P01051,0.0
M00045_P01055,5.089011285372555
M00045_P01063,0.0
M00045_P01064,5.18088954471972
M00045_P01177,6.259562281480788
M00045_P01182,0.0
M00045_P01184,5.8683204353060585
M00045_P01193,6.211122459936682
M00045_P01196,0.0
M00046_P00055,0.0
M00046_P00057,5.588217481970425
M00046_P00059,0.0
M00046_P00064,0.0
M00046_P00066,0.0
M00046_P00071,0.0
M00046_P00077,0.0
M00046_P00108,5.779956036085713
M00046_P00110,0.0
M00046_P00114,7.477746186327317
M00046_P00124,6.383468240954035
M00046_P00129,6.183234580132476
M00047_P00391,0.0
M00047_P00399,6.025202033348714
M00047_P00410,6.158357255112531
M00047_P00416,6.4921186213636055
M00047_P00835,5.8701396004996536
M00047_P00840,0.0
M00047_P00844,0.0
M00047_P00847,0.0
M00047_P00848,0.0
M00047_P00856,5.786209691511877
M00048_P00345,5.9155769603592985
M00048_P00347,0.0
M00048_P00351,5.7756246378815215
M00048_P00353,0.0
M00048_P00359,4.117398982311498
M00048_P00362,6.166328285778151
M00048_P00922,0.0
M00048_P00927,0.0
M00048_P00931,6.154978861909427
M00048_P00935,0.0
M00049_P00391,0.0
M00049_P00399,6.451187935156728
M00049_P00410,6.135036012832827
M00049_P00416,5.551740840487007
M00049_P00807,0.0
M00049_P00812,6.613952313352712
M00049_P00819,5.842572693868151
M00049_P00826,0.0
M00049_P00827,7.660112789983133
M00050_P00157,6.512849811520268
M00050_P00159,0.0
M00050_P00164,0.0
M00050_P00169,0.0
M00050_P00171,5.847581789844141
M00050_P00175,6.123564997312155
M00050_P00185,5.548843585098037
M00050_P00193,5.744849676526466
M00050_P00197,6.34202146901307
M00050_P00199,0.0
M00050_P00200,5.338310804364314
M00051_P00574,0.0
M00051_P00579,6.42841352485868
M00051_P00582,0.0
M00051_P00584,5.64069860683423
M00051_P00586,0.0
M00051_P00590,6.617771557941492
M00051_P00732,0.0
M00051_P00738,6.129687497028966
M00051_P00742,6.877174866593851
M00051_P00744,5.699673320398848
M00051_P00747,0.0
M00051_P00753,5.499549656508696
M00052_P00079,6.841209624824836
M00052_P00082,5.735587791974714
M00052_P00087,0.0
M00052_P00097,6.476368431551564
M00052_P00102,6.729081129100848
M00052_P01201,5.269954314277158
M00052_P01209,0.0
M00052_P01210,0.0
M00052_P01211,7.38290911791706
M00052_P01214,0.0
M00053_P00079,0.0
M00053_P00082,6.683389676956089
M00053_P00087,5.685116579852861
M00053_P00097,0.0
M00053_P00102,4.913498286358973
M00053_P00678,0.0
M00053_P00679,0.0
M00053_P00680,0.0
M00053_P00681,5.981962301002978
M00053_P00683,0.0
M00053_P00694,0.0
M00054_P00157,0.0
M00054_P00159,0.0
M00054_P00164,6.600086007789895
M00054_P00169,0.0
M00054_P00171,6.084081927113564
M00054_P00175,6.021292335961802
M00054_P00423,0.0
M00054_P00424,0.0
M00054_P00425,6.718426476803465
M00054_P00426,6.201192928194315
M00054_P00431,6.421514082181082
M00054_P00436,7.779683816381668
M00054_P00440,6.250616530340277
M00055_P00732,6.754403809880895
M00055_P00738,6.041728199332253
M00055_P00742,0.0
M00055_P00744,0.0
M00055_P00747,0.0
M00055_P00753,6.446488873703617
M00055_P00888,0.0
M00055_P00889,6.44059901743119
M00055_P00893,5.688354516349052
M00055_P00894,0.0
M00055_P00895,6.344884177991201
M00055_P00901,7.444303632676111
M00055_P00909,6.4126220561322365
M00056_P00287,0.0
M00056_P00290,5.171585555668241
M00056_P00291,0.0
M00056_P00295,7.348322470823662
M00056_P00297,6.38572480536785
M00056_P00298,0.0
M00056_P00299,0.0
M00056_P00304,6.823680499417869
M00056_P00307,6.269135878094504
M00056_P00309,6.064374466181959
M00056_P00310,6.178981647353286
M00056_P00478,0.0
M00056_P00479,6.587078295612329
M00056_P00486,0.0
M00056_P00491,0.0
M00057_P00108,6.888266318691564
M00057_P00110,6.577477788870716
M00057_P00114,0.0
M00057_P00124,6.387456738832808
M00057_P00129,5.670279012022781
M00057_P00761,0.0
M00057_P00772,5.986061044453826
M00058_P00079,0.0
M00058_P00082,6.590716041315125
M00058_P00087,6.8933109175614415
M00058_P00097,6.205057975564961
M00058_P00102,5.7747969607100735
M00058_P01099,5.797635922858938
M00058_P01107,5.54980503284531
M00058_P01108,6.347721911775203
M00058_P01109,0.0
M00058_P01114,6.715115998882134
M00058_P01118,0.0
M00059_P00136,0.0
M00059_P00141,6.497040519283166
M00059_P00148,6.175884167723863
M00059_P00156,0.0
M00059_P00423,0.0
M00059_P00424,0.0
M00059_P00425,6.9612963911665595
M00059_P00426,5.383423352772422
M00059_P00431,4.667248199930212
M00059_P00436,0.0
M00059_P00440,6.551703883330087
M00060_P00782,0.0
M00060_P00786,0.0
M00060_P00788,6.815991936672875
M00060_P00797,6.05930599404585
M00060_P00803,6.479922534639706
M00060_P00807,5.575380156870654
M00060_P00812,7.013062421367984
M00060_P00819,6.221714656354756
M00060_P00826,0.0
M00060_P00827,7.425338913151213
M00061_P00079,0.0
M00061_P00082,6.056530633456941
M00061_P00087,6.721530106358419
M00061_P00097,0.0
M00061_P00102,6.384566202388191
M00061_P00287,6.477912174139867
M00061_P00290,0.0
M00061_P00291,6.056875110557958
M00061_P00295,6.5826928172901855
M00061_P00297,5.615928439567355
M00061_P00298,0.0
M00061_P00299,5.668703591724148
M00061_P00304,6.833308186138023
M00061_P00307,0.0
M00061_P00309,0.0
M00061_P00310,6.573701257012077
M00062_P00423,0.0
M00062_P00424,4.988619420924732
M00062_P00425,6.829701540220496
M00062_P00426,6.235445791889592
M00062_P00431,0.0
M00062_P00436,6.505526679926908
M00062_P00440,7.321314621604947
M00062_P00625,0.0
M00062_P00630,0.0
M00062_P00632,7.0090918777909845
M00062_P00635,5.439253671274928
M00062_P00644,5.528326504637254
M00062_P00645,7.537556088018823
M00062_P00650,6.405267895502732
M00063_P00478,5.398059945305148
M00063_P00479,7.740973727934517
M00063_P00486,6.4617890366523145
M00063_P00491,0.0
M00063_P00732,5.627676501503958
M00063_P00738,5.320340034360849
M00063_P00742,7.517894699626373
M00063_P00744,0.0
M00063_P00747,7.04366538278013
M00063_P00753,5.738853477637438
M00064_P00241,6.329782528928859
M00064_P00244,5.699229741191582
M00064_P00245,0.0
M00064_P00248,0.0
M00064_P00255,6.932975221203127
M00064_P00260,7.545069609922798
M00064_P00345,6.50096069369288
M00064_P00347,0.0
M00064_P00351,7.10493147574494
M00064_P00353,6.011406408371197
M00064_P00359,6.832059081048541
M00064_P00362,5.115247480572686
M00065_P00079,7.509819062766224
M00065_P00082,0.0
M00065_P00087,6.248663013163847
M00065_P00097,5.799110823556704
M00065_P00102,6.1160291534002535
M00065_P00991,0.0
M00065_P00993,5.5375379123014365
M00065_P00997,5.639977581063679
M00065_P01000,0.0
M00065_P01010,6.7267396881001496
M00066_P00529,0.0
M00066_P00535,0.0
M00066_P00536,5.939074190060252
M00066_P00542,6.3160030111808085
M00066_P00543,0.0
M00066_P01223,0.0
M00066_P01234,7.6345991113939755
M00066_P01236,5.627922292521568
M00066_P01241,0.0
M00066_P01242,6.089051496773735
M00067_P00782,0.0
M00067_P00786,0.0
M00067_P00788,6.542727468162058
M00067_P00797,0.0
M00067_P00803,5.913795998197118
M00067_P00965,0.0
M00067_P00966,6.551101262378477
M00067_P00975,6.631955016744548
M00067_P00978,0.0
M00067_P00980,6.1951030645653145
M00067_P00986,0.0
M00068_P00079,6.055351095411323
M00068_P00082,5.536352723837892
M00068_P00087,5.57963733428474
M00068_P00097,5.456646366963945
M00068_P00102,0.0
M00068_P00863,6.147500401666589
M00068_P00880,5.923305686131054
M00068_P00882,7.9925076167527
M00069_P00108,0.0
M00069_P00110,0.0
M00069_P00114,0.0
M00069_P00124,5.773228343980475
M00069_P00129,5.925322820115281
M00069_P01020,6.632272976158466
M00069_P01034,5.61549174324385
M00069_P01037,5.807343997242346
M00069_P01038,5.6272033318429395
M00070_P00185,6.013219889084147
M00070_P00193,0.0
M00070_P00197,5.754914671524712
M00070_P00199,6.738877472701607
M00070_P00200,5.91619210271434
M00070_P00655,0.0
M00070_P00662,6.563388777713709
M00070_P00666,0.0
M00070_P00668,6.006452635438324
M00070_P00669,0.0
M00070_P00673,6.229749097751686
M00070_P00674,6.03159023786536
M00071_P00965,0.0
M00071_P00966,5.762277035451383
M00071_P00975,0.0
M00071_P00978,6.348036414071936
M00071_P00980,6.551840798704724
M00071_P00986,6.754000276964911
M00071_P01020,0.0
M00071_P01034,6.253055168226481
M00071_P01037,6.080946593546095
M00071_P01038,0.0
M00072_P00678,0.0
M00072_P00679,0.0
M00072_P00680,6.663712278443149
M00072_P00681,0.0
M00072_P00683,0.0
M00072_P00694,6.459333494824047
M00072_P01120,6.208304335401239
M00073_P00345,5.421748778813362
M00073_P00347,6.295518858693854
M00073_P00351,6.503917789710309
M00073_P00353,6.053456600876292
M00073_P00359,5.289334170880502
M00073_P00362,6.241586274994324
M00073_P00423,7.17221360560746
M00073_P00424,6.983039468506263
M00073_P00425,6.929456179224011
M00073_P00426,5.931152241422209
M00073_P00431,5.719405144324677
M00073_P00436,0.0
M00073_P00440,0.0
M00074_P00391,0.0
M00074_P00399,5.5803694957482675
M00074_P00410,5.597455989351344
M00074_P00416,5.743605351229394
M00074_P00443,5.998923080085264
M00074_P00448,0.0
M00074_P00452,5.53706760186372
M00074_P00462,5.7401200861393145
M00074_P00463,0.0
M00074_P00465,5.69054376854676
M00074_P00468,6.439009116678269
M00075_P01070,6.272484757344695
M00075_P01074,0.0
M00075_P01082,0.0
M00075_P01099,6.195248194639936
M00075_P01107,4.705493348332602
M00075_P01108,6.083762280030782
M00075_P01109,6.364580033426607
M00075_P01114,5.859461358073616
M00075_P01118,0.0
M00076_P00108,0.0
M00076_P00110,6.498359303371838
M00076_P00114,8.857222501614425
M00076_P00124,0.0
M00076_P00129,6.321569295876555
M00076_P00529,6.023788789428192
M00076_P00535,0.0
M00076_P00536,6.262406702388192
M00076_P00542,0.0
M00076_P00543,5.799183073405292
M00077_P00940,6.0749339224368715
M00077_P00948,6.548104850260306
M00077_P00950,6.300294824944416
M00077_P00951,6.23901424029484
M00077_P00959,0.0
M00077_P00962,5.624372230349676
M00077_P01020,0.0
M00077_P01034,0.0
M00077_P01037,5.949298003443158
M00077_P01038,5.068271663346827
M00078_P00345,5.866556752590395
M00078_P00347,5.0909438245208545
M00078_P00351,6.6628791939116185
M00078_P00353,5.832402819120853
M00078_P00359,6.026693280399721
M00078_P00362,0.0
M00078_P00888,4.535198344608306
M00078_P00889,0.0
M00078_P00893,5.676642637528156
M00078_P00894,0.0
M00078_P00895,0.0
M00078_P00901,0.0
M00078_P00909,6.33941036439567
M00079_P00209,5.650541930434603
M00079_P00210,0.0
M00079_P00211,0.0
M00079_P00219,6.3573556544855965
M00079_P00221,6.462498173147461
M00079_P00222,6.01108529726974
M00079_P00232,0.0
M00079_P00234,0.0
M00079_P00611,6.407948370690141
M00079_P00618,0.0
M00079_P00619,0.0
M00079_P00622,0.0
M00080_P00478,0.0
M00080_P00479,6.786087794298325
M00080_P00486,6.564254601739216
M00080_P00491,6.194570517271236
M00080_P00611,6.370253570616986
M00080_P00618,7.153095278219949
M00080_P00619,4.962291957781171
M00080_P00622,5.23626696147764
M00081_P00888,6.340920649157104
M00081_P00889,5.340527176381565
M00081_P00893,6.2802694448203535
M00081_P00894,5.7117281068048715
M00081_P00895,0.0
M00081_P00901,7.832910193525403
M00081_P00909,0.0
M00081_P01201,5.02526026161649
M00081_P01209,0.0
M00081_P01210,0.0
M00081_P01211,6.855912389331126
M00081_P01214,0.0
M00082_P00922,0.0
M00082_P00927,0.0
M00082_P00931,0.0
M00082_P00935,0.0
M00082_P01099,6.125554571358993
M00082_P01107,0.0
M00082_P01108,0.0
M00082_P01109,6.411240531100347
M00082_P01114,7.402880245049527
M00082_P01118,6.216112422687939
M00083_P00209,5.859102248100746
M00083_P00210,0.0
M00083_P00211,0.0
M00083_P00219,0.0
M00083_P00221,0.0
M00083_P00222,6.2566953270895285
M00083_P00232,6.101085250241492
M00083_P00234,0.0
M00083_P00443,0.0
M00083_P00448,5.580703582115879
M00083_P00452,0.0
M00083_P00462,0.0
M00083_P00463,5.49098306443232
M00083_P00465,6.1186066697973605
M00083_P00468,6.114943701230155
M00084_P00922,7.417942314439625
M00084_P00927,6.375594550651024
M00084_P00931,0.0
M00084_P00935,5.755728522511336
M00084_P01223,0.0
M00084_P01234,6.941860062218089
M00084_P01236,6.79542661987602
M00084_P01241,0.0
M00084_P01242,6.339135055776274
M00085_P00478,5.972271313049758
M00085_P00479,6.934112002012738
M00085_P00486,6.2376932059691335
M00085_P00491,6.219044635838967
M00085_P01020,5.59558835284863
M00085_P01034,5.739883031347192
M00085_P01037,5.64217534848931
M00085_P01038,6.148551856358667
M00086_P00345,0.0
M00086_P00347,6.38059764372273
M00086_P00351,0.0
M00086_P00353,6.187157318136656
M00086_P00359,0.0
M00086_P00362,0.0
M00086_P01146,0.0
M00086_P01157,5.809982477872254
M00086_P01166,6.965143175604676
M00086_P01169,6.133876549566366
M00087_P00807,0.0
M00087_P00812,6.95703933530979
M00087_P00819,6.225371803733752
M00087_P00826,0.0
M00087_P00827,6.412149820202435
M00087_P00835,0.0
M00087_P00840,0.0
M00087_P00844,0.0
M00087_P00847,5.712386738168437
M00087_P00848,0.0
M00087_P00856,0.0
M00088_P00136,0.0
M00088_P00141,7.075865565783227
M00088_P00148,6.936711346746853
M00088_P00156,5.486911733045371
M00088_P01070,5.486103162695978
M00088_P01074,0.0
M00088_P01082,6.253014088708503
M00089_P00011,0.0
M00089_P00024,0.0
M00089_P00055,0.0
M00089_P00057,0.0
M00089_P00059,5.8192688078636055
M00089_P00064,5.7984399804602935
M00089_P00066,0.0
M00089_P00071,6.349426066592515
M00089_P00077,0.0
M00090_P00423,0.0
M00090_P00424,5.651175246129466
M00090_P00425,7.030902225222073
M00090_P00426,5.449073664811233
M00090_P00431,5.641138228056358
M00090_P00436,5.952807049022637
M00090_P00440,7.085436871827917
M00090_P01041,0.0
M00090_P01042,5.689325715475416
M00090_P01048,5.782569884961566
M00090_P01049,0.0
M00090_P01051,6.0920167996155445
M00090_P01055,0.0
M00090_P01063,5.341665505569872
M00090_P01064,6.671905492228461
M00091_P00922,6.669005575580697
M00091_P00927,6.884291366285621
M00091_P00931,6.166159064741785
M00091_P00935,5.813962693638072
M00091_P01201,0.0
M00091_P01209,5.505427233632615
M00091_P01210,0.0
M00091_P01211,7.134734465321358
M00091_P01214,0.0
M00092_P00108,5.957315022964772
M00092_P00110,0.0
M00092_P00114,7.370126273724031
M00092_P00124,5.797154175469669
M00092_P00129,0.0
M00092_P00185,0.0
M00092_P00193,6.15224405820182
M00092_P00197,0.0
M00092_P00199,5.6612888610537615
M00092_P00200,5.776584999302102
M00093_P00055,0.0
M00093_P00057,5.717250813610953
M00093_P00059,0.0
M00093_P00064,0.0
M00093_P00066,8.27190607646891
M00093_P00071,0.0
M00093_P00077,6.041393331980667
M00093_P00888,6.000253607796263
M00093_P00889,6.433563296279887
M00093_P00893,6.866108277843978
M00093_P00894,6.688660782631949
M00093_P00895,6.961072279116589
M00093_P00901,0.0
M00093_P00909,0.0
M00094_P00209,0.0
M00094_P00210,7.122146439449952
M00094_P00211,0.0
M00094_P00219,0.0
M00094_P00221,0.0
M00094_P00222,6.4826159960433465
M00094_P00232,0.0
M00094_P00234,0.0
M00094_P00705,0.0
M00094_P00707,6.62495625072893
M00094_P00716,5.496973124360125
M00094_P00718,7.562367599585094
M00094_P00724,0.0
M00094_P00728,6.020134316370953
M00095_P00055,0.0
M00095_P00057,0.0
M00095_P00059,0.0
M00095_P00064,0.0
M00095_P00066,0.0
M00095_P00071,0.0
M00095_P00077,0.0
M00095_P00611,6.24231805515325
M00095_P00618,0.0
M00095_P00619,5.630955922632921
M00095_P00622,0.0
M00096_P00391,0.0
M00096_P00399,6.376499050122624
M00096_P00410,0.0
M00096_P00416,5.234404222604913
M00096_P01120,0.0
M00097_P00574,0.0
M00097_P00579,7.060247748479991
M00097_P00582,0.0
M00097_P00584,0.0
M00097_P00586,5.91914511563884
M00097_P00590,7.256358047190517
M00097_P00940,6.3792551289600326
M00097_P00948,0.0
M00097_P00950,6.482968304540198
M00097_P00951,0.0
M00097_P00959,0.0
M00097_P00962,6.6536580373292855
M00098_P00266,6.642710376295428
M00098_P00271,5.8587833879887
M00098_P00278,0.0
M00098_P00286,0.0
M00098_P00391,6.616689978072785
M00098_P00399,5.259492964995776
M00098_P00410,0.0
M00098_P00416,5.80375471761209
M00099_P00032,7.004362089191562
M00099_P00044,0.0
M00099_P00045,0.0
M00099_P00050,5.2852495996560265
M00099_P00052,0.0
M00099_P00313,0.0
M00099_P00324,0.0
M00099_P00329,6.615587856668083
M00099_P00333,6.666472356553477
M00099_P00334,5.855546911087297
M00100_P00678,0.0
M00100_P00679,0.0
M00100_P00680,4.874119835407219
M00100_P00681,0.0
M00100_P00683,0.0
M00100_P00694,0.0
M00100_P01120,0.0
M00101_P00266,6.2172040988512745
M00101_P00271,5.3370405940630405
M00101_P00278,0.0
M00101_P00286,5.914323005180225
M00101_P00443,0.0
M00101_P00448,6.66020391045242
M00101_P00452,5.058841192902964
M00101_P00462,6.519464120207328
M00101_P00463,5.6222204333885335
M00101_P00465,0.0
M00101_P00468,6.635330382161567
M00102_P00055,0.0
M00102_P00057,5.793704708039162
M00102_P00059,4.811306206646962
M00102_P00064,5.890265081978299
M00102_P00066,0.0
M00102_P00071,0.0
M00102_P00077,6.279461116701929
M00102_P00625,0.0
M00102_P00630,5.375481132686751
M00102_P00632,6.766325838080183
M00102_P00635,0.0
M00102_P00644,0.0
M00102_P00645,0.0
M00102_P00650,6.293094263348735
M00103_P00313,7.145481955805412
M00103_P00324,7.278606986036612
M00103_P00329,5.946758245117691
M00103_P00333,6.254837931719071
M00103_P00334,6.2914255506438925
M00103_P00782,6.910265105487468
M00103_P00786,0.0
M00103_P00788,0.0
M00103_P00797,0.0
M00103_P00803,5.19887416989376
M00104_P00368,5.611246747954932
M00104_P00372,6.860728112630565
M00104_P00378,0.0
M00104_P00382,6.172381300286691
M00104_P00383,5.7015810455072335
M00104_P00391,0.0
M00104_P00399,0.0
M00104_P00410,6.8339593564865595
M00104_P00416,6.518811882054116
M00105_P00549,0.0
M00105_P00552,6.128301103203466
M00105_P00554,5.187554366252732
M00105_P00561,0.0
M00105_P00562,5.059938589165748
M00105_P00568,5.58583675233862
M00105_P00655,0.0
M00105_P00662,5.753937368501418
M00105_P00666,0.0
M00105_P00668,5.301268440510127
M00105_P00669,5.813174090839863
M00105_P00673,5.68389119033926
M00105_P00674,0.0
M00106_P00443,0.0
M00106_P00448,0.0
M00106_P00452,0.0
M00106_P00462,7.193193850143143
M00106_P00463,6.279215880544672
M00106_P00465,0.0
M00106_P00468,5.783678899832262
M00106_P00611,5.23610375749871
M00106_P00618,6.280546617681262
M00106_P00619,5.812953591822943
M00106_P00622,6.321428219171462
M00107_P00888,6.3106867685565735
M00107_P00889,5.754255006198242
M00107_P00893,6.612770016474197
M00107_P00894,0.0
M00107_P00895,0.0
M00107_P00901,6.546027144345082
M00107_P00909,6.246977554149193
M00107_P01120,0.0
M00108_P00185,0.0
M00108_P00193,5.373084388053101
M00108_P00197,0.0
M00108_P00199,0.0
M00108_P00200,6.134467126932153
M00108_P00443,0.0
M00108_P00448,0.0
M00108_P00452,0.0
M00108_P00462,5.742678662893142
M00108_P00463,5.8653357818002085
M00108_P00465,7.032045665891259
M00108_P00468,0.0
M00109_P00055,6.271940051288408
M00109_P00057,0.0
M00109_P00059,6.76791413295574
M00109_P00064,6.370438616625636
M00109_P00066,0.0
M00109_P00071,6.015205831546697
M00109_P00077,5.656414673678254
M00109_P00185,6.545355732515559
M00109_P00193,7.17611713402214
M00109_P00197,0.0
M00109_P00199,0.0
M00109_P00200,6.553773576118106
M00110_P00574,6.424616280695467
M00110_P00579,0.0
M00110_P00582,5.956992529760978
M00110_P00584,6.27012251685964
M00110_P00586,6.667242374745758
M00110_P00590,7.340728729973202
M00110_P01223,0.0
M00110_P01234,7.305428501732517
M00110_P01236,5.827172765228218
M00110_P01241,6.19509857764416
M00110_P01242,5.063414556520181
M00111_P00705,5.1123735798924645
M00111_P00707,0.0
M00111_P00716,4.745091986521963
M00111_P00718,6.2634120916681635
M00111_P00724,6.912411725699713
M00111_P00728,6.647083031137619
M00111_P01020,6.443226918226132
M00111_P01034,6.145204817219311
M00111_P01037,6.2154040252442995
M00111_P01038,0.0
M00112_P00625,6.458414268095542
M00112_P00630,5.996242387807729
M00112_P00632,7.024135622030444
M00112_P00635,6.066227258905697
M00112_P00644,0.0
M00112_P00645,0.0
M00112_P00650,5.230104417389709
M00112_P00965,0.0
M00112_P00966,0.0
M00112_P00975,6.431352892938469
M00112_P00978,6.506155879962092
M00112_P00980,0.0
M00112_P00986,0.0
M00113_P00055,0.0
M00113_P00057,0.0
M00113_P00059,6.7052767955171255
M00113_P00064,0.0
M00113_P00066,7.286656899970432
M00113_P00071,0.0
M00113_P00077,6.548160256335622
M00113_P01201,5.267630488260499
M00113_P01209,8.033170424319515
M00113_P01210,5.685571428803113
M00113_P01211,6.565722767244476
M00113_P01214,6.018933825181437
M00114_P00863,5.7424852432294475
M00114_P00880,5.795379859950483
M00114_P00882,0.0
M00114_P00922,6.021532864006915
M00114_P00927,5.927343842399212
M00114_P00931,6.513155326099081
M00114_P00935,0.0
M00115_P00611,6.27722057429709
M00115_P00618,6.949507051414098
M00115_P00619,0.0
M00115_P00622,0.0
M00115_P00732,0.0
M00115_P00738,0.0
M00115_P00742,7.144529825855958
M00115_P00744,0.0
M00115_P00747,7.209581840083464
M00115_P00753,6.789559886043257
M00116_P00529,0.0
M00116_P00535,5.673513113965548
M00116_P00536,6.729553286624998
M00116_P00542,0.0
M00116_P00543,0.0
M00116_P01020,0.0
M00116_P01034,5.3990689721332235
M00116_P01037,0.0
M00116_P01038,6.075397646201226
M00117_P00515,0.0
M00117_P01201,6.609203280002081
M00117_P01209,6.483458390302189
M00117_P01210,0.0
M00117_P01211,7.040068732599096
M00117_P01214,0.0
M00118_P00678,0.0
M00118_P00679,0.0
M00118_P00680,5.977629764668278
M00118_P00681,5.326413411921232
M00118_P00683,6.751112068389938
M00118_P00694,0.0
M00118_P01099,5.018732157779301
M00118_P01107,0.0
M00118_P01108,7.166643654339473
M00118_P01109,0.0
M00118_P01114,0.0
M00118_P01118,0.0
M00119_P00478,0.0
M00119_P00479,0.0
M00119_P00486,6.26849611522675
M00119_P00491,6.262429752205332
M00119_P01146,7.516515918980513
M00119_P01157,0.0
M00119_P01166,6.118849622813893
M00119_P01169,5.883754057647488
M00120_P00313,7.510077072325236
M00120_P00324,6.059858543852053
M00120_P00329,6.245629488501966
M00120_P00333,6.804427695082636
M00120_P00334,0.0
M00120_P00705,0.0
M00120_P00707,6.3968495147884905
M00120_P00716,5.788232223031114
M00120_P00718,0.0
M00120_P00724,5.410647565098921
M00120_P00728,6.904838090017012
M00121_P00287,0.0
M00121_P00290,0.0
M00121_P00291,4.962297125349551
M00121_P00295,7.064604858546393
M00121_P00297,6.538732658020362
M00121_P00298,0.0
M00121_P00299,0.0
M00121_P00304,0.0
M00121_P00307,5.81589331562324
M00121_P00309,6.620806468680661
M00121_P00310,6.620726772717614
M00121_P01120,0.0
M00122_P00655,0.0
M00122_P00662,6.378062212642261
M00122_P00666,6.410447775864015
M00122_P00668,0.0
M00122_P00669,6.081678169630731
M00122_P00673,0.0
M00122_P00674,0.0
M00122_P00940,5.887769687342593
M00122_P00948,5.671460461917142
M00122_P00950,0.0
M00122_P00951,5.807897587714138
M00122_P00959,0.0
M00122_P00962,0.0
M00123_P00345,0.0
M00123_P00347,0.0
M00123_P00351,0.0
M00123_P00353,0.0
M00123_P00359,5.761589111243365
M00123_P00362,6.4773732087868545
M00123_P00478,4.740426836978264
M00123_P00479,0.0
M00123_P00486,5.8469468043717505
M00123_P00491,6.250901054807951
M00124_P00732,5.129083585922191
M00124_P00738,0.0
M00124_P00742,0.0
M00124_P00744,6.116333858574164
M00124_P00747,8.413627582573744
M00124_P00753,5.881453110304437
M00124_P00761,5.817333740691041
M00124_P00772,5.162363779726469
M00125_P00782,0.0
M00125_P00786,5.933838014977366
M00125_P00788,6.161678961541235
M00125_P00797,5.6751501381821035
M00125_P00803,0.0
M00125_P00835,0.0
M00125_P00840,5.949001425419974
M00125_P00844,6.086288309204485
M00125_P00847,0.0
M00125_P00848,0.0
M00125_P00856,0.0
M00126_P00136,0.0
M00126_P00141,6.128081580760314
M00126_P00148,5.052939634323615
M00126_P00156,0.0
M00126_P01099,7.196967536471216
M00126_P01107,5.666029825310637
M00126_P01108,0.0
M00126_P01109,6.2320869626608015
M00126_P01114,0.0
M00126_P01118,6.483263453417059
M00127_P00136,0.0
M00127_P00141,7.119775203365355
M00127_P00148,0.0
M00127_P00156,5.758966941993249
M00127_P00423,0.0
M00127_P00424,0.0
M00127_P00425,7.305652427408285
M00127_P00426,6.165768078733614
M00127_P00431,0.0
M00127_P00436,6.976828313783987
M00127_P00440,0.0
M00128_P00313,0.0
M00128_P00324,6.04810839480877
M00128_P00329,5.739836507074624
M00128_P00333,6.706386257315226
M00128_P00334,6.556899363048165
M00128_P00368,0.0
M00128_P00372,7.461647099546055
M00128_P00378,5.779076048507249
M00128_P00382,5.772876464121844
M00128_P00383,0.0
M00129_P00055,0.0
M00129_P00057,0.0
M00129_P00059,0.0
M00129_P00064,0.0
M00129_P00066,6.999402522488243
M00129_P00071,0.0
M00129_P00077,0.0
M00129_P00423,0.0
M00129_P00424,0.0
M00129_P00425,6.20719933711629
M00129_P00426,0.0
M00129_P00431,5.079039673765902
M00129_P00436,5.158819781212262
M00129_P00440,0.0
M00130_P00678,0.0
M00130_P00679,0.0
M00130_P00680,0.0
M00130_P00681,6.038452506363558
M00130_P00683,5.327505633857746
M00130_P00694,6.275908006283642
M00130_P00761,5.965244969917512
M00130_P00772,5.889811648940572
M00131_P01146,0.0
M00131_P01157,6.581839250382009
M00131_P01166,6.200259101128556
M00131_P01169,0.0
M00131_P01177,0.0
M00131_P01182,0.0
M00131_P01184,6.463952080005401
M00131_P01193,5.395384572460522
M00131_P01196,6.916808529007728
M00132_P00391,0.0
M00132_P00399,5.853473127961072
M00132_P00410,0.0
M00132_P00416,0.0
M00132_P00655,0.0
M00132_P00662,5.9225544421959295
M00132_P00666,0.0
M00132_P00668,5.576012458263541
M00132_P00669,6.878721575838494
M00132_P00673,0.0
M00132_P00674,7.361139105495048
M00133_P00157,0.0
M00133_P00159,5.09068434867192
M00133_P00164,5.98375667884474
M00133_P00169,6.184947904047114
M00133_P00171,6.0160768152576924
M00133_P00175,0.0
M00133_P00732,0.0
M00133_P00738,5.770871239740673
M00133_P00742,6.005455068991207
M00133_P00744,4.785936759485121
M00133_P00747,0.0
M00133_P00753,0.0
M00134_P00863,0.0
M00134_P00880,5.74812227653271
M00134_P00882,6.659744775198517
M00134_P01146,0.0
M00134_P01157,4.357278722917509
M00134_P01166,5.909751441696022
M00134_P01169,6.992283499127145
M00135_P00391,0.0
M00135_P00399,0.0
M00135_P00410,5.858007206785411
M00135_P00416,0.0
M00135_P00922,6.510429025677981
M00135_P00927,6.298102911851958
M00135_P00931,6.6259688718325425
M00135_P00935,6.128517322289607
M00136_P00209,0.0
M00136_P00210,0.0
M00136_P00211,6.121750820468476
M00136_P00219,5.986261809902808
M00136_P00221,6.730841173382784
M00136_P00222,5.647641829565115
M00136_P00232,0.0
M00136_P00234,6.721365525621663
M00136_P00782,0.0
M00136_P00786,6.5268642922960165
M00136_P00788,6.580136998917692
M00136_P00797,6.394762654384537
M00136_P00803,6.195870044670109
M00137_P00732,0.0
M00137_P00738,6.078186344481194
M00137_P00742,0.0
M00137_P00744,0.0
M00137_P00747,7.886141685240854
M00137_P00753,5.480769284664589
M00137_P01041,0.0
M00137_P01042,0.0
M00137_P01048,5.878386044142706
M00137_P01049,5.321082859571636
M00137_P01051,0.0
M00137_P01055,5.915568531225292
M00137_P01063,0.0
M00137_P01064,0.0
M00138_P00732,6.926675170858401
M00138_P00738,0.0
M00138_P00742,6.626663233432734
M00138_P00744,0.0
M00138_P00747,7.458597029870678
M00138_P00753,0.0
M00138_P00922,0.0
M00138_P00927,5.762012624193606
M00138_P00931,5.675202481403634
M00138_P00935,0.0
M00139_P00423,7.337463103977495
M00139_P00424,5.833056045439992
M00139_P00425,5.775406424997955
M00139_P00426,6.34857516756683
M00139_P00431,0.0
M00139_P00436,0.0
M00139_P00440,5.761709313267888
M00139_P00732,5.947627939586988
M00139_P00738,5.861293555154699
M00139_P00742,0.0
M00139_P00744,5.7954056719625875
M00139_P00747,6.424182864180654
M00139_P00753,6.244537836779694
M00140_P00443,0.0
M00140_P00448,0.0
M00140_P00452,5.879085821654639
M00140_P00462,6.697895676973143
M00140_P00463,0.0
M00140_P00465,6.224427906175858
M00140_P00468,0.0
M00140_P01041,0.0
M00140_P01042,5.320357054694434
M00140_P01048,5.556040887792257
M00140_P01049,0.0
M00140_P01051,0.0
M00140_P01055,5.7608595001143055
M00140_P01063,6.124385290193026
M00140_P01064,7.10535018757867
M00141_P00391,0.0
M00141_P00399,0.0
M00141_P00410,6.9189731063121
M00141_P00416,5.739786793539012
M00141_P01041,0.0
M00141_P01042,0.0
M00141_P01048,6.568084185311264
M00141_P01049,8.576369298293027
M00141_P01051,0.0
M00141_P01055,5.8535434422651065
M00141_P01063,7.103120384690095
M00141_P01064,0.0
M00142_P00108,6.1640743219912055
M00142_P00110,5.609552043995199
M00142_P00114,0.0
M00142_P00124,6.285454130073328
M00142_P00129,5.210042131130006
M00142_P01201,6.213664789315097
M00142_P01209,0.0
M00142_P01210,5.967600571648103
M00142_P01211,0.0
M00142_P01214,5.9775569862127504
M00143_P00443,0.0
M00143_P00448,4.721062028069828
M00143_P00452,7.302552943953865
M00143_P00462,6.374515673946463
M00143_P00463,5.610367778085549
M00143_P00465,6.1759166952585804
M00143_P00468,0.0
M00143_P00574,0.0
M00143_P00579,6.136129860764338
M00143_P00582,0.0
M00143_P00584,0.0
M00143_P00586,6.116869862947587
M00143_P00590,7.284750629714405
M00144_P00209,5.389233261144334
M00144_P00210,0.0
M00144_P00211,0.0
M00144_P00219,0.0
M00144_P00221,6.881309143327304
M00144_P00222,5.95045911042987
M00144_P00232,5.554926451341155
M00144_P00234,6.766391678061787
M00144_P00266,0.0
M00144_P00271,6.937248704003965
M00144_P00278,7.035773870880851
M00144_P00286,8.538716027186176
M00145_P00241,0.0
M00145_P00244,0.0
M00145_P00245,5.238509486424525
M00145_P00248,6.370069320182206
M00145_P00255,7.149774753579385
M00145_P00260,6.165395141628258
M00145_P01146,0.0
M00145_P01157,4.673263404763994
M00145_P01166,6.65327544305938
M00145_P01169,5.805814779321349
M00146_P00108,6.988049608933796
M00146_P00110,0.0
M00146_P00114,0.0
M00146_P00124,0.0
M00146_P00129,6.672740051158308
M00146_P00705,0.0
M00146_P00707,6.935762678374702
M00146_P00716,0.0
M00146_P00718,0.0
M00146_P00724,6.211660402735836
M00146_P00728,6.573354065086263
M00147_P00761,0.0
M00147_P00772,4.5971719963922
M00147_P00888,6.5998037988033245
M00147_P00889,0.0
M00147_P00893,6.147275280684604
M00147_P00894,0.0
M00147_P00895,0.0
M00147_P00901,0.0
M00147_P00909,6.330247303231785
M00148_P00345,6.170046079369392
M00148_P00347,5.73992902967713
M00148_P00351,0.0
M00148_P00353,6.92851812504631
M00148_P00359,5.374759033482523
M00148_P00362,0.0
M00148_P00705,5.743887285542388
M00148_P00707,6.393855065645809
M00148_P00716,6.198356309070219
M00148_P00718,0.0
M00148_P00724,7.010884631011766
M00148_P00728,0.0
M00149_P00625,6.314410645825113
M00149_P00630,0.0
M00149_P00632,7.116311603618149
M00149_P00635,6.673629221892147
M00149_P00644,6.786242853387273
M00149_P00645,0.0
M00149_P00650,7.1456743056444285
M00149_P00940,0.0
M00149_P00948,0.0
M00149_P00950,6.63049306181914
M00149_P00951,0.0
M00149_P00959,0.0
M00149_P00962,6.866202186703761
M00150_P00515,6.354201006478376
M00150_P00574,0.0
M00150_P00579,5.801586367796518
M00150_P00582,5.594664888055041
M00150_P00584,6.288833136320259
M00150_P00586,6.828529858960622
M00150_P00590,7.045161979131231
M00151_P00678,0.0
M00151_P00679,0.0
M00151_P00680,5.408091125630202
M00151_P00681,5.609083597478845
M00151_P00683,6.573376161276033
M00151_P00694,6.8134338658766325
M00151_P00922,0.0
M00151_P00927,5.457409254809465
M00151_P00931,6.152928389844893
M00151_P00935,5.2879949534340644
M00152_P00368,0.0
M00152_P00372,6.245258332961941
M00152_P00378,5.63488891859851
M00152_P00382,0.0
M00152_P00383,5.394291309524173
M00152_P00807,6.60855122844701
M00152_P00812,0.0
M00152_P00819,6.341486050092932
M00152_P00826,6.013878916766325
M00152_P00827,0.0
M00153_P00032,0.0
M00153_P00044,7.149435975641441
M00153_P00045,5.805587385872936
M00153_P00050,6.631637374424937
M00153_P00052,6.182204648626606
M00153_P00807,6.074528815927204
M00153_P00812,8.169989563904036
M00153_P00819,0.0
M00153_P00826,6.507474603779698
M00153_P00827,0.0
M00154_P01099,0.0
M00154_P01107,6.074779067467828
M00154_P01108,6.911108829047198
M00154_P01109,0.0
M00154_P01114,0.0
M00154_P01118,6.707261130257361
M00154_P01146,0.0
M00154_P01157,5.6668451965106446
M00154_P01166,0.0
M00154_P01169,5.959553034266081
M00155_P00209,0.0
M00155_P00210,0.0
M00155_P00211,6.311909672324189
M00155_P00219,0.0
M00155_P00221,5.800304077435609
M00155_P00222,7.042354262596254
M00155_P00232,5.587786167254398
M00155_P00234,7.918106984918099
M00155_P00761,0.0
M00155_P00772,6.051729316824753
M00156_P00655,6.318418155260724
M00156_P00662,6.841598524439272
M00156_P00666,6.44051547307256
M00156_P00668,0.0
M00156_P00669,5.6487665836346075
M00156_P00673,0.0
M00156_P00674,0.0
M00156_P00991,7.054358737137656
M00156_P00993,0.0
M00156_P00997,5.957649071390852
M00156_P01000,5.9825473560608655
M00156_P01010,0.0
M00157_P00136,0.0
M00157_P00141,7.283262655376855
M00157_P00148,5.0402707228238235
M00157_P00156,6.082456339069408
M00157_P01099,6.064228575592343
M00157_P01107,0.0
M00157_P01108,6.9357741488298
M00157_P01109,6.252631831596974
M00157_P01114,6.353292941011551
M00157_P01118,6.301483343632733
M00158_P00287,6.090744943143431
M00158_P00290,0.0
M00158_P00291,0.0
M00158_P00295,6.117975440871302
M00158_P00297,5.699044162887041
M00158_P00298,5.670784833699312
M00158_P00299,0.0
M00158_P00304,6.870491497884762
M00158_P00307,0.0
M00158_P00309,0.0
M00158_P00310,7.174273860420031
M00158_P00761,6.416116365187877
M00158_P00772,5.418752037981507
M00159_P00529,5.441695573301045
M00159_P00535,5.117619095362148
M00159_P00536,5.81280125858997
M00159_P00542,0.0
M00159_P00543,0.0
M00159_P00625,7.015941601874925
M00159_P00630,0.0
M00159_P00632,7.51212361668391
M00159_P00635,0.0
M00159_P00644,0.0
M00159_P00645,6.458185409537647
M00159_P00650,0.0
M00160_P00529,0.0
M00160_P00535,0.0
M00160_P00536,0.0
M00160_P00542,6.742487927148462
M00160_P00543,0.0
M00160_P00574,0.0
M00160_P00579,0.0
M00160_P00582,0.0
M00160_P00584,7.1710725640400685
M00160_P00586,4.501577412770422
M00160_P00590,7.017258435466273
M00161_P00443,7.504060100115354
M00161_P00448,5.007764780217059
M00161_P00452,6.586949422775699
M00161_P00462,0.0
M00161_P00463,0.0
M00161_P00465,5.886042567765149
M00161_P00468,6.808366461945576
M00161_P00705,0.0
M00161_P00707,7.151935914537815
M00161_P00716,6.4855730971279915
M00161_P00718,6.387590461867542
M00161_P00724,0.0
M00161_P00728,6.508307459931816
M00162_P00032,7.542834708672265
M00162_P00044,7.439885028051166
M00162_P00045,0.0
M00162_P00050,6.392184057560453
M00162_P00052,5.98503855473425
M00162_P00782,0.0
M00162_P00786,0.0
M00162_P00788,7.635032006198847
M00162_P00797,6.519282276472007
M00162_P00803,6.596472918820924
M00163_P00368,6.028271860989628
M00163_P00372,8.070586108838835
M00163_P00378,0.0
M00163_P00382,5.843502945930833
M00163_P00383,5.921717696426979
M00163_P00574,5.89704268805692
M00163_P00579,0.0
M00163_P00582,0.0
M00163_P00584,5.524771193647231
M00163_P00586,6.429620822797368
M00163_P00590,0.0
M00164_P00055,5.327532519903114
M00164_P00057,5.717104983867356
M00164_P00059,0.0
M00164_P00064,0.0
M00164_P00066,7.837276231367338
M00164_P00071,5.437296648573504
M00164_P00077,5.616452139277693
M00164_P01070,5.6362364209182925
M00164_P01074,0.0
M00164_P01082,5.895454212621041
M00165_P00313,5.482640968746117
M00165_P00324,0.0
M00165_P00329,7.39060702293942
M00165_P00333,0.0
M00165_P00334,5.4662427418265445
M00165_P00391,5.942064293508935
M00165_P00399,0.0
M00165_P00410,7.0323140459384454
M00165_P00416,0.0
M00166_P00209,0.0
M00166_P00210,0.0
M00166_P00211,5.610860074286087
M00166_P00219,5.8592502664306085
M00166_P00221,6.570126190307992
M00166_P00222,5.9008525744816
M00166_P00232,0.0
M00166_P00234,7.053700080802876
M00166_P00391,0.0
M00166_P00399,0.0
M00166_P00410,6.033781377634285
M00166_P00416,6.891273724061643
M00167_P00345,5.527804936787788
M00167_P00347,6.770421052469219
M00167_P00351,0.0
M00167_P00353,5.378147236830232
M00167_P00359,0.0
M00167_P00362,5.794621168299894
M00167_P00940,6.31847289340998
M00167_P00948,5.616284970933902
M00167_P00950,6.474094199594962
M00167_P00951,5.4298953124818095
M00167_P00959,0.0
M00167_P00962,6.42683208748158
M00168_P00266,6.063381454613872
M00168_P00271,0.0
M00168_P00278,7.183524882190384
M00168_P00286,0.0
M00168_P00611,6.429406636072278
M00168_P00618,0.0
M00168_P00619,0.0
M00168_P00622,0.0
M00169_P00266,0.0
M00169_P00271,5.701081302843127
M00169_P00278,5.644229958981574
M00169_P00286,0.0
M00169_P00529,5.178367494152364
M00169_P00535,0.0
M00169_P00536,6.286986515674958
M00169_P00542,0.0
M00169_P00543,6.305339153509126
M00170_P00515,0.0
M00170_P00965,0.0
M00170_P00966,6.681516092211435
M00170_P00975,7.341489919446515
M00170_P00978,7.3182464831960266
M00170_P00980,6.528134111637001
M00170_P00986,0.0
M00171_P00655,5.943193501519501
M00171_P00662,0.0
M00171_P00666,6.144538332383016
M00171_P00668,0.0
M00171_P00669,6.185914684104096
M00171_P00673,0.0
M00171_P00674,5.326512685611742
M00171_P01201,6.40361904368081
M00171_P01209,5.745030222614374
M00171_P01210,0.0
M00171_P01211,0.0
M00171_P01214,0.0
M00172_P00965,0.0
M00172_P00966,6.20138162838939
M00172_P00975,6.799759691425621
M00172_P00978,0.0
M00172_P00980,6.03195757804238
M00172_P00986,7.004939926576334
M00172_P01177,5.943671471518702
M00172_P01182,0.0
M00172_P01184,4.980489641229804
M00172_P01193,0.0
M00172_P01196,6.547320006589139
M00173_P00157,5.049558970419316
M00173_P00159,0.0
M00173_P00164,6.063990670082382
M00173_P00169,5.154302113960824
M00173_P00171,7.069973663565633
M00173_P00175,0.0
M00173_P01177,0.0
M00173_P01182,6.210768829774263
M00173_P01184,0.0
M00173_P01193,5.703244364273337
M00173_P01196,0.0
M00174_P00991,0.0
M00174_P00993,6.082191345767754
M00174_P00997,0.0
M00174_P01000,0.0
M00174_P01010,6.15335101710356
M00174_P01120,0.0
M00175_P00574,5.11904084731506
M00175_P00579,6.725411065773708
M00175_P00582,6.258938759400283
M00175_P00584,6.39859504477627
M00175_P00586,0.0
M00175_P00590,6.541681710951849
M00175_P00922,0.0
M00175_P00927,0.0
M00175_P00931,6.390185172006409
M00175_P00935,5.686096002766261
M00176_P00108,0.0
M00176_P00110,5.108239332502615
M00176_P00114,6.580917507294908
M00176_P00124,6.4078436919539845
M00176_P00129,5.681010382680338
M00176_P00863,0.0
M00176_P00880,0.0
M00176_P00882,0.0
M00177_P00011,6.11550536629095
M00177_P00024,6.501723870954893
M00177_P00705,0.0
M00177_P00707,7.3334873974434895
M00177_P00716,7.00004006006785
M00177_P00718,6.366964798792689
M00177_P00724,0.0
M00177_P00728,0.0
M00178_P00611,0.0
M00178_P00618,0.0
M00178_P00619,6.360164703118912
M00178_P00622,5.219683801356081
M00178_P00705,6.046624578106445
M00178_P00707,0.0
M00178_P00716,0.0
M00178_P00718,6.930767922465277
M00178_P00724,0.0
M00178_P00728,0.0
M00179_P00241,0.0
M00179_P00244,0.0
M00179_P00245,0.0
M00179_P00248,5.944490361783707
M00179_P00255,7.274769140388256
M00179_P00260,0.0
M00179_P01177,6.143274249422946
M00179_P01182,5.923283010137876
M00179_P01184,6.575945715764493
M00179_P01193,0.0
M00179_P01196,0.0
M00180_P00863,5.024739280643022
M00180_P00880,0.0
M00180_P00882,0.0
M00180_P01201,0.0
M00180_P01209,5.402241268400854
M00180_P01210,0.0
M00180_P01211,7.232784368383552
M00180_P01214,6.529393003787417
M00181_P00888,0.0
M00181_P00889,5.79365130134887
M00181_P00893,0.0
M00181_P00894,6.98995448093158
M00181_P00895,0.0
M00181_P00901,0.0
M00181_P00909,6.116816302976896
M00181_P01020,7.4467389124562136
M00181_P01034,5.597376649825739
M00181_P01037,6.392244796668448
M00181_P01038,5.227461760983667
M00182_P00705,0.0
M00182_P00707,5.606831990478953
M00182_P00716,5.6793441086115966
M00182_P00718,7.019744218849033
M00182_P00724,6.084481303567554
M00182_P00728,7.017336505215134
M00182_P00761,0.0
M00182_P00772,6.7960619203540436
M00183_P00391,0.0
M00183_P00399,0.0
M00183_P00410,6.258711287774222
M00183_P00416,6.871255769896388
M00183_P00529,0.0
M00183_P00535,0.0
M00183_P00536,0.0
M00183_P00542,0.0
M00183_P00543,6.709112118565371
M00184_P00391,5.937293922988765
M00184_P00399,0.0
M00184_P00410,5.857240037866022
M00184_P00416,6.967119168584158
M00184_P00732,0.0
M00184_P00738,0.0
M00184_P00742,6.378849773480518
M00184_P00744,0.0
M00184_P00747,0.0
M00184_P00753,5.741701642113756
M00185_P00940,0.0
M00185_P00948,0.0
M00185_P00950,6.629760976324795
M00185_P00951,6.09106168024361
M00185_P00959,0.0
M00185_P00962,7.237278192069799
M00185_P01041,0.0
M00185_P01042,0.0
M00185_P01048,6.29229177260082
M00185_P01049,6.655229515187094
M00185_P01051,5.608205498431552
M00185_P01055,0.0
M00185_P01063,0.0
M00185_P01064,5.570189578940937
M00186_P00032,7.146668071432685
M00186_P00044,6.768156708557432
M00186_P00045,0.0
M00186_P00050,0.0
M00186_P00052,0.0
M00186_P00549,5.792823339296021
M00186_P00552,5.043082695136533
M00186_P00554,0.0
M00186_P00561,0.0
M00186_P00562,6.460394572557985
M00186_P00568,4.42337735695107
M00187_P00287,0.0
M00187_P00290,6.037918228107336
M00187_P00291,4.869889416173516
M00187_P00295,7.631232413555078
M00187_P00297,0.0
M00187_P00298,0.0
M00187_P00299,6.188175627803239
M00187_P00304,6.175999403385872
M00187_P00307,0.0
M00187_P00309,0.0
M00187_P00310,7.660379720654571
M00187_P00835,6.026116362832293
M00187_P00840,5.804771799423882
M00187_P00844,0.0
M00187_P00847,5.573001767339554
M00187_P00848,0.0
M00187_P00856,6.623653586292205
M00188_P00423,0.0
M00188_P00424,0.0
M00188_P00425,6.348133721969286
M00188_P00426,6.2568212844564215
M00188_P00431,5.612075288980112
M00188_P00436,5.944592426847802
M00188_P00440,5.955893018130164
M00188_P00574,0.0
M00188_P00579,0.0
M00188_P00582,6.714265422308356
M00188_P00584,5.66605262110742
M00188_P00586,5.796331614220525
M00188_P00590,7.300063655980582
M00189_P00011,0.0
M00189_P00024,5.666481558448928
M00189_P00922,0.0
M00189_P00927,4.9070420870484925
M00189_P00931,0.0
M00189_P00935,0.0
M00190_P00136,0.0
M00190_P00141,6.995836667023971
M00190_P00148,6.1201680946832235
M00190_P00156,6.52789868827511
M00190_P00423,0.0
M00190_P00424,0.0
M00190_P00425,6.28107206986693
M00190_P00426,5.9331197360081305
M00190_P00431,5.995303893075125
M00190_P00436,0.0
M00190_P00440,0.0
M00191_P00807,0.0
M00191_P00812,6.917258929686559
M00191_P00819,0.0
M00191_P00826,6.201923930611929
M00191_P00827,0.0
M00191_P00940,0.0
M00191_P00948,0.0
M00191_P00950,0.0
M00191_P00951,0.0
M00191_P00959,6.633453827565729
M00191_P00962,0.0
M00192_P00782,7.19902941005147
M00192_P00786,5.996456689290832
M00192_P00788,6.493978924641592
M00192_P00797,0.0
M00192_P00803,5.9202584893255725
M00192_P01146,7.756775633917025
M00192_P01157,6.4846824999318144
M00192_P01166,5.295032549259459
M00192_P01169,0.0
M00193_P00032,7.346875757287697
M00193_P00044,7.219163150152773
M00193_P00045,5.571965569686296
M00193_P00050,6.940650138123796
M00193_P00052,0.0
M00193_P00732,0.0
M00193_P00738,0.0
M00193_P00742,6.316928749032098
M00193_P00744,0.0
M00193_P00747,0.0
M00193_P00753,5.85332196990422
M00194_P00368,4.785595573209839
M00194_P00372,5.5048291136967284
M00194_P00378,0.0
M00194_P00382,0.0
M00194_P00383,0.0
M00194_P00678,0.0
M00194_P00679,0.0
M00194_P00680,4.78390593725419
M00194_P00681,5.51888209318939
M00194_P00683,6.803018103418179
M00194_P00694,5.108305503255147
M00195_P00515,0.0
M00195_P01120,5.960024524718879
M00196_P00782,0.0
M00196_P00786,0.0
M00196_P00788,0.0
M00196_P00797,5.414779395411648
M00196_P00803,5.114217132123773
M00196_P00940,6.3974423184670375
M00196_P00948,5.427254070227307
M00196_P00950,0.0
M00196_P00951,0.0
M00196_P00959,0.0
M00196_P00962,8.06746037532596
M00197_P00705,0.0
M00197_P00707,0.0
M00197_P00716,5.02034715525371
M00197_P00718,6.199823302863482
M00197_P00724,0.0
M00197_P00728,0.0
M00197_P00940,6.08761600362969
M00197_P00948,0.0
M00197_P00950,6.281174620554051
M00197_P00951,6.033817079370914
M00197_P00959,6.489658583749211
M00197_P00962,7.62612795460208
M00198_P00761,6.286120843840734
M00198_P00772,5.162760671164687
M00198_P01146,0.0
M00198_P01157,0.0
M00198_P01166,6.225630533970989
M00198_P01169,0.0
M00199_P00368,0.0
M00199_P00372,0.0
M00199_P00378,0.0
M00199_P00382,6.43394278531472
M00199_P00383,0.0
M00199_P00423,0.0
M00199_P00424,5.272397029126198
M00199_P00425,5.630251167671749
M00199_P00426,5.545988005008866
M00199_P00431,0.0
M00199_P00436,6.903975479732234
M00199_P00440,0.0
M00200_P00185,0.0
M00200_P00193,0.0
M00200_P00197,5.985538613021221
M00200_P00199,5.904755428433611
M00200_P00200,5.787205758663378
M00200_P00529,0.0
M00200_P00535,5.682141733915303
M00200_P00536,0.0
M00200_P00542,0.0
M00200_P00543,5.551777367410566
M00201_P00313,0.0
M00201_P00324,6.25341191491183
M00201_P00329,0.0
M00201_P00333,0.0
M00201_P00334,7.002635027351117
M00201_P00368,7.114148432985067
M00201_P00372,7.002251879930378
M00201_P00378,6.137591991783293
M00201_P00382,4.631454971245269
M00201_P00383,6.064539599028144
M00202_P00443,6.400652359665539
M00202_P00448,6.599087862675252
M00202_P00452,0.0
M00202_P00462,6.359258246865981
M00202_P00463,0.0
M00202_P00465,6.3381755873770835
M00202_P00468,0.0
M00202_P01223,0.0
M00202_P01234,6.804737371862512
M00202_P01236,6.1594292074769506
M00202_P01241,5.454664211030741
M00202_P01242,0.0
M00203_P00157,0.0
M00203_P00159,0.0
M00203_P00164,0.0
M00203_P00169,5.736316766714875
M00203_P00171,0.0
M00203_P00175,7.334957944437488
M00203_P00345,5.655574606271305
M00203_P00347,6.826078916135782
M00203_P00351,5.754069344318134
M00203_P00353,0.0
M00203_P00359,0.0
M00203_P00362,6.463036999247294
M00204_P00287,0.0
M00204_P00290,6.7600341637892285
M00204_P00291,0.0
M00204_P00295,7.531062005937537
M00204_P00297,6.255687775186801
M00204_P00298,0.0
M00204_P00299,5.894406442716021
M00204_P00304,6.351203997537326
M00204_P00307,0.0
M00204_P00309,5.687081411267864
M00204_P00310,0.0
M00204_P00611,0.0
M00204_P00618,6.2667087551350384
M00204_P00619,0.0
M00204_P00622,6.513388435957289
M00205_P00888,0.0
M00205_P00889,0.0
M00205_P00893,5.744360893335495
M00205_P00894,6.103470349243107
M00205_P00895,5.905979170470677
M00205_P00901,7.2005358166102305
M00205_P00909,0.0
M00205_P01177,0.0
M00205_P01182,6.785973064237229
M00205_P01184,5.781951365861679
M00205_P01193,6.0376229751328205
M00205_P01196,0.0
M00206_P00055,0.0
M00206_P00057,6.468602440387003
M00206_P00059,0.0
M00206_P00064,6.370841757142786
M00206_P00066,8.332523873665114
M00206_P00071,6.880143126375115
M00206_P00077,7.644338617620094
M00206_P00108,5.800747885345169
M00206_P00110,6.121050337456894
M00206_P00114,6.410199005811705
M00206_P00124,0.0
M00206_P00129,6.324050242842593
M00207_P00209,0.0
M00207_P00210,7.4024004612687975
M00207_P00211,0.0
M00207_P00219,0.0
M00207_P00221,5.924996263897847
M00207_P00222,6.000218200883542
M00207_P00232,0.0
M00207_P00234,0.0
M00207_P01146,0.0
M00207_P01157,0.0
M00207_P01166,6.938448188147786
M00207_P01169,5.531428483169901
M00208_P00011,5.066127262806015
M00208_P00024,0.0
M00208_P00157,4.803970035485521
M00208_P00159,0.0
M00208_P00164,6.194408485691673
M00208_P00169,7.245888278007005
M00208_P00171,0.0
M00208_P00175,0.0
M00209_P00782,6.826629545432642
M00209_P00786,0.0
M00209_P00788,0.0
M00209_P00797,7.651289837834203
M00209_P00803,0.0
M00209_P00807,5.749422622010336
M00209_P00812,7.192532270410738
M00209_P00819,5.713763388122736
M00209_P00826,6.135782124214751
M00209_P00827,6.973911827979174
M00210_P00079,0.0
M00210_P00082,6.303768296422045
M00210_P00087,5.958191288964445
M00210_P00097,6.947415386980112
M00210_P00102,0.0
M00210_P00287,0.0
M00210_P00290,5.163005832434785
M00210_P00291,4.929138993310126
M00210_P00295,7.491793607343645
M00210_P00297,0.0
M00210_P00298,4.342194414725322
M00210_P00299,6.589649823182587
M00210_P00304,0.0
M00210_P00307,0.0
M00210_P00309,0.0
M00210_P00310,0.0
M00211_P00108,0.0
M00211_P00110,5.418617744649417
M00211_P00114,6.980632004033085
M00211_P00124,0.0
M00211_P00129,6.128363976100748
M00211_P00185,0.0
M00211_P00193,6.28004749001892
M00211_P00197,0.0
M00211_P00199,0.0
M00211_P00200,6.182754008146791
M00212_P00108,5.6088830981295335
M00212_P00110,5.067108434365821
M00212_P00114,0.0
M00212_P00124,5.953546700081458
M00212_P00129,5.86236205878996
M00212_P00965,0.0
M00212_P00966,5.5200124792710525
M00212_P00975,0.0
M00212_P00978,6.421135603757315
M00212_P00980,7.035184988306994
M00212_P00986,5.726797603082721
M00213_P00241,4.96882694689659
M00213_P00244,6.299341937655222
M00213_P00245,0.0
M00213_P00248,0.0
M00213_P00255,0.0
M00213_P00260,7.380963013375579
M00213_P00266,7.508683908902157
M00213_P00271,5.70246976200705
M00213_P00278,6.129901899558933
M00213_P00286,0.0
M00214_P00136,7.412989892790991
M00214_P00141,0.0
M00214_P00148,0.0
M00214_P00156,6.71846838765323
M00214_P00423,0.0
M00214_P00424,5.662538298379151
M00214_P00425,7.516502090127748
M00214_P00426,0.0
M00214_P00431,5.420445127999852
M00214_P00436,0.0
M00214_P00440,6.099627165106396
M00215_P00991,7.435971370332679
M00215_P00993,0.0
M00215_P00997,6.072093716416829
M00215_P01000,5.533410507584347
M00215_P01010,0.0
M00215_P01020,6.3255017142127405
M00215_P01034,0.0
M00215_P01037,0.0
M00215_P01038,6.715089015412678
M00216_P00625,0.0
M00216_P00630,5.270951049081272
M00216_P00632,0.0
M00216_P00635,6.318714201999879
M00216_P00644,6.81675340422544
M00216_P00645,0.0
M00216_P00650,7.255246333040839
M00216_P00863,0.0
M00216_P00880,6.550365856501101
M00216_P00882,0.0
M00217_P00515,0.0
M00217_P00991,7.178099514542778
M00217_P00993,5.321182539852852
M00217_P00997,6.3632496890798045
M00217_P01000,6.463473290688798
M00217_P01010,0.0
M00218_P00940,0.0
M00218_P00948,6.661207745591353
M00218_P00950,5.9829708008745
M00218_P00951,6.031572004207707
M00218_P00959,6.205599516846883
M00218_P00962,0.0
M00218_P01041,0.0
M00218_P01042,5.917226800941682
M00218_P01048,0.0
M00218_P01049,6.7387644715423285
M00218_P01051,6.815591897459676
M00218_P01055,5.534803256239381
M00218_P01063,0.0
M00218_P01064,5.958106002487221
M00219_P00345,5.881091538460675
M00219_P00347,6.854626759318526
M00219_P00351,5.359797936870105
M00219_P00353,0.0
M00219_P00359,6.549951877943003
M00219_P00362,6.662440659137618
M00219_P01070,0.0
M00219_P01074,0.0
M00219_P01082,0.0
M00220_P00136,0.0
M00220_P00141,6.53515149321853
M00220_P00148,5.280958852495264
M00220_P00156,5.257695442984079
M00220_P01099,6.066417045968878
M00220_P01107,0.0
M00220_P01108,0.0
M00220_P01109,5.493967286953143
M00220_P01114,6.1774107693147275
M00220_P01118,0.0
M00221_P00287,0.0
M00221_P00290,5.845867456424962
M00221_P00291,6.636449213429623
M00221_P00295,0.0
M00221_P00297,0.0
M00221_P00298,6.125622417320896
M00221_P00299,6.608169386654624
M00221_P00304,6.7137054333868305
M00221_P00307,6.028014507267956
M00221_P00309,5.456820570436304
M00221_P00310,6.052189795035134
M00221_P00940,0.0
M00221_P00948,6.01847602737076
M00221_P00950,6.6568028597181215
M00221_P00951,6.342316486056321
M00221_P00959,0.0
M00221_P00962,0.0
M00222_P00011,6.7484159029140836
M00222_P00024,0.0
M00222_P00705,5.643962999598131
M00222_P00707,0.0
M00222_P00716,5.831245270967932
M00222_P00718,0.0
M00222_P00724,6.114363276672007
M00222_P00728,6.988383485464779
M00223_P00055,0.0
M00223_P00057,0.0
M00223_P00059,5.8599841631872955
M00223_P00064,5.607984844051245
M00223_P00066,6.617265667207911
M00223_P00071,0.0
M00223_P00077,5.562102342703161
M00223_P00478,5.663145661039685
M00223_P00479,0.0
M00223_P00486,5.40783014994568
M00223_P00491,0.0
M00224_P00478,5.67937070741824
M00224_P00479,0.0
M00224_P00486,0.0
M00224_P00491,0.0
M00224_P01177,5.495969349548815
M00224_P01182,0.0
M00224_P01184,0.0
M00224_P01193,0.0
M00224_P01196,6.10125011957098
M00225_P00108,5.614762717744899
M00225_P00110,5.3281469572135824
M00225_P00114,7.106500430665076
M00225_P00124,5.8767913636432505
M00225_P00129,5.688964800123539
M00225_P01146,7.660958489987857
M00225_P01157,5.937812692089719
M00225_P01166,0.0
M00225_P01169,5.476424955338231
M00226_P00965,0.0
M00226_P00966,6.434659106417998
M00226_P00975,6.229345626167445
M00226_P00978,0.0
M00226_P00980,6.744982308316683
M00226_P00986,0.0
M00226_P01041,6.325089836108313
M00226_P01042,0.0
M00226_P01048,0.0
M00226_P01049,0.0
M00226_P01051,5.032410660077235
M00226_P01055,6.899891841001549
M00226_P01063,5.9289951936126295
M00226_P01064,0.0
M00227_P00185,0.0
M00227_P00193,0.0
M00227_P00197,7.180047428820871
M00227_P00199,5.571492601465537
M00227_P00200,0.0
M00227_P00705,6.530966221848251
M00227_P00707,0.0
M00227_P00716,5.244394631747904
M00227_P00718,0.0
M00227_P00724,5.99327193187593
M00227_P00728,6.40565589437022
M00228_P00241,0.0
M00228_P00244,6.120814462611763
M00228_P00245,5.914059601466613
M00228_P00248,5.6827122263867444
M00228_P00255,0.0
M00228_P00260,7.0092235115144135
M00228_P01070,0.0
M00228_P01074,5.126892215266966
M00228_P01082,0.0
M00229_P00079,0.0
M00229_P00082,0.0
M00229_P00087,7.120151348627587
M00229_P00097,6.6600926522980775
M00229_P00102,0.0
M00229_P00108,0.0
M00229_P00110,5.942548159022699
M00229_P00114,7.281318546080428
M00229_P00124,6.334825449273681
M00229_P00129,5.512333594062715
M00230_P00940,5.771918016151745
M00230_P00948,5.8809772561095235
M00230_P00950,0.0
M00230_P00951,7.155581375731071
M00230_P00959,4.849259778853178
M00230_P00962,6.692131539010073
M00230_P00991,0.0
M00230_P00993,5.87325835337238
M00230_P00997,5.683213377461174
M00230_P01000,6.832689709456295
M00230_P01010,0.0
M00231_P00185,6.540935113470218
M00231_P00193,0.0
M00231_P00197,5.206795301729248
M00231_P00199,6.60961226116143
M00231_P00200,5.102717001586363
M00231_P00782,5.920875094545243
M00231_P00786,6.015478962740062
M00231_P00788,0.0
M00231_P00797,6.676077622140733
M00231_P00803,7.4338825205410615
M00232_P00655,5.644808517845733
M00232_P00662,0.0
M00232_P00666,0.0
M00232_P00668,0.0
M00232_P00669,0.0
M00232_P00673,6.302803035448299
M00232_P00674,5.664370017695194
M00232_P01146,0.0
M00232_P01157,0.0
M00232_P01166,7.303018011559354
M00232_P01169,6.55262531120382
M00233_P00136,7.464879349564673
M00233_P00141,7.16639173472378
M00233_P00148,6.383314658811026
M00233_P00156,6.218723776416011
M00233_P00732,4.942741287967621
M00233_P00738,6.631804387737956
M00233_P00742,0.0
M00233_P00744,6.566736439990996
M00233_P00747,7.398190493942441
M00233_P00753,7.074293713715523
M00234_P00529,6.20173252176896
M00234_P00535,5.516187918768608
M00234_P00536,4.176435833840134
M00234_P00542,0.0
M00234_P00543,0.0
M00234_P00705,0.0
M00234_P00707,0.0
M00234_P00716,6.535890421962003
M00234_P00718,6.051780356270307
M00234_P00724,6.79343667296839
M00234_P00728,0.0
M00235_P00032,6.870860801746813
M00235_P00044,0.0
M00235_P00045,4.7319673865234995
M00235_P00050,6.300789486687736
M00235_P00052,0.0
M00235_P00157,0.0
M00235_P00159,7.603782141227592
M00235_P00164,0.0
M00235_P00169,6.228479486308486
M00235_P00171,6.875976735642875
M00235_P00175,0.0
M00236_P00443,0.0
M00236_P00448,0.0
M00236_P00452,5.746805524203698
M00236_P00462,6.385392014893245
M00236_P00463,0.0
M00236_P00465,5.808348540838227
M00236_P00468,6.088122982065476
M00236_P01120,6.218919025390976
M00237_P00287,0.0
M00237_P00290,6.282470974274797
M00237_P00291,5.6032437503715595
M00237_P00295,0.0
M00237_P00297,0.0
M00237_P00298,5.737718571492028
M00237_P00299,6.181536389125591
M00237_P00304,6.633308251909218
M00237_P00307,5.271531438811335
M00237_P00309,0.0
M00237_P00310,0.0
M00237_P00807,0.0
M00237_P00812,7.253940678491236
M00237_P00819,5.879266066199923
M00237_P00826,6.615019833945827
M00237_P00827,0.0
M00238_P00287,5.6827343241094574
M00238_P00290,0.0
M00238_P00291,6.51018508670256
M00238_P00295,0.0
M00238_P00297,4.49225533790991
M00238_P00298,5.661001296970651
M00238_P00299,5.836824587336979
M00238_P00304,6.791120828823284
M00238_P00307,0.0
M00238_P00309,0.0
M00238_P00310,6.456618915116983
M00238_P00443,0.0
M00238_P00448,0.0
M00238_P00452,5.113753816457713
M00238_P00462,0.0
M00238_P00463,6.891231821728343
M00238_P00465,0.0
M00238_P00468,5.597608157077885
M00239_P00807,0.0
M00239_P00812,6.084004453783802
M00239_P00819,4.6577689549006696
M00239_P00826,5.650141890811497
M00239_P00827,6.464709775006177
M00239_P01041,5.732860215725198
M00239_P01042,0.0
M00239_P01048,0.0
M00239_P01049,6.544191631310003
M00239_P01051,4.7883598881672045
M00239_P01055,0.0
M00239_P01063,0.0
M00239_P01064,5.866469815202382
M00240_P00574,0.0
M00240_P00579,6.0907518875545446
M00240_P00582,5.670519945245788
M00240_P00584,6.742118896289946
M00240_P00586,0.0
M00240_P00590,7.183943368616571
M00240_P00705,0.0
M00240_P00707,0.0
M00240_P00716,0.0
M00240_P00718,7.264944454628257
M00240_P00724,5.596913009422177
M00240_P00728,7.035711363594473
M00241_P00157,0.0
M00241_P00159,5.452615863269342
M00241_P00164,6.170794319962074
M00241_P00169,5.3872314244290225
M00241_P00171,6.483942172221612
M00241_P00175,5.8546428690105285
M00241_P01099,0.0
M00241_P01107,0.0
M00241_P01108,7.36155762098797
M00241_P01109,0.0
M00241_P01114,6.336323349184376
M00241_P01118,7.1963817868535145
M00242_P00678,5.848180050976058
M00242_P00679,0.0
M00242_P00680,5.71763705639476
M00242_P00681,0.0
M00242_P00683,5.709095966659158
M00242_P00694,5.9094409507684285
M00242_P01177,6.646497700914015
M00242_P01182,6.1718205670836825
M00242_P01184,6.671299327601617
M00242_P01193,5.857086762803858
M00242_P01196,5.6244921384594315
M00243_P00655,6.317700903246258
M00243_P00662,0.0
M00243_P00666,6.271982438036467
M00243_P00668,0.0
M00243_P00669,6.358743002633652
M00243_P00673,0.0
M00243_P00674,0.0
M00243_P01099,0.0
M00243_P01107,6.204852504312193
M00243_P01108,7.313416549684739
M00243_P01109,0.0
M00243_P01114,0.0
M00243_P01118,6.584174693624821
M00244_P00136,0.0
M00244_P00141,6.859455809528981
M00244_P00148,0.0
M00244_P00156,0.0
M00244_P00761,5.5751072005159354
M00244_P00772,0.0
M00245_P00185,0.0
M00245_P00193,6.2697045728629615
M00245_P00197,0.0
M00245_P00199,0.0
M00245_P00200,5.59479991837536
M00245_P00529,0.0
M00245_P00535,5.658147532083887
M00245_P00536,0.0
M00245_P00542,0.0
M00245_P00543,0.0
M00246_P00011,6.243153791244372
M00246_P00024,5.456640471184583
M00246_P00835,7.324464996220472
M00246_P00840,0.0
M00246_P00844,6.14211749227271
M00246_P00847,0.0
M00246_P00848,5.494588744757704
M00246_P00856,6.67872813085218
M00247_P00079,0.0
M00247_P00082,6.328031324641381
M00247_P00087,6.302678275075471
M00247_P00097,6.527950955119986
M00247_P00102,0.0
M00247_P00678,0.0
M00247_P00679,0.0
M00247_P00680,6.550130909904924
M00247_P00681,6.926757474226827
M00247_P00683,0.0
M00247_P00694,0.0
M00248_P00807,0.0
M00248_P00812,0.0
M00248_P00819,0.0
M00248_P00826,6.2636692503481655
M00248_P00827,7.2949116187807626
M00248_P01020,5.646915902662016
M00248_P01034,6.661471457848819
M00248_P01037,0.0
M00248_P01038,0.0
M00249_P00079,0.0
M00249_P00082,0.0
M00249_P00087,0.0
M00249_P00097,7.352878219243454
M00249_P00102,6.18939926535128
M00249_P00368,0.0
M00249_P00372,0.0
M00249_P00378,5.970568886027497
M00249_P00382,6.760043394441924
M00249_P00383,0.0
M00250_P00478,6.549215481111032
M00250_P00479,5.969355600566927
M00250_P00486,0.0
M00250_P00491,6.08284508638811
M00250_P00761,0.0
M00250_P00772,5.677908467495224
M00251_P00032,0.0
M00251_P00044,0.0
M00251_P00045,0.0
M00251_P00050,5.543726195969371
M00251_P00052,7.248774618101574
M00251_P00185,0.0
M00251_P00193,0.0
M00251_P00197,5.205300568781153
M00251_P00199,0.0
M00251_P00200,0.0
M00252_P00266,0.0
M00252_P00271,6.668195826439669
M00252_P00278,6.852201929568752
M00252_P00286,6.959015991182799
M00252_P01177,0.0
M00252_P01182,6.004874211037513
M00252_P01184,5.287667654455502
M00252_P01193,6.881139343298862
M00252_P01196,6.22101452234462
M00253_P00678,0.0
M00253_P00679,0.0
M00253_P00680,5.8386215882448305
M00253_P00681,0.0
M00253_P00683,6.513284919787862
M00253_P00694,6.797846603852293
M00253_P00922,6.810997958339732
M00253_P00927,0.0
M00253_P00931,0.0
M00253_P00935,6.009606576739527
M00254_P00185,4.486543979851563
M00254_P00193,6.048039583317015
M00254_P00197,4.919538952413187
M00254_P00199,0.0
M00254_P00200,6.454212012528625
M00254_P00782,0.0
M00254_P00786,5.642759142824328
M00254_P00788,6.752456323329085
M00254_P00797,6.766066221054433
M00254_P00803,6.850962538918949
M00255_P00807,0.0
M00255_P00812,7.499174300513799
M00255_P00819,6.307571687795352
M00255_P00826,6.601977146445085
M00255_P00827,6.412436469109918
M00255_P01201,0.0
M00255_P01209,5.361024205340893
M00255_P01210,5.536626896774639
M00255_P01211,0.0
M00255_P01214,0.0
M00256_P00678,0.0
M00256_P00679,0.0
M00256_P00680,6.3378750506046995
M00256_P00681,6.26623228483692
M00256_P00683,0.0
M00256_P00694,0.0
M00256_P00807,0.0
M00256_P00812,0.0
M00256_P00819,6.113530038528394
M00256_P00826,6.173895887636215
M00256_P00827,7.746177253653125
M00257_P00761,5.4418209412801835
M00257_P00772,5.4395045318859765
M00257_P00940,4.922892681153892
M00257_P00948,0.0
M00257_P00950,0.0
M00257_P00951,0.0
M00257_P00959,7.106677123676728
M00257_P00962,7.075251524137451
M00258_P00313,6.0606352684531775
M00258_P00324,6.32007493167877
M00258_P00329,6.199627037762856
M00258_P00333,7.133197547359828
M00258_P00334,6.727999104709128
M00258_P01020,6.090659709410155
M00258_P01034,5.4687714144186055
M00258_P01037,0.0
M00258_P01038,0.0
M00259_P00108,6.068296620936058
M00259_P00110,0.0
M00259_P00114,7.227958391473802
M00259_P00124,6.70741673370109
M00259_P00129,5.978029504881738
M00259_P00478,6.049420954323687
M00259_P00479,6.729379697760276
M00259_P00486,0.0
M00259_P00491,0.0
M00260_P00549,0.0
M00260_P00552,0.0
M00260_P00554,7.666188475464182
M00260_P00561,7.780690197876716
M00260_P00562,6.29196973190321
M00260_P00568,5.391304238045611
M00260_P00863,0.0
M00260_P00880,0.0
M00260_P00882,8.213894517225903
M00261_P00478,0.0
M00261_P00479,0.0
M00261_P00486,6.562375638744388
M00261_P00491,5.914195494293512
M00261_P01223,0.0
M00261_P01234,6.687951970870881
M00261_P01236,5.698277730894396
M00261_P01241,0.0
M00261_P01242,0.0
M00262_P00241,5.895581406201323
M00262_P00244,6.900737287686697
M00262_P00245,7.014249400394789
M00262_P00248,6.740402181669805
M00262_P00255,7.384424477565556
M00262_P00260,0.0
M00262_P00761,6.920608237325993
M00262_P00772,6.267126320171183
M00263_P00549,0.0
M00263_P00552,0.0
M00263_P00554,0.0
M00263_P00561,0.0
M00263_P00562,0.0
M00263_P00568,6.715229936814264
M00263_P00574,5.75399372949291
M00263_P00579,4.629627846196087
M00263_P00582,0.0
M00263_P00584,7.575166847752529
M00263_P00586,6.226365478087805
M00263_P00590,7.0313636487804905
M00264_P00529,6.0589793934362834
M00264_P00535,0.0
M00264_P00536,6.354556958223127
M00264_P00542,0.0
M00264_P00543,0.0
M00264_P00761,6.141256939306025
M00264_P00772,7.113676227455088
M00265_P00625,6.481717085879936
M00265_P00630,6.700957531515107
M00265_P00632,0.0
M00265_P00635,0.0
M00265_P00644,5.830230818163269
M00265_P00645,5.637713955511638
M00265_P00650,0.0
M00265_P00940,6.010707736391042
M00265_P00948,6.716526594166193
M00265_P00950,6.132619549380445
M00265_P00951,6.1032791033585
M00265_P00959,6.338142037596715
M00265_P00962,7.171693525375241
M00266_P00055,6.644045432787604
M00266_P00057,5.8543245539622095
M00266_P00059,0.0
M00266_P00064,0.0
M00266_P00066,6.349319925577113
M00266_P00071,5.980689743435823
M00266_P00077,5.903231708478816
M00266_P00549,0.0
M00266_P00552,0.0
M00266_P00554,6.449349189456358
M00266_P00561,7.106795664099707
M00266_P00562,6.5462141393264694
M00266_P00568,0.0
M00267_P00625,0.0
M00267_P00630,0.0
M00267_P00632,6.359569670229679
M00267_P00635,6.105280986430794
M00267_P00644,0.0
M00267_P00645,0.0
M00267_P00650,5.105606415150481
M00267_P01177,0.0
M00267_P01182,6.024009624749731
M00267_P01184,5.915197670841918
M00267_P01193,5.949115567000132
M00267_P01196,6.8676289496613485
M00268_P00055,5.369812163284898
M00268_P00057,5.96000133290428
M00268_P00059,0.0
M00268_P00064,5.531154863590983
M00268_P00066,7.905137807918194
M00268_P00071,5.966966997038416
M00268_P00077,6.363306644531341
M00268_P00807,0.0
M00268_P00812,6.827180520555234
M00268_P00819,0.0
M00268_P00826,5.7756220757286005
M00268_P00827,7.459909779920508
M00269_P00157,5.121697103186705
M00269_P00159,0.0
M00269_P00164,0.0
M00269_P00169,5.49306222856921
M00269_P00171,6.847225402936109
M00269_P00175,7.123755173085729
M00269_P00761,6.574651141449893
M00269_P00772,7.102464651216742
M00270_P00011,6.01603980736935
M00270_P00024,6.100764933990198
M00270_P01223,5.970528410731914
M00270_P01234,5.838401974007754
M00270_P01236,0.0
M00270_P01241,7.333254395311548
M00270_P01242,6.278541971415264
M00271_P00241,6.05297618246177
M00271_P00244,6.3814275227716815
M00271_P00245,6.008630708670556
M00271_P00248,5.9898249108725885
M00271_P00255,6.11559871715437
M00271_P00260,7.346995270146165
M00271_P01070,6.938148754858791
M00271_P01074,6.599495973307074
M00271_P01082,6.006848062651203
M00272_P00423,6.299994852450139
M00272_P00424,6.0861978293160925
M00272_P00425,0.0
M00272_P00426,5.844017233784867
M00272_P00431,0.0
M00272_P00436,5.602646299619323
M00272_P00440,4.562631818699345
M00272_P00574,0.0
M00272_P00579,6.257525343147738
M00272_P00582,0.0
M00272_P00584,7.036734978383635
M00272_P00586,0.0
M00272_P00590,7.251488187497133
M00273_P00136,6.575737180332032
M00273_P00141,0.0
M00273_P00148,6.065509244523633
M00273_P00156,0.0
M00273_P01070,5.868961275067997
M00273_P01074,6.49779815982977
M00273_P01082,0.0
M00274_P00529,7.009328954530636
M00274_P00535,0.0
M00274_P00536,0.0
M00274_P00542,6.311705573581991
M00274_P00543,6.6818288014755165
M00274_P01070,5.830287294568204
M00274_P01074,6.291614448792249
M00274_P01082,5.563197798903396
M00275_P00055,0.0
M00275_P00057,5.559879829226047
M00275_P00059,6.286873261910994
M00275_P00064,0.0
M00275_P00066,6.880830731432206
M00275_P00071,5.883072795562992
M00275_P00077,0.0
M00275_P00888,0.0
M00275_P00889,4.7497968155370796
M00275_P00893,6.387049745979937
M00275_P00894,5.905490802294524
M00275_P00895,0.0
M00275_P00901,6.4885079579793485
M00275_P00909,5.833024633847728
M00276_P00391,0.0
M00276_P00399,6.8262441578702315
M00276_P00410,6.125344994259228
M00276_P00416,6.727788294675031
M00276_P01070,0.0
M00276_P01074,0.0
M00276_P01082,6.349370083914151
M00277_P00136,7.626779721544004
M00277_P00141,7.718683949181597
M00277_P00148,0.0
M00277_P00156,6.705322094557495
M00277_P00368,5.30099446152391
M00277_P00372,6.38847290563318
M00277_P00378,0.0
M00277_P00382,0.0
M00277_P00383,0.0
M00278_P01041,5.572126783543527
M00278_P01042,0.0
M00278_P01048,7.064228364394742
M00278_P01049,7.792809339227693
M00278_P01051,0.0
M00278_P01055,6.464186758308307
M00278_P01063,0.0
M00278_P01064,6.558235419165352
M00278_P01201,6.7854547341492975
M00278_P01209,6.566090619396839
M00278_P01210,5.633148538792457
M00278_P01211,0.0
M00278_P01214,5.973504126481413
M00279_P00266,0.0
M00279_P00271,6.804872671812375
M00279_P00278,7.242601998591615
M00279_P00286,5.595726423880431
M00279_P01177,0.0
M00279_P01182,0.0
M00279_P01184,6.811605254244203
M00279_P01193,5.233851932167132
M00279_P01196,6.85541882082622
M00280_P00055,0.0
M00280_P00057,6.144435649441881
M00280_P00059,6.729127347099881
M00280_P00064,5.622211757785054
M00280_P00066,7.868072162850569
M00280_P00071,0.0
M00280_P00077,0.0
M00280_P00549,0.0
M00280_P00552,0.0
M00280_P00554,5.922069391662772
M00280_P00561,0.0
M00280_P00562,6.768976256875461
M00280_P00568,0.0
M00281_P00478,6.461870926338411
M00281_P00479,7.399912723628578
M00281_P00486,5.365692617742872
M00281_P00491,6.042820692325426
M00281_P00611,0.0
M00281_P00618,0.0
M00281_P00619,6.204509410029548
M00281_P00622,0.0
M00282_P00241,0.0
M00282_P00244,5.7494516268989155
M00282_P00245,7.096465348680978
M00282_P00248,0.0
M00282_P00255,6.497224676963954
M00282_P00260,0.0
M00282_P00423,7.478912515442362
M00282_P00424,6.24517754879614
M00282_P00425,6.829331769118414
M00282_P00426,5.733754803411749
M00282_P00431,6.781794501040792
M00282_P00436,0.0
M00282_P00440,5.512470793409715
M00283_P00940,0.0
M00283_P00948,6.220240445981635
M00283_P00950,6.786115313024895
M00283_P00951,0.0
M00283_P00959,5.650899357445329
M00283_P00962,6.858991048443295
M00283_P01146,0.0
M00283_P01157,5.55799682274407
M00283_P01166,6.278925962608573
M00283_P01169,0.0
M00284_P00266,6.272763455758351
M00284_P00271,5.832865714176052
M00284_P00278,6.729776732855691
M00284_P00286,0.0
M00284_P00313,0.0
M00284_P00324,0.0
M00284_P00329,6.292548216881878
M00284_P00333,6.9700123368195
M00284_P00334,6.900779539605412
M00285_P01020,6.358022999984414
M00285_P01034,0.0
M00285_P01037,5.902764058001125
M00285_P01038,6.027568222057209
M00285_P01146,0.0
M00285_P01157,5.487135989187471
M00285_P01166,6.093905453518761
M00285_P01169,6.458002286579335
M00286_P00241,5.236363009915802
M00286_P00244,5.893479976347602
M00286_P00245,0.0
M00286_P00248,6.236453897612625
M00286_P00255,0.0
M00286_P00260,6.2427760096310525
M00286_P00965,0.0
M00286_P00966,5.736349866406373
M00286_P00975,7.090974212341299
M00286_P00978,0.0
M00286_P00980,6.067635165006772
M00286_P00986,0.0
M00287_P00423,6.519985967294284
M00287_P00424,5.1760095815113045
M00287_P00425,0.0
M00287_P00426,6.06003393785212
M00287_P00431,0.0
M00287_P00436,0.0
M00287_P00440,6.990320565302824
M00287_P01041,0.0
M00287_P01042,5.742201618518345
M00287_P01048,5.84603753084955
M00287_P01049,7.987107650710024
M00287_P01051,0.0
M00287_P01055,0.0
M00287_P01063,0.0
M00287_P01064,0.0
M00288_P00011,0.0
M00288_P00024,0.0
M00288_P01099,6.636623288929668
M00288_P01107,6.054709589592135
M00288_P01108,7.314860247786978
M00288_P01109,5.881692159956643
M00288_P01114,0.0
M00288_P01118,6.7964925117801815
M00289_P00888,0.0
M00289_P00889,5.1471207888391906
M00289_P00893,5.41186571207952
M00289_P00894,6.980039954822324
M00289_P00895,7.340175536526147
M00289_P00901,6.977980346873523
M00289_P00909,0.0
M00289_P01120,5.823972656584383
M00290_P00574,6.303585536176361
M00290_P00579,0.0
M00290_P00582,0.0
M00290_P00584,5.424875805905486
M00290_P00586,5.857566950672528
M00290_P00590,7.22970833959544
M00290_P00732,5.245404404099907
M00290_P00738,5.382494033118665
M00290_P00742,5.839482092275556
M00290_P00744,5.215746442915663
M00290_P00747,0.0
M00290_P00753,5.997986768445484
M00291_P00705,6.300967438677766
M00291_P00707,0.0
M00291_P00716,6.3354653016385
M00291_P00718,6.724551192949248
M00291_P00724,6.559511946980967
M00291_P00728,0.0
M00291_P01041,0.0
M00291_P01042,5.507767961820859
M00291_P01048,5.172837613988109
M00291_P01049,7.3203184445307965
M00291_P01051,6.398951329752909
M00291_P01055,0.0
M00291_P01063,6.68288162915702
M00291_P01064,6.231577251752653
M00292_P00515,5.3927315875835315
M00292_P00761,6.5759673146590485
M00292_P00772,5.281844335021908
M00293_P00157,0.0
M00293_P00159,6.220549165229977
M00293_P00164,5.652999971538895
M00293_P00169,5.700753023723513
M00293_P00171,0.0
M00293_P00175,6.350481328556037
M00293_P00782,0.0
M00293_P00786,0.0
M00293_P00788,7.632066511972372
M00293_P00797,6.918416580001316
M00293_P00803,6.3369441581937975
M00294_P00574,0.0
M00294_P00579,6.291351588626437
M00294_P00582,0.0
M00294_P00584,6.503429686988778
M00294_P00586,0.0
M00294_P00590,6.604648058116292
M00294_P00940,6.376384143436892
M00294_P00948,5.688889600212111
M00294_P00950,5.677680999786355
M00294_P00951,6.765976882457663
M00294_P00959,6.2193660092699234
M00294_P00962,0.0
M00295_P00478,5.840129970378338
M00295_P00479,7.680012345863146
M00295_P00486,6.7368841771467025
M00295_P00491,6.141670484551164
M00295_P01146,0.0
M00295_P01157,6.202407773567072
M00295_P01166,6.904738241553832
M00295_P01169,0.0
M00296_P00011,7.27989615522789
M00296_P00024,0.0
M00296_P00443,5.44746159068385
M00296_P00448,5.924894795485669
M00296_P00452,6.696476466335525
M00296_P00462,6.480113156556062
M00296_P00463,5.947902361169711
M00296_P00465,6.341262916899626
M00296_P00468,0.0
M00297_P00807,0.0
M00297_P00812,7.719975240054439
M00297_P00819,0.0
M00297_P00826,6.472700979405178
M00297_P00827,6.217022197624976
M00297_P00991,0.0
M00297_P00993,5.858171808872324
M00297_P00997,4.423948461103059
M00297_P01000,4.88327998568306
M00297_P01010,7.04388516327519
M00298_P00574,0.0
M00298_P00579,6.7480025254817
M00298_P00582,0.0
M00298_P00584,6.142066477747665
M00298_P00586,5.596904861845583
M00298_P00590,0.0
M00298_P00991,0.0
M00298_P00993,0.0
M00298_P00997,5.525838567959626
M00298_P01000,0.0
M00298_P01010,6.914650342508129
M00299_P00423,6.3294250179470675
M00299_P00424,4.98806216419948
M00299_P00425,0.0
M00299_P00426,0.0
M00299_P00431,5.972727129137061
M00299_P00436,6.777282531839596
M00299_P00440,6.339959182773335
M00299_P01020,6.571063296506636
M00299_P01034,0.0
M00299_P01037,0.0
M00299_P01038,5.103602247047318
M00300_P00157,0.0
M00300_P00159,6.24256554410488
M00300_P00164,0.0
M00300_P00169,5.201698381697807
M00300_P00171,0.0
M00300_P00175,6.521765234892944
M00300_P01041,5.175913151093277
M00300_P01042,0.0
M00300_P01048,6.150043365848729
M00300_P01049,7.187980643897873
M00300_P01051,6.308417221550045
M00300_P01055,5.840229763260448
M00300_P01063,4.949832770539029
M00300_P01064,0.0
M00301_P00515,0.0
M00301_P00761,6.5862477137933775
M00301_P00772,0.0
M00302_P00209,0.0
M00302_P00210,6.418705700291693
M00302_P00211,0.0
M00302_P00219,6.206810076337722
M00302_P00221,0.0
M00302_P00222,0.0
M00302_P00232,0.0
M00302_P00234,8.036792309989025
M00302_P01201,5.334562518558539
M00302_P01209,6.155743493261452
M00302_P01210,0.0
M00302_P01211,6.444807018336828
M00302_P01214,5.853981129006756
M00303_P00529,6.760753132990761
M00303_P00535,4.922415544855832
M00303_P00536,4.927623269107727
M00303_P00542,6.005666425167816
M00303_P00543,6.424296934068176
M00303_P00705,6.0790318797728045
M00303_P00707,6.306447324856055
M00303_P00716,0.0
M00303_P00718,0.0
M00303_P00724,6.739615302063042
M00303_P00728,5.411982978616464
M00304_P00209,5.044788824859396
M00304_P00210,0.0
M00304_P00211,0.0
M00304_P00219,0.0
M00304_P00221,6.169515133442979
M00304_P00222,6.87715182836363
M00304_P00232,0.0
M00304_P00234,0.0
M00304_P00922,6.0882909357722035
M00304_P00927,5.414946989996412
M00304_P00931,5.879411174594338
M00304_P00935,0.0
M00305_P00266,5.564219882099998
M00305_P00271,0.0
M00305_P00278,6.855033901361933
M00305_P00286,5.947399558552035
M00305_P00443,0.0
M00305_P00448,6.263930789572736
M00305_P00452,6.178031427302322
M00305_P00462,5.9953142757918805
M00305_P00463,0.0
M00305_P00465,0.0
M00305_P00468,6.939548123182628
M00306_P00549,4.891234262510032
M00306_P00552,5.895750681058365
M00306_P00554,6.154820139345244
M00306_P00561,7.771307592441909
M00306_P00562,6.409470661018063
M00306_P00568,0.0
M00306_P01223,0.0
M00306_P01234,0.0
M00306_P01236,5.64644020482928
M00306_P01241,0.0
M00306_P01242,6.316126128465866
M00307_P00108,0.0
M00307_P00110,0.0
M00307_P00114,6.83381767219492
M00307_P00124,0.0
M00307_P00129,0.0
M00307_P00266,0.0
M00307_P00271,0.0
M00307_P00278,7.283532009096795
M00307_P00286,0.0
M00308_P01120,0.0
M00308_P01223,0.0
M00308_P01234,6.016722958269531
M00308_P01236,0.0
M00308_P01241,5.508125425836273
M00308_P01242,5.959053030701318
M00309_P00611,5.595766721103463
M00309_P00618,0.0
M00309_P00619,6.623650942294098
M00309_P00622,6.931603518559249
M00309_P00922,0.0
M00309_P00927,4.859463291095086
M00309_P00931,5.5111154842753205
M00309_P00935,0.0
M00310_P00011,5.771525482753886
M00310_P00024,6.057225360063147
M00310_P00443,0.0
M00310_P00448,5.3477548795405365
M00310_P00452,6.699386113305864
M00310_P00462,0.0
M00310_P00463,6.406343709212776
M00310_P00465,0.0
M00310_P00468,0.0
M00311_P00611,5.806018600765716
M00311_P00618,6.592222251864567
M00311_P00619,6.664943853161223
M00311_P00622,6.945971031998448
M00311_P00761,6.139885753228523
M00311_P00772,0.0
M00312_P00625,0.0
M00312_P00630,6.346591825691858
M00312_P00632,5.898029864769632
M00312_P00635,7.172479627663984
M00312_P00644,6.029652185654224
M00312_P00645,0.0
M00312_P00650,5.185755908685164
M00312_P00965,0.0
M00312_P00966,0.0
M00312_P00975,6.757695524168941
M00312_P00978,5.390586325928258
M00312_P00980,6.401556882233727
M00312_P00986,0.0
M00313_P00157,0.0
M00313_P00159,4.951170834388261
M00313_P00164,0.0
M00313_P00169,4.761508150610451
M00313_P00171,5.982896560157394
M00313_P00175,6.1724180343104305
M00313_P01146,0.0
M00313_P01157,0.0
M00313_P01166,5.934673643443716
M00313_P01169,0.0
M00314_P00032,0.0
M00314_P00044,0.0
M00314_P00045,5.986491547131195
M00314_P00050,0.0
M00314_P00052,0.0
M00314_P01041,0.0
M00314_P01042,0.0
M00314_P01048,7.038659684411286
M00314_P01049,0.0
M00314_P01051,0.0
M00314_P01055,6.422170432773489
M00314_P01063,0.0
M00314_P01064,0.0
M00315_P00368,5.683050688458465
M00315_P00372,0.0
M00315_P00378,5.25262741335427
M00315_P00382,5.12224555650484
M00315_P00383,5.5396534642557285
M00315_P01020,0.0
M00315_P01034,5.620128654496126
M00315_P01037,0.0
M00315_P01038,0.0
M00316_P00761,0.0
M00316_P00772,6.378268313602865
M00316_P01041,0.0
M00316_P01042,6.026144779265435
M00316_P01048,0.0
M00316_P01049,0.0
M00316_P01051,7.015435134491645
M00316_P01055,6.098651135662782
M00316_P01063,5.283687134708211
M00316_P01064,5.93351744733887
M00317_P00678,5.4368332948557185
M00317_P00679,0.0
M00317_P00680,0.0
M00317_P00681,6.963319558904685
M00317_P00683,6.23910912590449
M00317_P00694,6.321403437885679
M00317_P01070,0.0
M00317_P01074,6.022786490750276
M00317_P01082,0.0
M00318_P00055,5.688411170536697
M00318_P00057,0.0
M00318_P00059,0.0
M00318_P00064,0.0
M00318_P00066,0.0
M00318_P00071,6.143428734902949
M00318_P00077,5.860318582607443
M00318_P00079,6.355156613515485
M00318_P00082,6.906726760648655
M00318_P00087,6.050249809671511
M00318_P00097,0.0
M00318_P00102,5.439286691340987
M00319_P00157,0.0
M00319_P00159,0.0
M00319_P00164,0.0
M00319_P00169,6.0457379884383675
M00319_P00171,0.0
M00319_P00175,6.353375365912954
M00319_P00185,6.723578791323662
M00319_P00193,0.0
M00319_P00197,0.0
M00319_P00199,6.1469548588227445
M00319_P00200,6.4067529049015075
M00320_P00625,0.0
M00320_P00630,5.319505537471091
M00320_P00632,6.270945875317344
M00320_P00635,6.433942330280675
M00320_P00644,6.9720305713092285
M00320_P00645,6.739660612166307
M00320_P00650,6.336020258663017
M00320_P00782,0.0
M00320_P00786,6.114188939547812
M00320_P00788,0.0
M00320_P00797,0.0
M00320_P00803,6.215262812537187
M00321_P00965,0.0
M00321_P00966,0.0
M00321_P00975,0.0
M00321_P00978,0.0
M00321_P00980,0.0
M00321_P00986,0.0
M00321_P01223,6.2308986026805595
M00321_P01234,0.0
M00321_P01236,6.073432320244772
M00321_P01241,5.623366170532483
M00321_P01242,5.763647484680492
M00322_P00157,0.0
M00322_P00159,5.197357758581964
M00322_P00164,0.0
M00322_P00169,5.55006495823849
M00322_P00171,0.0
M00322_P00175,5.763309032094626
M00322_P01070,0.0
M00322_P01074,5.300535613512049
M00322_P01082,5.207512185278021
M00323_P00055,0.0
M00323_P00057,0.0
M00323_P00059,0.0
M00323_P00064,6.567052568721159
M00323_P00066,7.060091553614508
M00323_P00071,0.0
M00323_P00077,5.538018091339917
M00323_P00443,0.0
M00323_P00448,0.0
M00323_P00452,0.0
M00323_P00462,6.1829448104104365
M00323_P00463,7.501360711615548
M00323_P00465,7.144499808806747
M00323_P00468,5.226384433503056
M00324_P00345,5.389112972152512
M00324_P00347,6.2884609109201985
M00324_P00351,5.975244902398213
M00324_P00353,5.982165268801484
M00324_P00359,5.287711590720761
M00324_P00362,5.056894287400479
M00324_P00761,6.629633529325763
M00324_P00772,6.048836668829406
M00325_P00157,5.905756757775439
M00325_P00159,0.0
M00325_P00164,5.424292145437054
M00325_P00169,6.370644413006765
M00325_P00171,0.0
M00325_P00175,5.717838486936092
M00325_P00611,0.0
M00325_P00618,6.777196551290006
M00325_P00619,0.0
M00325_P00622,4.915084267720118
M00326_P00888,0.0
M00326_P00889,6.4540697875019255
M00326_P00893,6.52086043924809
M00326_P00894,0.0
M00326_P00895,0.0
M00326_P00901,7.30836569926422
M00326_P00909,6.725041548884837
M00326_P01099,6.83864742528981
M00326_P01107,5.565654207120906
M00326_P01108,7.562176157284924
M00326_P01109,7.303304169584875
M00326_P01114,6.918286184231883
M00326_P01118,0.0
M00327_P00443,0.0
M00327_P00448,5.639429083886981
M00327_P00452,6.467072062047993
M00327_P00462,7.172292338705837
M00327_P00463,0.0
M00327_P00465,6.005061434484482
M00327_P00468,5.3349032370250615
M00327_P00655,0.0
M00327_P00662,0.0
M00327_P00666,0.0
M00327_P00668,5.416089546053796
M00327_P00669,6.209622394021624
M00327_P00673,7.324067085074039
M00327_P00674,5.009589049139693
M00328_P00136,6.845718214503439
M00328_P00141,0.0
M00328_P00148,5.904924850734886
M00328_P00156,6.82285611223525
M00328_P00761,5.426949387812553
M00328_P00772,5.823590846771001
M00329_P01041,0.0
M00329_P01042,0.0
M00329_P01048,7.441190056851364
M00329_P01049,7.27662575833763
M00329_P01051,6.765552079381957
M00329_P01055,5.601913899201921
M00329_P01063,7.305284835601616
M00329_P01064,5.802024273165701
M00329_P01070,5.79998721180004
M00329_P01074,6.813442245723498
M00329_P01082,5.890642736827817
M00330_P00079,0.0
M00330_P00082,6.662766364914603
M00330_P00087,6.641992164691601
M00330_P00097,0.0
M00330_P00102,0.0
M00330_P00574,5.41416113960766
M00330_P00579,0.0
M00330_P00582,5.3761467422474
M00330_P00584,6.251794747430486
M00330_P00586,4.853927247441238
M00330_P00590,0.0
M00331_P00345,7.532267677250774
M00331_P00347,5.912846019166244
M00331_P00351,5.818518675509826
M00331_P00353,5.861984754275491
M00331_P00359,6.461892004267779
M00331_P00362,0.0
M00331_P00940,5.580612313516479
M00331_P00948,0.0
M00331_P00950,0.0
M00331_P00951,0.0
M00331_P00959,0.0
M00331_P00962,6.264734513272003
M00332_P00345,5.593272048018522
M00332_P00347,0.0
M00332_P00351,6.30027461144802
M00332_P00353,0.0
M00332_P00359,6.951169085407022
M00332_P00362,7.43974028285646
M00332_P00965,6.879806707699622
M00332_P00966,0.0
M00332_P00975,0.0
M00332_P00978,0.0
M00332_P00980,0.0
M00332_P00986,0.0
M00333_P00241,0.0
M00333_P00244,5.269037813835932
M00333_P00245,7.080049305438752
M00333_P00248,0.0
M00333_P00255,0.0
M00333_P00260,8.096273680091015
M00333_P01020,6.371182986608753
M00333_P01034,6.933582915497736
M00333_P01037,4.912024173357553
M00333_P01038,0.0
M00334_P00209,6.2425673449082035
M00334_P00210,0.0
M00334_P00211,0.0
M00334_P00219,6.689279878810625
M00334_P00221,6.373012633772341
M00334_P00222,6.0499212305422425
M00334_P00232,5.194968490421573
M00334_P00234,6.852206810139091
M00334_P00241,6.4967750835684885
M00334_P00244,0.0
M00334_P00245,5.933942293517804
M00334_P00248,5.551068437074572
M00334_P00255,7.952393624111885
M00334_P00260,0.0
M00335_P00185,0.0
M00335_P00193,6.5372105479173594
M00335_P00197,6.318198032218767
M00335_P00199,0.0
M00335_P00200,6.44699325262639
M00335_P00287,0.0
M00335_P00290,0.0
M00335_P00291,6.379780810615635
M00335_P00295,6.1363144321409875
M00335_P00297,0.0
M00335_P00298,0.0
M00335_P00299,6.750072624043043
M00335_P00304,5.83117088116695
M00335_P00307,0.0
M00335_P00309,0.0
M00335_P00310,5.294953551238133
M00336_P00011,5.757137949255551
M00336_P00024,0.0
M00336_P00209,6.291210818982455
M00336_P00210,0.0
M00336_P00211,0.0
M00336_P00219,0.0
M00336_P00221,0.0
M00336_P00222,7.049111777506571
M00336_P00232,0.0
M00336_P00234,8.0791558143208
M00337_P00529,6.385420477272454
M00337_P00535,0.0
M00337_P00536,0.0
M00337_P00542,0.0
M00337_P00543,7.174142173278808
M00337_P00965,6.980907945691814
M00337_P00966,0.0
M00337_P00975,0.0
M00337_P00978,0.0
M00337_P00980,6.889066154877278
M00337_P00986,6.85507808659532
M00338_P00079,0.0
M00338_P00082,5.733224945707473
M00338_P00087,5.595075902452416
M00338_P00097,7.195241596698836
M00338_P00102,6.22171521856675
M00338_P00423,0.0
M00338_P00424,0.0
M00338_P00425,6.892242299729581
M00338_P00426,5.158240565905678
M00338_P00431,0.0
M00338_P00436,6.195691311529899
M00338_P00440,7.058680042197926
M00339_P00185,0.0
M00339_P00193,5.652571908826648
M00339_P00197,5.882647460520437
M00339_P00199,5.453018845394703
M00339_P00200,5.58579508388563
M00339_P00863,6.355862788660277
M00339_P00880,0.0
M00339_P00882,0.0
M00340_P00732,5.892918588289318
M00340_P00738,4.889756196520692
M00340_P00742,6.330043955041573
M00340_P00744,6.04401781359749
M00340_P00747,0.0
M00340_P00753,0.0
M00340_P00782,6.733054560729001
M00340_P00786,5.207234546809865
M00340_P00788,0.0
M00340_P00797,6.218065750694963
M00340_P00803,0.0
M00341_P00835,0.0
M00341_P00840,0.0
M00341_P00844,5.918150091533817
M00341_P00847,6.359574575401968
M00341_P00848,0.0
M00341_P00856,6.250596490719934
M00341_P00991,0.0
M00341_P00993,6.61053803610956
M00341_P00997,0.0
M00341_P01000,0.0
M00341_P01010,7.052469813984373
M00342_P00368,5.957504761362359
M00342_P00372,6.551002640161811
M00342_P00378,4.879593280238537
M00342_P00382,0.0
M00342_P00383,4.918109962565444
M00342_P00835,0.0
M00342_P00840,5.8529886813456615
M00342_P00844,5.162537310646313
M00342_P00847,5.824014791081232
M00342_P00848,0.0
M00342_P00856,0.0
M00343_P01099,7.061439293598694
M00343_P01107,6.0280661928211465
M00343_P01108,0.0
M00343_P01109,6.276451813228526
M00343_P01114,6.963385063599146
M00343_P01118,0.0
M00343_P01201,0.0
M00343_P01209,0.0
M00343_P01210,5.948266382924922
M00343_P01211,6.3424164064893045
M00343_P01214,6.015889712213042
M00344_P00761,0.0
M00344_P00772,5.750155666755347
M00344_P01099,6.361263308528168
M00344_P01107,0.0
M00344_P01108,6.591931379003776
M00344_P01109,6.357346313442456
M00344_P01114,0.0
M00344_P01118,6.459599178360095
M00345_P00655,0.0
M00345_P00662,0.0
M00345_P00666,6.097406840725754
M00345_P00668,0.0
M00345_P00669,0.0
M00345_P00673,7.009915819365847
M00345_P00674,6.047013778475858
M00345_P00782,5.4770178136689225
M00345_P00786,0.0
M00345_P00788,0.0
M00345_P00797,0.0
M00345_P00803,5.429564105805842
M00346_P00807,0.0
M00346_P00812,7.545141677156014
M00346_P00819,5.766139865470242
M00346_P00826,6.33835158856546
M00346_P00827,6.731996109043048
M00346_P01201,6.7080287364683695
M00346_P01209,6.1171909226042835
M00346_P01210,6.040057731250164
M00346_P01211,7.31457451522598
M00346_P01214,0.0
M00347_P00136,6.437301060817062
M00347_P00141,0.0
M00347_P00148,0.0
M00347_P00156,5.712202745697998
M00347_P00549,5.520392597104594
M00347_P00552,4.332095230110202
M00347_P00554,5.785889155952358
M00347_P00561,7.767749598775749
M00347_P00562,6.673159110005855
M00347_P00568,5.8999379505931495
M00348_P00108,0.0
M00348_P00110,0.0
M00348_P00114,0.0
M00348_P00124,6.610945128217657
M00348_P00129,8.034928624769297
M00348_P00241,5.930248091192626
M00348_P00244,5.64743567304033
M00348_P00245,6.310616354707697
M00348_P00248,5.1543893604139726
M00348_P00255,7.366071650602474
M00348_P00260,0.0
M00349_P00625,0.0
M00349_P00630,6.552330274516608
M00349_P00632,0.0
M00349_P00635,5.5456737499921
M00349_P00644,6.693139351024266
M00349_P00645,7.373498124092444
M00349_P00650,0.0
M00349_P01020,0.0
M00349_P01034,0.0
M00349_P01037,6.2414270131782414
M00349_P01038,0.0
M00350_P00761,0.0
M00350_P00772,6.074585577545289
M00350_P00863,6.7706747065145905
M00350_P00880,7.2317691752787265
M00350_P00882,0.0
M00351_P00157,0.0
M00351_P00159,5.657914756708058
M00351_P00164,0.0
M00351_P00169,0.0
M00351_P00171,0.0
M00351_P00175,6.661295553852796
M00351_P01177,0.0
M00351_P01182,0.0
M00351_P01184,0.0
M00351_P01193,6.483955991461345
M00351_P01196,6.025010503373237
M00352_P00705,5.823174952908369
M00352_P00707,0.0
M00352_P00716,6.4795890986815285
M00352_P00718,0.0
M00352_P00724,6.137110837098681
M00352_P00728,7.12573555357338
M00352_P00761,6.370214670507118
M00352_P00772,5.789946508643016
M00353_P00549,0.0
M00353_P00552,6.416649723175571
M00353_P00554,0.0
M00353_P00561,0.0
M00353_P00562,5.600648175188127
M00353_P00568,4.860126822724117
M00353_P00782,5.852570991182818
M00353_P00786,6.134628562706284
M00353_P00788,6.933979518479517
M00353_P00797,6.510840250467154
M00353_P00803,0.0
M00354_P00157,0.0
M00354_P00159,0.0
M00354_P00164,6.769043058105285
M00354_P00169,0.0
M00354_P00171,5.336834703189258
M00354_P00175,6.7310010236918805
M00354_P01201,0.0
M00354_P01209,6.085233180258647
M00354_P01210,0.0
M00354_P01211,6.392881964235314
M00354_P01214,0.0
M00355_P00529,6.049153293131131
M00355_P00535,5.694818428374813
M00355_P00536,5.541400955184492
M00355_P00542,0.0
M00355_P00543,6.7417518807839585
M00355_P01120,5.406265867104276
M00356_P00241,0.0
M00356_P00244,0.0
M00356_P00245,5.803409301054549
M00356_P00248,0.0
M00356_P00255,6.91034835956917
M00356_P00260,0.0
M00356_P01146,6.268251868679858
M00356_P01157,6.932796942016252
M00356_P01166,5.216547243382037
M00356_P01169,6.063959337072096
M00357_P00136,0.0
M00357_P00141,6.537897461001548
M00357_P00148,5.710155775202857
M00357_P00156,5.239801736811007
M00357_P00157,0.0
M00357_P00159,5.521489031833908
M00357_P00164,6.226019378764115
M00357_P00169,6.587943472084573
M00357_P00171,5.637943241807902
M00357_P00175,0.0
M00358_P00157,0.0
M00358_P00159,0.0
M00358_P00164,6.306065624579993
M00358_P00169,6.610960716004202
M00358_P00171,0.0
M00358_P00175,0.0
M00358_P00625,6.977919663770491
M00358_P00630,4.813307161251201
M00358_P00632,0.0
M00358_P00635,5.959847037397402
M00358_P00644,0.0
M00358_P00645,6.198470652015814
M00358_P00650,0.0
M00359_P00922,0.0
M00359_P00927,5.315640120391157
M00359_P00931,6.9637981455453914
M00359_P00935,6.6323952689115835
M00359_P00965,0.0
M00359_P00966,0.0
M00359_P00975,6.027837528646147
M00359_P00978,0.0
M00359_P00980,5.5481511519478754
M00359_P00986,7.310785859839116
M00360_P00185,0.0
M00360_P00193,0.0
M00360_P00197,0.0
M00360_P00199,0.0
M00360_P00200,6.099111675312672
M00360_P01099,6.309189101031061
M00360_P01107,5.86472695458983
M00360_P01108,7.1425100062490205
M00360_P01109,5.931873683180772
M00360_P01114,0.0
M00360_P01118,0.0
M00361_P00705,0.0
M00361_P00707,6.322485081752576
M00361_P00716,5.921192268362819
M00361_P00718,0.0
M00361_P00724,6.286677318381923
M00361_P00728,6.695815413075552
M00361_P01099,6.00827634950791
M00361_P01107,5.697872609605835
M00361_P01108,7.792142196369398
M00361_P01109,5.6341232209064085
M00361_P01114,6.520251534924524
M00361_P01118,6.3187260090076105
M00362_P00478,0.0
M00362_P00479,0.0
M00362_P00486,0.0
M00362_P00491,6.516929988135811
M00362_P01020,5.633578922332211
M00362_P01034,0.0
M00362_P01037,5.81329448632556
M00362_P01038,0.0
M00363_P00157,0.0
M00363_P00159,0.0
M00363_P00164,6.964793763746653
M00363_P00169,0.0
M00363_P00171,6.891430482220326
M00363_P00175,6.372931947899371
M00363_P00965,0.0
M00363_P00966,4.9816074133050865
M00363_P00975,7.29946167367898
M00363_P00978,0.0
M00363_P00980,6.70906371232433
M00363_P00986,0.0
M00364_P00241,6.748811978770829
M00364_P00244,5.539581047857523
M00364_P00245,6.5381912097210755
M00364_P00248,6.533389674125342
M00364_P00255,0.0
M00364_P00260,6.930773755313098
M00364_P01120,0.0
M00365_P00157,0.0
M00365_P00159,5.168465443377456
M00365_P00164,5.280370628032186
M00365_P00169,5.934171006203267
M00365_P00171,0.0
M00365_P00175,6.011249066032205
M00365_P00611,0.0
M00365_P00618,5.877310184685992
M00365_P00619,6.217866876970186
M00365_P00622,0.0
M00366_P00185,6.20071050761582
M00366_P00193,7.274615941271606
M00366_P00197,0.0
M00366_P00199,5.42931497782374
M00366_P00200,0.0
M00366_P00478,0.0
M00366_P00479,0.0
M00366_P00486,5.3755702784019395
M00366_P00491,0.0
M00367_P00705,6.119619190686634
M00367_P00707,0.0
M00367_P00716,0.0
M00367_P00718,6.599724999900767
M00367_P00724,5.256437900912385
M00367_P00728,0.0
M00367_P00940,7.0189705798607145
M00367_P00948,0.0
M00367_P00950,5.903228451611699
M00367_P00951,6.9565496423541475
M00367_P00959,6.1518797206210465
M00367_P00962,6.026278023007574
M00368_P00991,6.878316788457584
M00368_P00993,5.870791908367463
M00368_P00997,0.0
M00368_P01000,0.0
M00368_P01010,6.30572078847971
M00368_P01120,0.0
M00369_P00032,6.98694716929793
M00369_P00044,7.336517791906611
M00369_P00045,0.0
M00369_P00050,6.8233303047854195
M00369_P00052,6.611214482899031
M00369_P00313,0.0
M00369_P00324,6.6007327711458075
M00369_P00329,0.0
M00369_P00333,6.3617985332568034
M00369_P00334,6.280956376814219
M00370_P00549,0.0
M00370_P00552,5.864138781118431
M00370_P00554,6.387644320426411
M00370_P00561,6.8830028881328165
M00370_P00562,0.0
M00370_P00568,0.0
M00370_P00611,5.232201721269988
M00370_P00618,0.0
M00370_P00619,5.3273319815288485
M00370_P00622,0.0
M00371_P00241,6.1272106943467355
M00371_P00244,5.7824232508669935
M00371_P00245,0.0
M00371_P00248,7.016415792550493
M00371_P00255,0.0
M00371_P00260,6.976182920999555
M00371_P00965,0.0
M00371_P00966,0.0
M00371_P00975,5.734739664275105
M00371_P00978,6.157337266088871
M00371_P00980,6.299447268385226
M00371_P00986,6.555279600873845
M00372_P00108,5.965659271070915
M00372_P00110,6.3276160200346405
M00372_P00114,7.8204464721855205
M00372_P00124,0.0
M00372_P00129,6.407012230771768
M00372_P00266,6.652667916963858
M00372_P00271,0.0
M00372_P00278,7.289295451287552
M00372_P00286,6.743863736629711
M00373_P00136,6.946728477549837
M00373_P00141,0.0
M00373_P00148,0.0
M00373_P00156,6.9670421726031835
M00373_P00888,6.250639909800739
M00373_P00889,5.753981733228067
M00373_P00893,0.0
M00373_P00894,6.424043791103143
M00373_P00895,7.191506920563198
M00373_P00901,0.0
M00373_P00909,6.984498465066471
M00374_P00678,0.0
M00374_P00679,7.1975044190049955
M00374_P00680,0.0
M00374_P00681,0.0
M00374_P00683,6.190567411723594
M00374_P00694,0.0
M00374_P00782,6.271827829940916
M00374_P00786,6.4222896943506775
M00374_P00788,0.0
M00374_P00797,5.901547638895087
M00374_P00803,6.711143094807666
M00375_P00515,6.0011203806552
M00375_P00611,0.0
M00375_P00618,6.2608919536985015
M00375_P00619,5.800914228986043
M00375_P00622,7.409989094773433
M00376_P00940,6.030938466632796
M00376_P00948,6.29412881780325
M00376_P00950,6.072785631497458
M00376_P00951,6.996901541064647
M00376_P00959,5.871972951753946
M00376_P00962,6.982866343711737
M00376_P01020,0.0
M00376_P01034,5.944318939346206
M00376_P01037,6.375551158176935
M00376_P01038,5.942745055783787
M00377_P00241,6.334612391347555
M00377_P00244,5.784581827949678
M00377_P00245,0.0
M00377_P00248,0.0
M00377_P00255,0.0
M00377_P00260,7.711849078096172
M00377_P00287,0.0
M00377_P00290,0.0
M00377_P00291,5.281171119788888
M00377_P00295,0.0
M00377_P00297,6.525371739102978
M00377_P00298,6.039088445017491
M00377_P00299,6.56814462264451
M00377_P00304,6.379932634598413
M00377_P00307,0.0
M00377_P00309,0.0
M00377_P00310,0.0
M00378_P00136,7.150828197004115
M00378_P00141,0.0
M00378_P00148,0.0
M00378_P00156,0.0
M00378_P01120,0.0
M00379_P00705,0.0
M00379_P00707,6.534557588109312
M00379_P00716,0.0
M00379_P00718,7.380197659770079
M00379_P00724,5.422254962848138
M00379_P00728,0.0
M00379_P01099,6.77966316774285
M00379_P01107,6.31771460194635
M00379_P01108,6.943982350021743
M00379_P01109,0.0
M00379_P01114,7.370186759772219
M00379_P01118,6.5932070018813045
M00380_P00443,5.3885012571729725
M00380_P00448,5.757409175801132
M00380_P00452,5.042919431874208
M00380_P00462,0.0
M00380_P00463,6.497737452582267
M00380_P00465,5.836900687258192
M00380_P00468,0.0
M00380_P00678,0.0
M00380_P00679,7.241539489675918
M00380_P00680,6.972825628640235
M00380_P00681,0.0
M00380_P00683,0.0
M00380_P00694,0.0
M00381_P00574,5.822629852281279
M00381_P00579,6.941831556357563
M00381_P00582,6.02047583448351
M00381_P00584,0.0
M00381_P00586,0.0
M00381_P00590,7.647139783043457
M00381_P00732,5.627753463052606
M00381_P00738,0.0
M00381_P00742,0.0
M00381_P00744,0.0
M00381_P00747,7.458561665122792
M00381_P00753,4.849254031092322
M00382_P01120,0.0
M00382_P01146,0.0
M00382_P01157,6.184786664113976
M00382_P01166,0.0
M00382_P01169,5.4304744161563825
M00383_P00863,0.0
M00383_P00880,5.683419539955253
M00383_P00882,7.401933130526469
M00383_P01120,0.0
M00384_P00368,6.447718320745852
M00384_P00372,0.0
M00384_P00378,5.675343211058527
M00384_P00382,0.0
M00384_P00383,6.343553885906149
M00384_P00678,0.0
M00384_P00679,6.854409340256563
M00384_P00680,5.802384969372496
M00384_P00681,6.064760797917426
M00384_P00683,6.683459896454957
M00384_P00694,6.432749254687273
M00385_P00011,7.052916740915258
M00385_P00024,0.0
M00385_P00368,5.931928210555568
M00385_P00372,6.944989458469396
M00385_P00378,0.0
M00385_P00382,6.454627353270007
M00385_P00383,0.0
M00386_P00209,0.0
M00386_P00210,7.618615392649517
M00386_P00211,0.0
M00386_P00219,6.0632327016356795
M00386_P00221,6.861765778446397
M00386_P00222,6.842032271021537
M00386_P00232,7.247280411461516
M00386_P00234,6.908496321325383
M00386_P00443,0.0
M00386_P00448,5.511973637655537
M00386_P00452,5.457156281259085
M00386_P00462,6.434739655115419
M00386_P00463,5.531980778191286
M00386_P00465,0.0
M00386_P00468,0.0
M00387_P00011,0.0
M00387_P00024,6.571983362799566
M00387_P00185,4.792340084640768
M00387_P00193,6.233768677190428
M00387_P00197,0.0
M00387_P00199,0.0
M00387_P00200,6.126703687992647
M00388_P00209,0.0
M00388_P00210,7.062018107351438
M00388_P00211,0.0
M00388_P00219,0.0
M00388_P00221,6.653093697794032
M00388_P00222,0.0
M00388_P00232,0.0
M00388_P00234,0.0
M00388_P00287,0.0
M00388_P00290,6.293296864306946
M00388_P00291,0.0
M00388_P00295,7.432195895096523
M00388_P00297,6.2898525417712925
M00388_P00298,0.0
M00388_P00299,5.118275914240016
M00388_P00304,4.839170552561832
M00388_P00307,6.448740294978631
M00388_P00309,0.0
M00388_P00310,0.0
M00389_P00835,0.0
M00389_P00840,0.0
M00389_P00844,0.0
M00389_P00847,6.109447400094619
M00389_P00848,5.6462444549331074
M00389_P00856,6.313963346901539
M00389_P00940,0.0
M00389_P00948,7.0432589155642855
M00389_P00950,6.808998583034196
M00389_P00951,0.0
M00389_P00959,0.0
M00389_P00962,0.0
M00390_P00108,0.0
M00390_P00110,5.689686587696212
M00390_P00114,7.645054377517761
M00390_P00124,6.748909689052896
M00390_P00129,0.0
M00390_P00678,0.0
M00390_P00679,0.0
M00390_P00680,5.40070541804895
M00390_P00681,6.385367052100785
M00390_P00683,0.0
M00390_P00694,6.151103418435681
M00391_P00032,6.173992190216434
M00391_P00044,6.304084784898607
M00391_P00045,0.0
M00391_P00050,6.7441709495472635
M00391_P00052,6.424206586731962
M00391_P00705,5.251820011056804
M00391_P00707,0.0
M00391_P00716,0.0
M00391_P00718,0.0
M00391_P00724,0.0
M00391_P00728,7.130887997749012
M00392_P00529,6.561157312281157
M00392_P00535,0.0
M00392_P00536,5.889623849823309
M00392_P00542,5.754638327919288
M00392_P00543,6.24877623950626
M00392_P00965,0.0
M00392_P00966,5.343575455134901
M00392_P00975,6.243203289679967
M00392_P00978,6.200107720853429
M00392_P00980,0.0
M00392_P00986,6.1645207939589195
M00393_P01041,5.452348726766531
M00393_P01042,0.0
M00393_P01048,0.0
M00393_P01049,7.973542836119513
M00393_P01051,6.340412653990239
M00393_P01055,5.943026664791195
M00393_P01063,5.8072595201578645
M00393_P01064,6.957234446438209
M00393_P01177,0.0
M00393_P01182,6.189164649169421
M00393_P01184,5.621436091143068
M00393_P01193,0.0
M00393_P01196,6.783745970355825
M00394_P00185,0.0
M00394_P00193,6.503704951456359
M00394_P00197,5.145494504887632
M00394_P00199,0.0
M00394_P00200,5.071641849048609
M00394_P00678,0.0
M00394_P00679,0.0
M00394_P00680,6.150143142569785
M00394_P00681,0.0
M00394_P00683,0.0
M00394_P00694,0.0
M00395_P00266,5.883577859239261
M00395_P00271,5.779041850009988
M00395_P00278,0.0
M00395_P00286,0.0
M00395_P01041,0.0
M00395_P01042,0.0
M00395_P01048,6.530118264829207
M00395_P01049,0.0
M00395_P01051,6.779029711602508
M00395_P01055,5.994899152728254
M00395_P01063,6.818283582239777
M00395_P01064,0.0
M00396_P00136,7.014677027317438
M00396_P00141,6.766357093907408
M00396_P00148,6.59144995208552
M00396_P00156,6.883498666210762
M00396_P00732,6.324654406981237
M00396_P00738,5.859190279082202
M00396_P00742,6.598916398174973
M00396_P00744,5.759875452975621
M00396_P00747,7.833082089508313
M00396_P00753,5.514471602522813
M00397_P00705,0.0
M00397_P00707,6.058200347809226
M00397_P00716,0.0
M00397_P00718,6.346515528785067
M00397_P00724,0.0
M00397_P00728,7.1059487965785895
M00397_P00991,7.619975371434731
M00397_P00993,7.294877944226042
M00397_P00997,5.169000239119357
M00397_P01000,6.732113130530838
M00397_P01010,6.145189832943517
M00398_P00515,6.279244156021116
M00398_P00655,6.413373527539468
M00398_P00662,5.1776757582477195
M00398_P00666,0.0
M00398_P00668,0.0
M00398_P00669,6.660228586287895
M00398_P00673,6.977252193180561
M00398_P00674,0.0
M00399_P00368,4.9503474191447605
M00399_P00372,6.001544752048402
M00399_P00378,0.0
M00399_P00382,5.606424320655184
M00399_P00383,6.561460014932557
M00399_P00574,6.442930826471143
M00399_P00579,0.0
M00399_P00582,0.0
M00399_P00584,0.0
M00399_P00586,4.697686801618968
M00399_P00590,6.673164684368729
M00400_P00108,6.0333156449071845
M00400_P00110,7.068105388583677
M00400_P00114,7.025803748735529
M00400_P00124,6.114481346655665
M00400_P00129,0.0
M00400_P00863,6.2314106342066085
M00400_P00880,5.73072560779927
M00400_P00882,0.0
M00401_P00835,0.0
M00401_P00840,5.635687654645159
M00401_P00844,6.257144781169788
M00401_P00847,0.0
M00401_P00848,5.2925970982774295
M00401_P00856,0.0
M00401_P00863,6.681557261763036
M00401_P00880,6.230694187462481
M00401_P00882,7.590606061534369
M00402_P00574,0.0
M00402_P00579,6.848043312899001
M00402_P00582,0.0
M00402_P00584,0.0
M00402_P00586,5.946361138906978
M00402_P00590,0.0
M00402_P01223,5.129347995496102
M00402_P01234,6.68549254107225
M00402_P01236,0.0
M00402_P01241,7.133475890831317
M00402_P01242,5.337568806945009
M00403_P00157,0.0
M00403_P00159,0.0
M00403_P00164,0.0
M00403_P00169,5.184935253442033
M00403_P00171,6.180313447336808
M00403_P00175,5.387550131204176
M00403_P00391,0.0
M00403_P00399,6.978739123727575
M00403_P00410,6.165411570385439
M00403_P00416,0.0
M00404_P00287,6.785918776827529
M00404_P00290,6.011438447688946
M00404_P00291,6.96683203643113
M00404_P00295,7.501452031356518
M00404_P00297,5.828638285845447
M00404_P00298,0.0
M00404_P00299,0.0
M00404_P00304,0.0
M00404_P00307,6.183302478432917
M00404_P00309,6.236639343479471
M00404_P00310,7.2840653041078625
M00404_P00313,0.0
M00404_P00324,0.0
M00404_P00329,0.0
M00404_P00333,5.628052635467811
M00404_P00334,6.2812413631135415
M00405_P00108,5.893463482574284
M00405_P00110,5.113658618508962
M00405_P00114,0.0
M00405_P00124,0.0
M00405_P00129,6.495861123284579
M00405_P01070,0.0
M00405_P01074,7.107844857334315
M00405_P01082,6.337541584747143
M00406_P00761,6.592861815533148
M00406_P00772,6.445926094330004
M00406_P00965,0.0
M00406_P00966,6.391618853634341
M00406_P00975,0.0
M00406_P00978,6.783143901259326
M00406_P00980,5.840940857658084
M00406_P00986,0.0
M00407_P00940,6.110060803363334
M00407_P00948,5.224694651533306
M00407_P00950,0.0
M00407_P00951,0.0
M00407_P00959,5.996160077403944
M00407_P00962,7.221519962393877
M00407_P01120,6.0636372988479765
M00408_P00529,0.0
M00408_P00535,6.236255047187434
M00408_P00536,5.527244340712565
M00408_P00542,5.764390700865123
M00408_P00543,5.8213845245694795
M00408_P01041,0.0
M00408_P01042,0.0
M00408_P01048,0.0
M00408_P01049,0.0
M00408_P01051,0.0
M00408_P01055,0.0
M00408_P01063,7.249278815938435
M00408_P01064,5.5822721301530995
M00409_P00108,0.0
M00409_P00110,5.586203250795241
M00409_P00114,7.074633987412346
M00409_P00124,6.133444666535672
M00409_P00129,6.7174345641908175
M00409_P00807,7.021002119909467
M00409_P00812,0.0
M00409_P00819,5.695793775075384
M00409_P00826,0.0
M00409_P00827,7.694139277242227
M00410_P00443,6.30616402822746
M00410_P00448,6.53454975134781
M00410_P00452,6.688639895319456
M00410_P00462,0.0
M00410_P00463,0.0
M00410_P00465,5.960966642913164
M00410_P00468,6.730286233850933
M00410_P00991,0.0
M00410_P00993,6.050616692443553
M00410_P00997,5.81499774791095
M00410_P01000,6.490914767662381
M00410_P01010,0.0
M00411_P00108,6.107841763307448
M00411_P00110,5.696317209683501
M00411_P00114,7.599475777363309
M00411_P00124,0.0
M00411_P00129,6.533557103408528
M00411_P00835,0.0
M00411_P00840,6.2628468233536685
M00411_P00844,6.309266181491597
M00411_P00847,5.498016580548728
M00411_P00848,7.2374354096482945
M00411_P00856,0.0
M00412_P00055,0.0
M00412_P00057,5.615257452557104
M00412_P00059,5.59612754062073
M00412_P00064,0.0
M00412_P00066,8.736148028339482
M00412_P00071,0.0
M00412_P00077,4.93614803524276
M00412_P00732,6.18842621868713
M00412_P00738,5.996811309981542
M00412_P00742,6.59135812577116
M00412_P00744,0.0
M00412_P00747,7.066526326863893
M00412_P00753,0.0
M00413_P00108,5.911939626605404
M00413_P00110,5.884196059744738
M00413_P00114,0.0
M00413_P00124,0.0
M00413_P00129,6.310496066663788
M00413_P00478,6.221168075927366
M00413_P00479,7.7684802635255075
M00413_P00486,0.0
M00413_P00491,0.0
M00414_P00991,0.0
M00414_P00993,0.0
M00414_P00997,6.532425583613373
M00414_P01000,6.2467208410778525
M00414_P01010,8.131667666630372
M00414_P01020,6.229845471818701
M00414_P01034,0.0
M00414_P01037,6.088667462207762
M00414_P01038,5.478615973537699
M00415_P00761,5.9779888991927645
M00415_P00772,6.0312219905925435
M00415_P00991,0.0
M00415_P00993,6.436187171745737
M00415_P00997,6.718713831461511
M00415_P01000,0.0
M00415_P01010,0.0
M00416_P00732,5.547457168897742
M00416_P00738,5.2088829144039925
M00416_P00742,0.0
M00416_P00744,0.0
M00416_P00747,7.820469420040012
M00416_P00753,0.0
M00416_P00965,0.0
M00416_P00966,6.144918507741436
M00416_P00975,6.479061997869202
M00416_P00978,5.673776041362729
M00416_P00980,0.0
M00416_P00986,0.0
M00417_P00529,6.685810221511981
M00417_P00535,5.854587895654192
M00417_P00536,0.0
M00417_P00542,5.350498777375669
M00417_P00543,5.772595724427099
M00417_P01020,7.255530110244646
M00417_P01034,5.988041996491672
M00417_P01037,0.0
M00417_P01038,0.0
M00418_P00079,0.0
M00418_P00082,0.0
M00418_P00087,0.0
M00418_P00097,5.783955189536705
M00418_P00102,0.0
M00418_P00761,0.0
M00418_P00772,6.590678909970473
M00419_P00136,6.456058236819551
M00419_P00141,0.0
M00419_P00148,4.701093187432731
M00419_P00156,6.452705473238762
M00419_P01177,0.0
M00419_P01182,6.0920378190585165
M00419_P01184,0.0
M00419_P01193,5.378835930303416
M00419_P01196,5.947014612301124
M00420_P00055,0.0
M00420_P00057,6.504243916860786
M00420_P00059,6.018788833845256
M00420_P00064,6.113215950402008
M00420_P00066,6.595920791339683
M00420_P00071,5.867245057009163
M00420_P00077,7.386144157036306
M00420_P00423,7.099279516616163
M00420_P00424,0.0
M00420_P00425,6.834805567405524
M00420_P00426,5.454722385137486
M00420_P00431,0.0
M00420_P00436,6.839823664366468
M00420_P00440,5.764351978347998
M00421_P00732,5.963118727350521
M00421_P00738,4.664528047741666
M00421_P00742,0.0
M00421_P00744,0.0
M00421_P00747,6.7774311498922115
M00421_P00753,0.0
M00421_P00888,0.0
M00421_P00889,0.0
M00421_P00893,0.0
M00421_P00894,6.627021945729051
M00421_P00895,6.577564415270298
M00421_P00901,7.228396840499937
M00421_P00909,0.0
M00422_P00611,5.558660045994539
M00422_P00618,0.0
M00422_P00619,5.904665453403467
M00422_P00622,5.475190096737508
M00422_P00625,0.0
M00422_P00630,6.1481328550536505
M00422_P00632,5.430843016742386
M00422_P00635,6.190111668821096
M00422_P00644,6.079767579214361
M00422_P00645,6.937291095562564
M00422_P00650,5.683289191560678
M00423_P00549,0.0
M00423_P00552,5.848730231124291
M00423_P00554,0.0
M00423_P00561,7.957734579789424
M00423_P00562,5.931748617228637
M00423_P00568,4.817455642254248
M00423_P00678,4.031902097187582
M00423_P00679,0.0
M00423_P00680,6.251484884440828
M00423_P00681,0.0
M00423_P00683,5.8088781146291835
M00423_P00694,0.0
M00424_P01041,0.0
M00424_P01042,0.0
M00424_P01048,0.0
M00424_P01049,7.170870632273152
M00424_P01051,5.786163856949582
M00424_P01055,0.0
M00424_P01063,5.2534094265032145
M00424_P01064,6.654588521802145
M00424_P01099,0.0
M00424_P01107,6.604344922902519
M00424_P01108,6.757482613833036
M00424_P01109,0.0
M00424_P01114,7.570378763146559
M00424_P01118,0.0
M00425_P00157,0.0
M00425_P00159,0.0
M00425_P00164,6.137266061086606
M00425_P00169,5.460586141122473
M00425_P00171,5.376483149482622
M00425_P00175,6.559978843448368
M00425_P00549,0.0
M00425_P00552,5.379998249393017
M00425_P00554,5.429626933173656
M00425_P00561,6.592969057478886
M00425_P00562,6.6905668842431805
M00425_P00568,0.0
M00426_P00423,6.434441170574548
M00426_P00424,5.397906945970216
M00426_P00425,0.0
M00426_P00426,5.2976587376699396
M00426_P00431,4.990422886400777
M00426_P00436,0.0
M00426_P00440,0.0
M00426_P00478,0.0
M00426_P00479,0.0
M00426_P00486,6.666767284555536
M00426_P00491,0.0
M00427_P00136,6.881097628783616
M00427_P00141,7.989213434312748
M00427_P00148,0.0
M00427_P00156,0.0
M00427_P00549,0.0
M00427_P00552,5.610794807960228
M00427_P00554,0.0
M00427_P00561,0.0
M00427_P00562,5.333676604320906
M00427_P00568,6.04646542292684
M00428_P00515,0.0
M00428_P00574,6.3976890109473015
M00428_P00579,0.0
M00428_P00582,7.2356108263360355
M00428_P00584,5.999961358221222
M00428_P00586,0.0
M00428_P00590,7.307036998751242
M00429_P00209,0.0
M00429_P00210,7.237288989064217
M00429_P00211,0.0
M00429_P00219,0.0
M00429_P00221,6.9074643414648165
M00429_P00222,6.400732056756422
M00429_P00232,6.973432161628679
M00429_P00234,0.0
M00429_P01020,6.207507833158718
M00429_P01034,0.0
M00429_P01037,0.0
M00429_P01038,7.215287080276747
M00430_P00515,6.4427768989077805
M00430_P00940,6.419029566102662
M00430_P00948,6.579088673669382
M00430_P00950,7.268322773144121
M00430_P00951,0.0
M00430_P00959,6.591712092819883
M00430_P00962,6.3362077088012985
M00431_P00209,0.0
M00431_P00210,7.431418489853359
M00431_P00211,0.0
M00431_P00219,6.830633570517499
M00431_P00221,6.194723394859898
M00431_P00222,0.0
M00431_P00232,0.0
M00431_P00234,6.670858624321303
M00431_P01120,0.0
M00432_P01070,5.831213892404072
M00432_P01074,0.0
M00432_P01082,6.465413827162104
M00432_P01120,6.497445542285638
M00433_P00032,0.0
M00433_P00044,6.944749610644857
M00433_P00045,6.208392341490806
M00433_P00050,5.24245355831361
M00433_P00052,7.380735680186447
M00433_P00625,0.0
M00433_P00630,5.5652237820479336
M00433_P00632,6.011146715901372
M00433_P00635,0.0
M00433_P00644,7.013763407884746
M00433_P00645,7.028871924445849
M00433_P00650,6.600872529464338
M00434_P00345,5.916732431497772
M00434_P00347,6.546365159997802
M00434_P00351,5.695211890753391
M00434_P00353,5.524899102400148
M00434_P00359,6.100234599586619
M00434_P00362,6.436086243944575
M00434_P00574,0.0
M00434_P00579,7.114594783405553
M00434_P00582,6.176722604133998
M00434_P00584,0.0
M00434_P00586,5.643814996356668
M00434_P00590,7.046650632120864
M00435_P00313,0.0
M00435_P00324,0.0
M00435_P00329,5.753457285509446
M00435_P00333,0.0
M00435_P00334,0.0
M00435_P00391,6.152276630248906
M00435_P00399,7.305610307157599
M00435_P00410,6.729264077183881
M00435_P00416,6.637160375826688
M00436_P00108,0.0
M00436_P00110,0.0
M00436_P00114,0.0
M00436_P00124,5.546320235531602
M00436_P00129,6.477171945455945
M00436_P00515,6.1461958629246825
M00437_P00835,0.0
M00437_P00840,0.0
M00437_P00844,5.781283549938548
M00437_P00847,5.675649541953301
M00437_P00848,0.0
M00437_P00856,6.735251827324234
M00437_P00922,6.014280874455563
M00437_P00927,0.0
M00437_P00931,6.062721803671586
M00437_P00935,0.0
M00438_P00549,0.0
M00438_P00552,4.733795240288459
M00438_P00554,6.136862671326028
M00438_P00561,0.0
M00438_P00562,0.0
M00438_P00568,0.0
M00438_P01099,6.513667175246563
M00438_P01107,0.0
M00438_P01108,6.5296355862059405
M00438_P01109,5.867004519719755
M00438_P01114,5.553028267421111
M00438_P01118,5.541540580546383
M00439_P00625,0.0
M00439_P00630,0.0
M00439_P00632,5.66980858508051
M00439_P00635,5.4776349209366435
M00439_P00644,7.317037586397609
M00439_P00645,0.0
M00439_P00650,6.164805011892971
M00439_P00991,0.0
M00439_P00993,5.61888714008267
M00439_P00997,6.277939779947101
M00439_P01000,0.0
M00439_P01010,5.493925506054009
M00440_P00287,0.0
M00440_P00290,6.44614646200374
M00440_P00291,5.021729509723775
M00440_P00295,0.0
M00440_P00297,5.337486698467956
M00440_P00298,0.0
M00440_P00299,6.508032005121947
M00440_P00304,5.935566700328245
M00440_P00307,0.0
M00440_P00309,0.0
M00440_P00310,7.13522443964668
M00440_P01177,0.0
M00440_P01182,5.460140484465915
M00440_P01184,5.628967366534733
M00440_P01193,6.409214655658575
M00440_P01196,0.0
M00441_P00732,0.0
M00441_P00738,5.711323604586781
M00441_P00742,6.753407229615451
M00441_P00744,0.0
M00441_P00747,7.446912213557503
M00441_P00753,6.451682647267869
M00441_P01201,0.0
M00441_P01209,4.925263635139892
M00441_P01210,0.0
M00441_P01211,6.8703229013162
M00441_P01214,6.414974376772398
M00442_P00611,6.711018217620549
M00442_P00618,6.699123209838856
M00442_P00619,0.0
M00442_P00622,6.269108441378174
M00442_P01146,8.101646348813809
M00442_P01157,5.374058735430958
M00442_P01166,6.655484855675167
M00442_P01169,6.186085176465541
M00443_P00732,0.0
M00443_P00738,5.44582082687998
M00443_P00742,6.183419476639376
M00443_P00744,5.649364001318168
M00443_P00747,6.77391897732578
M00443_P00753,0.0
M00443_P01041,0.0
M00443_P01042,5.856532444326255
M00443_P01048,6.933935397456087
M00443_P01049,0.0
M00443_P01051,6.814911821495075
M00443_P01055,6.372327392833602
M00443_P01063,6.667608357770782
M00443_P01064,7.295497493807235
M00444_P00368,0.0
M00444_P00372,7.976010133704214
M00444_P00378,0.0
M00444_P00382,6.000009692639239
M00444_P00383,0.0
M00444_P00922,0.0
M00444_P00927,5.988908498480785
M00444_P00931,6.231051324122198
M00444_P00935,0.0
M00445_P00313,5.823080255131683
M00445_P00324,6.751167492169807
M00445_P00329,6.247457157601924
M00445_P00333,6.867269709170136
M00445_P00334,5.546974221714204
M00445_P00782,0.0
M00445_P00786,5.886471612952292
M00445_P00788,6.406359950612238
M00445_P00797,0.0
M00445_P00803,6.224576136866569
M00446_P00478,0.0
M00446_P00479,7.673075866586016
M00446_P00486,7.726989287786885
M00446_P00491,5.3193673390443115
M00446_P00761,0.0
M00446_P00772,5.432029761880688
M00447_P00835,0.0
M00447_P00840,5.169344470847642
M00447_P00844,6.92264518098553
M00447_P00847,5.8355415340030925
M00447_P00848,6.049154177972674
M00447_P00856,7.029655951151235
M00447_P00888,5.510102598581199
M00447_P00889,6.774470915661359
M00447_P00893,5.968534849823504
M00447_P00894,5.9706161696889755
M00447_P00895,6.429910562787822
M00447_P00901,0.0
M00447_P00909,6.4396715076078195
M00448_P00313,0.0
M00448_P00324,0.0
M00448_P00329,7.141920896343395
M00448_P00333,6.881595014951742
M00448_P00334,7.017549035890241
M00448_P01020,5.956155694637464
M00448_P01034,5.954428473361583
M00448_P01037,6.484689898288097
M00448_P01038,5.437284637632889
M00449_P00079,0.0
M00449_P00082,0.0
M00449_P00087,0.0
M00449_P00097,0.0
M00449_P00102,6.051070976353388
M00449_P01099,5.491220364914062
M00449_P01107,0.0
M00449_P01108,6.315906545608225
M00449_P01109,0.0
M00449_P01114,0.0
M00449_P01118,0.0
M00450_P00157,4.9284453464340565
M00450_P00159,0.0
M00450_P00164,0.0
M00450_P00169,6.436705463831514
M00450_P00171,7.205729405232417
M00450_P00175,0.0
M00450_P00922,0.0
M00450_P00927,5.946878883121308
M00450_P00931,0.0
M00450_P00935,6.744756095934412
M00451_P00136,0.0
M00451_P00141,0.0
M00451_P00148,0.0
M00451_P00156,5.87523899215385
M00451_P00478,6.853370457554179
M00451_P00479,6.864896604093565
M00451_P00486,0.0
M00451_P00491,7.576739727702472
M00452_P00443,6.424551632003117
M00452_P00448,5.199846811891426
M00452_P00452,6.299708373800344
M00452_P00462,0.0
M00452_P00463,0.0
M00452_P00465,6.396481745107594
M00452_P00468,5.808756422281102
M00452_P00761,0.0
M00452_P00772,5.586540161508513
M00453_P00136,8.035910102281832
M00453_P00141,0.0
M00453_P00148,6.206692839980501
M00453_P00156,0.0
M00453_P00705,5.252916105934441
M00453_P00707,5.781207731032975
M00453_P00716,7.007599893487702
M00453_P00718,6.280050884525792
M00453_P00724,0.0
M00453_P00728,0.0
M00454_P00032,0.0
M00454_P00044,0.0
M00454_P00045,5.488318387697664
M00454_P00050,6.857622354713765
M00454_P00052,0.0
M00454_P00574,0.0
M00454_P00579,6.474579341793524
M00454_P00582,6.18746520067299
M00454_P00584,6.488831738022968
M00454_P00586,0.0
M00454_P00590,6.735791151971251
M00455_P00655,0.0
M00455_P00662,0.0
M00455_P00666,5.917697233101386
M00455_P00668,6.388132573808009
M00455_P00669,5.348114189004282
M00455_P00673,6.226130729222911
M00455_P00674,5.874225105296281
M00455_P00863,5.378594504935607
M00455_P00880,7.535233367263801
M00455_P00882,6.919954889373214
M00456_P00136,7.457707038445127
M00456_P00141,6.746227718635284
M00456_P00148,5.97883234916222
M00456_P00156,0.0
M00456_P00625,6.495222798323581
M00456_P00630,5.997351375232398
M00456_P00632,0.0
M00456_P00635,5.4363585925778874
M00456_P00644,6.9127630596525
M00456_P00645,0.0
M00456_P00650,6.711692682118233
M00457_P00032,0.0
M00457_P00044,6.881750619585671
M00457_P00045,7.170854803306214
M00457_P00050,6.811076555657237
M00457_P00052,0.0
M00457_P00549,0.0
M00457_P00552,5.507701763848389
M00457_P00554,6.155216836826857
M00457_P00561,7.249620269909405
M00457_P00562,0.0
M00457_P00568,4.945910482992582
M00458_P00209,0.0
M00458_P00210,7.166010809161833
M00458_P00211,0.0
M00458_P00219,0.0
M00458_P00221,7.917706522381094
M00458_P00222,5.719347210291008
M00458_P00232,6.215518243741462
M00458_P00234,7.311552777485337
M00458_P00241,6.4590244890434025
M00458_P00244,6.5619560744504515
M00458_P00245,6.783817759507529
M00458_P00248,7.11612857689895
M00458_P00255,0.0
M00458_P00260,7.4131141454582
M00459_P00782,6.4592525851206535
M00459_P00786,0.0
M00459_P00788,7.627436109540108
M00459_P00797,5.855001319389886
M00459_P00803,7.66890352205646
M00459_P01177,0.0
M00459_P01182,4.965088002778433
M00459_P01184,5.822133487663914
M00459_P01193,5.997564259154
M00459_P01196,0.0
M00460_P00732,0.0
M00460_P00738,0.0
M00460_P00742,0.0
M00460_P00744,0.0
M00460_P00747,7.295252469699458
M00460_P00753,5.49256704691863
M00460_P01041,0.0
M00460_P01042,0.0
M00460_P01048,0.0
M00460_P01049,0.0
M00460_P01051,5.782882441854266
M00460_P01055,5.913546133903673
M00460_P01063,5.816996987817547
M00460_P01064,0.0
M00461_P00032,6.964245606519888
M00461_P00044,7.027952481332379
M00461_P00045,6.413314693178048
M00461_P00050,0.0
M00461_P00052,5.047699376528254
M00461_P00443,0.0
M00461_P00448,0.0
M00461_P00452,5.54160686455814
M00461_P00462,7.310843368004834
M00461_P00463,0.0
M00461_P00465,6.086961907930632
M00461_P00468,6.2960366737475555
M00462_P00922,7.0456110630258815
M00462_P00927,5.655137089130006
M00462_P00931,5.875036881100308
M00462_P00935,7.203797845808978
M00462_P01223,5.6430221621072985
M00462_P01234,6.7109294785890174
M00462_P01236,0.0
M00462_P01241,7.5248055785362675
M00462_P01242,6.428194567646743
M00463_P00185,0.0
M00463_P00193,5.977887720999845
M00463_P00197,0.0
M00463_P00199,0.0
M00463_P00200,5.832979026450847
M00463_P00515,0.0
M00464_P00079,5.926615789083153
M00464_P00082,5.7548201019320295
M00464_P00087,0.0
M00464_P00097,0.0
M00464_P00102,5.8087735862308865
M00464_P00185,0.0
M00464_P00193,0.0
M00464_P00197,6.450451398962563
M00464_P00199,6.436994584807869
M00464_P00200,0.0
M00465_P01020,6.768305752980922
M00465_P01034,0.0
M00465_P01037,0.0
M00465_P01038,5.286595931658519
M00465_P01041,0.0
M00465_P01042,6.867844304504674
M00465_P01048,0.0
M00465_P01049,0.0
M00465_P01051,6.834087843113965
M00465_P01055,6.896567299680624
M00465_P01063,0.0
M00465_P01064,6.3743511649426825
M00466_P00185,0.0
M00466_P00193,6.7301286865773635
M00466_P00197,0.0
M00466_P00199,6.045375505369946
M00466_P00200,6.085389314091302
M00466_P00835,0.0
M00466_P00840,5.814670604738859
M00466_P00844,6.456290050808054
M00466_P00847,6.299876143743017
M00466_P00848,0.0
M00466_P00856,0.0
M00467_P00835,0.0
M00467_P00840,5.90391764836059
M00467_P00844,5.932035136745435
M00467_P00847,6.304164195356823
M00467_P00848,0.0
M00467_P00856,7.445537169583213
M00467_P01041,0.0
M00467_P01042,0.0
M00467_P01048,0.0
M00467_P01049,7.1509373205926705
M00467_P01051,6.5126951968501645
M00467_P01055,5.836049543926549
M00467_P01063,6.090658769138997
M00467_P01064,0.0
M00468_P00241,6.375885429010095
M00468_P00244,0.0
M00468_P00245,0.0
M00468_P00248,6.699567660697477
M00468_P00255,6.954076761919492
M00468_P00260,0.0
M00468_P01177,6.736308752917145
M00468_P01182,0.0
M00468_P01184,0.0
M00468_P01193,0.0
M00468_P01196,7.4274126875145825
M00469_P00011,5.963785716673903
M00469_P00024,5.303664700652561
M00469_P01041,0.0
M00469_P01042,0.0
M00469_P01048,0.0
M00469_P01049,8.09206856712142
M00469_P01051,0.0
M00469_P01055,5.690245574381205
M00469_P01063,4.838120618629982
M00469_P01064,0.0
M00470_P00678,5.578711301507661
M00470_P00679,0.0
M00470_P00680,0.0
M00470_P00681,6.2317745618118465
M00470_P00683,0.0
M00470_P00694,5.682948229857647
M00470_P00940,4.599344048595086
M00470_P00948,5.241284368195549
M00470_P00950,0.0
M00470_P00951,0.0
M00470_P00959,0.0
M00470_P00962,0.0
M00471_P00611,0.0
M00471_P00618,6.283229577782219
M00471_P00619,0.0
M00471_P00622,0.0
M00471_P00863,0.0
M00471_P00880,6.193398081272401
M00471_P00882,7.527557234894801
M00472_P00625,0.0
M00472_P00630,0.0
M00472_P00632,6.169810330847662
M00472_P00635,0.0
M00472_P00644,6.338637847865408
M00472_P00645,7.665223830743745
M00472_P00650,6.247607894562505
M00472_P00807,0.0
M00472_P00812,0.0
M00472_P00819,6.898904951273416
M00472_P00826,0.0
M00472_P00827,7.3009825227296465
M00473_P00423,5.489069255116343
M00473_P00424,5.370699954640793
M00473_P00425,5.998767803064574
M00473_P00426,0.0
M00473_P00431,0.0
M00473_P00436,0.0
M00473_P00440,5.4762397898821265
M00473_P00611,0.0
M00473_P00618,0.0
M00473_P00619,5.835837450517901
M00473_P00622,0.0
M00474_P00108,0.0
M00474_P00110,5.458162626054541
M00474_P00114,6.1852864430989385
M00474_P00124,6.426885139915976
M00474_P00129,6.12390798621777
M00474_P00574,0.0
M00474_P00579,6.251200560249851
M00474_P00582,0.0
M00474_P00584,6.20628718677462
M00474_P00586,0.0
M00474_P00590,0.0
M00475_P01099,0.0
M00475_P01107,0.0
M00475_P01108,7.134778620757124
M00475_P01109,5.258146326422054
M00475_P01114,6.375878196561915
M00475_P01118,0.0
M00475_P01201,6.120094749338041
M00475_P01209,0.0
M00475_P01210,6.332797602823729
M00475_P01211,6.702255516319793
M00475_P01214,0.0
M00476_P00549,0.0
M00476_P00552,0.0
M00476_P00554,0.0
M00476_P00561,7.414437182210195
M00476_P00562,5.67696655363088
M00476_P00568,6.271049160318997
M00476_P00965,0.0
M00476_P00966,5.292406148654674
M00476_P00975,6.131395964311574
M00476_P00978,0.0
M00476_P00980,0.0
M00476_P00986,7.084339732399789
M00477_P00574,0.0
M00477_P00579,6.317517260209666
M00477_P00582,5.359776306284952
M00477_P00584,6.816378437186797
M00477_P00586,0.0
M00477_P00590,7.380869278946138
M00477_P00922,5.611392855333667
M00477_P00927,6.3404671239630295
M00477_P00931,0.0
M00477_P00935,0.0
M00478_P00761,5.1015645643196414
M00478_P00772,6.738764650785169
M00478_P01120,0.0
M00479_P00287,0.0
M00479_P00290,5.889524077382886
M00479_P00291,0.0
M00479_P00295,0.0
M00479_P00297,5.418489528297467
M00479_P00298,0.0
M00479_P00299,0.0
M00479_P00304,5.925182248883045
M00479_P00307,6.351582069659894
M00479_P00309,6.066060907310241
M00479_P00310,5.472984457514968
M00479_P01041,0.0
M00479_P01042,6.161022293789924
M00479_P01048,6.298163592532909
M00479_P01049,0.0
M00479_P01051,0.0
M00479_P01055,5.8306309923645925
M00479_P01063,0.0
M00479_P01064,5.659858189538492
M00480_P00761,5.305821828402724
M00480_P00772,0.0
M00480_P01177,6.726059750400795
M00480_P01182,5.705048424639044
M00480_P01184,6.4579886433474325
M00480_P01193,0.0
M00480_P01196,6.9524502842649
M00481_P00055,0.0
M00481_P00057,0.0
M00481_P00059,0.0
M00481_P00064,4.829669525193431
M00481_P00066,6.58986756784154
M00481_P00071,0.0
M00481_P00077,6.265519111455862
M00481_P00313,6.803421119083637
M00481_P00324,6.6073506269779365
M00481_P00329,6.388413285581326
M00481_P00333,6.515688972847349
M00481_P00334,0.0
M00482_P00055,5.826414233757015
M00482_P00057,6.115525504246845
M00482_P00059,6.229111720803896
M00482_P00064,6.1259845064286464
M00482_P00066,7.761087394313723
M00482_P00071,6.5263604521343535
M00482_P00077,6.945373542980426
M00482_P00549,0.0
M00482_P00552,0.0
M00482_P00554,6.374116955056633
M00482_P00561,8.292187300546736
M00482_P00562,6.853951066488191
M00482_P00568,6.252200435682486
M00483_P00782,0.0
M00483_P00786,5.038768965170614
M00483_P00788,6.366347152661554
M00483_P00797,7.935287531246253
M00483_P00803,0.0
M00483_P00888,0.0
M00483_P00889,0.0
M00483_P00893,5.368707059823386
M00483_P00894,5.479643345269689
M00483_P00895,0.0
M00483_P00901,6.186057981346062
M00483_P00909,6.798995322716316
M00484_P00313,0.0
M00484_P00324,6.61927705459115
M00484_P00329,5.6147549151943865
M00484_P00333,6.0418195913644475
M00484_P00334,0.0
M00484_P01070,6.34285635150737
M00484_P01074,0.0
M00484_P01082,4.15975364762019
M00485_P00079,7.324062888120535
M00485_P00082,0.0
M00485_P00087,0.0
M00485_P00097,7.306178421555293
M00485_P00102,0.0
M00485_P01099,6.709312075200227
M00485_P01107,0.0
M00485_P01108,6.596930018051065
M00485_P01109,0.0
M00485_P01114,0.0
M00485_P01118,0.0
M00486_P00185,0.0
M00486_P00193,5.745526114270295
M00486_P00197,4.608747942016416
M00486_P00199,0.0
M00486_P00200,7.115804105855997
M00486_P00625,0.0
M00486_P00630,6.278322006730519
M00486_P00632,6.385861983736859
M00486_P00635,0.0
M00486_P00644,5.682410173588327
M00486_P00645,7.677112577825123
M00486_P00650,0.0
M00487_P00732,0.0
M00487_P00738,0.0
M00487_P00742,5.47836723612289
M00487_P00744,6.546137305757426
M00487_P00747,0.0
M00487_P00753,6.2778256900167735
M00487_P01223,6.507748265573225
M00487_P01234,0.0
M00487_P01236,0.0
M00487_P01241,5.302290840809609
M00487_P01242,5.679426696527388
M00488_P00287,0.0
M00488_P00290,0.0
M00488_P00291,5.030265082129965
M00488_P00295,6.906487938713199
M00488_P00297,5.925925445626797
M00488_P00298,5.731404617295146
M00488_P00299,0.0
M00488_P00304,0.0
M00488_P00307,6.282519849776563
M00488_P00309,6.887533264075746
M00488_P00310,5.9244111249267135
M00488_P00835,0.0
M00488_P00840,0.0
M00488_P00844,5.452302779192916
M00488_P00847,5.54122894920441
M00488_P00848,5.336880652395496
M00488_P00856,0.0
M00489_P00611,0.0
M00489_P00618,6.257182888003358
M00489_P00619,5.497437479564945
M00489_P00622,6.269938536514377
M00489_P00888,0.0
M00489_P00889,0.0
M00489_P00893,4.917500672450193
M00489_P00894,5.322084933682029
M00489_P00895,0.0
M00489_P00901,7.437920882760038
M00489_P00909,5.522285959018273
M00490_P00705,6.0059131492498405
M00490_P00707,5.784056736122977
M00490_P00716,0.0
M00490_P00718,6.439250239687202
M00490_P00724,6.030283448868606
M00490_P00728,5.6315985389165775
M00490_P01201,6.480220628861079
M00490_P01209,7.336764304510329
M00490_P01210,0.0
M00490_P01211,7.018126355003542
M00490_P01214,6.635426326428963
M00491_P00287,0.0
M00491_P00290,0.0
M00491_P00291,5.8451659073565265
M00491_P00295,0.0
M00491_P00297,0.0
M00491_P00298,6.156184246810186
M00491_P00299,5.213772811557315
M00491_P00304,6.405646099665333
M00491_P00307,0.0
M00491_P00309,0.0
M00491_P00310,0.0
M00491_P00991,0.0
M00491_P00993,6.562960254883192
M00491_P00997,0.0
M00491_P01000,0.0
M00491_P01010,7.250636178225978
M00492_P00157,0.0
M00492_P00159,0.0
M00492_P00164,0.0
M00492_P00169,6.732503520751459
M00492_P00171,0.0
M00492_P00175,0.0
M00492_P00529,6.368877720529346
M00492_P00535,0.0
M00492_P00536,6.37646656115628
M00492_P00542,0.0
M00492_P00543,0.0
M00493_P00478,0.0
M00493_P00479,6.625085376836314
M00493_P00486,7.127427190821596
M00493_P00491,0.0
M00493_P01099,7.25057144102827
M00493_P01107,5.984387505279752
M00493_P01108,7.233628672718168
M00493_P01109,0.0
M00493_P01114,0.0
M00493_P01118,0.0
M00494_P00991,6.818217052199985
M00494_P00993,6.6428465218081385
M00494_P00997,5.8940120991496014
M00494_P01000,7.285054909618888
M00494_P01010,6.527905992815462
M00494_P01201,6.308786487849192
M00494_P01209,5.405299235116413
M00494_P01210,5.703414248241955
M00494_P01211,5.5654762637319735
M00494_P01214,5.169729403709837
M00495_P00732,5.833450004518919
M00495_P00738,0.0
M00495_P00742,6.177442160102654
M00495_P00744,6.123628049366959
M00495_P00747,0.0
M00495_P00753,0.0
M00495_P01146,0.0
M00495_P01157,0.0
M00495_P01166,5.984486630989869
M00495_P01169,0.0
M00496_P00055,6.8461538881897965
M00496_P00057,5.291823812401737
M00496_P00059,5.781239928505753
M00496_P00064,5.987335437913128
M00496_P00066,0.0
M00496_P00071,6.237858714656923
M00496_P00077,0.0
M00496_P01223,0.0
M00496_P01234,0.0
M00496_P01236,5.772791788494905
M00496_P01241,6.636180600062479
M00496_P01242,5.662987511176098
M00497_P00443,0.0
M00497_P00448,0.0
M00497_P00452,0.0
M00497_P00462,5.909601864737528
M00497_P00463,6.847862485030887
M00497_P00465,0.0
M00497_P00468,4.99466826020986
M00497_P01070,0.0
M00497_P01074,6.151020329461326
M00497_P01082,0.0
M00498_P00108,6.009388732988054
M00498_P00110,7.299595532044998
M00498_P00114,8.25454893578354
M00498_P00124,5.689846914595401
M00498_P00129,6.442349115469163
M00498_P01120,0.0
M00499_P00611,0.0
M00499_P00618,5.583231402076883
M00499_P00619,5.543756777530877
M00499_P00622,5.526744530332167
M00499_P00863,6.539460671385447
M00499_P00880,0.0
M00499_P00882,7.498913776611459
M00500_P00032,5.562880091756025
M00500_P00044,5.911842061139115
M00500_P00045,6.9470810573957404
M00500_P00050,6.5903970699144825
M00500_P00052,6.030854275768893
M00500_P00266,6.303744855989601
M00500_P00271,6.175626734278914
M00500_P00278,0.0
M00500_P00286,0.0
M00501_P00055,6.453014430981883
M00501_P00057,0.0
M00501_P00059,0.0
M00501_P00064,5.576602582878836
M00501_P00066,0.0
M00501_P00071,6.387272281101383
M00501_P00077,0.0
M00501_P00241,5.874899562345824
M00501_P00244,6.075132027655503
M00501_P00245,5.454291472934747
M00501_P00248,0.0
M00501_P00255,6.65102032507184
M00501_P00260,0.0
M00502_P00611,6.37934533627851
M00502_P00618,7.012349338184393
M00502_P00619,0.0
M00502_P00622,0.0
M00502_P01070,0.0
M00502_P01074,5.950959460343715
M00502_P01082,0.0
M00503_P00055,6.2502950464609075
M00503_P00057,5.094907797272722
M00503_P00059,6.723095830541534
M00503_P00064,0.0
M00503_P00066,0.0
M00503_P00071,5.814067236520007
M00503_P00077,6.0433379202966035
M00503_P00940,0.0
M00503_P00948,0.0
M00503_P00950,6.666633460342773
M00503_P00951,6.031705886215399
M00503_P00959,0.0
M00503_P00962,0.0
M00504_P00732,5.951905843003661
M00504_P00738,5.825725411050314
M00504_P00742,7.031405742709085
M00504_P00744,5.211959684632825
M00504_P00747,8.141693341056495
M00504_P00753,0.0
M00504_P01120,0.0
M00505_P00108,0.0
M00505_P00110,0.0
M00505_P00114,7.424003108135702
M00505_P00124,6.212194425769764
M00505_P00129,6.9225038905620675
M00505_P00732,0.0
M00505_P00738,5.5361140165832765
M00505_P00742,6.5601886819614545
M00505_P00744,6.161374405789692
M00505_P00747,7.118092855681052
M00505_P00753,0.0
M00506_P00611,5.518253732050702
M00506_P00618,5.658280275074064
M00506_P00619,6.448758203398016
M00506_P00622,5.685797010086773
M00506_P00863,6.3409486519439335
M00506_P00880,5.933842841713237
M00506_P00882,0.0
M00507_P00443,6.99101830476057
M00507_P00448,6.468546468025654
M00507_P00452,5.100032942348546
M00507_P00462,7.119447845023698
M00507_P00463,0.0
M00507_P00465,0.0
M00507_P00468,6.007645646852752
M00507_P01070,5.772712770815324
M00507_P01074,6.026284921206939
M00507_P01082,6.789246490821349
M00508_P00032,0.0
M00508_P00044,0.0
M00508_P00045,0.0
M00508_P00050,6.589865453369256
M00508_P00052,6.3366022197331215
M00508_P00313,0.0
M00508_P00324,5.715671233031142
M00508_P00329,6.824136385711304
M00508_P00333,0.0
M00508_P00334,6.581141528119636
M00509_P00185,0.0
M00509_P00193,5.773847010037425
M00509_P00197,5.566028467641507
M00509_P00199,6.131264196128343
M00509_P00200,5.650844507033254
M00509_P00922,6.257366254377634
M00509_P00927,0.0
M00509_P00931,0.0
M00509_P00935,5.855005678073643
M00510_P00732,6.306546860046139
M00510_P00738,0.0
M00510_P00742,6.6726204520984815
M00510_P00744,7.032054138081737
M00510_P00747,0.0
M00510_P00753,6.777896618618078
M00510_P01177,6.75556852500319
M00510_P01182,6.519429888579979
M00510_P01184,6.364524218792873
M00510_P01193,5.427897230225684
M00510_P01196,0.0
M00511_P00807,0.0
M00511_P00812,7.664258955171639
M00511_P00819,5.547838281696913
M00511_P00826,5.92146427445897
M00511_P00827,6.669388475494088
M00511_P01146,6.720861951585652
M00511_P01157,6.487949296651774
M00511_P01166,0.0
M00511_P01169,5.969398041259792
M00512_P00108,5.677051302634965
M00512_P00110,6.206758155283842
M00512_P00114,0.0
M00512_P00124,0.0
M00512_P00129,5.483418979916152
M00512_P00209,6.359067440007282
M00512_P00210,0.0
M00512_P00211,0.0
M00512_P00219,6.040233498093352
M00512_P00221,0.0
M00512_P00222,5.950267525246453
M00512_P00232,6.054804495877155
M00512_P00234,7.062514523655623
M00513_P00732,5.623049143930933
M00513_P00738,6.099325880580032
M00513_P00742,0.0
M00513_P00744,5.690797130761557
M00513_P00747,6.712071620353454
M00513_P00753,6.482540076925428
M00513_P01177,7.113811592985982
M00513_P01182,6.834140299090751
M00513_P01184,0.0
M00513_P01193,0.0
M00513_P01196,6.5646984736381375
M00514_P00574,0.0
M00514_P00579,7.360102780864258
M00514_P00582,0.0
M00514_P00584,6.140629140764815
M00514_P00586,6.222290640415371
M00514_P00590,0.0
M00514_P01099,7.622831765257608
M00514_P01107,0.0
M00514_P01108,0.0
M00514_P01109,7.157648214103321
M00514_P01114,6.948222389701584
M00514_P01118,0.0
M00515_P00888,6.392865531257761
M00515_P00889,5.518745514403796
M00515_P00893,0.0
M00515_P00894,5.612831057717528
M00515_P00895,6.345375686419818
M00515_P00901,7.742550376419984
M00515_P00909,0.0
M00515_P00922,0.0
M00515_P00927,0.0
M00515_P00931,0.0
M00515_P00935,0.0
M00516_P00266,0.0
M00516_P00271,0.0
M00516_P00278,6.461030827241426
M00516_P00286,6.834133047205758
M00516_P01201,0.0
M00516_P01209,7.006408990176527
M00516_P01210,0.0
M00516_P01211,6.637840150979855
M00516_P01214,5.9224735167813805
M00517_P00611,7.473531207961987
M00517_P00618,5.665610532173868
M00517_P00619,4.168300827797861
M00517_P00622,0.0
M00517_P00863,6.182031471796254
M00517_P00880,0.0
M00517_P00882,6.314908080532515
M00518_P00209,0.0
M00518_P00210,7.503838280532925
M00518_P00211,0.0
M00518_P00219,5.5790867371817
M00518_P00221,0.0
M00518_P00222,5.117404374829236
M00518_P00232,0.0
M00518_P00234,7.261594504979738
M00518_P00313,0.0
M00518_P00324,0.0
M00518_P00329,6.228453221477314
M00518_P00333,0.0
M00518_P00334,5.7536592035712655
M00519_P00032,6.591907512001897
M00519_P00044,0.0
M00519_P00045,6.82551927808517
M00519_P00050,0.0
M00519_P00052,7.172209664709483
M00519_P00625,0.0
M00519_P00630,5.944769715252299
M00519_P00632,0.0
M00519_P00635,6.749372691953384
M00519_P00644,0.0
M00519_P00645,0.0
M00519_P00650,0.0
M00520_P00761,0.0
M00520_P00772,5.664038602554015
M00520_P00940,5.461658276239585
M00520_P00948,6.258385582088152
M00520_P00950,5.56125479332262
M00520_P00951,5.674221926703512
M00520_P00959,6.380800599614087
M00520_P00962,7.134821928701812
M00521_P00108,5.582931723971046
M00521_P00110,5.327610771144438
M00521_P00114,7.133457312269332
M00521_P00124,6.617827095257628
M00521_P00129,0.0
M00521_P00529,6.466078946858952
M00521_P00535,5.696876824558759
M00521_P00536,6.941629238597012
M00521_P00542,6.350716383779403
M00521_P00543,0.0
M00522_P00678,0.0
M00522_P00679,6.106391394855878
M00522_P00680,6.7212114123601525
M00522_P00681,0.0
M00522_P00683,6.2969389300278396
M00522_P00694,5.859599337302194
M00522_P00863,0.0
M00522_P00880,6.7333341630736365
M00522_P00882,7.353076092790259
M00523_P00108,5.544453893293246
M00523_P00110,0.0
M00523_P00114,6.859341924106025
M00523_P00124,5.261579853609229
M00523_P00129,5.544112880052058
M00523_P00940,0.0
M00523_P00948,5.879091603582252
M00523_P00950,0.0
M00523_P00951,0.0
M00523_P00959,6.415236806943815
M00523_P00962,0.0
M00524_P00108,5.389667511871526
M00524_P00110,6.095782283701237
M00524_P00114,0.0
M00524_P00124,5.938951433593728
M00524_P00129,0.0
M00524_P01070,5.526014832233094
M00524_P01074,5.3366790631559615
M00524_P01082,0.0
M00525_P00863,0.0
M00525_P00880,6.379208345435687
M00525_P00882,7.188642016652839
M00525_P01120,0.0
M00526_P00922,6.876515304560172
M00526_P00927,5.812623828580067
M00526_P00931,0.0
M00526_P00935,0.0
M00526_P01070,6.141105630585679
M00526_P01074,6.696370054264754
M00526_P01082,6.374013602417647
M00527_P00209,5.902815513896734
M00527_P00210,0.0
M00527_P00211,0.0
M00527_P00219,5.684550042407708
M00527_P00221,5.3138124141036895
M00527_P00222,0.0
M00527_P00232,6.066873327827458
M00527_P00234,0.0
M00527_P00732,5.678122775808193
M00527_P00738,6.163315933836542
M00527_P00742,0.0
M00527_P00744,0.0
M00527_P00747,0.0
M00527_P00753,0.0
M00528_P00185,0.0
M00528_P00193,6.589377667054617
M00528_P00197,0.0
M00528_P00199,0.0
M00528_P00200,0.0
M00528_P00888,4.4095867688887385
M00528_P00889,0.0
M00528_P00893,0.0
M00528_P00894,6.580035106567559
M00528_P00895,4.958041041253802
M00528_P00901,7.686233162314342
M00528_P00909,5.788486527406254
M00529_P00266,6.814252735079616
M00529_P00271,7.223089947236966
M00529_P00278,6.561514064379593
M00529_P00286,5.957099669955303
M00529_P00287,0.0
M00529_P00290,5.058325588743257
M00529_P00291,5.626700974978235
M00529_P00295,0.0
M00529_P00297,0.0
M00529_P00298,0.0
M00529_P00299,5.281688922690885
M00529_P00304,7.583979324466259
M00529_P00307,5.426381080161498
M00529_P00309,0.0
M00529_P00310,6.507202894491114
M00530_P00574,0.0
M00530_P00579,6.760736136712513
M00530_P00582,6.403265449984783
M00530_P00584,0.0
M00530_P00586,6.259281025282749
M00530_P00590,6.575138018285484
M00530_P00888,0.0
M00530_P00889,6.118074769235415
M00530_P00893,5.56856477429486
M00530_P00894,0.0
M00530_P00895,5.417856403561974
M00530_P00901,7.156481563325823
M00530_P00909,0.0
M00531_P00313,7.621832568265735
M00531_P00324,6.817722807456503
M00531_P00329,0.0
M00531_P00333,6.7329592307367605
M00531_P00334,6.391724959331604
M00531_P00423,7.380727752843081
M00531_P00424,5.482093620245272
M00531_P00425,6.179797666485833
M00531_P00426,0.0
M00531_P00431,6.490017178590907
M00531_P00436,6.097257818952127
M00531_P00440,5.88617914869546
M00532_P00209,0.0
M00532_P00210,7.830066080302873
M00532_P00211,0.0
M00532_P00219,5.64242453655616
M00532_P00221,0.0
M00532_P00222,0.0
M00532_P00232,0.0
M00532_P00234,7.068114980742944
M00532_P01070,0.0
M00532_P01074,6.855756686173114
M00532_P01082,0.0
M00533_P00835,0.0
M00533_P00840,5.822309490109298
M00533_P00844,5.18256712371835
M00533_P00847,5.20187546291199
M00533_P00848,5.443340905469832
M00533_P00856,6.406088583437274
M00533_P01099,5.824713032217774
M00533_P01107,0.0
M00533_P01108,6.117905237372815
M00533_P01109,6.27019097258656
M00533_P01114,7.418694882299554
M00533_P01118,0.0
M00534_P00266,6.51271151978445
M00534_P00271,0.0
M00534_P00278,6.060622681966196
M00534_P00286,5.957635481882768
M00534_P01120,0.0
M00535_P00055,0.0
M00535_P00057,6.4244984049887535
M00535_P00059,6.301495418788605
M00535_P00064,0.0
M00535_P00066,0.0
M00535_P00071,0.0
M00535_P00077,0.0
M00535_P00940,0.0
M00535_P00948,5.515131525096385
M00535_P00950,0.0
M00535_P00951,6.886432758322335
M00535_P00959,6.939418981808207
M00535_P00962,6.872488475134817
M00536_P00055,0.0
M00536_P00057,5.417969871072506
M00536_P00059,0.0
M00536_P00064,0.0
M00536_P00066,7.626553058334089
M00536_P00071,6.991876724991826
M00536_P00077,0.0
M00536_P01099,0.0
M00536_P01107,0.0
M00536_P01108,0.0
M00536_P01109,6.4667427240512225
M00536_P01114,7.025996471826197
M00536_P01118,6.538779894454441
M00537_P00345,0.0
M00537_P00347,6.772550416583238
M00537_P00351,6.532206409205058
M00537_P00353,0.0
M00537_P00359,0.0
M00537_P00362,6.105943780448317
M00537_P01070,5.923486645993236
M00537_P01074,6.803800180619433
M00537_P01082,5.9085120848762696
M00538_P01020,5.867495736436233
M00538_P01034,0.0
M00538_P01037,5.423076234419249
M00538_P01038,6.392165834991378
M00538_P01070,6.311878888741422
M00538_P01074,0.0
M00538_P01082,6.874609770275565
M00539_P00888,5.497094431693762
M00539_P00889,0.0
M00539_P00893,6.138438242830446
M00539_P00894,0.0
M00539_P00895,0.0
M00539_P00901,7.641371813592398
M00539_P00909,0.0
M00539_P01041,5.856274925861045
M00539_P01042,0.0
M00539_P01048,0.0
M00539_P01049,0.0
M00539_P01051,6.4629220371154705
M00539_P01055,6.069480836806452
M00539_P01063,6.8883225784785544
M00539_P01064,5.342258710056468
M00540_P00391,0.0
M00540_P00399,6.416057303224738
M00540_P00410,6.6249257675656406
M00540_P00416,6.63283854368872
M00540_P00782,6.003100424748884
M00540_P00786,5.820546327793244
M00540_P00788,0.0
M00540_P00797,0.0
M00540_P00803,5.588825384622496
M00541_P00515,0.0
M00541_P00782,5.81686188352433
M00541_P00786,5.73094434600493
M00541_P00788,0.0
M00541_P00797,0.0
M00541_P00803,6.890769361134573
M00542_P00266,5.369499303759282
M00542_P00271,6.216907945587446
M00542_P00278,6.564531480225956
M00542_P00286,0.0
M00542_P00761,5.947853993278938
M00542_P00772,0.0
M00543_P00345,0.0
M00543_P00347,6.568116228872006
M00543_P00351,6.828866911798039
M00543_P00353,5.864153817511224
M00543_P00359,0.0
M00543_P00362,4.450382518458889
M00543_P00761,7.309336263209387
M00543_P00772,6.002200333006566
M00544_P00529,6.723254556646182
M00544_P00535,0.0
M00544_P00536,0.0
M00544_P00542,0.0
M00544_P00543,0.0
M00544_P01201,4.785271707514514
M00544_P01209,5.371003292751686
M00544_P01210,6.244735643049343
M00544_P01211,7.560674570957762
M00544_P01214,5.632274372063919
M00545_P00209,0.0
M00545_P00210,6.562082553068826
M00545_P00211,0.0
M00545_P00219,0.0
M00545_P00221,6.582926727126304
M00545_P00222,6.981684301250631
M00545_P00232,5.66711214408241
M00545_P00234,7.9961611710075315
M00545_P00655,0.0
M00545_P00662,5.897217942449163
M00545_P00666,6.701785969025062
M00545_P00668,5.250327707775816
M00545_P00669,6.821072973894697
M00545_P00673,6.717481063853772
M00545_P00674,5.359629676351633
M00546_P00835,5.240529412710483
M00546_P00840,4.736746701418519
M00546_P00844,0.0
M00546_P00847,4.533398950281935
M00546_P00848,5.205719002904945
M00546_P00856,0.0
M00546_P00940,5.763943100209696
M00546_P00948,0.0
M00546_P00950,5.848530277234751
M00546_P00951,6.283034950702615
M00546_P00959,0.0
M00546_P00962,6.2176494792472035
M00547_P00391,0.0
M00547_P00399,5.6385280185801125
M00547_P00410,0.0
M00547_P00416,6.235571986684204
M00547_P00782,6.275393914311217
M00547_P00786,5.397767279868194
M00547_P00788,0.0
M00547_P00797,0.0
M00547_P00803,0.0
M00548_P00391,0.0
M00548_P00399,0.0
M00548_P00410,0.0
M00548_P00416,0.0
M00548_P00732,0.0
M00548_P00738,0.0
M00548_P00742,0.0
M00548_P00744,6.476615183851564
M00548_P00747,6.595064394771692
M00548_P00753,4.80877140322565
M00549_P00079,6.960001302507621
M00549_P00082,6.268384273889453
M00549_P00087,5.495543308570115
M00549_P00097,0.0
M00549_P00102,0.0
M00549_P00515,5.674517019992093
M00550_P00266,6.184582379856852
M00550_P00271,0.0
M00550_P00278,6.503542879469596
M00550_P00286,5.123177117585874
M00550_P00391,0.0
M00550_P00399,6.687604465878655
M00550_P00410,7.193171862483383
M00550_P00416,6.7988959740523
M00551_P00266,0.0
M00551_P00271,7.154534179830566
M00551_P00278,7.2452903264039135
M00551_P00286,0.0
M00551_P00313,0.0
M00551_P00324,5.488393608087205
M00551_P00329,0.0
M00551_P00333,6.854034320041799
M00551_P00334,6.49720638927411
M00552_P00515,0.0
M00552_P00807,0.0
M00552_P00812,0.0
M00552_P00819,0.0
M00552_P00826,6.1484241914511975
M00552_P00827,6.941973818773851
M00553_P00136,0.0
M00553_P00141,7.252286879887421
M00553_P00148,6.571580784056909
M00553_P00156,0.0
M00553_P00678,5.974692491345049
M00553_P00679,0.0
M00553_P00680,6.252026915442588
M00553_P00681,0.0
M00553_P00683,6.2068908592350045
M00553_P00694,8.028328288500187
M00554_P00345,5.610804941955179
M00554_P00347,0.0
M00554_P00351,7.348007297657718
M00554_P00353,6.268587483308332
M00554_P00359,0.0
M00554_P00362,0.0
M00554_P00391,0.0
M00554_P00399,0.0
M00554_P00410,0.0
M00554_P00416,6.522784677743486
M00555_P00079,0.0
M00555_P00082,0.0
M00555_P00087,0.0
M00555_P00097,0.0
M00555_P00102,6.0300641985734345
M00555_P00108,5.572782392913158
M00555_P00110,6.224352039859273
M00555_P00114,0.0
M00555_P00124,0.0
M00555_P00129,0.0
M00556_P00991,0.0
M00556_P00993,0.0
M00556_P00997,0.0
M00556_P01000,0.0
M00556_P01010,7.1948872358571165
M00556_P01099,5.969788630929514
M00556_P01107,6.322833567407217
M00556_P01108,0.0
M00556_P01109,0.0
M00556_P01114,0.0
M00556_P01118,6.876744251713559
M00557_P00478,0.0
M00557_P00479,6.352457573945845
M00557_P00486,5.832282047656445
M00557_P00491,4.744440047461181
M00557_P00922,5.7417079276674405
M00557_P00927,4.985469983100575
M00557_P00931,6.009095441507916
M00557_P00935,7.402801947630102
M00558_P00209,0.0
M00558_P00210,6.541586529117632
M00558_P00211,0.0
M00558_P00219,0.0
M00558_P00221,0.0
M00558_P00222,5.402604245113249
M00558_P00232,6.622527113924853
M00558_P00234,7.734098381213267
M00558_P00705,0.0
M00558_P00707,6.445384317349475
M00558_P00716,0.0
M00558_P00718,6.1673410796302806
M00558_P00724,0.0
M00558_P00728,5.521789180561868
M00559_P00611,5.214781239412338
M00559_P00618,6.5483986828595455
M00559_P00619,0.0
M00559_P00622,0.0
M00559_P00655,6.906225670107382
M00559_P00662,5.805722333653259
M00559_P00666,6.182601469709555
M00559_P00668,5.936361241992979
M00559_P00669,5.901192093300999
M00559_P00673,0.0
M00559_P00674,0.0
M00560_P00079,0.0
M00560_P00082,7.242764689494479
M00560_P00087,0.0
M00560_P00097,6.3752372951632115
M00560_P00102,0.0
M00560_P00965,6.401593156350158
M00560_P00966,5.616202189893537
M00560_P00975,6.998008132846612
M00560_P00978,0.0
M00560_P00980,0.0
M00560_P00986,0.0
M00561_P00611,5.459297290480059
M00561_P00618,5.342614996692604
M00561_P00619,5.8448717068277585
M00561_P00622,6.800480459490981
M00561_P00940,6.113284487890514
M00561_P00948,7.186126106034897
M00561_P00950,0.0
M00561_P00951,5.503420373110082
M00561_P00959,0.0
M00561_P00962,0.0
M00562_P00625,0.0
M00562_P00630,0.0
M00562_P00632,7.051884292997553
M00562_P00635,0.0
M00562_P00644,5.16640451667295
M00562_P00645,8.37313543754153
M00562_P00650,6.145017321548515
M00562_P00863,0.0
M00562_P00880,0.0
M00562_P00882,6.594661695006257
M00563_P01020,6.820087150940932
M00563_P01034,0.0
M00563_P01037,5.184344318414722
M00563_P01038,5.330063419179003
M00563_P01146,7.6867690635547
M00563_P01157,5.548364071905314
M00563_P01166,6.078870707497419
M00563_P01169,4.756398828614195
M00564_P00157,0.0
M00564_P00159,6.052065376291984
M00564_P00164,0.0
M00564_P00169,7.056024502368309
M00564_P00171,5.547487444633024
M00564_P00175,7.313106413132843
M00564_P00209,6.1801530432693195
M00564_P00210,0.0
M00564_P00211,0.0
M00564_P00219,0.0
M00564_P00221,6.326186313420251
M00564_P00222,6.949576946874582
M00564_P00232,5.740335677753444
M00564_P00234,0.0
M00565_P00549,6.782200141495333
M00565_P00552,0.0
M00565_P00554,6.551336422113955
M00565_P00561,0.0
M00565_P00562,5.597057009784733
M00565_P00568,0.0
M00565_P00940,5.7316114252716375
M00565_P00948,0.0
M00565_P00950,6.0776230947665955
M00565_P00951,0.0
M00565_P00959,5.732006816506491
M00565_P00962,7.390278248120749
M00566_P00313,0.0
M00566_P00324,6.116009065730639
M00566_P00329,6.713698668895175
M00566_P00333,6.122545114281255
M00566_P00334,0.0
M00566_P01020,6.964632864863983
M00566_P01034,0.0
M00566_P01037,6.330476003843124
M00566_P01038,0.0
M00567_P00055,0.0
M00567_P00057,5.883054161933422
M00567_P00059,6.808454762279794
M00567_P00064,6.597430189457589
M00567_P00066,0.0
M00567_P00071,6.856092446759298
M00567_P00077,6.669188297651105
M00567_P00835,0.0
M00567_P00840,7.134628614548806
M00567_P00844,4.947770081788125
M00567_P00847,6.079493035107607
M00567_P00848,0.0
M00567_P00856,0.0
M00568_P00209,5.792572446966741
M00568_P00210,0.0
M00568_P00211,0.0
M00568_P00219,5.037234336182418
M00568_P00221,6.805553032415913
M00568_P00222,0.0
M00568_P00232,5.422501220973651
M00568_P00234,0.0
M00568_P01201,0.0
M00568_P01209,5.553730713589667
M00568_P01210,0.0
M00568_P01211,0.0
M00568_P01214,5.76541051981443
M00569_P00761,0.0
M00569_P00772,4.718874134713429
M00569_P00863,0.0
M00569_P00880,0.0
M00569_P00882,0.0
M00570_P00529,5.4058611889343755
M00570_P00535,5.675669222846615
M00570_P00536,0.0
M00570_P00542,4.848371194251181
M00570_P00543,5.67108253666323
M00570_P01041,0.0
M00570_P01042,0.0
M00570_P01048,5.3790860522538075
M00570_P01049,7.486504508969749
M00570_P01051,6.246046949476066
M00570_P01055,0.0
M00570_P01063,6.812129307716949
M00570_P01064,0.0
M00571_P00655,5.922502034889682
M00571_P00662,0.0
M00571_P00666,0.0
M00571_P00668,6.555319436594864
M00571_P00669,6.176618894297943
M00571_P00673,6.424445587504382
M00571_P00674,0.0
M00571_P01041,5.776459843473494
M00571_P01042,0.0
M00571_P01048,0.0
M00571_P01049,7.226880411285968
M00571_P01051,0.0
M00571_P01055,6.318610081969561
M00571_P01063,6.127242847799264
M00571_P01064,5.7580585445626635
M00572_P00549,0.0
M00572_P00552,4.6472502537307925
M00572_P00554,0.0
M00572_P00561,0.0
M00572_P00562,0.0
M00572_P00568,0.0
M00572_P00965,6.472088324758568
M00572_P00966,5.298487818449875
M00572_P00975,6.48783078939333
M00572_P00978,6.810942428520983
M00572_P00980,7.631202845319718
M00572_P00986,6.197931285346409
M00573_P00940,5.998370929891164
M00573_P00948,6.505674828092515
M00573_P00950,5.576940566527478
M00573_P00951,7.234243505085803
M00573_P00959,5.878453456676125
M00573_P00962,7.5231334901735645
M00573_P01177,5.796884355121931
M00573_P01182,5.645951197171592
M00573_P01184,6.375578914448626
M00573_P01193,0.0
M00573_P01196,0.0
M00574_P00032,0.0
M00574_P00044,6.785206888685489
M00574_P00045,0.0
M00574_P00050,6.499428896721886
M00574_P00052,6.649655116022918
M00574_P00625,0.0
M00574_P00630,5.625529144722203
M00574_P00632,6.7987825556749515
M00574_P00635,0.0
M00574_P00644,5.6281430999904885
M00574_P00645,0.0
M00574_P00650,0.0
M00575_P00678,5.562205370302639
M00575_P00679,0.0
M00575_P00680,0.0
M00575_P00681,5.94146166177614
M00575_P00683,6.457981156421273
M00575_P00694,7.111280969698829
M00575_P00991,6.548888442078717
M00575_P00993,5.89004291626952
M00575_P00997,4.709756913313003
M00575_P01000,0.0
M00575_P01010,6.664200840854769
M00576_P00782,0.0
M00576_P00786,0.0
M00576_P00788,7.276583159695734
M00576_P00797,7.091393897879927
M00576_P00803,6.099870458421958
M00576_P00991,0.0
M00576_P00993,4.414733508692475
M00576_P00997,5.510040368843306
M00576_P01000,0.0
M00576_P01010,0.0
M00577_P00079,7.520871999869563
M00577_P00082,0.0
M00577_P00087,6.326768285152114
M00577_P00097,6.493193053383223
M00577_P00102,5.528590902106663
M00577_P01201,0.0
M00577_P01209,6.1312768966700535
M00577_P01210,6.156957088333942
M00577_P01211,7.627980713245907
M00577_P01214,6.4770284669650495
M00578_P00266,0.0
M00578_P00271,0.0
M00578_P00278,8.143596546487585
M00578_P00286,7.05715798121367
M00578_P00888,6.070466874565957
M00578_P00889,0.0
M00578_P00893,6.57139062703443
M00578_P00894,0.0
M00578_P00895,6.717103625082975
M00578_P00901,6.364495258234986
M00578_P00909,0.0
M00579_P00241,5.355886100867735
M00579_P00244,5.343743097813851
M00579_P00245,6.258865104934287
M00579_P00248,5.289626659280808
M00579_P00255,6.97721890513844
M00579_P00260,7.719766150640432
M00579_P01146,6.7445416150618875
M00579_P01157,6.117105764215655
M00579_P01166,5.912373425680097
M00579_P01169,0.0
M00580_P00940,6.213539984675851
M00580_P00948,0.0
M00580_P00950,5.569093047692957
M00580_P00951,6.837470936940212
M00580_P00959,0.0
M00580_P00962,0.0
M00580_P01177,0.0
M00580_P01182,6.816268597410211
M00580_P01184,0.0
M00580_P01193,6.050979977873784
M00580_P01196,6.116093361256658
M00581_P00032,6.878587184076634
M00581_P00044,6.222584701590529
M00581_P00045,5.698326325516577
M00581_P00050,5.9714318127216055
M00581_P00052,6.575306671660241
M00581_P00761,0.0
M00581_P00772,5.637033879395333
M00582_P00241,0.0
M00582_P00244,6.390893597812174
M00582_P00245,6.319199658924154
M00582_P00248,6.1011181293520975
M00582_P00255,0.0
M00582_P00260,7.218642025173974
M00582_P00705,0.0
M00582_P00707,6.150929950301658
M00582_P00716,7.084402368519209
M00582_P00718,0.0
M00582_P00724,5.734413400256559
M00582_P00728,0.0
M00583_P00678,6.346357278612657
M00583_P00679,0.0
M00583_P00680,0.0
M00583_P00681,6.157393004538194
M00583_P00683,5.899360468871572
M00583_P00694,6.383030316350834
M00583_P00863,0.0
M00583_P00880,0.0
M00583_P00882,7.429565793869701
M00584_P01201,5.37179948127511
M00584_P01209,5.299242950462851
M00584_P01210,0.0
M00584_P01211,6.91824526188328
M00584_P01214,6.443507232326816
M00584_P01223,0.0
M00584_P01234,6.4811519249714165
M00584_P01236,0.0
M00584_P01241,5.764533267835418
M00584_P01242,5.2205517500258765
M00585_P00345,0.0
M00585_P00347,7.15117657114275
M00585_P00351,5.743451498273997
M00585_P00353,4.88422251300729
M00585_P00359,0.0
M00585_P00362,5.825543948405014
M00585_P00863,6.118160027954181
M00585_P00880,6.675864680266967
M00585_P00882,6.875599081010037
M00586_P00782,0.0
M00586_P00786,5.554967677832307
M00586_P00788,0.0
M00586_P00797,0.0
M00586_P00803,0.0
M00586_P01099,6.990706746082249
M00586_P01107,4.738222448244811
M00586_P01108,7.295895098806085
M00586_P01109,6.995119544058142
M00586_P01114,6.80396406709769
M00586_P01118,6.9792272873654815
M00587_P00287,6.013187050230322
M00587_P00290,0.0
M00587_P00291,6.717845246156179
M00587_P00295,0.0
M00587_P00297,0.0
M00587_P00298,0.0
M00587_P00299,0.0
M00587_P00304,5.719897556461483
M00587_P00307,6.320885332230852
M00587_P00309,6.429822619566531
M00587_P00310,6.549683500446557
M00587_P00529,0.0
M00587_P00535,5.968368428754854
M00587_P00536,6.7561833546343815
M00587_P00542,5.8030943061131355
M00587_P00543,0.0
M00588_P00574,0.0
M00588_P00579,6.7695661481751905
M00588_P00582,0.0
M00588_P00584,0.0
M00588_P00586,0.0
M00588_P00590,6.530745739399434
M00588_P00888,0.0
M00588_P00889,6.083337499093006
M00588_P00893,6.156328636765801
M00588_P00894,0.0
M00588_P00895,0.0
M00588_P00901,7.254110262553406
M00588_P00909,0.0
M00589_P00782,0.0
M00589_P00786,5.748071002847111
M00589_P00788,6.477420422087367
M00589_P00797,6.735473121572837
M00589_P00803,4.623922184756338
M00589_P01020,6.871590627569281
M00589_P01034,5.65835344572009
M00589_P01037,6.585180467588618
M00589_P01038,0.0
M00590_P00443,0.0
M00590_P00448,7.297429727007303
M00590_P00452,0.0
M00590_P00462,5.7304806654117835
M00590_P00463,6.4505872355710165
M00590_P00465,7.316377185488282
M00590_P00468,6.4449480911654735
M00590_P00940,0.0
M00590_P00948,0.0
M00590_P00950,5.993830053377505
M00590_P00951,5.583432873514106
M00590_P00959,6.535000387990586
M00590_P00962,7.194572877775567
M00591_P00478,6.703274439672946
M00591_P00479,0.0
M00591_P00486,5.378658088074244
M00591_P00491,5.8569958858288915
M00591_P00515,6.199098347279051
M00592_P01146,7.290440215028655
M00592_P01157,5.671179910772077
M00592_P01166,6.386692099994697
M00592_P01169,5.715798981455334
M00592_P01201,6.394176100452013
M00592_P01209,5.280237130440437
M00592_P01210,0.0
M00592_P01211,0.0
M00592_P01214,5.630407444265959
M00593_P00574,5.942802771002399
M00593_P00579,5.056723689873371
M00593_P00582,0.0
M00593_P00584,0.0
M00593_P00586,5.654523061535853
M00593_P00590,0.0
M00593_P00782,0.0
M00593_P00786,4.908293362392299
M00593_P00788,5.554957656010286
M00593_P00797,0.0
M00593_P00803,5.910118172952286
M00594_P00185,5.467425805672115
M00594_P00193,6.049659835974462
M00594_P00197,5.914351979913955
M00594_P00199,5.920182469592671
M00594_P00200,6.828333828283492
M00594_P00478,0.0
M00594_P00479,6.052443247399651
M00594_P00486,5.307201974216076
M00594_P00491,0.0
M00595_P00574,0.0
M00595_P00579,0.0
M00595_P00582,5.920688074608471
M00595_P00584,5.654451754029273
M00595_P00586,5.409026650533053
M00595_P00590,0.0
M00595_P00655,0.0
M00595_P00662,7.017442409501957
M00595_P00666,5.518151082045289
M00595_P00668,0.0
M00595_P00669,6.74333578222528
M00595_P00673,5.726020666556492
M00595_P00674,5.303790503505004
M00596_P00055,6.531656990206647
M00596_P00057,6.21263717763547
M00596_P00059,6.257391661642279
M00596_P00064,0.0
M00596_P00066,7.258387917971146
M00596_P00071,6.794048704736349
M00596_P00077,6.597510504802557
M00596_P00478,0.0
M00596_P00479,0.0
M00596_P00486,0.0
M00596_P00491,0.0
M00597_P00574,0.0
M00597_P00579,6.536601809583093
M00597_P00582,0.0
M00597_P00584,5.716660185798363
M00597_P00586,5.905342037166431
M00597_P00590,6.116504480431037
M00597_P00761,0.0
M00597_P00772,0.0
M00598_P00782,0.0
M00598_P00786,0.0
M00598_P00788,7.607496302332535
M00598_P00797,0.0
M00598_P00803,5.987467254404912
M00598_P01223,7.015604006063665
M00598_P01234,0.0
M00598_P01236,6.1852526703247035
M00598_P01241,6.696890653762772
M00598_P01242,0.0
M00599_P00443,0.0
M00599_P00448,4.801628279752639
M00599_P00452,5.991457847669355
M00599_P00462,0.0
M00599_P00463,6.711499827822035
M00599_P00465,0.0
M00599_P00468,5.936041273309091
M00599_P00888,6.654401157682478
M00599_P00889,5.222288718288732
M00599_P00893,6.255676480842937
M00599_P00894,5.65272903255231
M00599_P00895,6.547028628183794
M00599_P00901,0.0
M00599_P00909,7.734750009476658
M00600_P00157,0.0
M00600_P00159,0.0
M00600_P00164,5.588965457605194
M00600_P00169,0.0
M00600_P00171,6.417289286038709
M00600_P00175,6.130604917639842
M00600_P00209,4.687612407433923
M00600_P00210,0.0
M00600_P00211,0.0
M00600_P00219,6.362783800246323
M00600_P00221,6.897594583988154
M00600_P00222,0.0
M00600_P00232,5.425587340492294
M00600_P00234,7.728183138147142
M00601_P00079,0.0
M00601_P00082,6.190150607729777
M00601_P00087,0.0
M00601_P00097,0.0
M00601_P00102,5.55566347740693
M00601_P00391,0.0
M00601_P00399,6.363202033339486
M00601_P00410,7.109407605434631
M00601_P00416,6.559197319440524
M00602_P00368,5.847202537950155
M00602_P00372,0.0
M00602_P00378,5.970977803926504
M00602_P00382,0.0
M00602_P00383,5.486016665907594
M00602_P01041,6.681619821267965
M00602_P01042,0.0
M00602_P01048,6.033201133364109
M00602_P01049,0.0
M00602_P01051,6.0551997964674555
M00602_P01055,0.0
M00602_P01063,5.313165876638704
M00602_P01064,0.0
M00603_P00549,5.787902331548923
M00603_P00552,6.2052380183975355
M00603_P00554,0.0
M00603_P00561,8.290671525349953
M00603_P00562,5.531365607958535
M00603_P00568,0.0
M00603_P00678,0.0
M00603_P00679,6.827120979692881
M00603_P00680,4.575401985832509
M00603_P00681,6.655865364016374
M00603_P00683,0.0
M00603_P00694,0.0
M00604_P00157,5.321809562550126
M00604_P00159,0.0
M00604_P00164,6.539952795406592
M00604_P00169,6.1711469950978195
M00604_P00171,5.6412165843156625
M00604_P00175,6.129879088135775
M00604_P01146,0.0
M00604_P01157,5.665955369197578
M00604_P01166,6.98687810655562
M00604_P01169,0.0
M00605_P00011,0.0
M00605_P00024,5.715456880499394
M00605_P00940,0.0
M00605_P00948,6.491737623186509
M00605_P00950,7.167795274006276
M00605_P00951,6.655129316219227
M00605_P00959,0.0
M00605_P00962,7.331498044681012
M00606_P00782,5.593061504073583
M00606_P00786,0.0
M00606_P00788,7.055921909929452
M00606_P00797,6.1579551209458945
M00606_P00803,5.756651164538237
M00606_P01070,5.619221493535644
M00606_P01074,5.918049329639082
M00606_P01082,0.0
M00607_P00478,6.16703979664529
M00607_P00479,0.0
M00607_P00486,6.250176360347736
M00607_P00491,0.0
M00607_P00549,0.0
M00607_P00552,6.206046417977415
M00607_P00554,6.279728921016002
M00607_P00561,6.903494588443446
M00607_P00562,0.0
M00607_P00568,0.0
M00608_P00136,0.0
M00608_P00141,6.762012941928061
M00608_P00148,5.682452810621612
M00608_P00156,0.0
M00608_P01099,6.9481227197547355
M00608_P01107,5.659938285078187
M00608_P01108,0.0
M00608_P01109,6.167145384625001
M00608_P01114,5.295273925090163
M00608_P01118,6.595937735210512
M00609_P00888,5.972777646443409
M00609_P00889,0.0
M00609_P00893,5.605574086009428
M00609_P00894,0.0
M00609_P00895,6.9457856593922696
M00609_P00901,0.0
M00609_P00909,7.227607788414454
M00609_P01223,0.0
M00609_P01234,7.266696249995412
M00609_P01236,6.019229627904448
M00609_P01241,6.7902293179492075
M00609_P01242,6.433000108714568
M00610_P00287,0.0
M00610_P00290,6.649489346873265
M00610_P00291,0.0
M00610_P00295,7.7889268543075065
M00610_P00297,6.37863953753258
M00610_P00298,0.0
M00610_P00299,6.268739602592793
M00610_P00304,7.016025012185885
M00610_P00307,6.071817559172368
M00610_P00309,5.53206059010642
M00610_P00310,0.0
M00610_P00678,6.072925013130555
M00610_P00679,0.0
M00610_P00680,7.406554137568438
M00610_P00681,0.0
M00610_P00683,0.0
M00610_P00694,0.0
M00611_P00287,0.0
M00611_P00290,5.7868226175621675
M00611_P00291,6.24011384904521
M00611_P00295,0.0
M00611_P00297,0.0
M00611_P00298,0.0
M00611_P00299,0.0
M00611_P00304,5.591112101988776
M00611_P00307,7.04953406126028
M00611_P00309,6.701747351514117
M00611_P00310,5.718907795148482
M00611_P00807,0.0
M00611_P00812,7.732389681457045
M00611_P00819,5.710406802411358
M00611_P00826,0.0
M00611_P00827,6.385751376492137
M00612_P00011,0.0
M00612_P00024,6.250640482436328
M00612_P00055,0.0
M00612_P00057,6.425934774212486
M00612_P00059,7.035617638733986
M00612_P00064,5.754319943058587
M00612_P00066,7.697808820804294
M00612_P00071,0.0
M00612_P00077,6.667773458384239
M00613_P00478,0.0
M00613_P00479,0.0
M00613_P00486,5.917533569524904
M00613_P00491,5.7442720996843
M00613_P00549,0.0
M00613_P00552,0.0
M00613_P00554,0.0
M00613_P00561,7.0175992100734925
M00613_P00562,0.0
M00613_P00568,7.053072977530057
M00614_P00209,0.0
M00614_P00210,0.0
M00614_P00211,6.359945343517561
M00614_P00219,5.794679053868134
M00614_P00221,0.0
M00614_P00222,6.354900535562816
M00614_P00232,0.0
M00614_P00234,6.790639475678141
M00614_P00863,5.737394023147745
M00614_P00880,6.55211814260096
M00614_P00882,0.0
M00615_P00185,0.0
M00615_P00193,5.969959007322852
M00615_P00197,0.0
M00615_P00199,5.84275463036419
M00615_P00200,6.777848200337436
M00615_P00313,0.0
M00615_P00324,0.0
M00615_P00329,5.570774690834929
M00615_P00333,6.2274897402871074
M00615_P00334,6.395837603041853
M00616_P00761,6.16382419710429
M00616_P00772,6.324656737175252
M00616_P01201,0.0
M00616_P01209,0.0
M00616_P01210,5.945747879972018
M00616_P01211,6.341292027250995
M00616_P01214,0.0
M00617_P00287,0.0
M00617_P00290,5.489731075534661
M00617_P00291,0.0
M00617_P00295,6.3890086539440025
M00617_P00297,5.478695708558749
M00617_P00298,6.574660573597377
M00617_P00299,0.0
M00617_P00304,5.273175326366661
M00617_P00307,0.0
M00617_P00309,7.1385921920116875
M00617_P00310,0.0
M00617_P01177,0.0
M00617_P01182,5.7921210429793835
M00617_P01184,0.0
M00617_P01193,0.0
M00617_P01196,5.922595274042786
M00618_P00478,6.359314346957334
M00618_P00479,6.839219776569353
M00618_P00486,0.0
M00618_P00491,6.033407569817626
M00618_P00965,6.2980898365805125
M00618_P00966,0.0
M00618_P00975,7.169995906985363
M00618_P00978,0.0
M00618_P00980,0.0
M00618_P00986,7.920263668933658
M00619_P00287,0.0
M00619_P00290,6.006220930385516
M00619_P00291,0.0
M00619_P00295,0.0
M00619_P00297,0.0
M00619_P00298,6.479045483922777
M00619_P00299,0.0
M00619_P00304,0.0
M00619_P00307,5.773041622141028
M00619_P00309,6.342152917814163
M00619_P00310,0.0
M00619_P01041,0.0
M00619_P01042,0.0
M00619_P01048,0.0
M00619_P01049,0.0
M00619_P01051,0.0
M00619_P01055,5.831548326801348
M00619_P01063,0.0
M00619_P01064,5.816394428336641
M00620_P00705,5.711768202053517
M00620_P00707,6.341964601504404
M00620_P00716,6.375496739743417
M00620_P00718,0.0
M00620_P00724,5.661776380747313
M00620_P00728,0.0
M00620_P00863,0.0
M00620_P00880,0.0
M00620_P00882,0.0
M00621_P00655,6.339562188994647
M00621_P00662,0.0
M00621_P00666,5.72548615746808
M00621_P00668,0.0
M00621_P00669,5.867955668238371
M00621_P00673,5.5049883608932095
M00621_P00674,0.0
M00621_P01120,5.8960391497350955
M00622_P00209,0.0
M00622_P00210,7.081010439381698
M00622_P00211,0.0
M00622_P00219,5.535062368890597
M00622_P00221,5.533095986801968
M00622_P00222,0.0
M00622_P00232,6.465232920412827
M00622_P00234,0.0
M00622_P00807,0.0
M00622_P00812,0.0
M00622_P00819,6.02654860909686
M00622_P00826,5.991419384973605
M00622_P00827,7.8258293208509
M00623_P00011,0.0
M00623_P00024,6.721360130687146
M00623_P00443,0.0
M00623_P00448,5.503247325087746
M00623_P00452,0.0
M00623_P00462,0.0
M00623_P00463,6.695536012548476
M00623_P00465,6.040032699631459
M00623_P00468,0.0
M00624_P00443,5.572984066639844
M00624_P00448,0.0
M00624_P00452,0.0
M00624_P00462,5.910121321616103
M00624_P00463,5.4104783181804486
M00624_P00465,0.0
M00624_P00468,6.282160087642188
M00624_P00732,0.0
M00624_P00738,6.7355500092381755
M00624_P00742,5.557714640053402
M00624_P00744,6.319903112584001
M00624_P00747,0.0
M00624_P00753,0.0
M00625_P00965,0.0
M00625_P00966,0.0
M00625_P00975,5.8180803095094955
M00625_P00978,0.0
M00625_P00980,0.0
M00625_P00986,6.625565241326225
M00625_P01223,0.0
M00625_P01234,6.851812647912201
M00625_P01236,4.858558878183235
M00625_P01241,0.0
M00625_P01242,5.144265266124063
M00626_P00423,6.901452692198205
M00626_P00424,5.957454027101632
M00626_P00425,7.487360097898357
M00626_P00426,0.0
M00626_P00431,6.568246213670959
M00626_P00436,6.166031627302258
M00626_P00440,0.0
M00626_P01099,6.933459557300864
M00626_P01107,0.0
M00626_P01108,6.940591017354764
M00626_P01109,6.876243977734244
M00626_P01114,6.5799837572491295
M00626_P01118,0.0
M00627_P00079,7.487888159699978
M00627_P00082,6.496536077049976
M00627_P00087,7.070859737451485
M00627_P00097,5.991033822685806
M00627_P00102,0.0
M00627_P01120,5.833042109906394
M00628_P00266,0.0
M00628_P00271,7.050097273019756
M00628_P00278,7.749692955960057
M00628_P00286,6.698374301343357
M00628_P00515,0.0
M00629_P00185,5.740136609140459
M00629_P00193,6.799132403849523
M00629_P00197,6.98667209545279
M00629_P00199,0.0
M00629_P00200,0.0
M00629_P01146,0.0
M00629_P01157,0.0
M00629_P01166,5.380105010758322
M00629_P01169,6.104142162345365
M00630_P00611,0.0
M00630_P00618,5.964255019028126
M00630_P00619,6.365059136304287
M00630_P00622,5.370604952808783
M00630_P01041,5.9816282325752805
M00630_P01042,0.0
M00630_P01048,5.974229351277783
M00630_P01049,0.0
M00630_P01051,6.9926735558738695
M00630_P01055,6.566516070183186
M00630_P01063,6.3557803837734275
M00630_P01064,0.0
M00631_P00209,0.0
M00631_P00210,7.933903084028806
M00631_P00211,0.0
M00631_P00219,0.0
M00631_P00221,5.782174106875611
M00631_P00222,7.001683439998091
M00631_P00232,0.0
M00631_P00234,6.989626899708053
M00631_P00807,0.0
M00631_P00812,6.731554994474956
M00631_P00819,0.0
M00631_P00826,0.0
M00631_P00827,6.2481000999445815
M00632_P00991,7.687825161580834
M00632_P00993,5.634240397078909
M00632_P00997,5.680055609639781
M00632_P01000,0.0
M00632_P01010,6.603013151341056
M00632_P01223,0.0
M00632_P01234,0.0
M00632_P01236,5.757431104090889
M00632_P01241,5.670495493126278
M00632_P01242,0.0
M00633_P00922,6.044494120763926
M00633_P00927,0.0
M00633_P00931,5.866282789568687
M00633_P00935,7.909613647172726
M00633_P01146,0.0
M00633_P01157,0.0
M00633_P01166,0.0
M00633_P01169,0.0
M00634_P00391,0.0
M00634_P00399,7.386707975346555
M00634_P00410,0.0
M00634_P00416,7.3891134294845
M00634_P01146,6.906662698507553
M00634_P01157,6.551263142381897
M00634_P01166,5.037818693919798
M00634_P01169,0.0
M00635_P00732,0.0
M00635_P00738,0.0
M00635_P00742,5.303814234899923
M00635_P00744,5.922374146487185
M00635_P00747,5.913504160521311
M00635_P00753,5.955246348237119
M00635_P00863,5.423568638640939
M00635_P00880,0.0
M00635_P00882,0.0
M00636_P00108,0.0
M00636_P00110,6.7840452226284444
M00636_P00114,6.606596744013874
M00636_P00124,5.498589400207985
M00636_P00129,5.660698918626327
M00636_P00965,0.0
M00636_P00966,0.0
M00636_P00975,6.726715269135607
M00636_P00978,5.906810890834212
M00636_P00980,7.327993364283458
M00636_P00986,0.0
M00637_P00835,6.267037665849038
M00637_P00840,5.706135736337152
M00637_P00844,6.1293705133911995
M00637_P00847,0.0
M00637_P00848,5.763236520335385
M00637_P00856,6.638191373197135
M00637_P00922,6.073532811485791
M00637_P00927,0.0
M00637_P00931,0.0
M00637_P00935,6.928336689332265
M00638_P00266,6.633473741831635
M00638_P00271,6.604551543208897
M00638_P00278,7.024822753460417
M00638_P00286,6.29515630074926
M00638_P00549,0.0
M00638_P00552,5.98744334604653
M00638_P00554,0.0
M00638_P00561,7.18771964301033
M00638_P00562,0.0
M00638_P00568,6.7500782031323885
M00639_P00185,0.0
M00639_P00193,0.0
M00639_P00197,6.143209042314231
M00639_P00199,6.59737224869463
M00639_P00200,0.0
M00639_P01146,0.0
M00639_P01157,5.4744979484229415
M00639_P01166,0.0
M00639_P01169,6.7229306184464575
M00640_P00136,6.983343977985369
M00640_P00141,7.901176032716704
M00640_P00148,0.0
M00640_P00156,5.873164022012642
M00640_P00863,6.321369410389234
M00640_P00880,0.0
M00640_P00882,6.426961578221271
M00641_P00209,5.742551414035456
M00641_P00210,0.0
M00641_P00211,0.0
M00641_P00219,0.0
M00641_P00221,6.10869759428974
M00641_P00222,5.381582048980216
M00641_P00232,0.0
M00641_P00234,8.216030170434449
M00641_P00761,0.0
M00641_P00772,5.093787495100361
M00642_P00761,6.2885284614145895
M00642_P00772,5.76089737328177
M00642_P00965,6.90643481366854
M00642_P00966,0.0
M00642_P00975,0.0
M00642_P00978,5.80320443635192
M00642_P00980,0.0
M00642_P00986,8.004264972343178
M00643_P00515,0.0
M00643_P01120,0.0
M00644_P00423,6.259557137909455
M00644_P00424,6.01865059631013
M00644_P00425,6.341638419959626
M00644_P00426,0.0
M00644_P00431,0.0
M00644_P00436,0.0
M00644_P00440,5.8791217543352525
M00644_P00655,5.298852822911954
M00644_P00662,6.128533572485621
M00644_P00666,6.266203527990333
M00644_P00668,5.20898771113111
M00644_P00669,0.0
M00644_P00673,7.021694514198738
M00644_P00674,0.0
M00645_P00108,0.0
M00645_P00110,5.802777988593974
M00645_P00114,6.980026356399441
M00645_P00124,0.0
M00645_P00129,0.0
M00645_P00965,6.017517712491991
M00645_P00966,0.0
M00645_P00975,6.983107544209897
M00645_P00978,6.922060504853433
M00645_P00980,0.0
M00645_P00986,6.7183231581360285
M00646_P00574,0.0
M00646_P00579,0.0
M00646_P00582,0.0
M00646_P00584,0.0
M00646_P00586,5.460403867202485
M00646_P00590,7.374437216949487
M00646_P01177,0.0
M00646_P01182,0.0
M00646_P01184,6.275100622551269
M00646_P01193,5.783898426788985
M00646_P01196,0.0
M00647_P00108,0.0
M00647_P00110,0.0
M00647_P00114,0.0
M00647_P00124,6.49473695794838
M00647_P00129,6.508066635929849
M00647_P00807,0.0
M00647_P00812,0.0
M00647_P00819,0.0
M00647_P00826,5.953831448787984
M00647_P00827,6.200098892538906
M00648_P00287,5.620901906339753
M00648_P00290,5.735124676923156
M00648_P00291,6.453541412583599
M00648_P00295,0.0
M00648_P00297,0.0
M00648_P00298,0.0
M00648_P00299,0.0
M00648_P00304,6.323445049215329
M00648_P00307,6.557519579539047
M00648_P00309,7.225623367733601
M00648_P00310,6.846141862445973
M00648_P00678,0.0
M00648_P00679,7.589890996502057
M00648_P00680,5.499771293238049
M00648_P00681,4.998423619122307
M00648_P00683,5.442003953196929
M00648_P00694,6.001626989420552
M00649_P01070,6.0106246781340715
M00649_P01074,6.565952214012851
M00649_P01082,6.182259958754709
M00649_P01223,5.382953647941768
M00649_P01234,6.465517491285967
M00649_P01236,6.222623131227393
M00649_P01241,6.237194200062293
M00649_P01242,6.063655063802094
M00650_P00611,0.0
M00650_P00618,6.799737469794808
M00650_P00619,0.0
M00650_P00622,0.0
M00650_P00655,0.0
M00650_P00662,0.0
M00650_P00666,6.576711008554442
M00650_P00668,5.716196037414212
M00650_P00669,6.534617719640642
M00650_P00673,6.577940837200396
M00650_P00674,5.170942230676362
M00651_P00136,7.280320432327376
M00651_P00141,0.0
M00651_P00148,0.0
M00651_P00156,0.0
M00651_P00625,0.0
M00651_P00630,0.0
M00651_P00632,6.9247029434421705
M00651_P00635,6.856410559981826
M00651_P00644,6.081836127288401
M00651_P00645,6.723237558870309
M00651_P00650,0.0
M00652_P00574,0.0
M00652_P00579,6.3349597600657885
M00652_P00582,6.334192248760694
M00652_P00584,0.0
M00652_P00586,5.769253025527936
M00652_P00590,0.0
M00652_P01070,0.0
M00652_P01074,5.422653867608124
M00652_P01082,0.0
M00653_P00655,6.049112684550682
M00653_P00662,6.663527880095172
M00653_P00666,0.0
M00653_P00668,6.153916498885977
M00653_P00669,0.0
M00653_P00673,6.057943967000547
M00653_P00674,6.166740689662372
M00653_P00888,6.00262494363171
M00653_P00889,6.441556172934602
M00653_P00893,6.560975771423212
M00653_P00894,0.0
M00653_P00895,0.0
M00653_P00901,0.0
M00653_P00909,0.0
M00654_P00368,0.0
M00654_P00372,7.022840386568702
M00654_P00378,7.11403046858943
M00654_P00382,6.413116582575022
M00654_P00383,6.194527675209528
M00654_P01201,0.0
M00654_P01209,5.381378570144728
M00654_P01210,6.774514014328368
M00654_P01211,6.544076677986086
M00654_P01214,6.287088155732083
M00655_P00515,0.0
M00655_P00782,0.0
M00655_P00786,0.0
M00655_P00788,0.0
M00655_P00797,0.0
M00655_P00803,5.962106116742529
M00656_P00625,5.611030857738729
M00656_P00630,0.0
M00656_P00632,5.745556402557443
M00656_P00635,6.423376211875487
M00656_P00644,6.4818871739688975
M00656_P00645,6.91612632529926
M00656_P00650,7.402393128519409
M00656_P00888,6.637070264316382
M00656_P00889,6.039995977757312
M00656_P00893,5.639939571580892
M00656_P00894,6.503841683317214
M00656_P00895,0.0
M00656_P00901,6.352698791363448
M00656_P00909,0.0
M00657_P00574,0.0
M00657_P00579,6.293506152353951
M00657_P00582,5.389680066617263
M00657_P00584,0.0
M00657_P00586,6.12576789992886
M00657_P00590,0.0
M00657_P00761,0.0
M00657_P00772,5.775299620193552
M00658_P00313,0.0
M00658_P00324,0.0
M00658_P00329,5.369416002958854
M00658_P00333,0.0
M00658_P00334,5.731856750180584
M00658_P01223,5.236424789567196
M00658_P01234,0.0
M00658_P01236,5.9842561700875345
M00658_P01241,7.124722475584683
M00658_P01242,6.597574801713087
M00659_P00055,0.0
M00659_P00057,0.0
M00659_P00059,5.8964711232296905
M00659_P00064,0.0
M00659_P00066,0.0
M00659_P00071,7.131125428967891
M00659_P00077,5.709433032293871
M00659_P01120,0.0
M00660_P00345,0.0
M00660_P00347,0.0
M00660_P00351,7.272779836840362
M00660_P00353,4.824657229928581
M00660_P00359,6.712764521954341
M00660_P00362,5.784843638432908
M00660_P00391,0.0
M00660_P00399,0.0
M00660_P00410,5.677484058382702
M00660_P00416,5.5908949761635185
M00661_P00055,0.0
M00661_P00057,4.370057094382642
M00661_P00059,0.0
M00661_P00064,0.0
M00661_P00066,0.0
M00661_P00071,6.608727095127301
M00661_P00077,6.18758385213909
M00661_P00991,7.83716804457036
M00661_P00993,0.0
M00661_P00997,6.429865672795162
M00661_P01000,0.0
M00661_P01010,6.592362756329703
M00662_P00055,5.682936679734574
M00662_P00057,6.596401172863812
M00662_P00059,0.0
M00662_P00064,5.45898197791206
M00662_P00066,0.0
M00662_P00071,6.131347269221866
M00662_P00077,6.897177220473668
M00662_P00391,0.0
M00662_P00399,5.355340890692373
M00662_P00410,6.745729882175146
M00662_P00416,0.0
M00663_P00368,5.566277764127546
M00663_P00372,0.0
M00663_P00378,6.161527125130671
M00663_P00382,0.0
M00663_P00383,0.0
M00663_P00922,5.457389995688228
M00663_P00927,0.0
M00663_P00931,6.612008026300404
M00663_P00935,0.0
M00664_P00209,6.2943278582089395
M00664_P00210,0.0
M00664_P00211,0.0
M00664_P00219,0.0
M00664_P00221,0.0
M00664_P00222,0.0
M00664_P00232,0.0
M00664_P00234,7.718366416345894
M00664_P00863,0.0
M00664_P00880,0.0
M00664_P00882,0.0
M00665_P00940,0.0
M00665_P00948,0.0
M00665_P00950,6.805866357531239
M00665_P00951,6.469150832324102
M00665_P00959,0.0
M00665_P00962,0.0
M00665_P01201,4.983866855877943
M00665_P01209,6.499255163228883
M00665_P01210,5.634147372727362
M00665_P01211,7.845020236643864
M00665_P01214,0.0
M00666_P00391,0.0
M00666_P00399,6.025584806851652
M00666_P00410,0.0
M00666_P00416,0.0
M00666_P00529,0.0
M00666_P00535,5.757854784942746
M00666_P00536,0.0
M00666_P00542,5.852198712413731
M00666_P00543,6.290715101351179
M00667_P00515,5.9745776677762565
M00667_P00678,0.0
M00667_P00679,6.83700842965546
M00667_P00680,0.0
M00667_P00681,6.360025622864774
M00667_P00683,0.0
M00667_P00694,0.0
M00668_P00922,5.5562016798975575
M00668_P00927,0.0
M00668_P00931,5.3959239817759475
M00668_P00935,7.103820242180843
M00668_P00991,0.0
M00668_P00993,5.902878081190535
M00668_P00997,0.0
M00668_P01000,7.168455230626455
M00668_P01010,0.0
M00669_P01041,0.0
M00669_P01042,5.798726286401331
M00669_P01048,0.0
M00669_P01049,7.10235022522002
M00669_P01051,5.538909499695333
M00669_P01055,5.905339816068956
M00669_P01063,5.772140806612377
M00669_P01064,5.9374271772500595
M00669_P01146,0.0
M00669_P01157,5.108873037651608
M00669_P01166,5.656894688874141
M00669_P01169,0.0
M00670_P00079,7.153730677197125
M00670_P00082,0.0
M00670_P00087,6.1085281621726
M00670_P00097,0.0
M00670_P00102,6.245117253121017
M00670_P00611,0.0
M00670_P00618,6.584990984732394
M00670_P00619,5.837200925621986
M00670_P00622,5.877435781676921
M00671_P00529,0.0
M00671_P00535,0.0
M00671_P00536,6.16861690640318
M00671_P00542,0.0
M00671_P00543,7.000571850273099
M00671_P00863,5.224506609258862
M00671_P00880,6.229564704521486
M00671_P00882,7.348693893585324
M00672_P00241,6.597412608195406
M00672_P00244,7.33855644420474
M00672_P00245,6.642361118978708
M00672_P00248,5.010843299950265
M00672_P00255,0.0
M00672_P00260,7.499111885794592
M00672_P00678,0.0
M00672_P00679,0.0
M00672_P00680,4.634129901613937
M00672_P00681,4.978662339846711
M00672_P00683,6.642902986426986
M00672_P00694,6.601232340879639
M00673_P00287,5.816676178531638
M00673_P00290,0.0
M00673_P00291,0.0
M00673_P00295,0.0
M00673_P00297,0.0
M00673_P00298,0.0
M00673_P00299,6.920863964955429
M00673_P00304,5.294864269836756
M00673_P00307,7.552986285014611
M00673_P00309,0.0
M00673_P00310,6.079432563894736
M00673_P00922,6.5949387045289605
M00673_P00927,0.0
M00673_P00931,5.842071323459527
M00673_P00935,6.532553941580138
M00674_P00368,0.0
M00674_P00372,6.991681605283812
M00674_P00378,6.102949073790754
M00674_P00382,0.0
M00674_P00383,5.196346932475015
M00674_P00529,6.114509108772106
M00674_P00535,6.098704444813761
M00674_P00536,6.447911739358271
M00674_P00542,0.0
M00674_P00543,7.33444849226496
M00675_P00079,6.957557607079767
M00675_P00082,7.63752288902438
M00675_P00087,7.064495391483772
M00675_P00097,0.0
M00675_P00102,6.524570122027942
M00675_P00761,0.0
M00675_P00772,0.0
M00676_P00678,0.0
M00676_P00679,7.146986926060839
M00676_P00680,5.577362096541078
M00676_P00681,0.0
M00676_P00683,6.484382338758545
M00676_P00694,0.0
M00676_P00940,0.0
M00676_P00948,7.299540615896731
M00676_P00950,6.637366905708962
M00676_P00951,6.380677771348465
M00676_P00959,5.73292140085762
M00676_P00962,6.662847781081157
M00677_P00391,0.0
M00677_P00399,0.0
M00677_P00410,7.536206062184404
M00677_P00416,6.751177709406917
M00677_P00625,0.0
M00677_P00630,5.825397831179992
M00677_P00632,5.90142863640152
M00677_P00635,5.660197501878425
M00677_P00644,6.368895948480948
M00677_P00645,6.040212078052164
M00677_P00650,6.811493900031221
M00678_P00549,0.0
M00678_P00552,0.0
M00678_P00554,6.26716551533583
M00678_P00561,7.82658435744578
M00678_P00562,0.0
M00678_P00568,5.528133412681341
M00678_P01099,0.0
M00678_P01107,5.942030112049373
M00678_P01108,7.04271417532706
M00678_P01109,6.7541684757986165
M00678_P01114,0.0
M00678_P01118,6.960055975975359
M00679_P00136,6.480525465238154
M00679_P00141,0.0
M00679_P00148,5.191529967234013
M00679_P00156,0.0
M00679_P00611,0.0
M00679_P00618,5.644137732932317
M00679_P00619,6.802293477163577
M00679_P00622,7.429072027895543
M00680_P00079,5.413924788312806
M00680_P00082,5.689004595405491
M00680_P00087,6.202547650763517
M00680_P00097,0.0
M00680_P00102,5.162144355695447
M00680_P00478,6.4307509205948135
M00680_P00479,7.117473251385507
M00680_P00486,6.706905895793193
M00680_P00491,6.176854134362305
M00681_P00108,5.351121556917031
M00681_P00110,5.672668051450861
M00681_P00114,0.0
M00681_P00124,6.900455883703487
M00681_P00129,5.818803743604598
M00681_P00345,0.0
M00681_P00347,5.613745826543401
M00681_P00351,6.974247287292054
M00681_P00353,0.0
M00681_P00359,6.6553871160505444
M00681_P00362,5.808932915352477
M00682_P00345,5.601403356389816
M00682_P00347,6.309969400355751
M00682_P00351,6.155541328894909
M00682_P00353,5.251497207917268
M00682_P00359,0.0
M00682_P00362,0.0
M00682_P00782,0.0
M00682_P00786,0.0
M00682_P00788,6.562962320233897
M00682_P00797,6.4187752927443515
M00682_P00803,0.0
M00683_P00011,6.114655772426372
M00683_P00024,0.0
M00683_P00368,5.642255351794771
M00683_P00372,6.510389912336682
M00683_P00378,0.0
M00683_P00382,5.501779707324475
M00683_P00383,5.879345514919407
M00684_P00782,0.0
M00684_P00786,6.44643447923915
M00684_P00788,0.0
M00684_P00797,0.0
M00684_P00803,0.0
M00684_P01223,5.447154456599235
M00684_P01234,0.0
M00684_P01236,6.322573212969731
M00684_P01241,0.0
M00684_P01242,5.79693348999986
M00685_P00391,0.0
M00685_P00399,5.580067354001409
M00685_P00410,6.121342818269987
M00685_P00416,7.392914736801979
M00685_P00655,5.234317039620246
M00685_P00662,0.0
M00685_P00666,0.0
M00685_P00668,0.0
M00685_P00669,0.0
M00685_P00673,0.0
M00685_P00674,5.744508084322153
M00686_P00478,5.742853642703008
M00686_P00479,0.0
M00686_P00486,5.756853201601489
M00686_P00491,5.590688897456243
M00686_P00655,5.891485543667323
M00686_P00662,5.221239490635613
M00686_P00666,5.148569974170561
M00686_P00668,5.0201641027155475
M00686_P00669,5.826852155128877
M00686_P00673,6.885864723522695
M00686_P00674,0.0
M00687_P00423,6.750973183754979
M00687_P00424,0.0
M00687_P00425,6.167544203874831
M00687_P00426,0.0
M00687_P00431,0.0
M00687_P00436,7.5109775138149555
M00687_P00440,0.0
M00687_P00515,0.0
M00688_P00157,0.0
M00688_P00159,5.738665549341002
M00688_P00164,6.284824462573135
M00688_P00169,6.051846746627953
M00688_P00171,6.8383316534520135
M00688_P00175,0.0
M00688_P00761,5.906195683829829
M00688_P00772,0.0
M00689_P00345,6.669772417242947
M00689_P00347,4.959472605772536
M00689_P00351,6.358123408402879
M00689_P00353,0.0
M00689_P00359,0.0
M00689_P00362,5.008782738163861
M00689_P00529,5.456079692355533
M00689_P00535,5.5852300434197435
M00689_P00536,0.0
M00689_P00542,5.526765273882561
M00689_P00543,6.169958035855694
M00690_P00055,5.630723119658774
M00690_P00057,0.0
M00690_P00059,6.3086797391938845
M00690_P00064,6.581818578727801
M00690_P00066,6.748745360613371
M00690_P00071,0.0
M00690_P00077,0.0
M00690_P00678,0.0
M00690_P00679,6.822072969432712
M00690_P00680,6.059109534821937
M00690_P00681,0.0
M00690_P00683,5.148273277858414
M00690_P00694,5.31426982832272
M00691_P00241,5.262515057131487
M00691_P00244,6.65725613232979
M00691_P00245,6.609114620217382
M00691_P00248,0.0
M00691_P00255,6.954695259962696
M00691_P00260,6.889538713355146
M00691_P01223,0.0
M00691_P01234,7.2900483826751445
M00691_P01236,0.0
M00691_P01241,5.836603310629341
M00691_P01242,0.0
M00692_P00922,0.0
M00692_P00927,6.120441471643187
M00692_P00931,6.587241342671974
M00692_P00935,0.0
M00692_P00991,0.0
M00692_P00993,5.514986570161987
M00692_P00997,6.160471720298134
M00692_P01000,0.0
M00692_P01010,6.3812294354823775
M00693_P00241,5.786220650757027
M00693_P00244,5.080662117966047
M00693_P00245,6.13635958022982
M00693_P00248,0.0
M00693_P00255,6.251960383630949
M00693_P00260,0.0
M00693_P00478,5.255908168642085
M00693_P00479,0.0
M00693_P00486,6.151318770296757
M00693_P00491,0.0
M00694_P00368,0.0
M00694_P00372,0.0
M00694_P00378,5.570058971713293
M00694_P00382,0.0
M00694_P00383,5.325723205316688
M00694_P00655,5.969051368761856
M00694_P00662,0.0
M00694_P00666,6.141210983292939
M00694_P00668,6.572487313446302
M00694_P00669,0.0
M00694_P00673,5.584329195762978
M00694_P00674,5.490732409348901
M00695_P00807,0.0
M00695_P00812,0.0
M00695_P00819,0.0
M00695_P00826,6.653475942281429
M00695_P00827,6.97301129972468
M00695_P00940,5.888699309805043
M00695_P00948,6.130525053481494
M00695_P00950,6.500075201952608
M00695_P00951,5.69667529951935
M00695_P00959,0.0
M00695_P00962,0.0
M00696_P00423,7.0735960445761705
M00696_P00424,0.0
M00696_P00425,6.676524556420288
M00696_P00426,5.295162797978521
M00696_P00431,5.938954630014251
M00696_P00436,6.602426940662507
M00696_P00440,6.4189156763601884
M00696_P00835,0.0
M00696_P00840,0.0
M00696_P00844,6.817550220403351
M00696_P00847,0.0
M00696_P00848,0.0
M00696_P00856,6.339172747834281
M00697_P00266,5.8896066519628665
M00697_P00271,0.0
M00697_P00278,6.993817462586083
M00697_P00286,5.702992204534758
M00697_P00761,6.435661516638153
M00697_P00772,6.6557234764239945
M00698_P00209,0.0
M00698_P00210,7.541863728188989
M00698_P00211,0.0
M00698_P00219,0.0
M00698_P00221,5.851052699326747
M00698_P00222,0.0
M00698_P00232,0.0
M00698_P00234,6.917994554175818
M00698_P00266,0.0
M00698_P00271,0.0
M00698_P00278,0.0
M00698_P00286,0.0
M00699_P00287,5.178508560177804
M00699_P00290,5.213655174124479
M00699_P00291,0.0
M00699_P00295,0.0
M00699_P00297,5.898163465691047
M00699_P00298,6.269044313552628
M00699_P00299,6.117117082168439
M00699_P00304,0.0
M00699_P00307,7.2762352003712945
M00699_P00309,6.154715284058047
M00699_P00310,5.7894821446907745
M00699_P00922,0.0
M00699_P00927,0.0
M00699_P00931,5.503057122875005
M00699_P00935,5.631181889614162
M00700_P00055,5.757152346493484
M00700_P00057,0.0
M00700_P00059,5.441834537159382
M00700_P00064,5.794666965626095
M00700_P00066,7.689535135853292
M00700_P00071,0.0
M00700_P00077,6.537950280013138
M00700_P00863,5.660128692323664
M00700_P00880,0.0
M00700_P00882,7.1927868174836815
M00701_P00011,5.7166084793850755
M00701_P00024,5.366619843656544
M00701_P00705,0.0
M00701_P00707,6.135644223063062
M00701_P00716,0.0
M00701_P00718,7.307681836976434
M00701_P00724,6.441229811052212
M00701_P00728,0.0
M00702_P00108,6.3472163986300085
M00702_P00110,5.1675094600473175
M00702_P00114,7.436038549414116
M00702_P00124,6.711331929129349
M00702_P00129,5.66137502714979
M00702_P01201,0.0
M00702_P01209,0.0
M00702_P01210,0.0
M00702_P01211,0.0
M00702_P01214,5.335229856921133
M00703_P00345,0.0
M00703_P00347,5.859725604477854
M00703_P00351,6.3865699390893695
M00703_P00353,5.942492772562507
M00703_P00359,0.0
M00703_P00362,0.0
M00703_P00863,5.135300013994769
M00703_P00880,7.579861887643061
M00703_P00882,0.0
M00704_P00079,6.828345255062882
M00704_P00082,0.0
M00704_P00087,4.984259630445119
M00704_P00097,6.761866417221168
M00704_P00102,0.0
M00704_P01041,0.0
M00704_P01042,0.0
M00704_P01048,0.0
M00704_P01049,7.303251961953197
M00704_P01051,7.30104228154186
M00704_P01055,5.759243734746926
M00704_P01063,6.620095618616167
M00704_P01064,5.7653216292502565
M00705_P00807,0.0
M00705_P00812,8.233453747251223
M00705_P00819,0.0
M00705_P00826,6.962903949990389
M00705_P00827,8.098124812317394
M00705_P01099,0.0
M00705_P01107,5.321730794693826
M00705_P01108,6.929631024875105
M00705_P01109,6.998926960566458
M00705_P01114,5.580520802744578
M00705_P01118,0.0
M00706_P00888,6.395288362055059
M00706_P00889,6.381666025890719
M00706_P00893,4.311214746346984
M00706_P00894,7.054264271991661
M00706_P00895,0.0
M00706_P00901,0.0
M00706_P00909,0.0
M00706_P00940,0.0
M00706_P00948,5.359400910932951
M00706_P00950,6.360977069031723
M00706_P00951,6.718449555574317
M00706_P00959,5.661440827238834
M00706_P00962,0.0
M00707_P00032,0.0
M00707_P00044,6.124302640099707
M00707_P00045,5.948307860025305
M00707_P00050,5.356638202210766
M00707_P00052,0.0
M00707_P00888,0.0
M00707_P00889,0.0
M00707_P00893,7.303963951467177
M00707_P00894,0.0
M00707_P00895,6.714696184977166
M00707_P00901,0.0
M00707_P00909,6.614135047953237
M00708_P00478,0.0
M00708_P00479,7.37185449540773
M00708_P00486,6.3033179216584525
M00708_P00491,5.806409962608919
M00708_P00888,0.0
M00708_P00889,6.417504136812286
M00708_P00893,5.324965712542421
M00708_P00894,6.4567422373017935
M00708_P00895,0.0
M00708_P00901,0.0
M00708_P00909,7.319362222197409
M00709_P00157,5.351534178659119
M00709_P00159,0.0
M00709_P00164,6.866695515417389
M00709_P00169,0.0
M00709_P00171,6.170819210341456
M00709_P00175,5.466810238048202
M00709_P00287,5.841900306332895
M00709_P00290,0.0
M00709_P00291,0.0
M00709_P00295,7.8879891325327485
M00709_P00297,6.827166796655101
M00709_P00298,5.8594514992689986
M00709_P00299,5.189753713124981
M00709_P00304,6.05157799109326
M00709_P00307,5.915011008796824
M00709_P00309,5.958054717365327
M00709_P00310,0.0
M00710_P00313,0.0
M00710_P00324,5.10535866320626
M00710_P00329,7.1901525568585045
M00710_P00333,6.722447035167753
M00710_P00334,0.0
M00710_P00391,6.081570964320767
M00710_P00399,6.231106837345558
M00710_P00410,6.518501250736457
M00710_P00416,5.847677837487177
M00711_P00443,6.124377057224794
M00711_P00448,5.676596506031613
M00711_P00452,6.192719972213238
M00711_P00462,0.0
M00711_P00463,6.904007202903003
M00711_P00465,5.9168555463737125
M00711_P00468,0.0
M00711_P00574,0.0
M00711_P00579,0.0
M00711_P00582,6.236624490158639
M00711_P00584,0.0
M00711_P00586,0.0
M00711_P00590,0.0
M00712_P00136,0.0
M00712_P00141,7.461668898385128
M00712_P00148,0.0
M00712_P00156,7.086669056635992
M00712_P00625,0.0
M00712_P00630,6.648063597231751
M00712_P00632,0.0
M00712_P00635,6.940952658764646
M00712_P00644,0.0
M00712_P00645,7.277001850690472
M00712_P00650,6.169600771455816
M00713_P00391,5.467098060147135
M00713_P00399,0.0
M00713_P00410,6.668670602173287
M00713_P00416,6.3485712743264
M00713_P00940,5.975090998126941
M00713_P00948,5.73253665078229
M00713_P00950,5.6711713224268046
M00713_P00951,6.4452231738537495
M00713_P00959,0.0
M00713_P00962,0.0
M00714_P00515,4.998443410964477
M00714_P01146,6.927946701708618
M00714_P01157,0.0
M00714_P01166,0.0
M00714_P01169,0.0
M00715_P00136,0.0
M00715_P00141,0.0
M00715_P00148,5.879410623726443
M00715_P00156,6.910670940909257
M00715_P00678,6.417842229440997
M00715_P00679,0.0
M00715_P00680,6.205262406310542
M00715_P00681,0.0
M00715_P00683,0.0
M00715_P00694,6.397739264577
M00716_P00782,6.2276639865758625
M00716_P00786,0.0
M00716_P00788,0.0
M00716_P00797,6.77292253152568
M00716_P00803,0.0
M00716_P00922,0.0
M00716_P00927,5.23605975746009
M00716_P00931,0.0
M00716_P00935,6.884619191261396
M00717_P00266,6.460490891234158
M00717_P00271,0.0
M00717_P00278,7.045741539099895
M00717_P00286,6.7385707265672705
M00717_P01146,0.0
M00717_P01157,6.3754233541739005
M00717_P01166,7.1800096818179195
M00717_P01169,6.0437141379031
M00718_P00705,6.956729910001592
M00718_P00707,6.546305242008325
M00718_P00716,0.0
M00718_P00718,6.909603010784261
M00718_P00724,6.588997711866623
M00718_P00728,0.0
M00718_P01099,0.0
M00718_P01107,5.352518669383233
M00718_P01108,0.0
M00718_P01109,6.760638539822061
M00718_P01114,6.434596082454932
M00718_P01118,6.082258325239664
M00719_P00157,5.070504055001756
M00719_P00159,0.0
M00719_P00164,0.0
M00719_P00169,0.0
M00719_P00171,5.47400055798974
M00719_P00175,0.0
M00719_P00940,5.8901506453707295
M00719_P00948,5.913630762515503
M00719_P00950,6.113150861042748
M00719_P00951,0.0
M00719_P00959,0.0
M00719_P00962,6.60866835376852
M00720_P00345,5.715112716925237
M00720_P00347,0.0
M00720_P00351,5.4034106816385385
M00720_P00353,5.803662990009557
M00720_P00359,0.0
M00720_P00362,6.473042207415519
M00720_P00368,0.0
M00720_P00372,0.0
M00720_P00378,0.0
M00720_P00382,4.772052778095001
M00720_P00383,5.380832499636165
M00721_P00055,0.0
M00721_P00057,5.929310837354752
M00721_P00059,7.045994404272315
M00721_P00064,6.574047304693249
M00721_P00066,0.0
M00721_P00071,6.488216694960453
M00721_P00077,5.715226519488158
M00721_P00443,6.68123792919017
M00721_P00448,6.731586237613046
M00721_P00452,0.0
M00721_P00462,6.623182848206021
M00721_P00463,6.616851735176306
M00721_P00465,0.0
M00721_P00468,7.224890667768706
M00722_P00888,0.0
M00722_P00889,5.4012671247595305
M00722_P00893,0.0
M00722_P00894,5.935288954979757
M00722_P00895,5.656245433685697
M00722_P00901,7.391431211008854
M00722_P00909,0.0
M00722_P00965,6.53396818869232
M00722_P00966,5.366071298331611
M00722_P00975,7.37713640005635
M00722_P00978,6.198854278667996
M00722_P00980,5.676925984666624
M00722_P00986,7.16151679077156
M00723_P00287,6.282520174378001
M00723_P00290,5.702719485663511
M00723_P00291,0.0
M00723_P00295,0.0
M00723_P00297,0.0
M00723_P00298,0.0
M00723_P00299,0.0
M00723_P00304,6.180406382176704
M00723_P00307,0.0
M00723_P00309,5.5920205501887565
M00723_P00310,0.0
M00723_P00549,6.2163829422220225
M00723_P00552,5.899137701203747
M00723_P00554,5.853067788310499
M00723_P00561,6.88478995246772
M00723_P00562,5.588607776986109
M00723_P00568,0.0
M00724_P00241,6.578260248272522
M00724_P00244,0.0
M00724_P00245,0.0
M00724_P00248,5.6847880927063255
M00724_P00255,0.0
M00724_P00260,0.0
M00724_P00965,0.0
M00724_P00966,0.0
M00724_P00975,6.7312850636973085
M00724_P00978,0.0
M00724_P00980,6.708968960790957
M00724_P00986,5.955411334145823
M00725_P00108,0.0
M00725_P00110,0.0
M00725_P00114,5.800425672049384
M00725_P00124,5.523245301130258
M00725_P00129,5.175352747214598
M00725_P00529,5.818767286223631
M00725_P00535,5.13628641704217
M00725_P00536,6.432698096565563
M00725_P00542,5.996177662413502
M00725_P00543,0.0
M00726_P00625,0.0
M00726_P00630,0.0
M00726_P00632,5.559716827598486
M00726_P00635,5.963712764218297
M00726_P00644,5.970323117237816
M00726_P00645,7.455774181464356
M00726_P00650,0.0
M00726_P00940,0.0
M00726_P00948,6.330928121358742
M00726_P00950,6.07632295517906
M00726_P00951,0.0
M00726_P00959,0.0
M00726_P00962,7.777416553813747
M00727_P00209,0.0
M00727_P00210,0.0
M00727_P00211,6.317889652520988
M00727_P00219,0.0
M00727_P00221,7.988537819931291
M00727_P00222,0.0
M00727_P00232,6.217561326855106
M00727_P00234,6.277676493723301
M00727_P00625,0.0
M00727_P00630,0.0
M00727_P00632,5.627658839390328
M00727_P00635,0.0
M00727_P00644,6.659796122911981
M00727_P00645,6.734428015195867
M00727_P00650,0.0
M00728_P00574,0.0
M00728_P00579,0.0
M00728_P00582,5.795067211173456
M00728_P00584,5.502809989431311
M00728_P00586,5.252885963508975
M00728_P00590,0.0
M00728_P00835,0.0
M00728_P00840,5.154778035850732
M00728_P00844,0.0
M00728_P00847,0.0
M00728_P00848,0.0
M00728_P00856,7.417744636291825
M00729_P00368,6.589740278549501
M00729_P00372,7.496118896788406
M00729_P00378,5.20976716348294
M00729_P00382,0.0
M00729_P00383,5.7963762527054845
M00729_P00705,0.0
M00729_P00707,5.735896462777177
M00729_P00716,6.38166108774245
M00729_P00718,6.467014225238467
M00729_P00724,7.189057820127186
M00729_P00728,0.0
M00730_P00991,0.0
M00730_P00993,6.651007052183776
M00730_P00997,6.028769716734297
M00730_P01000,0.0
M00730_P01010,6.8417192629620205
M00730_P01041,0.0
M00730_P01042,4.371335189597754
M00730_P01048,5.543800517454859
M00730_P01049,0.0
M00730_P01051,6.478499542402844
M00730_P01055,0.0
M00730_P01063,5.743363412221349
M00730_P01064,0.0
M00731_P00032,0.0
M00731_P00044,0.0
M00731_P00045,6.441941861486365
M00731_P00050,4.659011095502077
M00731_P00052,0.0
M00731_P00529,7.8251653357285
M00731_P00535,0.0
M00731_P00536,0.0
M00731_P00542,0.0
M00731_P00543,6.118927109664523
M00732_P00732,5.536799570647187
M00732_P00738,5.297430833714312
M00732_P00742,6.09120839127088
M00732_P00744,0.0
M00732_P00747,7.236057272629628
M00732_P00753,0.0
M00732_P00835,0.0
M00732_P00840,0.0
M00732_P00844,0.0
M00732_P00847,6.359527590936471
M00732_P00848,6.208138491868225
M00732_P00856,7.150962338880972
M00733_P00625,0.0
M00733_P00630,6.622471937134087
M00733_P00632,0.0
M00733_P00635,0.0
M00733_P00644,0.0
M00733_P00645,6.668547950216812
M00733_P00650,6.209613326341748
M00733_P00922,0.0
M00733_P00927,0.0
M00733_P00931,0.0
M00733_P00935,7.576758368021251
M00734_P00965,0.0
M00734_P00966,0.0
M00734_P00975,7.239690932860369
M00734_P00978,6.607705548842322
M00734_P00980,0.0
M00734_P00986,6.732313081389128
M00734_P01120,5.171480447695042
M00735_P00136,6.390901351201247
M00735_P00141,7.268978544844588
M00735_P00148,6.338430984833446
M00735_P00156,0.0
M00735_P01041,0.0
M00735_P01042,0.0
M00735_P01048,0.0
M00735_P01049,0.0
M00735_P01051,6.376666239571416
M00735_P01055,0.0
M00735_P01063,5.68234249212799
M00735_P01064,0.0
M00736_P00108,0.0
M00736_P00110,5.397519000682982
M00736_P00114,6.681756082310536
M00736_P00124,6.60181144098108
M00736_P00129,0.0
M00736_P01177,6.477644526470285
M00736_P01182,4.4484640727809905
M00736_P01184,0.0
M00736_P01193,6.2596582430113035
M00736_P01196,6.448876580523071
M00737_P00241,0.0
M00737_P00244,6.073905004481706
M00737_P00245,6.02238133679145
M00737_P00248,5.749644480282017
M00737_P00255,7.992372921481775
M00737_P00260,0.0
M00737_P00655,5.957994272069721
M00737_P00662,0.0
M00737_P00666,6.525550891653946
M00737_P00668,5.524917087985949
M00737_P00669,0.0
M00737_P00673,7.194885956456919
M00737_P00674,6.263802134583406
M00738_P00625,0.0
M00738_P00630,7.067653959166071
M00738_P00632,5.63847844001568
M00738_P00635,6.5670270286847074
M00738_P00644,5.172532591386255
M00738_P00645,6.426958031172902
M00738_P00650,0.0
M00738_P01223,0.0
M00738_P01234,6.84994596978027
M00738_P01236,5.266859064184801
M00738_P01241,0.0
M00738_P01242,6.076168343034236
M00739_P00136,7.140629832905173
M00739_P00141,7.33062935675378
M00739_P00148,6.9141911211471445
M00739_P00156,0.0
M00739_P00157,0.0
M00739_P00159,0.0
M00739_P00164,0.0
M00739_P00169,6.505048784616372
M00739_P00171,6.448042727644106
M00739_P00175,0.0
M00740_P00611,0.0
M00740_P00618,0.0
M00740_P00619,6.389300381306813
M00740_P00622,0.0
M00740_P00732,7.391703924377667
M00740_P00738,6.590161787083405
M00740_P00742,5.508128469194671
M00740_P00744,0.0
M00740_P00747,0.0
M00740_P00753,0.0
M00741_P00157,0.0
M00741_P00159,0.0
M00741_P00164,5.815226783894854
M00741_P00169,0.0
M00741_P00171,6.247047356553117
M00741_P00175,6.465820184524067
M00741_P00241,6.2027179227044345
M00741_P00244,5.0026707967590625
M00741_P00245,7.509795208189448
M00741_P00248,0.0
M00741_P00255,6.154573048185282
M00741_P00260,0.0
M00742_P00705,5.7288636343256965
M00742_P00707,6.180895651208539
M00742_P00716,6.885870298600674
M00742_P00718,0.0
M00742_P00724,0.0
M00742_P00728,0.0
M00742_P00761,6.393998310013044
M00742_P00772,5.9673453573315705
M00743_P00032,0.0
M00743_P00044,0.0
M00743_P00045,6.330218518336254
M00743_P00050,5.4674831688456536
M00743_P00052,5.212319132974053
M00743_P00157,0.0
M00743_P00159,0.0
M00743_P00164,0.0
M00743_P00169,0.0
M00743_P00171,0.0
M00743_P00175,0.0
M00744_P00136,0.0
M00744_P00141,0.0
M00744_P00148,0.0
M00744_P00156,0.0
M00744_P00922,0.0
M00744_P00927,6.563136383001916
M00744_P00931,6.138318708019931
M00744_P00935,6.304353806141928
M00745_P00011,6.29862968401271
M00745_P00024,0.0
M00745_P00625,5.674980233685034
M00745_P00630,6.167835718270158
M00745_P00632,6.567550373243258
M00745_P00635,0.0
M00745_P00644,0.0
M00745_P00645,7.139663595548999
M00745_P00650,6.188746681297245
M00746_P00136,0.0
M00746_P00141,6.74347520075793
M00746_P00148,6.411606912588013
M00746_P00156,6.417303604040667
M00746_P00625,0.0
M00746_P00630,5.5885324110923325
M00746_P00632,6.279121904390532
M00746_P00635,5.246206359118314
M00746_P00644,0.0
M00746_P00645,6.2369884294970515
M00746_P00650,6.105945900353111
M00747_P00863,5.403735203658041
M00747_P00880,5.757653329013809
M00747_P00882,0.0
M00747_P00940,6.167040505247929
M00747_P00948,5.673065558924128
M00747_P00950,0.0
M00747_P00951,0.0
M00747_P00959,0.0
M00747_P00962,6.300409293189843
M00748_P00209,0.0
M00748_P00210,7.133620943026749
M00748_P00211,0.0
M00748_P00219,6.2689937296811875
M00748_P00221,0.0
M00748_P00222,0.0
M00748_P00232,6.606853086102628
M00748_P00234,7.955309959475146
M00748_P00266,6.686090425734234
M00748_P00271,5.464787571634963
M00748_P00278,7.775896125594369
M00748_P00286,6.791582366709397
M00749_P00443,0.0
M00749_P00448,0.0
M00749_P00452,0.0
M00749_P00462,0.0
M00749_P00463,0.0
M00749_P00465,0.0
M00749_P00468,6.335114814192833
M00749_P00835,0.0
M00749_P00840,6.252063883784925
M00749_P00844,0.0
M00749_P00847,6.538038950924227
M00749_P00848,0.0
M00749_P00856,6.257312793274858
M00750_P00266,6.059392351077227
M00750_P00271,5.875589702938622
M00750_P00278,6.686638232593298
M00750_P00286,0.0
M00750_P00732,0.0
M00750_P00738,6.636596566191251
M00750_P00742,5.918042679815815
M00750_P00744,6.393492231248741
M00750_P00747,7.756472048226779
M00750_P00753,0.0
M00751_P00515,6.293575188894014
M00751_P00807,0.0
M00751_P00812,7.091197959061917
M00751_P00819,6.440101133221254
M00751_P00826,6.772145259377708
M00751_P00827,6.690407247438578
M00752_P00423,0.0
M00752_P00424,5.97933145649581
M00752_P00425,6.46990399482085
M00752_P00426,0.0
M00752_P00431,6.747325493481606
M00752_P00436,0.0
M00752_P00440,0.0
M00752_P00611,0.0
M00752_P00618,6.394950141948297
M00752_P00619,6.388060980370844
M00752_P00622,6.324653374712289
M00753_P00991,0.0
M00753_P00993,5.882999615992616
M00753_P00997,0.0
M00753_P01000,6.388586094024973
M00753_P01010,5.985424806662819
M00753_P01041,0.0
M00753_P01042,5.522375210814188
M00753_P01048,0.0
M00753_P01049,6.564346993625105
M00753_P01051,6.308140090876899
M00753_P01055,5.976086566347936
M00753_P01063,0.0
M00753_P01064,6.408733948148856
M00754_P00157,6.000382558555561
M00754_P00159,0.0
M00754_P00164,0.0
M00754_P00169,0.0
M00754_P00171,6.751546847133112
M00754_P00175,6.315864842318645
M00754_P00241,6.158490019196471
M00754_P00244,0.0
M00754_P00245,6.476320002963172
M00754_P00248,5.670291069804939
M00754_P00255,6.739192336352202
M00754_P00260,6.905126791409904
M00755_P00549,0.0
M00755_P00552,5.74732771740482
M00755_P00554,6.5060858662248595
M00755_P00561,0.0
M00755_P00562,5.632200984127489
M00755_P00568,6.233483762967332
M00755_P00655,7.570528324682543
M00755_P00662,6.486869396956278
M00755_P00666,6.599898914689803
M00755_P00668,5.9526542309825
M00755_P00669,6.90964428917701
M00755_P00673,6.834848939951291
M00755_P00674,0.0
M00756_P00549,0.0
M00756_P00552,0.0
M00756_P00554,0.0
M00756_P00561,7.978695987808366
M00756_P00562,6.5598316117229505
M00756_P00568,0.0
M00756_P00761,6.540127969282176
M00756_P00772,5.664530550751689
M00757_P00991,0.0
M00757_P00993,0.0
M00757_P00997,0.0
M00757_P01000,0.0
M00757_P01010,6.060322951923343
M00757_P01070,0.0
M00757_P01074,0.0
M00757_P01082,0.0
M00758_P00529,5.328791494656917
M00758_P00535,0.0
M00758_P00536,4.992890756312831
M00758_P00542,0.0
M00758_P00543,0.0
M00758_P01020,0.0
M00758_P01034,5.360472766462691
M00758_P01037,0.0
M00758_P01038,5.390585893140896
M00759_P00529,6.108149436494726
M00759_P00535,5.78968775339667
M00759_P00536,6.564322058123128
M00759_P00542,0.0
M00759_P00543,0.0
M00759_P00782,0.0
M00759_P00786,0.0
M00759_P00788,6.3967724671838795
M00759_P00797,0.0
M00759_P00803,0.0
M00760_P00478,0.0
M00760_P00479,6.398526570690703
M00760_P00486,7.591089662269933
M00760_P00491,5.2639330865729494
M00760_P00529,0.0
M00760_P00535,6.4085472102208305
M00760_P00536,5.703870511121135
M00760_P00542,5.923821805820329
M00760_P00543,6.395873840686159
M00761_P00391,0.0
M00761_P00399,5.294011652622485
M00761_P00410,0.0
M00761_P00416,0.0
M00761_P00940,6.489522686520836
M00761_P00948,0.0
M00761_P00950,6.942257370288129
M00761_P00951,0.0
M00761_P00959,6.798786979046392
M00761_P00962,0.0
M00762_P00443,0.0
M00762_P00448,0.0
M00762_P00452,6.431355484719349
M00762_P00462,6.692896248512372
M00762_P00463,7.227742372613748
M00762_P00465,6.525136658273149
M00762_P00468,7.13611266429074
M00762_P00678,0.0
M00762_P00679,6.192211655588252
M00762_P00680,5.507619255786041
M00762_P00681,5.636300186181976
M00762_P00683,0.0
M00762_P00694,0.0
M00763_P00313,0.0
M00763_P00324,5.6589259622547905
M00763_P00329,4.840576968009094
M00763_P00333,0.0
M00763_P00334,0.0
M00763_P00940,0.0
M00763_P00948,0.0
M00763_P00950,5.846804922846761
M00763_P00951,0.0
M00763_P00959,5.763564170251424
M00763_P00962,6.2445442841481835
M00764_P00922,0.0
M00764_P00927,6.43249501255632
M00764_P00931,6.046472655447068
M00764_P00935,5.832862427711274
M00764_P01120,5.8210800047657605
M00765_P00345,6.137087385942705
M00765_P00347,0.0
M00765_P00351,0.0
M00765_P00353,5.318719625014585
M00765_P00359,6.4344662936031085
M00765_P00362,0.0
M00765_P01177,6.653898964932646
M00765_P01182,4.6743009294426585
M00765_P01184,0.0
M00765_P01193,6.448947820896461
M00765_P01196,5.685085020038855
M00766_P00108,0.0
M00766_P00110,0.0
M00766_P00114,7.016629253531268
M00766_P00124,7.140176229508509
M00766_P00129,5.726534374052166
M00766_P01146,6.172014802125826
M00766_P01157,6.115881636763832
M00766_P01166,6.579854363968796
M00766_P01169,7.378520340209382
M00767_P00807,0.0
M00767_P00812,8.127721598099178
M00767_P00819,0.0
M00767_P00826,6.862649838054414
M00767_P00827,7.208982271836046
M00767_P01120,0.0
M00768_P00391,0.0
M00768_P00399,5.965859543824276
M00768_P00410,6.880736205154685
M00768_P00416,0.0
M00768_P00443,0.0
M00768_P00448,6.3856461556803366
M00768_P00452,0.0
M00768_P00462,7.347803361642255
M00768_P00463,6.882810968425278
M00768_P00465,6.999758223072519
M00768_P00468,6.665282223538656
M00769_P00705,0.0
M00769_P00707,6.598730028289532
M00769_P00716,7.062645494862159
M00769_P00718,0.0
M00769_P00724,5.180141143571892
M00769_P00728,6.585781013362059
M00769_P01177,0.0
M00769_P01182,5.648399563663578
M00769_P01184,6.156084589254846
M00769_P01193,5.975104580993216
M00769_P01196,6.807421598935548
M00770_P00108,0.0
M00770_P00110,5.251573020138482
M00770_P00114,0.0
M00770_P00124,0.0
M00770_P00129,5.637773744742126
M00770_P00761,0.0
M00770_P00772,6.646031573117523
M00771_P00655,0.0
M00771_P00662,0.0
M00771_P00666,6.462744937446471
M00771_P00668,6.930590055864808
M00771_P00669,6.148330201498755
M00771_P00673,5.72685602554266
M00771_P00674,6.415931118507715
M00771_P00965,0.0
M00771_P00966,6.903412883184603
M00771_P00975,7.085280576868382
M00771_P00978,6.5425616456243585
M00771_P00980,0.0
M00771_P00986,0.0
M00772_P00055,0.0
M00772_P00057,5.456464951239898
M00772_P00059,6.065080930467606
M00772_P00064,0.0
M00772_P00066,0.0
M00772_P00071,6.244168601114654
M00772_P00077,0.0
M00772_P00888,0.0
M00772_P00889,0.0
M00772_P00893,5.734192268312038
M00772_P00894,6.20100688065623
M00772_P00895,6.677552775907994
M00772_P00901,6.038953543075871
M00772_P00909,6.105049298095753
M00773_P00888,7.054905725537417
M00773_P00889,5.3547503939643315
M00773_P00893,5.1875887749279395
M00773_P00894,5.849851140729854
M00773_P00895,5.939857338342576
M00773_P00901,0.0
M00773_P00909,6.101621000406328
M00773_P01146,0.0
M00773_P01157,5.590940168558212
M00773_P01166,0.0
M00773_P01169,0.0
M00774_P00157,0.0
M00774_P00159,5.849420854309912
M00774_P00164,0.0
M00774_P00169,6.452739414246544
M00774_P00171,0.0
M00774_P00175,5.776227103215792
M00774_P00423,6.996409855324733
M00774_P00424,5.857292900157151
M00774_P00425,0.0
M00774_P00426,0.0
M00774_P00431,5.866080634876144
M00774_P00436,5.846616503824611
M00774_P00440,5.80251442612888
M00775_P00266,0.0
M00775_P00271,6.301935175157295
M00775_P00278,7.539901480690108
M00775_P00286,0.0
M00775_P01099,4.68719044005566
M00775_P01107,0.0
M00775_P01108,6.297362068220317
M00775_P01109,6.11107171939882
M00775_P01114,6.139919516832165
M00775_P01118,6.344756002981786
M00776_P00940,5.554272563004904
M00776_P00948,7.055478285972669
M00776_P00950,5.676956406047285
M00776_P00951,7.193275145142696
M00776_P00959,0.0
M00776_P00962,7.049361691156374
M00776_P01099,0.0
M00776_P01107,4.511834803884461
M00776_P01108,0.0
M00776_P01109,0.0
M00776_P01114,0.0
M00776_P01118,6.613543858057241
M00777_P00549,5.182116706568349
M00777_P00552,5.722515237742153
M00777_P00554,0.0
M00777_P00561,0.0
M00777_P00562,5.71565027116991
M00777_P00568,5.955066982001371
M00777_P00732,6.229780925987013
M00777_P00738,0.0
M00777_P00742,0.0
M00777_P00744,6.043652281809505
M00777_P00747,7.3093272907858235
M00777_P00753,4.9110994680622895
M00778_P00157,0.0
M00778_P00159,6.345501854981107
M00778_P00164,5.535512120910319
M00778_P00169,0.0
M00778_P00171,0.0
M00778_P00175,6.250595508829829
M00778_P00443,6.065700983905604
M00778_P00448,5.353804679882115
M00778_P00452,0.0
M00778_P00462,0.0
M00778_P00463,7.627961023435333
M00778_P00465,0.0
M00778_P00468,6.865069803913254
M00779_P00611,5.3181237757683775
M00779_P00618,0.0
M00779_P00619,6.676010150225571
M00779_P00622,6.734338519654109
M00779_P00732,5.700762245585816
M00779_P00738,6.181216114189176
M00779_P00742,0.0
M00779_P00744,0.0
M00779_P00747,7.551760223073966
M00779_P00753,6.76955835851185
M00780_P00965,5.902026674464025
M00780_P00966,0.0
M00780_P00975,6.380547456200759
M00780_P00978,0.0
M00780_P00980,0.0
M00780_P00986,7.597789860249067
M00780_P01120,0.0
M00781_P00032,6.845415568048201
M00781_P00044,0.0
M00781_P00045,5.63519407390039
M00781_P00050,6.272436414199722
M00781_P00052,5.273776497997494
M00781_P00574,0.0
M00781_P00579,0.0
M00781_P00582,6.666559305211057
M00781_P00584,6.022702752367053
M00781_P00586,0.0
M00781_P00590,6.253158336534824
M00782_P00478,0.0
M00782_P00479,6.863203214637566
M00782_P00486,0.0
M00782_P00491,0.0
M00782_P00705,0.0
M00782_P00707,0.0
M00782_P00716,5.808924766572701
M00782_P00718,5.967232452203031
M00782_P00724,0.0
M00782_P00728,0.0
M00783_P00241,0.0
M00783_P00244,6.488781498481027
M00783_P00245,6.906971523390661
M00783_P00248,0.0
M00783_P00255,7.648244937701765
M00783_P00260,6.2791253716252715
M00783_P01201,5.936673562585696
M00783_P01209,5.735523358091296
M00783_P01210,0.0
M00783_P01211,6.583851335036293
M00783_P01214,5.80623425392724
M00784_P00549,0.0
M00784_P00552,4.4957638687913075
M00784_P00554,0.0
M00784_P00561,7.574180595778726
M00784_P00562,6.890120709636744
M00784_P00568,5.2228777335709795
M00784_P00782,6.1904382525442845
M00784_P00786,6.275746475856263
M00784_P00788,0.0
M00784_P00797,6.098838815407196
M00784_P00803,0.0
M00785_P00782,6.585121037265849
M00785_P00786,5.800376885300619
M00785_P00788,7.7490552560271775
M00785_P00797,6.1775202263844236
M00785_P00803,0.0
M00785_P00863,5.724036433149478
M00785_P00880,5.981033974392528
M00785_P00882,0.0
M00786_P00157,0.0
M00786_P00159,6.014347412783924
M00786_P00164,0.0
M00786_P00169,6.661031056073971
M00786_P00171,5.529059781043069
M00786_P00175,0.0
M00786_P00761,7.623096394912451
M00786_P00772,5.493198925616216
M00787_P00108,0.0
M00787_P00110,6.914003630046096
M00787_P00114,0.0
M00787_P00124,0.0
M00787_P00129,0.0
M00787_P00529,5.707419616411326
M00787_P00535,5.577821772774972
M00787_P00536,0.0
M00787_P00542,0.0
M00787_P00543,6.995291176350789
M00788_P00185,6.040931875452744
M00788_P00193,0.0
M00788_P00197,0.0
M00788_P00199,5.70334420133975
M00788_P00200,6.932211856265678
M00788_P01177,0.0
M00788_P01182,0.0
M00788_P01184,0.0
M00788_P01193,6.448901771446804
M00788_P01196,6.727937099937906
M00789_P00157,0.0
M00789_P00159,6.685450364179179
M00789_P00164,0.0
M00789_P00169,0.0
M00789_P00171,5.075062025667503
M00789_P00175,0.0
M00789_P01070,5.786606895332716
M00789_P01074,5.709612612958586
M00789_P01082,0.0
M00790_P00391,0.0
M00790_P00399,5.798915750346257
M00790_P00410,0.0
M00790_P00416,0.0
M00790_P01223,0.0
M00790_P01234,6.9172082228397365
M00790_P01236,0.0
M00790_P01241,0.0
M00790_P01242,6.325923804443289
M00791_P00266,0.0
M00791_P00271,0.0
M00791_P00278,6.863232525335494
M00791_P00286,0.0
M00791_P00922,6.962925638114094
M00791_P00927,5.8798467159379175
M00791_P00931,5.394028120575154
M00791_P00935,5.674919563972003
M00792_P00368,5.237460601913901
M00792_P00372,7.640209297066615
M00792_P00378,0.0
M00792_P00382,0.0
M00792_P00383,0.0
M00792_P00761,6.974605955089336
M00792_P00772,6.002457248569761
M00793_P00287,0.0
M00793_P00290,0.0
M00793_P00291,5.07124797702112
M00793_P00295,7.068829645885016
M00793_P00297,0.0
M00793_P00298,5.841227022049138
M00793_P00299,0.0
M00793_P00304,6.4014060299602065
M00793_P00307,5.9756936784066665
M00793_P00309,0.0
M00793_P00310,5.551054029877962
M00793_P01070,6.083091332139862
M00793_P01074,7.253993321180147
M00793_P01082,0.0
M00794_P00032,6.950577938850489
M00794_P00044,6.962453415139317
M00794_P00045,0.0
M00794_P00050,0.0
M00794_P00052,6.321859711433098
M00794_P00655,0.0
M00794_P00662,0.0
M00794_P00666,0.0
M00794_P00668,6.616143916882953
M00794_P00669,0.0
M00794_P00673,0.0
M00794_P00674,6.099804030866185
M00795_P00732,6.718432224024797
M00795_P00738,5.284405061459726
M00795_P00742,6.511655397587604
M00795_P00744,6.2644517371804955
M00795_P00747,0.0
M00795_P00753,6.277469082246512
M00795_P00991,0.0
M00795_P00993,5.426672080891699
M00795_P00997,0.0
M00795_P01000,5.87773443807338
M00795_P01010,5.981276467348832
M00796_P00011,6.203948371152601
M00796_P00024,6.382720622302088
M00796_P01201,6.144508122961547
M00796_P01209,5.8576109397994065
M00796_P01210,0.0
M00796_P01211,0.0
M00796_P01214,6.164804319885421
M00797_P00443,0.0
M00797_P00448,0.0
M00797_P00452,5.9457507783529335
M00797_P00462,4.839533884850371
M00797_P00463,6.254205438513633
M00797_P00465,7.556375273310776
M00797_P00468,6.826885910495388
M00797_P01201,5.81909238131
M00797_P01209,6.089239391420621
M00797_P01210,5.6700518814932614
M00797_P01211,6.703849138241748
M00797_P01214,5.830399855110736
M00798_P00157,0.0
M00798_P00159,5.9434231376846585
M00798_P00164,5.625011525489727
M00798_P00169,0.0
M00798_P00171,7.635551439665552
M00798_P00175,0.0
M00798_P00940,5.2693122805249235
M00798_P00948,0.0
M00798_P00950,0.0
M00798_P00951,6.1268191888565084
M00798_P00959,6.483466731858655
M00798_P00962,0.0
M00799_P00529,0.0
M00799_P00535,5.948410867832161
M00799_P00536,5.517379100653935
M00799_P00542,5.842081283099859
M00799_P00543,6.785258430513276
M00799_P00611,6.554646339788441
M00799_P00618,0.0
M00799_P00619,0.0
M00799_P00622,5.654828552398862
M00800_P00185,0.0
M00800_P00193,5.144621128365788
M00800_P00197,0.0
M00800_P00199,6.394446985147461
M00800_P00200,5.431337023219778
M00800_P00443,0.0
M00800_P00448,6.035155758074563
M00800_P00452,0.0
M00800_P00462,5.892000367829085
M00800_P00463,6.5094393332261085
M00800_P00465,0.0
M00800_P00468,5.822425536750703
M00801_P00863,6.140588310588324
M00801_P00880,6.2293314734614365
M00801_P00882,0.0
M00801_P01070,0.0
M00801_P01074,6.834689639977782
M00801_P01082,4.939462021760351
M00802_P00655,5.547234591712954
M00802_P00662,6.342837563674047
M00802_P00666,0.0
M00802_P00668,0.0
M00802_P00669,5.724922404543152
M00802_P00673,6.229372514392295
M00802_P00674,6.042462488963138
M00802_P01020,6.247160874128326
M00802_P01034,6.571144400377143
M00802_P01037,4.961999779306632
M00802_P01038,5.640559640964008
M00803_P00574,0.0
M00803_P00579,0.0
M00803_P00582,5.977942392430899
M00803_P00584,0.0
M00803_P00586,0.0
M00803_P00590,6.891043128629327
M00803_P00611,6.623451865747886
M00803_P00618,0.0
M00803_P00619,5.529433298427041
M00803_P00622,6.204920213434102
M00804_P01120,5.737311769526296
M00804_P01201,0.0
M00804_P01209,5.847627847918957
M00804_P01210,6.604570910704604
M00804_P01211,6.755531339700031
M00804_P01214,6.3981281857579315
M00805_P00209,0.0
M00805_P00210,6.850426935426777
M00805_P00211,0.0
M00805_P00219,5.70179074583242
M00805_P00221,0.0
M00805_P00222,0.0
M00805_P00232,0.0
M00805_P00234,0.0
M00805_P01120,6.2343302262813705
M00806_P00391,0.0
M00806_P00399,6.502756568773191
M00806_P00410,0.0
M00806_P00416,7.024486053385036
M00806_P00529,0.0
M00806_P00535,6.662849445192885
M00806_P00536,6.421665259762548
M00806_P00542,0.0
M00806_P00543,6.336249866263026
M00807_P00611,0.0
M00807_P00618,0.0
M00807_P00619,0.0
M00807_P00622,6.226579010765157
M00807_P01177,6.316142033889646
M00807_P01182,6.0067424067084305
M00807_P01184,6.452975589784807
M00807_P01193,0.0
M00807_P01196,6.374072152752509
M00808_P00678,0.0
M00808_P00679,6.237575937576215
M00808_P00680,0.0
M00808_P00681,5.137889518692278
M00808_P00683,6.31344171581337
M00808_P00694,5.765332965431065
M00808_P01020,0.0
M00808_P01034,5.625306100682343
M00808_P01037,0.0
M00808_P01038,0.0
M00809_P00287,0.0
M00809_P00290,5.655594925919759
M00809_P00291,5.7788568132936975
M00809_P00295,0.0
M00809_P00297,0.0
M00809_P00298,6.946898855806167
M00809_P00299,5.167332825986371
M00809_P00304,5.697841768211823
M00809_P00307,7.183729742995711
M00809_P00309,0.0
M00809_P00310,6.364421115681393
M00809_P00705,0.0
M00809_P00707,5.240748629534801
M00809_P00716,0.0
M00809_P00718,7.6558406703261905
M00809_P00724,5.703224189307838
M00809_P00728,0.0
M00810_P00266,0.0
M00810_P00271,0.0
M00810_P00278,7.5541719252012784
M00810_P00286,7.059258139427007
M00810_P00922,6.648742788985872
M00810_P00927,6.231277185013523
M00810_P00931,4.765722793871719
M00810_P00935,0.0
M00811_P00209,0.0
M00811_P00210,0.0
M00811_P00211,5.738255292148453
M00811_P00219,0.0
M00811_P00221,6.8572017453360825
M00811_P00222,5.5769856261748485
M00811_P00232,6.102053512760108
M00811_P00234,6.803312169464283
M00811_P00313,0.0
M00811_P00324,6.176054036130069
M00811_P00329,5.675211737558056
M00811_P00333,6.188117985272877
M00811_P00334,6.570552649054209
M00812_P00079,7.090999397004191
M00812_P00082,5.543502421162781
M00812_P00087,6.864014667927168
M00812_P00097,6.422381124011136
M00812_P00102,5.7466187323384785
M00812_P01020,0.0
M00812_P01034,0.0
M00812_P01037,5.728100857042156
M00812_P01038,6.073358177128058
M00813_P00209,0.0
M00813_P00210,6.665353720024141
M00813_P00211,0.0
M00813_P00219,0.0
M00813_P00221,6.360410257568575
M00813_P00222,6.648324010552119
M00813_P00232,6.175886860232152
M00813_P00234,0.0
M00813_P00807,0.0
M00813_P00812,0.0
M00813_P00819,6.55238411329748
M00813_P00826,6.59957465959837
M00813_P00827,0.0
M00814_P00835,0.0
M00814_P00840,0.0
M00814_P00844,0.0
M00814_P00847,5.3579321258393975
M00814_P00848,6.705144805805689
M00814_P00856,0.0
M00814_P00922,0.0
M00814_P00927,7.14182508070893
M00814_P00931,0.0
M00814_P00935,6.030803937990866
M00815_P00678,0.0
M00815_P00679,6.919399901559604
M00815_P00680,0.0
M00815_P00681,6.284065034289944
M00815_P00683,0.0
M00815_P00694,6.857980272902509
M00815_P01146,6.801089645599339
M00815_P01157,0.0
M00815_P01166,0.0
M00815_P01169,4.946920152690684
M00816_P00732,6.009389371271145
M00816_P00738,5.617520492249365
M00816_P00742,5.719933600631702
M00816_P00744,6.4225998387518235
M00816_P00747,0.0
M00816_P00753,0.0
M00816_P01177,5.738781835273784
M00816_P01182,5.580131338724463
M00816_P01184,0.0
M00816_P01193,0.0
M00816_P01196,5.587271919454509
M00817_P00136,7.018348004874319
M00817_P00141,6.776890625233616
M00817_P00148,0.0
M00817_P00156,6.503649817957937
M00817_P00965,6.645904224341299
M00817_P00966,0.0
M00817_P00975,7.161302940787932
M00817_P00978,6.933223857593822
M00817_P00980,0.0
M00817_P00986,0.0
M00818_P00055,0.0
M00818_P00057,0.0
M00818_P00059,0.0
M00818_P00064,6.447638963117319
M00818_P00066,7.162760806220287
M00818_P00071,5.647703049490482
M00818_P00077,6.215230888935263
M00818_P00478,5.37735980048225
M00818_P00479,0.0
M00818_P00486,0.0
M00818_P00491,6.317488333092083
M00819_P00478,6.576305576669443
M00819_P00479,0.0
M00819_P00486,0.0
M00819_P00491,5.535270999640626
M00819_P00888,0.0
M00819_P00889,5.420490781305011
M00819_P00893,5.926182292953121
M00819_P00894,6.729164695912733
M00819_P00895,5.574711284770417
M00819_P00901,7.272866367199973
M00819_P00909,6.638715271084566
M00820_P00807,0.0
M00820_P00812,7.363143551524843
M00820_P00819,6.441131432115271
M00820_P00826,6.354451359578636
M00820_P00827,0.0
M00820_P00940,5.598069639921185
M00820_P00948,6.20856204361832
M00820_P00950,0.0
M00820_P00951,6.587650997898087
M00820_P00959,0.0
M00820_P00962,7.0271231469552395
M00821_P00185,5.549233551832904
M00821_P00193,7.188619378128254
M00821_P00197,5.4838935721942805
M00821_P00199,0.0
M00821_P00200,0.0
M00821_P00940,0.0
M00821_P00948,0.0
M00821_P00950,7.156724967705467
M00821_P00951,0.0
M00821_P00959,5.348846553373528
M00821_P00962,7.303987231462706
M00822_P00055,0.0
M00822_P00057,6.618068288196399
M00822_P00059,6.001104649948072
M00822_P00064,5.145583641122924
M00822_P00066,8.132190817426146
M00822_P00071,7.441522948770277
M00822_P00077,6.974074231642036
M00822_P00888,6.293539811485008
M00822_P00889,6.2321427139477095
M00822_P00893,6.637240455894307
M00822_P00894,0.0
M00822_P00895,6.860134905154953
M00822_P00901,6.614628160995335
M00822_P00909,6.55071207470669
M00823_P00345,0.0
M00823_P00347,6.586526207487005
M00823_P00351,5.990453626873881
M00823_P00353,0.0
M00823_P00359,6.982769717004724
M00823_P00362,7.243769189846547
M00823_P00888,0.0
M00823_P00889,5.794166920210412
M00823_P00893,5.03705535373534
M00823_P00894,6.744948561785412
M00823_P00895,0.0
M00823_P00901,7.612482913588522
M00823_P00909,0.0
M00824_P01070,5.759865586608911
M00824_P01074,5.773905964808014
M00824_P01082,5.373802362804419
M00824_P01223,0.0
M00824_P01234,7.193620490423598
M00824_P01236,6.795761816633405
M00824_P01241,0.0
M00824_P01242,0.0
M00825_P00055,5.0186401879193046
M00825_P00057,0.0
M00825_P00059,0.0
M00825_P00064,0.0
M00825_P00066,7.7195611720512405
M00825_P00071,0.0
M00825_P00077,6.945590106787705
M00825_P00515,0.0
M00826_P00136,6.546147876036652
M00826_P00141,7.415731947248242
M00826_P00148,6.6620841362120835
M00826_P00156,0.0
M00826_P00574,0.0
M00826_P00579,6.271170183372284
M00826_P00582,0.0
M00826_P00584,5.293883068714336
M00826_P00586,6.40111673192432
M00826_P00590,6.359987509768463
M00827_P00345,0.0
M00827_P00347,6.037040191368058
M00827_P00351,5.857728875077784
M00827_P00353,0.0
M00827_P00359,0.0
M00827_P00362,5.159532975659457
M00827_P00391,6.623491113628052
M00827_P00399,5.743016044793805
M00827_P00410,5.399458783837847
M00827_P00416,5.490817814822246
M00828_P01020,0.0
M00828_P01034,0.0
M00828_P01037,5.82352965542708
M00828_P01038,0.0
M00828_P01177,0.0
M00828_P01182,0.0
M00828_P01184,6.016925341903876
M00828_P01193,5.885866268410005
M00828_P01196,7.053405568344683
M00829_P00266,0.0
M00829_P00271,6.972816478875632
M00829_P00278,0.0
M00829_P00286,0.0
M00829_P01041,0.0
M00829_P01042,5.891306236050173
M00829_P01048,0.0
M00829_P01049,0.0
M00829_P01051,5.306474327184095
M00829_P01055,5.642691982084398
M00829_P01063,0.0
M00829_P01064,0.0
M00830_P00079,0.0
M00830_P00082,5.789544529812093
M00830_P00087,0.0
M00830_P00097,0.0
M00830_P00102,6.469010115233965
M00830_P00345,0.0
M00830_P00347,0.0
M00830_P00351,5.991928411015136
M00830_P00353,0.0
M00830_P00359,6.480323248501514
M00830_P00362,0.0
M00831_P00443,6.851386834840727
M00831_P00448,0.0
M00831_P00452,5.1744186746491385
M00831_P00462,5.950094859717103
M00831_P00463,5.495162331707533
M00831_P00465,0.0
M00831_P00468,0.0
M00831_P00888,0.0
M00831_P00889,5.9373066441499756
M00831_P00893,0.0
M00831_P00894,6.883686639870107
M00831_P00895,6.4050457401125716
M00831_P00901,6.7952815299958695
M00831_P00909,0.0
M00832_P00529,0.0
M00832_P00535,5.847367318017526
M00832_P00536,6.5164906227046115
M00832_P00542,0.0
M00832_P00543,7.597710604772679
M00832_P01201,6.171303303291175
M00832_P01209,6.285815463407217
M00832_P01210,0.0
M00832_P01211,0.0
M00832_P01214,5.6388774708612255
M00833_P00443,5.726539165292149
M00833_P00448,5.3818642524038385
M00833_P00452,5.49081733386428
M00833_P00462,5.573006633387585
M00833_P00463,0.0
M00833_P00465,6.6791604915556615
M00833_P00468,6.311161003268147
M00833_P00940,5.311735350722989
M00833_P00948,6.3278748083488425
M00833_P00950,6.453184737607591
M00833_P00951,0.0
M00833_P00959,5.671945193701779
M00833_P00962,5.9289182774656215
M00834_P00209,6.828677907844076
M00834_P00210,0.0
M00834_P00211,0.0
M00834_P00219,5.194305585724212
M00834_P00221,5.653294243712569
M00834_P00222,0.0
M00834_P00232,5.516703485990048
M00834_P00234,7.512272938399752
M00834_P00705,6.279907240461661
M00834_P00707,5.559150935097644
M00834_P00716,0.0
M00834_P00718,0.0
M00834_P00724,5.426899452290978
M00834_P00728,0.0
M00835_P00209,0.0
M00835_P00210,7.288115880886279
M00835_P00211,0.0
M00835_P00219,5.528851928826098
M00835_P00221,7.100555301271986
M00835_P00222,6.42118917747287
M00835_P00232,5.923504528013457
M00835_P00234,7.822183103323075
M00835_P01070,5.191505797740197
M00835_P01074,0.0
M00835_P01082,6.458423831019937
M00836_P00241,0.0
M00836_P00244,6.045348994553114
M00836_P00245,6.335430260080061
M00836_P00248,0.0
M00836_P00255,7.094186539721267
M00836_P00260,6.765610624211579
M00836_P00391,0.0
M00836_P00399,0.0
M00836_P00410,6.161826804666705
M00836_P00416,6.801793996450622
M00837_P00391,0.0
M00837_P00399,7.185306904014218
M00837_P00410,6.080316553861734
M00837_P00416,6.079869295935904
M00837_P01146,6.325077223755445
M00837_P01157,5.72306743524015
M00837_P01166,0.0
M00837_P01169,5.140724023397644
M00838_P00241,5.961562109878248
M00838_P00244,6.45866775721754
M00838_P00245,6.281058357978525
M00838_P00248,0.0
M00838_P00255,0.0
M00838_P00260,6.972179278163191
M00838_P00965,0.0
M00838_P00966,5.807161872542407
M00838_P00975,6.567164898744507
M00838_P00978,0.0
M00838_P00980,6.407968784443286
M00838_P00986,0.0
M00839_P00678,0.0
M00839_P00679,6.874305788353521
M00839_P00680,0.0
M00839_P00681,0.0
M00839_P00683,5.529091979469991
M00839_P00694,6.844501094173049
M00839_P01041,0.0
M00839_P01042,0.0
M00839_P01048,0.0
M00839_P01049,6.742572711874192
M00839_P01051,6.078557587262599
M00839_P01055,6.851285465292339
M00839_P01063,0.0
M00839_P01064,0.0
M00840_P00108,5.781017072943252
M00840_P00110,5.996928325908915
M00840_P00114,7.6853538093131455
M00840_P00124,6.434042048225426
M00840_P00129,6.075667696542338
M00840_P01070,6.244473353534959
M00840_P01074,5.954243153783176
M00840_P01082,5.227928721550082
M00841_P00655,5.53322342192334
M00841_P00662,0.0
M00841_P00666,0.0
M00841_P00668,6.751504600431254
M00841_P00669,5.707408144126464
M00841_P00673,7.1193994106109715
M00841_P00674,6.256882776610084
M00841_P00863,0.0
M00841_P00880,6.685366417747702
M00841_P00882,0.0
M00842_P00611,0.0
M00842_P00618,0.0
M00842_P00619,6.538239000965677
M00842_P00622,0.0
M00842_P01146,7.388759879329386
M00842_P01157,0.0
M00842_P01166,6.688099937684779
M00842_P01169,0.0
M00843_P00529,0.0
M00843_P00535,5.934983444804127
M00843_P00536,5.82701094760649
M00843_P00542,5.998998523329801
M00843_P00543,6.965135578058415
M00843_P00991,7.767176827373806
M00843_P00993,4.5849577543328905
M00843_P00997,0.0
M00843_P01000,5.986563547052915
M00843_P01010,6.2950229640166455
M00844_P00761,6.47038407352129
M00844_P00772,0.0
M00844_P01201,6.244341661001354
M00844_P01209,6.065715679489053
M00844_P01210,5.824828063158417
M00844_P01211,0.0
M00844_P01214,5.9981093106646
M00845_P00108,6.4296502143680545
M00845_P00110,6.422996605952582
M00845_P00114,6.931631546804335
M00845_P00124,6.367892786191847
M00845_P00129,6.986695616290235
M00845_P00922,5.542661183767094
M00845_P00927,6.623844974546708
M00845_P00931,5.743316006712234
M00845_P00935,6.6492102154830075
M00846_P00345,5.6515832860955335
M00846_P00347,7.0984614322933925
M00846_P00351,6.328883426173242
M00846_P00353,6.625448619659121
M00846_P00359,6.195076281211796
M00846_P00362,6.348354519266851
M00846_P00705,5.98394300099757
M00846_P00707,0.0
M00846_P00716,0.0
M00846_P00718,0.0
M00846_P00724,0.0
M00846_P00728,6.984103572030493
M00847_P00478,5.790239205190853
M00847_P00479,7.1756518547046255
M00847_P00486,0.0
M00847_P00491,6.03672345088069
M00847_P00529,0.0
M00847_P00535,0.0
M00847_P00536,0.0
M00847_P00542,0.0
M00847_P00543,6.260346580791644
M00848_P00807,5.682160452557934
M00848_P00812,8.009982450269398
M00848_P00819,0.0
M00848_P00826,0.0
M00848_P00827,7.171201875254207
M00848_P00940,5.820391646961175
M00848_P00948,5.943290387498103
M00848_P00950,6.56961659937827
M00848_P00951,6.67366948857563
M00848_P00959,0.0
M00848_P00962,7.057803216097111
M00849_P00079,7.222485210617059
M00849_P00082,0.0
M00849_P00087,6.724263769683573
M00849_P00097,6.280341266864793
M00849_P00102,0.0
M00849_P01120,6.469800233604057
M00850_P00761,7.7678973396594095
M00850_P00772,0.0
M00850_P01041,0.0
M00850_P01042,0.0
M00850_P01048,5.785992682344551
M00850_P01049,7.956244469964584
M00850_P01051,0.0
M00850_P01055,5.651659295939636
M00850_P01063,0.0
M00850_P01064,5.733465128353254
M00851_P00266,7.004004171689608
M00851_P00271,4.857121386979958
M00851_P00278,7.926039261523325
M00851_P00286,6.448635891070582
M00851_P00761,6.284351631183114
M00851_P00772,6.069821879589718
M00852_P00313,0.0
M00852_P00324,0.0
M00852_P00329,6.683810009754686
M00852_P00333,0.0
M00852_P00334,0.0
M00852_P00705,5.682148693202477
M00852_P00707,6.1953983157183625
M00852_P00716,6.063791632755474
M00852_P00718,7.949955434386591
M00852_P00724,0.0
M00852_P00728,5.629726844407447
M00853_P00515,5.66677824163969
M00853_P01070,6.3261207028231645
M00853_P01074,6.466257849011272
M00853_P01082,6.989667109436513
M00854_P00136,6.731749428913387
M00854_P00141,8.056050298876787
M00854_P00148,0.0
M00854_P00156,6.8044976192639535
M00854_P01099,6.290960542545214
M00854_P01107,0.0
M00854_P01108,6.368527556731371
M00854_P01109,4.993248377659679
M00854_P01114,7.0877742265364
M00854_P01118,0.0
M00855_P00136,6.857639174191542
M00855_P00141,7.661719979704383
M00855_P00148,7.158724682658251
M00855_P00156,0.0
M00855_P00625,0.0
M00855_P00630,6.220733072935319
M00855_P00632,5.436240505271751
M00855_P00635,0.0
M00855_P00644,6.4271131227249185
M00855_P00645,0.0
M00855_P00650,5.982263558443547
M00856_P00079,0.0
M00856_P00082,5.332129879272405
M00856_P00087,6.9370121120536785
M00856_P00097,6.695412588861254
M00856_P00102,5.6068149320419804
M00856_P00678,5.839181744755946
M00856_P00679,0.0
M00856_P00680,0.0
M00856_P00681,6.005988031783947
M00856_P00683,0.0
M00856_P00694,6.257191053414646
M00857_P01146,7.471369875274253
M00857_P01157,4.979040037940546
M00857_P01166,6.274730184728764
M00857_P01169,6.954715534682835
M00857_P01201,0.0
M00857_P01209,0.0
M00857_P01210,0.0
M00857_P01211,0.0
M00857_P01214,0.0
M00858_P00705,0.0
M00858_P00707,6.236459144080032
M00858_P00716,0.0
M00858_P00718,0.0
M00858_P00724,0.0
M00858_P00728,6.325085513424215
M00858_P01099,0.0
M00858_P01107,0.0
M00858_P01108,6.38780560018349
M00858_P01109,0.0
M00858_P01114,6.707800621988444
M00858_P01118,0.0
M00859_P00011,0.0
M00859_P00024,0.0
M00859_P00368,0.0
M00859_P00372,0.0
M00859_P00378,6.2181350048322654
M00859_P00382,5.449989218889369
M00859_P00383,0.0
M00860_P00209,6.694404093307714
M00860_P00210,0.0
M00860_P00211,0.0
M00860_P00219,6.082234234876598
M00860_P00221,0.0
M00860_P00222,5.986804909775122
M00860_P00232,5.4462765320072135
M00860_P00234,0.0
M00860_P00991,7.050815821939546
M00860_P00993,0.0
M00860_P00997,6.414453184605381
M00860_P01000,5.807332958989226
M00860_P01010,0.0
M00861_P00011,0.0
M00861_P00024,0.0
M00861_P00032,0.0
M00861_P00044,7.548848703710522
M00861_P00045,0.0
M00861_P00050,0.0
M00861_P00052,6.554510371499681
M00862_P00185,0.0
M00862_P00193,5.90774799564428
M00862_P00197,5.408803737040113
M00862_P00199,6.1406201644492375
M00862_P00200,5.573304171398334
M00862_P00732,0.0
M00862_P00738,4.846818974250905
M00862_P00742,0.0
M00862_P00744,6.255814423714897
M00862_P00747,0.0
M00862_P00753,5.87226499934354
M00863_P00108,0.0
M00863_P00110,5.241152334159082
M00863_P00114,7.48874253301024
M00863_P00124,0.0
M00863_P00129,5.608558619406958
M00863_P00782,0.0
M00863_P00786,0.0
M00863_P00788,0.0
M00863_P00797,6.414180079976191
M00863_P00803,0.0
M00864_P00136,6.692591502185889
M00864_P00141,0.0
M00864_P00148,6.622878657579955
M00864_P00156,0.0
M00864_P01223,0.0
M00864_P01234,0.0
M00864_P01236,0.0
M00864_P01241,5.775961981624687
M00864_P01242,6.177151802352167
M00865_P00529,0.0
M00865_P00535,0.0
M00865_P00536,5.362606738821443
M00865_P00542,6.154776629450842
M00865_P00543,6.582200060703091
M00865_P00625,6.646014712612397
M00865_P00630,0.0
M00865_P00632,6.647983695892071
M00865_P00635,5.673948825063375
M00865_P00644,0.0
M00865_P00645,0.0
M00865_P00650,6.800305343979681
M00866_P00209,0.0
M00866_P00210,7.659977609622256
M00866_P00211,0.0
M00866_P00219,5.679001614799641
M00866_P00221,6.135683474450072
M00866_P00222,0.0
M00866_P00232,0.0
M00866_P00234,8.377697848124093
M00866_P00625,0.0
M00866_P00630,4.750082566987664
M00866_P00632,6.129469142805439
M00866_P00635,0.0
M00866_P00644,0.0
M00866_P00645,6.836182988805101
M00866_P00650,0.0
M00867_P00108,0.0
M00867_P00110,6.3721617043532195
M00867_P00114,6.84412819412457
M00867_P00124,6.955606690215332
M00867_P00129,5.949772097048146
M00867_P00888,5.667108687650629
M00867_P00889,0.0
M00867_P00893,5.370235925484753
M00867_P00894,5.949632491461159
M00867_P00895,6.820506073862042
M00867_P00901,0.0
M00867_P00909,0.0
M00868_P01020,0.0
M00868_P01034,5.121178956377611
M00868_P01037,0.0
M00868_P01038,6.284211803568299
M00868_P01099,0.0
M00868_P01107,6.727059191325821
M00868_P01108,0.0
M00868_P01109,6.956345496889376
M00868_P01114,5.516051048074992
M00868_P01118,0.0
M00869_P00574,0.0
M00869_P00579,6.711653409990603
M00869_P00582,6.798788521061063
M00869_P00584,6.521842891225507
M00869_P00586,5.711546548631789
M00869_P00590,6.783364653237276
M00869_P01223,0.0
M00869_P01234,0.0
M00869_P01236,6.072287033528436
M00869_P01241,6.793447620915328
M00869_P01242,5.566888119110452
M00870_P00678,0.0
M00870_P00679,7.666524769503102
M00870_P00680,7.182074260712589
M00870_P00681,5.99498286842441
M00870_P00683,0.0
M00870_P00694,0.0
M00870_P01041,0.0
M00870_P01042,6.451036231759413
M00870_P01048,0.0
M00870_P01049,6.32473147006187
M00870_P01051,0.0
M00870_P01055,0.0
M00870_P01063,5.232984183632293
M00870_P01064,5.835735382230802
M00871_P00136,6.587568143560571
M00871_P00141,6.591596953410029
M00871_P00148,5.732925373877789
M00871_P00156,6.776703517220684
M00871_P00345,0.0
M00871_P00347,0.0
M00871_P00351,0.0
M00871_P00353,0.0
M00871_P00359,6.916397607408664
M00871_P00362,0.0
M00872_P00185,0.0
M00872_P00193,0.0
M00872_P00197,6.225090489727057
M00872_P00199,0.0
M00872_P00200,6.560258295773221
M00872_P00991,7.226325297638999
M00872_P00993,0.0
M00872_P00997,5.532222574625789
M00872_P01000,6.421417669027539
M00872_P01010,5.952411852857878
M00873_P00574,0.0
M00873_P00579,0.0
M00873_P00582,0.0
M00873_P00584,6.167190734304741
M00873_P00586,6.074124377797453
M00873_P00590,6.954058278136781
M00873_P00732,5.884715709351894
M00873_P00738,5.829966249058861
M00873_P00742,0.0
M00873_P00744,6.26346497113676
M00873_P00747,7.491670678455799
M00873_P00753,6.851639863151572
M00874_P00391,0.0
M00874_P00399,0.0
M00874_P00410,0.0
M00874_P00416,6.645950443177334
M00874_P00478,5.4677120397039065
M00874_P00479,0.0
M00874_P00486,6.125637012122084
M00874_P00491,0.0
M00875_P00391,0.0
M00875_P00399,0.0
M00875_P00410,6.770184196079498
M00875_P00416,0.0
M00875_P00940,6.283023049695033
M00875_P00948,0.0
M00875_P00950,6.664442660603754
M00875_P00951,6.002524072570866
M00875_P00959,6.334753352699379
M00875_P00962,0.0
M00876_P00032,6.3476794118268405
M00876_P00044,5.931209458583075
M00876_P00045,6.900491382277417
M00876_P00050,0.0
M00876_P00052,0.0
M00876_P01146,0.0
M00876_P01157,5.7789503122912915
M00876_P01166,0.0
M00876_P01169,6.706225108540926
M00877_P00345,0.0
M00877_P00347,0.0
M00877_P00351,6.721931530281336
M00877_P00353,6.361839564846894
M00877_P00359,0.0
M00877_P00362,0.0
M00877_P00888,0.0
M00877_P00889,6.387416458888556
M00877_P00893,5.831415484676923
M00877_P00894,6.146872454062542
M00877_P00895,0.0
M00877_P00901,6.5946070089982225
M00877_P00909,0.0
M00878_P00655,5.792233251499656
M00878_P00662,0.0
M00878_P00666,0.0
M00878_P00668,5.429069465177163
M00878_P00669,6.088635021199773
M00878_P00673,0.0
M00878_P00674,0.0
M00878_P01223,4.935363741952022
M00878_P01234,0.0
M00878_P01236,0.0
M00878_P01241,6.381503510545681
M00878_P01242,6.327200731497421
M00879_P00391,0.0
M00879_P00399,0.0
M00879_P00410,0.0
M00879_P00416,5.941612098755446
M00879_P00835,0.0
M00879_P00840,6.515452428891159
M00879_P00844,5.494919613989477
M00879_P00847,5.3244223002034685
M00879_P00848,6.438125812016246
M00879_P00856,6.8146369632357136
M00880_P00391,5.340851238727142
M00880_P00399,0.0
M00880_P00410,6.046382788459548
M00880_P00416,0.0
M00880_P00835,0.0
M00880_P00840,0.0
M00880_P00844,6.145666058719863
M00880_P00847,5.3231213779343225
M00880_P00848,0.0
M00880_P00856,0.0
M00881_P00011,0.0
M00881_P00024,7.291712747448732
M00881_P00863,0.0
M00881_P00880,5.700324893412216
M00881_P00882,0.0
M00882_P00209,0.0
M00882_P00210,7.194128241714711
M00882_P00211,0.0
M00882_P00219,5.9014968651472115
M00882_P00221,6.048281714542901
M00882_P00222,6.459510652587991
M00882_P00232,0.0
M00882_P00234,6.985858081047904
M00882_P00655,0.0
M00882_P00662,6.245156399326578
M00882_P00666,6.761659319789225
M00882_P00668,0.0
M00882_P00669,6.64972041483129
M00882_P00673,7.6301565231388695
M00882_P00674,5.302535231316283
M00883_P00611,6.26777831502385
M00883_P00618,6.363872894543064
M00883_P00619,0.0
M00883_P00622,6.23829187808471
M00883_P00922,5.803701698737493
M00883_P00927,0.0
M00883_P00931,5.323978816522766
M00883_P00935,6.5623758866891
M00884_P00108,5.913359297082638
M00884_P00110,0.0
M00884_P00114,6.751659875198144
M00884_P00124,0.0
M00884_P00129,6.008194030233231
M00884_P00782,0.0
M00884_P00786,0.0
M00884_P00788,6.969237891324608
M00884_P00797,0.0
M00884_P00803,7.469900281030484
M00885_P00011,6.291253204785364
M00885_P00024,5.3085851052626545
M00885_P00443,0.0
M00885_P00448,0.0
M00885_P00452,0.0
M00885_P00462,6.199190775753903
M00885_P00463,0.0
M00885_P00465,0.0
M00885_P00468,0.0
M00886_P00079,0.0
M00886_P00082,0.0
M00886_P00087,7.28810173200455
M00886_P00097,5.443792027706699
M00886_P00102,5.313540580136979
M00886_P00678,6.1379322187973635
M00886_P00679,0.0
M00886_P00680,6.168237767306299
M00886_P00681,0.0
M00886_P00683,0.0
M00886_P00694,0.0
M00887_P01041,0.0
M00887_P01042,4.902331864550674
M00887_P01048,6.590447411979488
M00887_P01049,7.168692801615417
M00887_P01051,0.0
M00887_P01055,5.722227089787067
M00887_P01063,0.0
M00887_P01064,6.658397575930592
M00887_P01201,0.0
M00887_P01209,5.932891802384976
M00887_P01210,0.0
M00887_P01211,6.762687496283014
M00887_P01214,6.069923878709205
M00888_P00705,0.0
M00888_P00707,6.176370510871119
M00888_P00716,0.0
M00888_P00718,6.873807952852181
M00888_P00724,6.762044629191827
M00888_P00728,6.711200900971063
M00888_P01177,5.45939565849528
M00888_P01182,0.0
M00888_P01184,0.0
M00888_P01193,6.0906289556927335
M00888_P01196,0.0
M00889_P00888,0.0
M00889_P00889,0.0
M00889_P00893,5.9512698320757895
M00889_P00894,6.968070025537883
M00889_P00895,6.348234929173276
M00889_P00901,6.33363636355238
M00889_P00909,5.934721349563578
M00889_P01041,0.0
M00889_P01042,0.0
M00889_P01048,0.0
M00889_P01049,0.0
M00889_P01051,6.692326246316178
M00889_P01055,0.0
M00889_P01063,7.215402946077604
M00889_P01064,0.0
M00890_P00136,7.454174846192621
M00890_P00141,6.663021404888809
M00890_P00148,5.355624194886653
M00890_P00156,6.385682039027202
M00890_P00443,0.0
M00890_P00448,0.0
M00890_P00452,6.394133232138811
M00890_P00462,0.0
M00890_P00463,6.42349170368367
M00890_P00465,5.849993314031587
M00890_P00468,5.408045882359641
M00891_P00345,0.0
M00891_P00347,0.0
M00891_P00351,5.795832409147343
M00891_P00353,6.339816581509939
M00891_P00359,6.952619488623179
M00891_P00362,0.0
M00891_P00835,6.9583454051166065
M00891_P00840,0.0
M00891_P00844,5.271568736129365
M00891_P00847,5.8822953921505725
M00891_P00848,0.0
M00891_P00856,6.059519984945597
M00892_P00655,6.698722469337401
M00892_P00662,6.010229850637083
M00892_P00666,6.4052065696770235
M00892_P00668,6.563054664303353
M00892_P00669,7.1735738697560505
M00892_P00673,6.015293196376728
M00892_P00674,0.0
M00892_P00991,0.0
M00892_P00993,0.0
M00892_P00997,0.0
M00892_P01000,6.2769197203452665
M00892_P01010,0.0
M00893_P00515,0.0
M00893_P01177,5.20668797322506
M00893_P01182,5.095160076630993
M00893_P01184,0.0
M00893_P01193,0.0
M00893_P01196,6.79555505758627
M00894_P00079,0.0
M00894_P00082,5.778979242196014
M00894_P00087,6.00436022990569
M00894_P00097,6.558917862597658
M00894_P00102,0.0
M00894_P00423,7.634161095332391
M00894_P00424,6.443432105795222
M00894_P00425,0.0
M00894_P00426,6.705630749445056
M00894_P00431,6.027958080524062
M00894_P00436,0.0
M00894_P00440,5.9243234031579535
M00895_P00185,0.0
M00895_P00193,0.0
M00895_P00197,0.0
M00895_P00199,6.937715939186729
M00895_P00200,5.89695311128537
M00895_P00782,0.0
M00895_P00786,0.0
M00895_P00788,0.0
M00895_P00797,6.682772434330083
M00895_P00803,6.320709132054787
M00896_P00515,5.284783660503486
M00896_P01120,0.0
M00897_P00011,5.445315494326869
M00897_P00024,0.0
M00897_P00185,0.0
M00897_P00193,6.223772687019549
M00897_P00197,5.533825871246888
M00897_P00199,6.679025348231289
M00897_P00200,6.140816205594657
M00898_P00011,0.0
M00898_P00024,6.050169661959947
M00898_P01146,7.620375181875293
M00898_P01157,0.0
M00898_P01166,5.900697549626499
M00898_P01169,0.0
M00899_P00574,5.384135438578875
M00899_P00579,0.0
M00899_P00582,6.24693697619262
M00899_P00584,0.0
M00899_P00586,5.658304693276694
M00899_P00590,6.639029481699238
M00899_P00888,0.0
M00899_P00889,7.178871318263891
M00899_P00893,0.0
M00899_P00894,5.473992762009019
M00899_P00895,6.165313913824952
M00899_P00901,7.314125360834938
M00899_P00909,0.0
M00900_P00266,0.0
M00900_P00271,0.0
M00900_P00278,6.63831369115669
M00900_P00286,0.0
M00900_P00625,0.0
M00900_P00630,0.0
M00900_P00632,5.964305226992963
M00900_P00635,5.301614003625206
M00900_P00644,0.0
M00900_P00645,0.0
M00900_P00650,5.822888885081836
M00901_P00185,0.0
M00901_P00193,6.178307148634012
M00901_P00197,6.473657350540144
M00901_P00199,0.0
M00901_P00200,5.780063323950244
M00901_P01201,6.451629434887647
M00901_P01209,3.8878390252084754
M00901_P01210,0.0
M00901_P01211,0.0
M00901_P01214,0.0
M00902_P00549,5.922508945470701
M00902_P00552,5.4140307294475365
M00902_P00554,0.0
M00902_P00561,0.0
M00902_P00562,0.0
M00902_P00568,5.167439237123115
M00902_P00732,6.231333799170219
M00902_P00738,0.0
M00902_P00742,0.0
M00902_P00744,5.695296221547718
M00902_P00747,7.271798028717891
M00902_P00753,5.829721191509953
M00903_P00423,7.109989243219339
M00903_P00424,0.0
M00903_P00425,6.629518263302774
M00903_P00426,0.0
M00903_P00431,0.0
M00903_P00436,0.0
M00903_P00440,6.108190498706106
M00903_P01201,5.9343186724065164
M00903_P01209,0.0
M00903_P01210,0.0
M00903_P01211,0.0
M00903_P01214,5.8210564995282965
M00904_P00761,0.0
M00904_P00772,5.8878798757154485
M00904_P00807,0.0
M00904_P00812,7.632663310457322
M00904_P00819,5.551019769547558
M00904_P00826,6.481306909284757
M00904_P00827,0.0
M00905_P00079,0.0
M00905_P00082,0.0
M00905_P00087,6.11190663220656
M00905_P00097,6.41518805026177
M00905_P00102,6.084538580173556
M00905_P00835,5.570518323166559
M00905_P00840,0.0
M00905_P00844,5.790844726265037
M00905_P00847,6.025130747080851
M00905_P00848,5.706848547208261
M00905_P00856,0.0
M00906_P00266,6.645094587953589
M00906_P00271,0.0
M00906_P00278,7.319694412863733
M00906_P00286,6.601264423988439
M00906_P00611,4.77903017734333
M00906_P00618,6.044970029379796
M00906_P00619,0.0
M00906_P00622,5.2027100878031565
M00907_P00940,0.0
M00907_P00948,6.482762914291464
M00907_P00950,0.0
M00907_P00951,6.777458699259525
M00907_P00959,0.0
M00907_P00962,7.458090841254062
M00907_P01146,0.0
M00907_P01157,5.941591500156804
M00907_P01166,6.81008265844509
M00907_P01169,5.725776859745151
M00908_P00368,6.209879307246945
M00908_P00372,0.0
M00908_P00378,0.0
M00908_P00382,0.0
M00908_P00383,5.964415247599112
M00908_P00863,5.041590531163508
M00908_P00880,6.348184427772919
M00908_P00882,7.2822616875352075
M00909_P00011,0.0
M00909_P00024,0.0
M00909_P00423,6.808406457044322
M00909_P00424,0.0
M00909_P00425,0.0
M00909_P00426,0.0
M00909_P00431,6.025306660204082
M00909_P00436,6.500685148624023
M00909_P00440,6.322933137526922
M00910_P00611,0.0
M00910_P00618,0.0
M00910_P00619,0.0
M00910_P00622,0.0
M00910_P00655,0.0
M00910_P00662,6.298589276299023
M00910_P00666,0.0
M00910_P00668,0.0
M00910_P00669,6.954687943729503
M00910_P00673,6.4544884164859635
M00910_P00674,6.0564887508808
M00911_P00055,0.0
M00911_P00057,5.298798269888829
M00911_P00059,6.208207475203933
M00911_P00064,0.0
M00911_P00066,7.050658797828572
M00911_P00071,5.769681990086534
M00911_P00077,0.0
M00911_P00940,6.615873983185386
M00911_P00948,0.0
M00911_P00950,6.019744216750741
M00911_P00951,6.732974935972043
M00911_P00959,5.467949141430637
M00911_P00962,6.766854683487802
M00912_P00368,6.17201727114604
M00912_P00372,7.121986829485698
M00912_P00378,5.442449671273188
M00912_P00382,6.004849647053947
M00912_P00383,0.0
M00912_P00549,5.157535637517012
M00912_P00552,6.1615297736273975
M00912_P00554,6.237822783769646
M00912_P00561,7.176756982643028
M00912_P00562,5.332465863919063
M00912_P00568,0.0
M00913_P00529,6.061295269049692
M00913_P00535,0.0
M00913_P00536,5.756314847740163
M00913_P00542,6.486212214444489
M00913_P00543,0.0
M00913_P01201,5.226719725073637
M00913_P01209,6.7640829380195715
M00913_P01210,5.82654682190937
M00913_P01211,0.0
M00913_P01214,5.962563539857882
M00914_P00611,0.0
M00914_P00618,6.38888777703148
M00914_P00619,6.042867177241513
M00914_P00622,5.1431582422450814
M00914_P00940,6.325562431070949
M00914_P00948,5.742361028796443
M00914_P00950,6.865825866634765
M00914_P00951,6.760635306409238
M00914_P00959,6.529357202777786
M00914_P00962,6.307461608642272
M00915_P00287,0.0
M00915_P00290,5.395955299292671
M00915_P00291,0.0
M00915_P00295,7.4209309519117195
M00915_P00297,0.0
M00915_P00298,6.045356193104781
M00915_P00299,5.4890926274855
M00915_P00304,0.0
M00915_P00307,0.0
M00915_P00309,6.037402051366387
M00915_P00310,5.63217249737342
M00915_P00391,0.0
M00915_P00399,0.0
M00915_P00410,0.0
M00915_P00416,6.9149049060582035
M00916_P00108,4.175287989748998
M00916_P00110,6.2513898824070795
M00916_P00114,7.519295438211879
M00916_P00124,5.95625362463995
M00916_P00129,0.0
M00916_P00655,0.0
M00916_P00662,5.729333268562092
M00916_P00666,6.273618233796167
M00916_P00668,0.0
M00916_P00669,0.0
M00916_P00673,6.245511103184406
M00916_P00674,0.0
M00917_P00515,0.0
M00917_P00549,0.0
M00917_P00552,0.0
M00917_P00554,0.0
M00917_P00561,7.839538989275416
M00917_P00562,6.219233132946185
M00917_P00568,0.0
M00918_P00011,6.112125977074564
M00918_P00024,5.705911487831193
M00918_P00625,6.086369072844468
M00918_P00630,6.320960434465592
M00918_P00632,6.979907823147661
M00918_P00635,6.518484146564405
M00918_P00644,7.218914674034922
M00918_P00645,0.0
M00918_P00650,6.583602535748269
M00919_P00515,4.953953203286592
M00919_P00940,5.339946880496401
M00919_P00948,0.0
M00919_P00950,0.0
M00919_P00951,6.617764702058293
M00919_P00959,0.0
M00919_P00962,6.492751966721108
M00920_P00611,6.445579742194604
M00920_P00618,6.3345183631779225
M00920_P00619,0.0
M00920_P00622,0.0
M00920_P00761,6.236792534042755
M00920_P00772,5.500951275905527
M00921_P00313,0.0
M00921_P00324,7.113193782759177
M00921_P00329,6.224898101120086
M00921_P00333,5.870219170548848
M00921_P00334,0.0
M00921_P01223,5.121579016442937
M00921_P01234,6.061065766169393
M00921_P01236,5.462659663710969
M00921_P01241,0.0
M00921_P01242,5.194039705948425
M00922_P00011,0.0
M00922_P00024,6.789251262991884
M00922_P00241,5.225051229599396
M00922_P00244,0.0
M00922_P00245,6.309984891846189
M00922_P00248,7.1993722106669615
M00922_P00255,0.0
M00922_P00260,6.322280628544706
M00923_P00368,4.440250619885982
M00923_P00372,7.313632835227388
M00923_P00378,6.360339636941211
M00923_P00382,5.819875181656917
M00923_P00383,6.704328419839884
M00923_P00922,7.573986284876242
M00923_P00927,5.944142751715807
M00923_P00931,5.632171474649097
M00923_P00935,0.0
M00924_P00011,6.0681102588546
M00924_P00024,6.131691291120106
M00924_P00549,6.641675232797198
M00924_P00552,0.0
M00924_P00554,6.681093590767348
M00924_P00561,7.802804877325422
M00924_P00562,6.260960113958797
M00924_P00568,0.0
M00925_P01201,5.854869233690727
M00925_P01209,6.21101898278388
M00925_P01210,5.239888777855435
M00925_P01211,6.2859738859685494
M00925_P01214,0.0
M00925_P01223,5.442463571445922
M00925_P01234,6.713984965996151
M00925_P01236,5.799795919217929
M00925_P01241,6.696597500257373
M00925_P01242,6.033766956767432
M00926_P00345,6.437795546901803
M00926_P00347,5.96530667240004
M00926_P00351,6.231474187368949
M00926_P00353,0.0
M00926_P00359,6.479260983810678
M00926_P00362,6.175318737267349
M00926_P00888,0.0
M00926_P00889,5.159832683933978
M00926_P00893,5.592007874313093
M00926_P00894,0.0
M00926_P00895,0.0
M00926_P00901,0.0
M00926_P00909,6.533448006342755
M00927_P00079,7.318605033347374
M00927_P00082,0.0
M00927_P00087,0.0
M00927_P00097,0.0
M00927_P00102,0.0
M00927_P00807,0.0
M00927_P00812,0.0
M00927_P00819,0.0
M00927_P00826,6.614222670248302
M00927_P00827,7.680754316439096
M00928_P00055,0.0
M00928_P00057,5.6777725554301455
M00928_P00059,5.904012384183796
M00928_P00064,5.678894014693205
M00928_P00066,6.847395720614021
M00928_P00071,0.0
M00928_P00077,5.822500215621996
M00928_P00136,6.773748045596901
M00928_P00141,7.640326009575254
M00928_P00148,5.973390682644786
M00928_P00156,0.0
M00929_P00611,0.0
M00929_P00618,0.0
M00929_P00619,5.71319837198125
M00929_P00622,0.0
M00929_P01146,7.41861688943065
M00929_P01157,6.410414939500449
M00929_P01166,0.0
M00929_P01169,5.496641725597941
M00930_P00157,6.206288120544613
M00930_P00159,0.0
M00930_P00164,0.0
M00930_P00169,0.0
M00930_P00171,6.899353390968617
M00930_P00175,0.0
M00930_P00965,6.2986293632812975
M00930_P00966,0.0
M00930_P00975,6.4581354830974
M00930_P00978,0.0
M00930_P00980,0.0
M00930_P00986,0.0
M00931_P00655,6.239480170082023
M00931_P00662,5.8226988331279355
M00931_P00666,0.0
M00931_P00668,0.0
M00931_P00669,5.811353933337457
M00931_P00673,6.620980488140992
M00931_P00674,0.0
M00931_P01041,0.0
M00931_P01042,6.015555015972627
M00931_P01048,6.386714735059805
M00931_P01049,6.734030922813156
M00931_P01051,6.508327188732886
M00931_P01055,0.0
M00931_P01063,5.593922647473535
M00931_P01064,0.0
M00932_P00705,0.0
M00932_P00707,6.63045606563543
M00932_P00716,7.7036762438032325
M00932_P00718,7.534393620374015
M00932_P00724,0.0
M00932_P00728,0.0
M00932_P01120,4.629602919494332
M00933_P00423,0.0
M00933_P00424,6.549782504481735
M00933_P00425,5.35483424852038
M00933_P00426,4.78709642169262
M00933_P00431,5.899788183277584
M00933_P00436,5.59011387225463
M00933_P00440,0.0
M00933_P00478,5.1606396677830775
M00933_P00479,0.0
M00933_P00486,5.741320065329575
M00933_P00491,6.570995149147857
M00934_P00529,0.0
M00934_P00535,5.594633660096097
M00934_P00536,0.0
M00934_P00542,5.324984624996792
M00934_P00543,0.0
M00934_P01146,0.0
M00934_P01157,5.427151204829108
M00934_P01166,0.0
M00934_P01169,5.778948299917202
M00935_P00368,5.38716874514683
M00935_P00372,0.0
M00935_P00378,6.068439852354149
M00935_P00382,0.0
M00935_P00383,6.86934979105858
M00935_P00443,0.0
M00935_P00448,6.310354878884199
M00935_P00452,6.360234645721155
M00935_P00462,6.528821682948936
M00935_P00463,6.934488760953616
M00935_P00465,5.664142867199768
M00935_P00468,6.2544569212895755
M00936_P00209,5.7005716824572055
M00936_P00210,0.0
M00936_P00211,0.0
M00936_P00219,5.275942940605553
M00936_P00221,5.619044478411864
M00936_P00222,6.458888024145108
M00936_P00232,0.0
M00936_P00234,8.458214501916128
M00936_P00991,6.690031167019122
M00936_P00993,6.001296701521048
M00936_P00997,0.0
M00936_P01000,6.548270436061487
M00936_P01010,0.0
M00937_P00157,6.526482469957559
M00937_P00159,0.0
M00937_P00164,6.304462176545587
M00937_P00169,5.418471262174734
M00937_P00171,7.042535492021541
M00937_P00175,0.0
M00937_P00287,0.0
M00937_P00290,5.940107663108678
M00937_P00291,5.369960732180014
M00937_P00295,0.0
M00937_P00297,5.372768556381748
M00937_P00298,5.1645406943979815
M00937_P00299,0.0
M00937_P00304,6.220261746642922
M00937_P00307,6.41120587219199
M00937_P00309,7.169875321809165
M00937_P00310,5.9313443434697755
M00938_P00529,5.231328475224245
M00938_P00535,6.401918083438119
M00938_P00536,5.8102491316373595
M00938_P00542,0.0
M00938_P00543,6.455367354820245
M00938_P00705,0.0
M00938_P00707,0.0
M00938_P00716,6.175703473560949
M00938_P00718,0.0
M00938_P00724,0.0
M00938_P00728,0.0
M00939_P00345,6.239369810160178
M00939_P00347,0.0
M00939_P00351,0.0
M00939_P00353,5.889832873092449
M00939_P00359,6.568296200298023
M00939_P00362,5.775882604380598
M00939_P00761,0.0
M00939_P00772,5.77307325560691
M00940_P00185,5.674898028064238
M00940_P00193,5.785760295238273
M00940_P00197,0.0
M00940_P00199,6.526077788859379
M00940_P00200,0.0
M00940_P00423,0.0
M00940_P00424,6.563187438416321
M00940_P00425,6.664210402530313
M00940_P00426,5.486209553003842
M00940_P00431,5.784824633936569
M00940_P00436,0.0
M00940_P00440,6.304934183220393
M00941_P00515,4.902902820255902
M00941_P01120,0.0
M00942_P00345,0.0
M00942_P00347,6.4678615815655816
M00942_P00351,7.290877729267935
M00942_P00353,6.518762088570133
M00942_P00359,0.0
M00942_P00362,5.683999632673638
M00942_P00549,0.0
M00942_P00552,0.0
M00942_P00554,0.0
M00942_P00561,6.314058963180226
M00942_P00562,5.24520785806915
M00942_P00568,6.208417862762628
M00943_P00391,0.0
M00943_P00399,6.425287581451359
M00943_P00410,0.0
M00943_P00416,0.0
M00943_P01177,6.064742351770564
M00943_P01182,0.0
M00943_P01184,6.632386959583748
M00943_P01193,6.5912543005698305
M00943_P01196,0.0
M00944_P00079,0.0
M00944_P00082,0.0
M00944_P00087,5.658820040653046
M00944_P00097,5.833111090971622
M00944_P00102,6.022897263972503
M00944_P00835,6.3685648744649725
M00944_P00840,4.671711278215909
M00944_P00844,5.833636124257962
M00944_P00847,0.0
M00944_P00848,6.264799926359857
M00944_P00856,5.964407118633515
M00945_P00287,0.0
M00945_P00290,6.0520996276574435
M00945_P00291,5.839968616964686
M00945_P00295,0.0
M00945_P00297,5.290260290266674
M00945_P00298,5.4020857659270884
M00945_P00299,0.0
M00945_P00304,0.0
M00945_P00307,6.587057800023408
M00945_P00309,5.430932084788967
M00945_P00310,0.0
M00945_P00423,7.9662615015518945
M00945_P00424,0.0
M00945_P00425,0.0
M00945_P00426,5.168489696199712
M00945_P00431,0.0
M00945_P00436,0.0
M00945_P00440,6.58822971375621
M00946_P00732,6.392328921685114
M00946_P00738,0.0
M00946_P00742,0.0
M00946_P00744,5.991944263435888
M00946_P00747,7.207268396620194
M00946_P00753,6.882906329138407
M00946_P00940,0.0
M00946_P00948,5.565593557565384
M00946_P00950,6.680184982743843
M00946_P00951,6.705933445907314
M00946_P00959,0.0
M00946_P00962,6.789726015247295
M00947_P00157,0.0
M00947_P00159,0.0
M00947_P00164,0.0
M00947_P00169,5.092842364063714
M00947_P00171,0.0
M00947_P00175,5.807620578421706
M00947_P00782,0.0
M00947_P00786,4.399133197775106
M00947_P00788,0.0
M00947_P00797,5.6798350228930765
M00947_P00803,0.0
M00948_P00011,0.0
M00948_P00024,5.4373054903888365
M00948_P00185,0.0
M00948_P00193,6.966746710497663
M00948_P00197,5.447944824665093
M00948_P00199,0.0
M00948_P00200,0.0
M00949_P00209,0.0
M00949_P00210,8.022856716713534
M00949_P00211,0.0
M00949_P00219,0.0
M00949_P00221,6.597801832842681
M00949_P00222,0.0
M00949_P00232,0.0
M00949_P00234,7.315024527641418
M00949_P00345,5.600597664389188
M00949_P00347,6.46125470800583
M00949_P00351,6.2449644721653215
M00949_P00353,6.339111835072662
M00949_P00359,6.051067475170442
M00949_P00362,4.877395909113067
M00950_P01041,0.0
M00950_P01042,6.14809106270982
M00950_P01048,5.525466175922324
M00950_P01049,0.0
M00950_P01051,5.9571123118777844
M00950_P01055,6.280181687397292
M00950_P01063,6.076142427902525
M00950_P01064,6.785779162411774
M00950_P01120,0.0
M00951_P00965,0.0
M00951_P00966,6.059401489245509
M00951_P00975,7.352107206879265
M00951_P00978,6.632110300070455
M00951_P00980,0.0
M00951_P00986,6.846636390963121
M00951_P00991,8.052180941318586
M00951_P00993,5.713821169364373
M00951_P00997,6.351049859711537
M00951_P01000,0.0
M00951_P01010,6.524341078871946
M00952_P00032,6.585389897068925
M00952_P00044,7.034667972353087
M00952_P00045,6.655193272280668
M00952_P00050,6.948842661894373
M00952_P00052,0.0
M00952_P00136,0.0
M00952_P00141,6.7495258786551275
M00952_P00148,5.348517039061614
M00952_P00156,6.659507574316301
M00953_P00136,7.923590915505237
M00953_P00141,0.0
M00953_P00148,6.772245317303957
M00953_P00156,0.0
M00953_P00209,0.0
M00953_P00210,0.0
M00953_P00211,5.273758087845083
M00953_P00219,0.0
M00953_P00221,6.953299963244792
M00953_P00222,6.206888530036222
M00953_P00232,5.900561769906854
M00953_P00234,0.0
M00954_P00055,6.58294289966362
M00954_P00057,0.0
M00954_P00059,5.817436439731865
M00954_P00064,5.872063957488778
M00954_P00066,0.0
M00954_P00071,6.084540016718263
M00954_P00077,0.0
M00954_P00782,0.0
M00954_P00786,5.835673559737289
M00954_P00788,0.0
M00954_P00797,7.376045872021589
M00954_P00803,5.38354566909331
M00955_P00705,0.0
M00955_P00707,0.0
M00955_P00716,6.489450148452968
M00955_P00718,0.0
M00955_P00724,6.2403839267823615
M00955_P00728,6.705670768928275
M00955_P00940,5.9218897818506
M00955_P00948,7.059017144793776
M00955_P00950,6.237873998563561
M00955_P00951,5.545854669749409
M00955_P00959,0.0
M00955_P00962,6.3851225250503205
M00956_P00032,5.927209269795087
M00956_P00044,5.755437616982272
M00956_P00045,0.0
M00956_P00050,5.766896063035546
M00956_P00052,0.0
M00956_P00807,6.461324332792696
M00956_P00812,7.152644440623295
M00956_P00819,0.0
M00956_P00826,5.827802249447846
M00956_P00827,7.473480061699853
M00957_P00287,0.0
M00957_P00290,6.475964156061128
M00957_P00291,5.379585925544524
M00957_P00295,6.935139421738024
M00957_P00297,0.0
M00957_P00298,5.06493831944337
M00957_P00299,4.7582929982657785
M00957_P00304,5.589920420716258
M00957_P00307,5.908643551019109
M00957_P00309,5.245021177550234
M00957_P00310,0.0
M00957_P00611,0.0
M00957_P00618,0.0
M00957_P00619,0.0
M00957_P00622,0.0
M00958_P00443,0.0
M00958_P00448,0.0
M00958_P00452,6.201986763983542
M00958_P00462,0.0
M00958_P00463,6.168558241382593
M00958_P00465,6.909437767599792
M00958_P00468,5.856425989772015
M00958_P00478,5.998683711896566
M00958_P00479,6.609999332629429
M00958_P00486,6.293836083376346
M00958_P00491,6.146563084915819
M00959_P00055,0.0
M00959_P00057,6.809579131318353
M00959_P00059,6.225272161963881
M00959_P00064,0.0
M00959_P00066,7.567577272874061
M00959_P00071,6.101698383079491
M00959_P00077,6.690089069852316
M00959_P01041,0.0
M00959_P01042,7.319178437127771
M00959_P01048,6.327092494562628
M00959_P01049,7.8418194619940875
M00959_P01051,5.106852700189759
M00959_P01055,0.0
M00959_P01063,6.705403488498735
M00959_P01064,5.915098346711733
M00960_P00478,6.158785554399669
M00960_P00479,7.153669704461431
M00960_P00486,0.0
M00960_P00491,0.0
M00960_P01070,6.142668205470655
M00960_P01074,0.0
M00960_P01082,0.0
M00961_P00782,5.931686828915069
M00961_P00786,5.508259621225145
M00961_P00788,7.629291987007554
M00961_P00797,6.116090432770555
M00961_P00803,6.061155101313991
M00961_P00922,0.0
M00961_P00927,6.053145099135454
M00961_P00931,4.929002724360542
M00961_P00935,0.0
M00962_P00443,0.0
M00962_P00448,5.416278340666378
M00962_P00452,6.299128318331765
M00962_P00462,0.0
M00962_P00463,0.0
M00962_P00465,6.432099864680522
M00962_P00468,6.108347756215677
M00962_P00655,0.0
M00962_P00662,5.279980511115372
M00962_P00666,6.83372969462288
M00962_P00668,5.506770720606349
M00962_P00669,6.243414113216291
M00962_P00673,0.0
M00962_P00674,0.0
M00963_P00313,0.0
M00963_P00324,6.643876162378993
M00963_P00329,5.613189391977754
M00963_P00333,6.556593050620756
M00963_P00334,0.0
M00963_P01099,0.0
M00963_P01107,0.0
M00963_P01108,6.65480535543875
M00963_P01109,5.847994542509838
M00963_P01114,0.0
M00963_P01118,6.076394735444751
M00964_P00888,0.0
M00964_P00889,6.0827317695226535
M00964_P00893,5.210382200263988
M00964_P00894,5.357254434002693
M00964_P00895,6.1344663245827125
M00964_P00901,0.0
M00964_P00909,6.549073564599174
M00964_P01041,0.0
M00964_P01042,0.0
M00964_P01048,0.0
M00964_P01049,0.0
M00964_P01051,6.310048993432572
M00964_P01055,0.0
M00964_P01063,5.8393128832598
M00964_P01064,6.002942072154995
M00965_P00625,0.0
M00965_P00630,6.283627505178684
M00965_P00632,6.475675072929517
M00965_P00635,0.0
M00965_P00644,7.28670597207988
M00965_P00645,0.0
M00965_P00650,0.0
M00965_P01201,0.0
M00965_P01209,0.0
M00965_P01210,0.0
M00965_P01211,6.874858204538027
M00965_P01214,6.2664436987976
M00966_P00807,6.010482656071284
M00966_P00812,0.0
M00966_P00819,7.642262331234406
M00966_P00826,6.077551198361871
M00966_P00827,0.0
M00966_P00888,5.68851967596866
M00966_P00889,5.887927735896012
M00966_P00893,0.0
M00966_P00894,0.0
M00966_P00895,0.0
M00966_P00901,8.151151683113664
M00966_P00909,0.0
M00967_P00443,6.106231336867038
M00967_P00448,5.529187927972048
M00967_P00452,6.756508717212112
M00967_P00462,0.0
M00967_P00463,5.892224981382139
M00967_P00465,6.761853221294491
M00967_P00468,5.539693477541384
M00967_P00625,0.0
M00967_P00630,6.472138944128514
M00967_P00632,7.277299406738952
M00967_P00635,0.0
M00967_P00644,6.02733309482802
M00967_P00645,6.760571169985013
M00967_P00650,6.449918459368989
M00968_P00529,5.340954420785492
M00968_P00535,0.0
M00968_P00536,5.7736159520247705
M00968_P00542,6.284276578894481
M00968_P00543,0.0
M00968_P01020,0.0
M00968_P01034,6.533534661015526
M00968_P01037,5.824623301062312
M00968_P01038,6.953743371989963
M00969_P00079,6.095251223425544
M00969_P00082,0.0
M00969_P00087,0.0
M00969_P00097,6.467777223556283
M00969_P00102,5.480689638656161
M00969_P00443,0.0
M00969_P00448,0.0
M00969_P00452,0.0
M00969_P00462,0.0
M00969_P00463,5.984217232356963
M00969_P00465,0.0
M00969_P00468,6.662683223126838
M00970_P00368,5.034037999082272
M00970_P00372,6.628128435758013
M00970_P00378,5.557878469654712
M00970_P00382,7.313969786267021
M00970_P00383,7.059756259891999
M00970_P00965,0.0
M00970_P00966,0.0
M00970_P00975,0.0
M00970_P00978,0.0
M00970_P00980,6.338573669949291
M00970_P00986,6.483265922851762
M00971_P00391,0.0
M00971_P00399,6.11074528694335
M00971_P00410,0.0
M00971_P00416,0.0
M00971_P01120,5.793216712665039
M00972_P00079,0.0
M00972_P00082,6.328513738476921
M00972_P00087,5.900479012772795
M00972_P00097,5.824104900559989
M00972_P00102,0.0
M00972_P00888,0.0
M00972_P00889,5.451443781860812
M00972_P00893,5.939449236759549
M00972_P00894,0.0
M00972_P00895,6.916367374578218
M00972_P00901,0.0
M00972_P00909,6.89973034847217
M00973_P00625,0.0
M00973_P00630,6.103329387059706
M00973_P00632,6.534900438449972
M00973_P00635,6.732808423725511
M00973_P00644,0.0
M00973_P00645,5.879605967852571
M00973_P00650,0.0
M00973_P00940,6.287993297723679
M00973_P00948,5.443404577997959
M00973_P00950,6.366445795551192
M00973_P00951,0.0
M00973_P00959,6.260059914764719
M00973_P00962,0.0
M00974_P00287,0.0
M00974_P00290,7.190195273287196
M00974_P00291,5.654690687902538
M00974_P00295,7.689964957176043
M00974_P00297,0.0
M00974_P00298,6.3984937303769875
M00974_P00299,6.884336288972435
M00974_P00304,6.965352352165835
M00974_P00307,5.8568277072751584
M00974_P00309,0.0
M00974_P00310,0.0
M00974_P00423,7.4678597765814345
M00974_P00424,0.0
M00974_P00425,5.551218659217593
M00974_P00426,0.0
M00974_P00431,5.186362832922229
M00974_P00436,6.129517501030088
M00974_P00440,0.0
M00975_P01146,6.91189320320331
M00975_P01157,0.0
M00975_P01166,6.640262219975712
M00975_P01169,5.811522086381748
M00975_P01223,6.623778359005136
M00975_P01234,0.0
M00975_P01236,0.0
M00975_P01241,0.0
M00975_P01242,4.815424292354654
M00976_P01146,0.0
M00976_P01157,0.0
M00976_P01166,6.615394042814099
M00976_P01169,5.97180727816315
M00976_P01177,6.189918070778457
M00976_P01182,0.0
M00976_P01184,5.97170041436667
M00976_P01193,5.413215858791684
M00976_P01196,0.0
M00977_P00313,0.0
M00977_P00324,6.5698299143267
M00977_P00329,5.553797034246723
M00977_P00333,6.713321705988476
M00977_P00334,6.319795848308547
M00977_P00940,5.627421970377107
M00977_P00948,5.1838434778451035
M00977_P00950,7.266640060815464
M00977_P00951,6.009394284179555
M00977_P00959,0.0
M00977_P00962,6.45479421618986
M00978_P00287,6.461305105848339
M00978_P00290,6.606793691448344
M00978_P00291,5.1802537341177946
M00978_P00295,6.83172645988633
M00978_P00297,5.678891857084105
M00978_P00298,0.0
M00978_P00299,5.345710202270867
M00978_P00304,6.426230314848464
M00978_P00307,6.037280347547574
M00978_P00309,0.0
M00978_P00310,7.140421757161509
M00978_P00835,6.090641270469658
M00978_P00840,5.849152598068579
M00978_P00844,5.9071792161198715
M00978_P00847,0.0
M00978_P00848,0.0
M00978_P00856,0.0
M00979_P00079,7.17188290864044
M00979_P00082,6.376393743069071
M00979_P00087,6.75114167055055
M00979_P00097,7.500546125472357
M00979_P00102,5.924675670458643
M00979_P00391,0.0
M00979_P00399,5.790875488233054
M00979_P00410,5.730439723846655
M00979_P00416,5.499038827278063
M00980_P00032,0.0
M00980_P00044,7.3801174094803885
M00980_P00045,5.143797214180288
M00980_P00050,0.0
M00980_P00052,5.70053547101356
M00980_P00888,0.0
M00980_P00889,4.747811138165565
M00980_P00893,5.5171825294972106
M00980_P00894,6.16652775952835
M00980_P00895,0.0
M00980_P00901,0.0
M00980_P00909,0.0
M00981_P00549,0.0
M00981_P00552,5.893791398537098
M00981_P00554,0.0
M00981_P00561,7.100886731518115
M00981_P00562,5.789221887299728
M00981_P00568,6.965162072533302
M00981_P01041,0.0
M00981_P01042,0.0
M00981_P01048,5.695708674849902
M00981_P01049,8.302638483877733
M00981_P01051,0.0
M00981_P01055,6.829228202390663
M00981_P01063,0.0
M00981_P01064,6.730115871326174
M00982_P00549,0.0
M00982_P00552,4.879440737662593
M00982_P00554,7.934058421469805
M00982_P00561,0.0
M00982_P00562,6.797125678704399
M00982_P00568,6.066924649777174
M00982_P01201,0.0
M00982_P01209,6.114932961560925
M00982_P01210,6.104444067644437
M00982_P01211,0.0
M00982_P01214,6.07113093040636
M00983_P00032,6.212009815451182
M00983_P00044,6.879879969168012
M00983_P00045,0.0
M00983_P00050,0.0
M00983_P00052,0.0
M00983_P00079,7.561498683925521
M00983_P00082,0.0
M00983_P00087,0.0
M00983_P00097,0.0
M00983_P00102,6.458236650163645
M00984_P00185,5.782669404508604
M00984_P00193,0.0
M00984_P00197,5.567009743810771
M00984_P00199,6.744229180030143
M00984_P00200,0.0
M00984_P00888,6.917577233510712
M00984_P00889,0.0
M00984_P00893,0.0
M00984_P00894,6.27587578762712
M00984_P00895,5.682558563165911
M00984_P00901,7.155833244904042
M00984_P00909,5.640538539870607
M00985_P00611,6.2915318895000345
M00985_P00618,0.0
M00985_P00619,0.0
M00985_P00622,0.0
M00985_P01201,6.051940214706972
M00985_P01209,6.082222918341074
M00985_P01210,6.201431011027944
M00985_P01211,7.565909428763406
M00985_P01214,6.004975846343009
M00986_P00157,5.486028626677207
M00986_P00159,0.0
M00986_P00164,0.0
M00986_P00169,6.055239868903468
M00986_P00171,0.0
M00986_P00175,6.182102754580804
M00986_P00965,0.0
M00986_P00966,6.41205863639637
M00986_P00975,7.02921995046032
M00986_P00978,0.0
M00986_P00980,0.0
M00986_P00986,0.0
M00987_P00209,0.0
M00987_P00210,7.1358201937852295
M00987_P00211,0.0
M00987_P00219,0.0
M00987_P00221,0.0
M00987_P00222,5.382939537711091
M00987_P00232,5.412568054704337
M00987_P00234,0.0
M00987_P00529,6.781229125664849
M00987_P00535,6.765440326481958
M00987_P00536,6.190532039633136
M00987_P00542,0.0
M00987_P00543,0.0
M00988_P00807,6.654622733931574
M00988_P00812,7.128337011589992
M00988_P00819,5.880385855896293
M00988_P00826,6.287944189183809
M00988_P00827,6.759088539963069
M00988_P01041,6.340225995486486
M00988_P01042,0.0
M00988_P01048,6.5714338650320405
M00988_P01049,7.236221991542931
M00988_P01051,6.559892659495496
M00988_P01055,5.52430199667863
M00988_P01063,0.0
M00988_P01064,0.0
M00989_P00287,0.0
M00989_P00290,4.771225739355597
M00989_P00291,6.024818877817575
M00989_P00295,7.071269865419207
M00989_P00297,6.928406091154846
M00989_P00298,0.0
M00989_P00299,6.5819304972257004
M00989_P00304,0.0
M00989_P00307,5.702276019487556
M00989_P00309,6.5789256588318645
M00989_P00310,0.0
M00989_P01201,5.010396374302679
M00989_P01209,0.0
M00989_P01210,5.623864025452179
M00989_P01211,0.0
M00989_P01214,0.0
M00990_P00368,5.466868863402057
M00990_P00372,6.236893453872618
M00990_P00378,4.913254108119208
M00990_P00382,0.0
M00990_P00383,5.497603991476464
M00990_P01120,0.0
M00991_P00515,6.105264786417109
M00991_P00625,6.471802777551581
M00991_P00630,5.740527076336609
M00991_P00632,6.336169841708555
M00991_P00635,0.0
M00991_P00644,0.0
M00991_P00645,6.215769999135702
M00991_P00650,6.142237369995163
M00992_P00209,5.57846516779462
M00992_P00210,0.0
M00992_P00211,0.0
M00992_P00219,0.0
M00992_P00221,6.757974618401182
M00992_P00222,0.0
M00992_P00232,7.069518565819493
M00992_P00234,7.264386115790508
M00992_P00313,0.0
M00992_P00324,6.736262799871985
M00992_P00329,7.00939106971612
M00992_P00333,6.682819587250095
M00992_P00334,6.968703144765671
M00993_P00940,5.2430672390626825
M00993_P00948,5.00411257166952
M00993_P00950,6.653021195595629
M00993_P00951,5.404803210964209
M00993_P00959,0.0
M00993_P00962,6.8135224319465095
M00993_P01146,0.0
M00993_P01157,6.698864148140268
M00993_P01166,0.0
M00993_P01169,5.597367559074019
M00994_P00287,0.0
M00994_P00290,5.6414868009192904
M00994_P00291,0.0
M00994_P00295,6.835400895482662
M00994_P00297,6.131744012017856
M00994_P00298,0.0
M00994_P00299,6.204175345897249
M00994_P00304,5.344156425737297
M00994_P00307,0.0
M00994_P00309,5.715254312889628
M00994_P00310,0.0
M00994_P01020,7.634763920937067
M00994_P01034,5.288382506371507
M00994_P01037,6.643944450863575
M00994_P01038,5.9397116339852465
M00995_P00940,5.900380628262487
M00995_P00948,6.683375641224587
M00995_P00950,0.0
M00995_P00951,6.24225450769414
M00995_P00959,5.160654853279076
M00995_P00962,0.0
M00995_P01041,0.0
M00995_P01042,0.0
M00995_P01048,5.506616236655793
M00995_P01049,0.0
M00995_P01051,6.691630520417471
M00995_P01055,6.539879458793418
M00995_P01063,5.64577450370613
M00995_P01064,5.079384288203247
M00996_P00241,0.0
M00996_P00244,5.141155298960882
M00996_P00245,7.378227616454417
M00996_P00248,0.0
M00996_P00255,7.58765295472988
M00996_P00260,0.0
M00996_P00574,0.0
M00996_P00579,0.0
M00996_P00582,7.160790266507087
M00996_P00584,6.480343406889189
M00996_P00586,0.0
M00996_P00590,0.0
M00997_P00391,0.0
M00997_P00399,0.0
M00997_P00410,6.706560108587993
M00997_P00416,0.0
M00997_P00611,0.0
M00997_P00618,5.874802947425914
M00997_P00619,5.485395751465829
M00997_P00622,6.727243122409814
M00998_P00136,7.727895806677699
M00998_P00141,0.0
M00998_P00148,0.0
M00998_P00156,0.0
M00998_P01041,0.0
M00998_P01042,6.503055333115819
M00998_P01048,5.987186719291744
M00998_P01049,7.723571332717862
M00998_P01051,6.967738563378889
M00998_P01055,4.737981124681173
M00998_P01063,6.109856428532285
M00998_P01064,5.8435079729096255
M00999_P00011,6.082704127805883
M00999_P00024,7.0533103621475295
M00999_P00732,6.260704024797617
M00999_P00738,0.0
M00999_P00742,6.667302686256674
M00999_P00744,0.0
M00999_P00747,7.57078785305558
M00999_P00753,5.145437958130408
M01000_P00391,0.0
M01000_P00399,7.11666406999898
M01000_P00410,0.0
M01000_P00416,7.048298388568107
M01000_P01177,6.756399032322809
M01000_P01182,6.142204875466134
M01000_P01184,0.0
M01000_P01193,0.0
M01000_P01196,6.475300773022588
M01001_P00157,6.664180265919816
M01001_P00159,0.0
M01001_P00164,5.323737030678943
M01001_P00169,6.216635807449103
M01001_P00171,5.5113889294855705
M01001_P00175,6.6864055730913625
M01001_P00423,0.0
M01001_P00424,5.182700975339269
M01001_P00425,7.315659181085953
M01001_P00426,0.0
M01001_P00431,5.55210850718409
M01001_P00436,0.0
M01001_P00440,5.1816224449293475
M01002_P00079,0.0
M01002_P00082,0.0
M01002_P00087,6.152557753378908
M01002_P00097,6.735395466254184
M01002_P00102,6.0878621183157735
M01002_P00655,6.0387067957426845
M01002_P00662,4.917328129666438
M01002_P00666,6.145324301328762
M01002_P00668,0.0
M01002_P00669,0.0
M01002_P00673,5.8762306606106645
M01002_P00674,5.461035111003861
M01003_P00266,7.104752062829657
M01003_P00271,6.827688672368854
M01003_P00278,6.7800435230811775
M01003_P00286,0.0
M01003_P00705,4.768818588569308
M01003_P00707,6.378574235757917
M01003_P00716,7.237344263629164
M01003_P00718,7.936581682114662
M01003_P00724,4.946095937306218
M01003_P00728,0.0
M01004_P00574,0.0
M01004_P00579,0.0
M01004_P00582,0.0
M01004_P00584,6.997775726931598
M01004_P00586,0.0
M01004_P00590,6.395773201895341
M01004_P00922,5.647828501459553
M01004_P00927,5.535957906038833
M01004_P00931,0.0
M01004_P00935,7.063632131673944
M01005_P00782,0.0
M01005_P00786,0.0
M01005_P00788,7.38792503046596
M01005_P00797,0.0
M01005_P00803,5.21083879517314
M01005_P00965,5.627096225562001
M01005_P00966,6.34610428453504
M01005_P00975,7.374528289628412
M01005_P00978,0.0
M01005_P00980,0.0
M01005_P00986,0.0
M01006_P00266,0.0
M01006_P00271,0.0
M01006_P00278,0.0
M01006_P00286,0.0
M01006_P00761,5.904132752558792
M01006_P00772,6.48955923871164
M01007_P00032,0.0
M01007_P00044,7.643933970457168
M01007_P00045,0.0
M01007_P00050,5.435916863148916
M01007_P00052,7.163810063559439
M01007_P00478,0.0
M01007_P00479,7.386515876433384
M01007_P00486,7.3041909206282405
M01007_P00491,6.669105677538129
M01008_P00108,5.663729195071527
M01008_P00110,0.0
M01008_P00114,7.671446659939677
M01008_P00124,7.226766585175718
M01008_P00129,6.2925833780508995
M01008_P00157,5.368305299961349
M01008_P00159,0.0
M01008_P00164,0.0
M01008_P00169,0.0
M01008_P00171,6.245344822900221
M01008_P00175,6.289067254815901
M01009_P00266,0.0
M01009_P00271,6.329217806981793
M01009_P00278,0.0
M01009_P00286,0.0
M01009_P00625,0.0
M01009_P00630,6.072278215592707
M01009_P00632,6.38316896431614
M01009_P00635,5.558717742394654
M01009_P00644,0.0
M01009_P00645,6.316026773107424
M01009_P00650,0.0
M01010_P00136,6.993357322275823
M01010_P00141,7.348649175165618
M01010_P00148,0.0
M01010_P00156,7.416332999960379
M01010_P00922,0.0
M01010_P00927,6.044848590498031
M01010_P00931,0.0
M01010_P00935,6.841832803235068
M01011_P00032,6.58470173108268
M01011_P00044,6.72476127500323
M01011_P00045,5.402347865034247
M01011_P00050,0.0
M01011_P00052,0.0
M01011_P01177,6.100878820679751
M01011_P01182,5.922454877011453
M01011_P01184,6.007719710155665
M01011_P01193,6.75350751807577
M01011_P01196,5.990839125676407
M01012_P00705,0.0
M01012_P00707,6.238599867609962
M01012_P00716,7.07648038811297
M01012_P00718,5.654731565060728
M01012_P00724,5.801957816778464
M01012_P00728,0.0
M01012_P00991,7.041718578483685
M01012_P00993,5.813632912492517
M01012_P00997,6.58002356130579
M01012_P01000,0.0
M01012_P01010,0.0
M01013_P00157,0.0
M01013_P00159,6.05506917274053
M01013_P00164,6.798216164745309
M01013_P00169,0.0
M01013_P00171,5.168702668129862
M01013_P00175,5.938517692991331
M01013_P00574,6.1211049962970705
M01013_P00579,0.0
M01013_P00582,0.0
M01013_P00584,6.7958810538619
M01013_P00586,6.051522844995596
M01013_P00590,0.0
M01014_P00678,0.0
M01014_P00679,0.0
M01014_P00680,5.841902122037191
M01014_P00681,0.0
M01014_P00683,5.688476217404896
M01014_P00694,5.711390131904791
M01014_P01177,0.0
M01014_P01182,0.0
M01014_P01184,6.887857302202886
M01014_P01193,0.0
M01014_P01196,6.582325075377973
M01015_P00478,6.149806592012544
M01015_P00479,5.960304068322204
M01015_P00486,6.567752559308312
M01015_P00491,6.8495097574689385
M01015_P01099,0.0
M01015_P01107,0.0
M01015_P01108,6.712351476394687
M01015_P01109,0.0
M01015_P01114,5.470325403452516
M01015_P01118,7.189932995883385
M01016_P00079,0.0
M01016_P00082,6.134126933512915
M01016_P00087,5.79993759953342
M01016_P00097,7.4997296673505875
M01016_P00102,5.4085384181123874
M01016_P00157,0.0
M01016_P00159,0.0
M01016_P00164,0.0
M01016_P00169,6.242610515812562
M01016_P00171,0.0
M01016_P00175,5.864071742074314
M01017_P00079,7.335346862850134
M01017_P00082,6.4047150667136385
M01017_P00087,0.0
M01017_P00097,7.013305020273466
M01017_P00102,0.0
M01017_P00241,0.0
M01017_P00244,5.010874998343336
M01017_P00245,6.685840793267431
M01017_P00248,0.0
M01017_P00255,0.0
M01017_P00260,6.253292101591901
M01018_P00136,7.936661519174611
M01018_P00141,5.74855771153604
M01018_P00148,5.259037109533583
M01018_P00156,6.204860109374511
M01018_P00705,0.0
M01018_P00707,5.9638992298567945
M01018_P00716,0.0
M01018_P00718,6.832439015322263
M01018_P00724,6.749083757528149
M01018_P00728,0.0
M01019_P00157,0.0
M01019_P00159,5.401680543606024
M01019_P00164,0.0
M01019_P00169,7.065050298269636
M01019_P00171,7.669123445968097
M01019_P00175,0.0
M01019_P00313,0.0
M01019_P00324,5.865325258594702
M01019_P00329,0.0
M01019_P00333,7.0554021977140104
M01019_P00334,6.308125927789547
M01020_P00266,6.348837646201362
M01020_P00271,0.0
M01020_P00278,7.152265734238365
M01020_P00286,6.798070519584056
M01020_P01070,5.531677319457364
M01020_P01074,0.0
M01020_P01082,0.0
M01021_P00185,0.0
M01021_P00193,6.319229062448944
M01021_P00197,0.0
M01021_P00199,0.0
M01021_P00200,6.299701601956115
M01021_P00782,0.0
M01021_P00786,6.284753006623963
M01021_P00788,0.0
M01021_P00797,6.112890850533207
M01021_P00803,0.0
M01022_P00782,6.10718164241764
M01022_P00786,0.0
M01022_P00788,7.600940395425111
M01022_P00797,6.678755705704528
M01022_P00803,0.0
M01022_P00835,6.543602489178536
M01022_P00840,0.0
M01022_P00844,6.411744671973386
M01022_P00847,6.066011084345006
M01022_P00848,4.996485784993018
M01022_P00856,0.0
M01023_P00136,0.0
M01023_P00141,0.0
M01023_P00148,0.0
M01023_P00156,6.42822475957915
M01023_P01099,6.977199267658815
M01023_P01107,5.304532303197124
M01023_P01108,5.787301086507901
M01023_P01109,0.0
M01023_P01114,0.0
M01023_P01118,6.776511544661227
M01024_P00287,6.1663470888710945
M01024_P00290,5.92205179788547
M01024_P00291,5.780437439438834
M01024_P00295,8.073294360369168
M01024_P00297,5.543288091803989
M01024_P00298,5.3728048066746705
M01024_P00299,0.0
M01024_P00304,0.0
M01024_P00307,5.4715733568402705
M01024_P00309,0.0
M01024_P00310,7.547274268654328
M01024_P00625,0.0
M01024_P00630,6.253683204254071
M01024_P00632,5.961475664715469
M01024_P00635,5.335017609366073
M01024_P00644,7.565035016691112
M01024_P00645,0.0
M01024_P00650,0.0
M01025_P00287,0.0
M01025_P00290,0.0
M01025_P00291,4.62332598851914
M01025_P00295,0.0
M01025_P00297,6.208167419832098
M01025_P00298,6.472080508534802
M01025_P00299,5.832995725147329
M01025_P00304,6.131724684526996
M01025_P00307,6.461156796569356
M01025_P00309,0.0
M01025_P00310,0.0
M01025_P00761,6.081546004536453
M01025_P00772,6.0292112336107495
M01026_P00732,5.641851754878931
M01026_P00738,6.191568596361173
M01026_P00742,6.583154691159156
M01026_P00744,0.0
M01026_P00747,0.0
M01026_P00753,0.0
M01026_P00782,0.0
M01026_P00786,6.089112972080641
M01026_P00788,0.0
M01026_P00797,6.158549712727293
M01026_P00803,0.0
M01027_P00443,0.0
M01027_P00448,6.173477680502738
M01027_P00452,5.438967233209468
M01027_P00462,6.727175425724273
M01027_P00463,0.0
M01027_P00465,6.42573227047582
M01027_P00468,5.3458948293087785
M01027_P00965,6.199560226125826
M01027_P00966,0.0
M01027_P00975,6.769442975195272
M01027_P00978,6.994011782507988
M01027_P00980,0.0
M01027_P00986,7.454242937818655
M01028_P01099,0.0
M01028_P01107,0.0
M01028_P01108,7.185950366524224
M01028_P01109,6.308957913303564
M01028_P01114,0.0
M01028_P01118,0.0
M01028_P01146,0.0
M01028_P01157,0.0
M01028_P01166,5.903370007485636
M01028_P01169,0.0
M01029_P00574,0.0
M01029_P00579,4.887067057849817
M01029_P00582,0.0
M01029_P00584,6.394309255962296
M01029_P00586,6.467685625973818
M01029_P00590,6.579233455661113
M01029_P01099,5.8261236626230355
M01029_P01107,5.897159387476073
M01029_P01108,7.343980674244881
M01029_P01109,0.0
M01029_P01114,0.0
M01029_P01118,6.778602788558752
M01030_P00368,6.858605971762934
M01030_P00372,6.172643325660676
M01030_P00378,0.0
M01030_P00382,5.375093684384253
M01030_P00383,6.4059042261992545
M01030_P00965,0.0
M01030_P00966,0.0
M01030_P00975,6.857945777185513
M01030_P00978,0.0
M01030_P00980,7.095122586258887
M01030_P00986,7.466777126284475
M01031_P00625,0.0
M01031_P00630,5.681158811279609
M01031_P00632,0.0
M01031_P00635,6.664846881427452
M01031_P00644,5.517199328595568
M01031_P00645,7.2317664433895
M01031_P00650,0.0
M01031_P00888,0.0
M01031_P00889,5.868587031986586
M01031_P00893,4.425811785702162
M01031_P00894,6.1051707216176405
M01031_P00895,6.282568555744508
M01031_P00901,0.0
M01031_P00909,0.0
M01032_P00391,0.0
M01032_P00399,0.0
M01032_P00410,6.78553946661096
M01032_P00416,7.488933086020334
M01032_P00940,5.348006906027051
M01032_P00948,7.11612690963472
M01032_P00950,6.367017679809986
M01032_P00951,0.0
M01032_P00959,0.0
M01032_P00962,0.0
M01033_P00136,0.0
M01033_P00141,0.0
M01033_P00148,6.3951237310572235
M01033_P00156,6.863197970400378
M01033_P00678,0.0
M01033_P00679,7.327439116582342
M01033_P00680,0.0
M01033_P00681,6.82380725202603
M01033_P00683,7.289672760820083
M01033_P00694,6.507513008529145
M01034_P00835,0.0
M01034_P00840,4.960528874913698
M01034_P00844,0.0
M01034_P00847,5.448540841605022
M01034_P00848,6.254154969720367
M01034_P00856,6.693820944321892
M01034_P00965,6.871652407053753
M01034_P00966,0.0
M01034_P00975,5.807127637554402
M01034_P00978,7.614751557324252
M01034_P00980,6.3955343431801435
M01034_P00986,0.0
M01035_P00185,0.0
M01035_P00193,0.0
M01035_P00197,0.0
M01035_P00199,5.188776557508732
M01035_P00200,6.124762601680709
M01035_P00761,5.262605065645066
M01035_P00772,0.0
M01036_P00313,5.810317661971299
M01036_P00324,6.201778759090026
M01036_P00329,5.620660434844696
M01036_P00333,0.0
M01036_P00334,0.0
M01036_P00345,0.0
M01036_P00347,6.049255734961006
M01036_P00351,0.0
M01036_P00353,0.0
M01036_P00359,0.0
M01036_P00362,5.433166880379124
M01037_P00136,0.0
M01037_P00141,7.629956960266984
M01037_P00148,7.083056788411928
M01037_P00156,6.073260045578161
M01037_P00705,0.0
M01037_P00707,6.190286283491294
M01037_P00716,0.0
M01037_P00718,6.7532912448045845
M01037_P00724,0.0
M01037_P00728,0.0
M01038_P00313,6.5427112729401715
M01038_P00324,0.0
M01038_P00329,5.180166951504463
M01038_P00333,6.453970520264197
M01038_P00334,7.028547315506003
M01038_P01070,6.384359705547682
M01038_P01074,6.995159096386139
M01038_P01082,6.464737224203029
M01039_P00529,6.368610372250629
M01039_P00535,5.673004316684091
M01039_P00536,5.394050769912393
M01039_P00542,5.883590808398659
M01039_P00543,0.0
M01039_P01223,0.0
M01039_P01234,0.0
M01039_P01236,0.0
M01039_P01241,5.224574658462192
M01039_P01242,5.654047620739554
M01040_P00625,0.0
M01040_P00630,5.486239071539311
M01040_P00632,0.0
M01040_P00635,6.564044917801975
M01040_P00644,5.588080392508677
M01040_P00645,6.604797551718212
M01040_P00650,6.353143840636847
M01040_P00940,0.0
M01040_P00948,6.806114159060984
M01040_P00950,7.214865426321575
M01040_P00951,0.0
M01040_P00959,6.231084061655107
M01040_P00962,7.064094893172056
M01041_P00443,7.074880866949296
M01041_P00448,5.049873816606543
M01041_P00452,5.882927078156786
M01041_P00462,6.21541695018132
M01041_P00463,6.652728961391773
M01041_P00465,0.0
M01041_P00468,0.0
M01041_P00888,0.0
M01041_P00889,0.0
M01041_P00893,5.661336896964093
M01041_P00894,0.0
M01041_P00895,0.0
M01041_P00901,7.435081816089026
M01041_P00909,0.0
M01042_P01020,0.0
M01042_P01034,0.0
M01042_P01037,6.2439145835756
M01042_P01038,0.0
M01042_P01146,0.0
M01042_P01157,0.0
M01042_P01166,0.0
M01042_P01169,0.0
M01043_P00185,5.731714949234625
M01043_P00193,0.0
M01043_P00197,6.508397170280718
M01043_P00199,5.494550824916926
M01043_P00200,0.0
M01043_P00705,5.630282043987689
M01043_P00707,0.0
M01043_P00716,5.919615032383442
M01043_P00718,0.0
M01043_P00724,0.0
M01043_P00728,7.023357405848454
M01044_P00940,5.801180157180976
M01044_P00948,7.327715865955082
M01044_P00950,5.4774001296992685
M01044_P00951,0.0
M01044_P00959,0.0
M01044_P00962,7.010824532107575
M01044_P00991,0.0
M01044_P00993,6.3898705285115955
M01044_P00997,5.943841960016225
M01044_P01000,0.0
M01044_P01010,6.830943390920561
M01045_P00157,5.649803849919091
M01045_P00159,0.0
M01045_P00164,6.30070600039803
M01045_P00169,6.2667730401451305
M01045_P00171,0.0
M01045_P00175,5.781453961616477
M01045_P00965,6.9219448454895085
M01045_P00966,5.516729971946133
M01045_P00975,0.0
M01045_P00978,7.3799929900693675
M01045_P00980,0.0
M01045_P00986,0.0
M01046_P00478,6.207762593867261
M01046_P00479,6.466092449654566
M01046_P00486,6.565609940008062
M01046_P00491,0.0
M01046_P00922,6.706055026045528
M01046_P00927,6.010656713172889
M01046_P00931,6.7340341914938495
M01046_P00935,5.96396153385252
M01047_P00423,6.105323925338244
M01047_P00424,5.2832006577399255
M01047_P00425,0.0
M01047_P00426,0.0
M01047_P00431,5.010057929683837
M01047_P00436,5.774815796468247
M01047_P00440,6.315085061787865
M01047_P00655,7.34552799860467
M01047_P00662,6.06463056230886
M01047_P00666,7.127604014673941
M01047_P00668,0.0
M01047_P00669,6.883697716965328
M01047_P00673,7.049952851831718
M01047_P00674,6.211638687243084
M01048_P00940,5.672348884520881
M01048_P00948,0.0
M01048_P00950,5.9819741056281135
M01048_P00951,0.0
M01048_P00959,0.0
M01048_P00962,6.4520276735677236
M01048_P01020,6.281733951474528
M01048_P01034,5.388675540521236
M01048_P01037,0.0
M01048_P01038,6.8624421321052935
M01049_P00287,0.0
M01049_P00290,0.0
M01049_P00291,5.4486927902117985
M01049_P00295,0.0
M01049_P00297,5.286526797501738
M01049_P00298,5.7684247052422135
M01049_P00299,5.367705896282392
M01049_P00304,5.067215591803308
M01049_P00307,6.1692710791773315
M01049_P00309,0.0
M01049_P00310,6.0307908699420665
M01049_P00478,0.0
M01049_P00479,7.964164132540333
M01049_P00486,0.0
M01049_P00491,5.369525491235034
M01050_P00991,0.0
M01050_P00993,4.595946189454877
M01050_P00997,5.575266822019605
M01050_P01000,5.807969573857989
M01050_P01010,5.982274239369887
M01050_P01020,7.634618791891666
M01050_P01034,0.0
M01050_P01037,7.545559739898309
M01050_P01038,0.0
