Id,player_rating
M00001_P00055,5.277370094328437
M00001_P00057,0.0
M00001_P00059,5.6810132269124685
M00001_P00064,0.0
M00001_P00066,8.1417803890362
M00001_P00071,6.637880013331565
M00001_P00077,0.0
M00001_P01223,0.0
M00001_P01234,0.0
M00001_P01236,0.0
M00001_P01241,7.415091427826521
M00001_P01242,0.0
M00002_P00136,7.140508407154055
M00002_P00141,6.5805902862558705
M00002_P00148,0.0
M00002_P00156,5.9449844028638275
M00002_P00625,0.0
M00002_P00630,6.797207394410224
M00002_P00632,5.622464129655758
M00002_P00635,7.276391437741773
M00002_P00644,0.0
M00002_P00645,0.0
M00002_P00650,5.8617017736928645
M00003_P01020,7.366146512526695
M00003_P01034,5.000007495078091
M00003_P01037,6.729803357180098
M00003_P01038,5.842232306453326
M00003_P01041,5.883402278822262
M00003_P01042,0.0
M00003_P01048,6.131063883855519
M00003_P01049,0.0
M00003_P01051,0.0
M00003_P01055,0.0
M00003_P01063,6.026676214318346
M00003_P01064,5.547716626560606
M00004_P00108,0.0
M00004_P00110,0.0
M00004_P00114,6.5264436772685395
M00004_P00124,7.257577957496876
M00004_P00129,5.213424079539196
M00004_P01177,6.550980122422769
M00004_P01182,5.325413906855601
M00004_P01184,0.0
M00004_P01193,5.869289265189475
M00004_P01196,6.841132415852366
M00005_P00136,6.684069760341926
M00005_P00141,7.238571915340464
M00005_P00148,0.0
M00005_P00156,0.0
M00005_P00478,5.955111153960336
M00005_P00479,8.255325419778774
M00005_P00486,0.0
M00005_P00491,0.0
M00006_P00443,0.0
M00006_P00448,5.5380450862688395
M00006_P00452,0.0
M00006_P00462,6.178797433005034
M00006_P00463,5.534491268509377
M00006_P00465,6.5374937502871004
M00006_P00468,6.1629160493573085
M00006_P00625,0.0
M00006_P00630,0.0
M00006_P00632,5.45666890113483
M00006_P00635,6.676831110842617
M00006_P00644,7.698767292959324
M00006_P00645,0.0
M00006_P00650,7.149649587221393
M00007_P00266,6.537344579622036
M00007_P00271,6.880128339111926
M00007_P00278,5.505303033081385
M00007_P00286,0.0
M00007_P00625,0.0
M00007_P00630,0.0
M00007_P00632,6.100700496711235
M00007_P00635,7.292794421538308
M00007_P00644,0.0
M00007_P00645,6.656338472346563
M00007_P00650,6.447185503101799
M00008_P00443,6.801202908832199
M00008_P00448,0.0
M00008_P00452,0.0
M00008_P00462,6.833704440700566
M00008_P00463,0.0
M00008_P00465,6.002369572704435
M00008_P00468,7.017633261450761
M00008_P01099,6.608322691377283
M00008_P01107,5.157149332585781
M00008_P01108,0.0
M00008_P01109,0.0
M00008_P01114,5.4161610394804285
M00008_P01118,6.071217310214967
M00009_P00991,0.0
M00009_P00993,6.20576709644
M00009_P00997,6.144933579961452
M00009_P01000,0.0
M00009_P01010,5.5045617287636075
M00009_P01070,0.0
M00009_P01074,0.0
M00009_P01082,0.0
M00010_P00266,0.0
M00010_P00271,5.454002663634932
M00010_P00278,0.0
M00010_P00286,0.0
M00010_P00782,0.0
M00010_P00786,0.0
M00010_P00788,6.022844777936637
M00010_P00797,6.7832621320935775
M00010_P00803,7.526390744843564
M00011_P01041,0.0
M00011_P01042,0.0
M00011_P01048,0.0
M00011_P01049,7.039691616293796
M00011_P01051,6.1404335463491755
M00011_P01055,6.0218281226123915
M00011_P01063,7.248704227951637
M00011_P01064,0.0
M00011_P01177,0.0
M00011_P01182,5.305161315572259
M00011_P01184,6.061826504631916
M00011_P01193,6.786153329514733
M00011_P01196,0.0
M00012_P00529,5.633174689996203
M00012_P00535,5.78668361192215
M00012_P00536,5.615912607293051
M00012_P00542,0.0
M00012_P00543,0.0
M00012_P01120,0.0
M00013_P00055,5.786651129693418
M00013_P00057,6.171585416472366
M00013_P00059,0.0
M00013_P00064,0.0
M00013_P00066,0.0
M00013_P00071,5.987021205067387
M00013_P00077,7.273617778591334
M00013_P00368,5.5676041436436385
M00013_P00372,0.0
M00013_P00378,0.0
M00013_P00382,0.0
M00013_P00383,6.3131858499903855
M00014_P00108,6.226866468370675
M00014_P00110,0.0
M00014_P00114,6.5640704760652095
M00014_P00124,0.0
M00014_P00129,0.0
M00014_P00443,0.0
M00014_P00448,5.062452478623807
M00014_P00452,0.0
M00014_P00462,6.336336037436158
M00014_P00463,0.0
M00014_P00465,5.360673656976643
M00014_P00468,5.81725077452677
M00015_P00345,6.697273865008691
M00015_P00347,6.562670860781272
M00015_P00351,0.0
M00015_P00353,6.233798170842933
M00015_P00359,5.5324706819617075
M00015_P00362,5.772945204450897
M00015_P01099,6.461812971608278
M00015_P01107,6.50271617770732
M00015_P01108,0.0
M00015_P01109,6.554892757058586
M00015_P01114,0.0
M00015_P01118,0.0
M00016_P00761,0.0
M00016_P00772,6.143807505323595
M00016_P01070,6.790015290760018
M00016_P01074,6.631710635967222
M00016_P01082,0.0
M00017_P00209,0.0
M00017_P00210,0.0
M00017_P00211,5.837311472216737
M00017_P00219,0.0
M00017_P00221,0.0
M00017_P00222,6.545945841872023
M00017_P00232,5.62220956005321
M00017_P00234,8.279645149057812
M00017_P00423,6.085767645438347
M00017_P00424,0.0
M00017_P00425,0.0
M00017_P00426,6.384495708269
M00017_P00431,0.0
M00017_P00436,0.0
M00017_P00440,6.8212587599293855
M00018_P00965,0.0
M00018_P00966,0.0
M00018_P00975,0.0
M00018_P00978,6.860190248647457
M00018_P00980,6.007442394156711
M00018_P00986,6.897209951427709
M00018_P01223,6.134550027510112
M00018_P01234,5.426933095219595
M00018_P01236,0.0
M00018_P01241,6.6737212287924
M00018_P01242,6.176257148330504
M00019_P00368,5.522769336351062
M00019_P00372,7.09608835392581
M00019_P00378,5.413802719854922
M00019_P00382,0.0
M00019_P00383,6.137865272005666
M00019_P00611,5.495622117036508
M00019_P00618,7.319775465861736
M00019_P00619,0.0
M00019_P00622,7.11693660889473
M00020_P00079,7.226641229944416
M00020_P00082,6.37127240954759
M00020_P00087,5.6009156248503915
M00020_P00097,5.646161600669315
M00020_P00102,0.0
M00020_P00136,6.377594578738946
M00020_P00141,7.717511336396164
M00020_P00148,5.38205243898706
M00020_P00156,6.650940273878487
M00021_P00266,0.0
M00021_P00271,0.0
M00021_P00278,7.107169102732857
M00021_P00286,5.143763221335165
M00021_P01041,6.475136307602639
M00021_P01042,0.0
M00021_P01048,0.0
M00021_P01049,8.159117779307904
M00021_P01051,5.77296129839566
M00021_P01055,0.0
M00021_P01063,6.529696481663516
M00021_P01064,0.0
M00022_P00108,5.905251170778311
M00022_P00110,5.513525693239985
M00022_P00114,0.0
M00022_P00124,0.0
M00022_P00129,5.51841479044391
M00022_P00991,0.0
M00022_P00993,5.0986806272355585
M00022_P00997,0.0
M00022_P01000,6.031636401599716
M00022_P01010,6.363041976133286
M00023_P00761,0.0
M00023_P00772,5.633367899914235
M00023_P00991,0.0
M00023_P00993,5.291888896353531
M00023_P00997,0.0
M00023_P01000,6.310982641149498
M00023_P01010,6.541393743503635
M00024_P00011,6.918082969686738
M00024_P00024,5.819979751330833
M00024_P00922,5.85577778040477
M00024_P00927,6.428686060001024
M00024_P00931,0.0
M00024_P00935,7.472564631634164
M00025_P00888,5.6078198447619725
M00025_P00889,5.847768869194509
M00025_P00893,4.362516090743426
M00025_P00894,0.0
M00025_P00895,5.766418448226124
M00025_P00901,7.726978449489946
M00025_P00909,7.22687698037269
M00025_P01120,6.286097129786371
M00026_P00549,0.0
M00026_P00552,7.49919019223405
M00026_P00554,6.557515044810508
M00026_P00561,6.8498189452808775
M00026_P00562,7.050064250218248
M00026_P00568,0.0
M00026_P01070,0.0
M00026_P01074,5.994138168801848
M00026_P01082,0.0
M00027_P00266,0.0
M00027_P00271,0.0
M00027_P00278,0.0
M00027_P00286,6.606012865902172
M00027_P00705,5.6696008438235515
M00027_P00707,5.788681207782763
M00027_P00716,6.394420180122794
M00027_P00718,0.0
M00027_P00724,5.589796644669015
M00027_P00728,5.9309991535296165
M00028_P01201,5.097871440690593
M00028_P01209,0.0
M00028_P01210,6.282831705339702
M00028_P01211,7.39550638227633
M00028_P01214,5.695105717295456
M00028_P01223,0.0
M00028_P01234,6.641464044975442
M00028_P01236,6.041747133117753
M00028_P01241,6.540958625529924
M00028_P01242,0.0
M00029_P00157,5.378603311485965
M00029_P00159,0.0
M00029_P00164,5.964372861375952
M00029_P00169,5.068637043910724
M00029_P00171,0.0
M00029_P00175,0.0
M00029_P00835,0.0
M00029_P00840,5.693769900923575
M00029_P00844,5.7724051226796105
M00029_P00847,0.0
M00029_P00848,6.191168605945313
M00029_P00856,0.0
M00030_P00835,0.0
M00030_P00840,5.397714611952322
M00030_P00844,0.0
M00030_P00847,6.32305233479165
M00030_P00848,6.0627075893696665
M00030_P00856,0.0
M00030_P01041,6.288763034404038
M00030_P01042,0.0
M00030_P01048,0.0
M00030_P01049,0.0
M00030_P01051,0.0
M00030_P01055,6.401853521536124
M00030_P01063,7.059257660585918
M00030_P01064,0.0
M00031_P00241,0.0
M00031_P00244,0.0
M00031_P00245,6.290494881921544
M00031_P00248,5.876822892730441
M00031_P00255,8.017801119406663
M00031_P00260,0.0
M00031_P00625,0.0
M00031_P00630,0.0
M00031_P00632,5.805660140087791
M00031_P00635,5.896829013049449
M00031_P00644,6.244403141610452
M00031_P00645,7.50084144825411
M00031_P00650,7.100365704843122
M00032_P00863,6.5822286448165945
M00032_P00880,0.0
M00032_P00882,0.0
M00032_P00888,0.0
M00032_P00889,6.194159777518264
M00032_P00893,5.681288805474849
M00032_P00894,6.0732936677285725
M00032_P00895,0.0
M00032_P00901,7.525693971020515
M00032_P00909,6.206910802850295
M00033_P00032,0.0
M00033_P00044,6.5420413202677095
M00033_P00045,5.6540836116799555
M00033_P00050,6.283277243359025
M00033_P00052,0.0
M00033_P00807,5.96149484614658
M00033_P00812,0.0
M00033_P00819,0.0
M00033_P00826,6.278355701936133
M00033_P00827,7.100158749493066
M00034_P00391,0.0
M00034_P00399,6.305444109373778
M00034_P00410,5.304978565550393
M00034_P00416,5.854693048332466
M00034_P00515,4.803346273329774
M00035_P00136,0.0
M00035_P00141,6.185738094043167
M00035_P00148,0.0
M00035_P00156,6.108712253426314
M00035_P00940,0.0
M00035_P00948,0.0
M00035_P00950,5.640272058415602
M00035_P00951,7.294598382414398
M00035_P00959,6.235994341774561
M00035_P00962,0.0
M00036_P00108,0.0
M00036_P00110,6.037150785128781
M00036_P00114,0.0
M00036_P00124,6.477443630660417
M00036_P00129,6.46035852478988
M00036_P00922,6.5698635734889885
M00036_P00927,0.0
M00036_P00931,0.0
M00036_P00935,0.0
M00037_P00209,6.205585637991464
M00037_P00210,0.0
M00037_P00211,0.0
M00037_P00219,5.769433716220346
M00037_P00221,6.10714015023771
M00037_P00222,0.0
M00037_P00232,6.129787625929255
M00037_P00234,7.667596668470619
M00037_P01120,0.0
M00038_P00423,0.0
M00038_P00424,5.409245571098576
M00038_P00425,0.0
M00038_P00426,0.0
M00038_P00431,0.0
M00038_P00436,5.784508206183207
M00038_P00440,0.0
M00038_P00888,5.948009882023963
M00038_P00889,6.172609061751609
M00038_P00893,5.242826809048996
M00038_P00894,0.0
M00038_P00895,7.135652702412718
M00038_P00901,7.287395261514136
M00038_P00909,0.0
M00039_P00345,6.156075426754741
M00039_P00347,6.632479261394443
M00039_P00351,6.444884629313998
M00039_P00353,6.83303244380841
M00039_P00359,7.65465124648431
M00039_P00362,5.450002021494103
M00039_P00922,0.0
M00039_P00927,6.166385755499522
M00039_P00931,6.200975825095436
M00039_P00935,0.0
M00040_P00515,0.0
M00040_P01177,0.0
M00040_P01182,6.380142313560713
M00040_P01184,6.255285029275824
M00040_P01193,5.511259219966294
M00040_P01196,7.495728032528665
M00041_P00732,6.043689294899846
M00041_P00738,0.0
M00041_P00742,0.0
M00041_P00744,0.0
M00041_P00747,6.437012747574192
M00041_P00753,6.356875925510821
M00041_P00888,5.714317267036705
M00041_P00889,5.105767729715549
M00041_P00893,5.433920696464674
M00041_P00894,6.9947166556811045
M00041_P00895,6.451901480964906
M00041_P00901,8.143126743468688
M00041_P00909,0.0
M00042_P00368,0.0
M00042_P00372,6.563625064573795
M00042_P00378,5.402561611353709
M00042_P00382,0.0
M00042_P00383,6.138355697694675
M00042_P00391,0.0
M00042_P00399,0.0
M00042_P00410,6.495983353536731
M00042_P00416,5.823898295802012
M00043_P00032,6.778974903506168
M00043_P00044,6.852293648988907
M00043_P00045,0.0
M00043_P00050,0.0
M00043_P00052,6.255001493493854
M00043_P00991,0.0
M00043_P00993,0.0
M00043_P00997,0.0
M00043_P01000,6.142635089545475
M00043_P01010,6.848582092265224
M00044_P00368,5.895501715953835
M00044_P00372,7.204311244492086
M00044_P00378,5.7022525501831245
M00044_P00382,0.0
M00044_P00383,6.18000282239793
M00044_P00965,0.0
M00044_P00966,0.0
M00044_P00975,0.0
M00044_P00978,6.513395902518962
M00044_P00980,0.0
M00044_P00986,6.323467115420421
M00045_P01041,5.696443816472486
M00045_P01042,0.0
M00045_P01048,5.956618092737272
M00045_P01049,7.498405473991722
M00045_P01051,0.0
M00045_P01055,5.084319682373055
M00045_P01063,0.0
M00045_P01064,5.180946627416688
M00045_P01177,6.279362904368712
M00045_P01182,0.0
M00045_P01184,5.873059498337351
M00045_P01193,6.201390079149752
M00045_P01196,0.0
M00046_P00055,0.0
M00046_P00057,5.5791202336568535
M00046_P00059,0.0
M00046_P00064,0.0
M00046_P00066,0.0
M00046_P00071,0.0
M00046_P00077,0.0
M00046_P00108,5.791018779081866
M00046_P00110,0.0
M00046_P00114,7.517060667842185
M00046_P00124,6.406558713876007
M00046_P00129,6.166981271941498
M00047_P00391,0.0
M00047_P00399,6.027846101400674
M00047_P00410,6.160339777161773
M00047_P00416,6.492833498681873
M00047_P00835,5.883960307827803
M00047_P00840,0.0
M00047_P00844,0.0
M00047_P00847,0.0
M00047_P00848,0.0
M00047_P00856,5.774071239694497
M00048_P00345,5.874515224740695
M00048_P00347,0.0
M00048_P00351,5.789272449741008
M00048_P00353,0.0
M00048_P00359,4.10861610056723
M00048_P00362,6.171518401784753
M00048_P00922,0.0
M00048_P00927,0.0
M00048_P00931,6.147557029065371
M00048_P00935,0.0
M00049_P00391,0.0
M00049_P00399,6.44326208977598
M00049_P00410,6.148157373330927
M00049_P00416,5.554462217034257
M00049_P00807,0.0
M00049_P00812,6.644168998634457
M00049_P00819,5.834538689147037
M00049_P00826,0.0
M00049_P00827,7.647911566281286
M00050_P00157,6.495581571542282
M00050_P00159,0.0
M00050_P00164,0.0
M00050_P00169,0.0
M00050_P00171,5.855835044810535
M00050_P00175,6.115860117488387
M00050_P00185,5.5563355249314395
M00050_P00193,5.764301699419705
M00050_P00197,6.352512567612579
M00050_P00199,0.0
M00050_P00200,5.338690112604964
M00051_P00574,0.0
M00051_P00579,6.433245351828963
M00051_P00582,0.0
M00051_P00584,5.632783187341082
M00051_P00586,0.0
M00051_P00590,6.609831546824441
M00051_P00732,0.0
M00051_P00738,6.0970651194287715
M00051_P00742,6.860908544101091
M00051_P00744,5.69570823500468
M00051_P00747,0.0
M00051_P00753,5.507191445944672
M00052_P00079,6.846234541473097
M00052_P00082,5.757066801245259
M00052_P00087,0.0
M00052_P00097,6.4808394514358065
M00052_P00102,6.757237638986221
M00052_P01201,5.261879951420117
M00052_P01209,0.0
M00052_P01210,0.0
M00052_P01211,7.384088232256307
M00052_P01214,0.0
M00053_P00079,0.0
M00053_P00082,6.68988765093648
M00053_P00087,5.690709628445813
M00053_P00097,0.0
M00053_P00102,4.932583458588099
M00053_P00678,0.0
M00053_P00679,0.0
M00053_P00680,0.0
M00053_P00681,5.988163530658944
M00053_P00683,0.0
M00053_P00694,0.0
M00054_P00157,0.0
M00054_P00159,0.0
M00054_P00164,6.598379731896833
M00054_P00169,0.0
M00054_P00171,6.103172087506486
M00054_P00175,6.029674584354018
M00054_P00423,0.0
M00054_P00424,0.0
M00054_P00425,6.7130971445229175
M00054_P00426,6.20386114539297
M00054_P00431,6.438090061291598
M00054_P00436,7.786004897177943
M00054_P00440,6.267083304734327
M00055_P00732,6.7447560738238925
M00055_P00738,6.026638070592807
M00055_P00742,0.0
M00055_P00744,0.0
M00055_P00747,0.0
M00055_P00753,6.463057037539068
M00055_P00888,0.0
M00055_P00889,6.440280883107568
M00055_P00893,5.68905695738364
M00055_P00894,0.0
M00055_P00895,6.338218327344124
M00055_P00901,7.423717209268762
M00055_P00909,6.41536985409986
M00056_P00287,0.0
M00056_P00290,5.152606081477976
M00056_P00291,0.0
M00056_P00295,7.346856268646647
M00056_P00297,6.367334087198951
M00056_P00298,0.0
M00056_P00299,0.0
M00056_P00304,6.842161864552535
M00056_P00307,6.304752030982318
M00056_P00309,6.057765821147516
M00056_P00310,6.188765092484761
M00056_P00478,0.0
M00056_P00479,6.607915458857578
M00056_P00486,0.0
M00056_P00491,0.0
M00057_P00108,6.893558551849907
M00057_P00110,6.559468655404535
M00057_P00114,0.0
M00057_P00124,6.375453268962644
M00057_P00129,5.6840262101191055
M00057_P00761,0.0
M00057_P00772,5.968827061310784
M00058_P00079,0.0
M00058_P00082,6.596955871961407
M00058_P00087,6.888872997640524
M00058_P00097,6.207888757243009
M00058_P00102,5.774566684060499
M00058_P01099,5.797177624749823
M00058_P01107,5.548345098944924
M00058_P01108,6.353757191456316
M00058_P01109,0.0
M00058_P01114,6.706266598664951
M00058_P01118,0.0
M00059_P00136,0.0
M00059_P00141,6.539217696075708
M00059_P00148,6.161070666002483
M00059_P00156,0.0
M00059_P00423,0.0
M00059_P00424,0.0
M00059_P00425,6.963769205274724
M00059_P00426,5.374045009274897
M00059_P00431,4.664522427670436
M00059_P00436,0.0
M00059_P00440,6.561712741300154
M00060_P00782,0.0
M00060_P00786,0.0
M00060_P00788,6.813725457612551
M00060_P00797,6.07470494057798
M00060_P00803,6.451427874348963
M00060_P00807,5.550973448838179
M00060_P00812,7.042617858074119
M00060_P00819,6.229279896202447
M00060_P00826,0.0
M00060_P00827,7.442897981414345
M00061_P00079,0.0
M00061_P00082,6.058531933477929
M00061_P00087,6.728249308877846
M00061_P00097,0.0
M00061_P00102,6.376560548767467
M00061_P00287,6.490269380671506
M00061_P00290,0.0
M00061_P00291,6.030974644611063
M00061_P00295,6.633215848357405
M00061_P00297,5.612081983034516
M00061_P00298,0.0
M00061_P00299,5.669545935126849
M00061_P00304,6.823351959674299
M00061_P00307,0.0
M00061_P00309,0.0
M00061_P00310,6.567531312035328
M00062_P00423,0.0
M00062_P00424,4.962992024383828
M00062_P00425,6.836966372985773
M00062_P00426,6.215281343124731
M00062_P00431,0.0
M00062_P00436,6.489581628274272
M00062_P00440,7.307132824776653
M00062_P00625,0.0
M00062_P00630,0.0
M00062_P00632,6.999092976611237
M00062_P00635,5.434517921742385
M00062_P00644,5.512517633527847
M00062_P00645,7.512308489640479
M00062_P00650,6.400215892901399
M00063_P00478,5.402687824051639
M00063_P00479,7.727294033901527
M00063_P00486,6.456324284630799
M00063_P00491,0.0
M00063_P00732,5.609611304345052
M00063_P00738,5.316281493135541
M00063_P00742,7.524169208072318
M00063_P00744,0.0
M00063_P00747,7.053712055632916
M00063_P00753,5.722944892364067
M00064_P00241,6.317590527504871
M00064_P00244,5.679188050178893
M00064_P00245,0.0
M00064_P00248,0.0
M00064_P00255,6.928273944155282
M00064_P00260,7.523740931965512
M00064_P00345,6.454858535552771
M00064_P00347,0.0
M00064_P00351,7.096038408514632
M00064_P00353,6.0019808746486785
M00064_P00359,6.824333885828623
M00064_P00362,5.094276660271256
M00065_P00079,7.476282362382176
M00065_P00082,0.0
M00065_P00087,6.24028527954573
M00065_P00097,5.791851749708586
M00065_P00102,6.101787686129794
M00065_P00991,0.0
M00065_P00993,5.5309108340473
M00065_P00997,5.634411912061263
M00065_P01000,0.0
M00065_P01010,6.748196257708789
M00066_P00529,0.0
M00066_P00535,0.0
M00066_P00536,5.895239677603503
M00066_P00542,6.290404014164272
M00066_P00543,0.0
M00066_P01223,0.0
M00066_P01234,7.630533749366445
M00066_P01236,5.631548115808725
M00066_P01241,0.0
M00066_P01242,6.076231260451802
M00067_P00782,0.0
M00067_P00786,0.0
M00067_P00788,6.529166116793521
M00067_P00797,0.0
M00067_P00803,5.915177804590364
M00067_P00965,0.0
M00067_P00966,6.545036420155597
M00067_P00975,6.626146485083435
M00067_P00978,0.0
M00067_P00980,6.193674843117402
M00067_P00986,0.0
M00068_P00079,6.066301600206082
M00068_P00082,5.553016572633951
M00068_P00087,5.590665879216125
M00068_P00097,5.437199143134773
M00068_P00102,0.0
M00068_P00863,6.125573648594652
M00068_P00880,5.903460461334981
M00068_P00882,7.9934655742435545
M00069_P00108,0.0
M00069_P00110,0.0
M00069_P00114,0.0
M00069_P00124,5.793087445988463
M00069_P00129,5.920401715643188
M00069_P01020,6.6471175012414125
M00069_P01034,5.600906692016258
M00069_P01037,5.799861906382195
M00069_P01038,5.634354063114293
M00070_P00185,6.013574892612606
M00070_P00193,0.0
M00070_P00197,5.750718958612824
M00070_P00199,6.712976238134572
M00070_P00200,5.91351378103242
M00070_P00655,0.0
M00070_P00662,6.538778408318978
M00070_P00666,0.0
M00070_P00668,6.00159666978265
M00070_P00669,0.0
M00070_P00673,6.217560630133871
M00070_P00674,6.0583542613339985
M00071_P00965,0.0
M00071_P00966,5.744925731761093
M00071_P00975,0.0
M00071_P00978,6.352803534972609
M00071_P00980,6.535152858179981
M00071_P00986,6.760241617927496
M00071_P01020,0.0
M00071_P01034,6.238514628904173
M00071_P01037,6.083840993147089
M00071_P01038,0.0
M00072_P00678,0.0
M00072_P00679,0.0
M00072_P00680,6.625913566241441
M00072_P00681,0.0
M00072_P00683,0.0
M00072_P00694,6.438237046160808
M00072_P01120,6.20491440670127
M00073_P00345,5.408903347829001
M00073_P00347,6.294943264419774
M00073_P00351,6.5419082867185105
M00073_P00353,6.0355558430053975
M00073_P00359,5.294539086336865
M00073_P00362,6.2160089541743515
M00073_P00423,7.180402448483879
M00073_P00424,6.982346249846091
M00073_P00425,6.9292324734108455
M00073_P00426,5.910726643716304
M00073_P00431,5.712021372746959
M00073_P00436,0.0
M00073_P00440,0.0
M00074_P00391,0.0
M00074_P00399,5.573318266978456
M00074_P00410,5.570400213316143
M00074_P00416,5.742340961314639
M00074_P00443,5.992743161316021
M00074_P00448,0.0
M00074_P00452,5.5192640805622455
M00074_P00462,5.7407489894457155
M00074_P00463,0.0
M00074_P00465,5.684298291908861
M00074_P00468,6.426287558441779
M00075_P01070,6.2874741988673915
M00075_P01074,0.0
M00075_P01082,0.0
M00075_P01099,6.191390131470946
M00075_P01107,4.713537723637086
M00075_P01108,6.067645614086267
M00075_P01109,6.3685427254369325
M00075_P01114,5.8695009058246175
M00075_P01118,0.0
M00076_P00108,0.0
M00076_P00110,6.47624886588092
M00076_P00114,8.85917964951717
M00076_P00124,0.0
M00076_P00129,6.322068099477781
M00076_P00529,6.034033758266858
M00076_P00535,0.0
M00076_P00536,6.266316987438728
M00076_P00542,0.0
M00076_P00543,5.79372929846516
M00077_P00940,6.058837713743695
M00077_P00948,6.535348577572218
M00077_P00950,6.289128884688138
M00077_P00951,6.231645970882218
M00077_P00959,0.0
M00077_P00962,5.61359462290678
M00077_P01020,0.0
M00077_P01034,0.0
M00077_P01037,5.939854505055297
M00077_P01038,5.064159948208949
M00078_P00345,5.836069320550312
M00078_P00347,5.107136294863972
M00078_P00351,6.686033861406099
M00078_P00353,5.798830462332353
M00078_P00359,6.023165723228111
M00078_P00362,0.0
M00078_P00888,4.530934286544848
M00078_P00889,0.0
M00078_P00893,5.663048993975513
M00078_P00894,0.0
M00078_P00895,0.0
M00078_P00901,0.0
M00078_P00909,6.3285333816396525
M00079_P00209,5.656108048225971
M00079_P00210,0.0
M00079_P00211,0.0
M00079_P00219,6.360877147848853
M00079_P00221,6.439416897201217
M00079_P00222,5.979964140197684
M00079_P00232,0.0
M00079_P00234,0.0
M00079_P00611,6.398547478505049
M00079_P00618,0.0
M00079_P00619,0.0
M00079_P00622,0.0
M00080_P00478,0.0
M00080_P00479,6.801158622052443
M00080_P00486,6.580151949719162
M00080_P00491,6.174003088351871
M00080_P00611,6.358083122602272
M00080_P00618,7.148546670673061
M00080_P00619,4.943848218390243
M00080_P00622,5.224732033761616
M00081_P00888,6.332634242251357
M00081_P00889,5.337941735411541
M00081_P00893,6.273813967743509
M00081_P00894,5.704096473264474
M00081_P00895,0.0
M00081_P00901,7.828205605856447
M00081_P00909,0.0
M00081_P01201,5.011045124795228
M00081_P01209,0.0
M00081_P01210,0.0
M00081_P01211,6.873920773080714
M00081_P01214,0.0
M00082_P00922,0.0
M00082_P00927,0.0
M00082_P00931,0.0
M00082_P00935,0.0
M00082_P01099,6.130631811517412
M00082_P01107,0.0
M00082_P01108,0.0
M00082_P01109,6.419122240311412
M00082_P01114,7.395267658120791
M00082_P01118,6.2203970272428455
M00083_P00209,5.842547164399543
M00083_P00210,0.0
M00083_P00211,0.0
M00083_P00219,0.0
M00083_P00221,0.0
M00083_P00222,6.235423086329029
M00083_P00232,6.10280408338141
M00083_P00234,0.0
M00083_P00443,0.0
M00083_P00448,5.565390807509162
M00083_P00452,0.0
M00083_P00462,0.0
M00083_P00463,5.5014786956958694
M00083_P00465,6.106759250008621
M00083_P00468,6.121672434468006
M00084_P00922,7.400674088276443
M00084_P00927,6.362306354347332
M00084_P00931,0.0
M00084_P00935,5.766281380834433
M00084_P01223,0.0
M00084_P01234,6.935979824233777
M00084_P01236,6.79025898609119
M00084_P01241,0.0
M00084_P01242,6.345501110671411
M00085_P00478,5.995004178755143
M00085_P00479,6.942074275905524
M00085_P00486,6.226453898863584
M00085_P00491,6.2111662971792425
M00085_P01020,5.59814955613851
M00085_P01034,5.732387743888221
M00085_P01037,5.636706062280424
M00085_P01038,6.148225816574586
M00086_P00345,0.0
M00086_P00347,6.396439744904467
M00086_P00351,0.0
M00086_P00353,6.155670620661957
M00086_P00359,0.0
M00086_P00362,0.0
M00086_P01146,0.0
M00086_P01157,5.781142438099313
M00086_P01166,6.944495999807624
M00086_P01169,6.126098344827997
M00087_P00807,0.0
M00087_P00812,6.966200501382942
M00087_P00819,6.210375896438383
M00087_P00826,0.0
M00087_P00827,6.405459789772372
M00087_P00835,0.0
M00087_P00840,0.0
M00087_P00844,0.0
M00087_P00847,5.6745100600176235
M00087_P00848,0.0
M00087_P00856,0.0
M00088_P00136,0.0
M00088_P00141,7.107420092333299
M00088_P00148,6.929797282515283
M00088_P00156,5.495739495005477
M00088_P01070,5.499573613319583
M00088_P01074,0.0
M00088_P01082,6.238645775219325
M00089_P00011,0.0
M00089_P00024,0.0
M00089_P00055,0.0
M00089_P00057,0.0
M00089_P00059,5.81956342078762
M00089_P00064,5.807145352064049
M00089_P00066,0.0
M00089_P00071,6.330678178981843
M00089_P00077,0.0
M00090_P00423,0.0
M00090_P00424,5.634167047256045
M00090_P00425,7.033302562394185
M00090_P00426,5.433872638466954
M00090_P00431,5.622476712315776
M00090_P00436,5.939408879055079
M00090_P00440,7.074962572746163
M00090_P01041,0.0
M00090_P01042,5.681031154016034
M00090_P01048,5.764995004870812
M00090_P01049,0.0
M00090_P01051,6.076633543533917
M00090_P01055,0.0
M00090_P01063,5.3435783432960235
M00090_P01064,6.691857869275708
M00091_P00922,6.660546644851806
M00091_P00927,6.884792817759799
M00091_P00931,6.161776288230298
M00091_P00935,5.813748315847524
M00091_P01201,0.0
M00091_P01209,5.4688737023698275
M00091_P01210,0.0
M00091_P01211,7.115985349052944
M00091_P01214,0.0
M00092_P00108,5.948481153459545
M00092_P00110,0.0
M00092_P00114,7.415160106901383
M00092_P00124,5.792476657526173
M00092_P00129,0.0
M00092_P00185,0.0
M00092_P00193,6.182194071385011
M00092_P00197,0.0
M00092_P00199,5.661700642670445
M00092_P00200,5.794999102576524
M00093_P00055,0.0
M00093_P00057,5.708923308140499
M00093_P00059,0.0
M00093_P00064,0.0
M00093_P00066,8.290619146321047
M00093_P00071,0.0
M00093_P00077,6.040177601205102
M00093_P00888,6.011116431315688
M00093_P00889,6.426586899749109
M00093_P00893,6.888500710456139
M00093_P00894,6.673608909838459
M00093_P00895,6.960045664133613
M00093_P00901,0.0
M00093_P00909,0.0
M00094_P00209,0.0
M00094_P00210,7.149583754183321
M00094_P00211,0.0
M00094_P00219,0.0
M00094_P00221,0.0
M00094_P00222,6.465232174887892
M00094_P00232,0.0
M00094_P00234,0.0
M00094_P00705,0.0
M00094_P00707,6.618492737274425
M00094_P00716,5.485749297408332
M00094_P00718,7.563286283100426
M00094_P00724,0.0
M00094_P00728,6.01981011192588
M00095_P00055,0.0
M00095_P00057,0.0
M00095_P00059,0.0
M00095_P00064,0.0
M00095_P00066,0.0
M00095_P00071,0.0
M00095_P00077,0.0
M00095_P00611,6.22272817214184
M00095_P00618,0.0
M00095_P00619,5.627879061495228
M00095_P00622,0.0
M00096_P00391,0.0
M00096_P00399,6.375341253562669
M00096_P00410,0.0
M00096_P00416,5.229315061122065
M00096_P01120,0.0
M00097_P00574,0.0
M00097_P00579,7.059379437702187
M00097_P00582,0.0
M00097_P00584,0.0
M00097_P00586,5.909368222639141
M00097_P00590,7.259242805836317
M00097_P00940,6.344862548133033
M00097_P00948,0.0
M00097_P00950,6.492134271067731
M00097_P00951,0.0
M00097_P00959,0.0
M00097_P00962,6.639838083908426
M00098_P00266,6.636595423347188
M00098_P00271,5.849057265024962
M00098_P00278,0.0
M00098_P00286,0.0
M00098_P00391,6.616648689472213
M00098_P00399,5.252348747634326
M00098_P00410,0.0
M00098_P00416,5.779549165908479
M00099_P00032,6.9938139150138
M00099_P00044,0.0
M00099_P00045,0.0
M00099_P00050,5.303183398157439
M00099_P00052,0.0
M00099_P00313,0.0
M00099_P00324,0.0
M00099_P00329,6.622582515806985
M00099_P00333,6.685053089115418
M00099_P00334,5.857449410375242
M00100_P00678,0.0
M00100_P00679,0.0
M00100_P00680,4.854894489851041
M00100_P00681,0.0
M00100_P00683,0.0
M00100_P00694,0.0
M00100_P01120,0.0
M00101_P00266,6.194800917264349
M00101_P00271,5.328707936064589
M00101_P00278,0.0
M00101_P00286,5.903634681844106
M00101_P00443,0.0
M00101_P00448,6.642048036201142
M00101_P00452,5.065145084780755
M00101_P00462,6.505510381816072
M00101_P00463,5.624836848563125
M00101_P00465,0.0
M00101_P00468,6.648306872175799
M00102_P00055,0.0
M00102_P00057,5.796834646385153
M00102_P00059,4.819237725743001
M00102_P00064,5.881865492678216
M00102_P00066,0.0
M00102_P00071,0.0
M00102_P00077,6.277427496984473
M00102_P00625,0.0
M00102_P00630,5.394808720258803
M00102_P00632,6.745745652614879
M00102_P00635,0.0
M00102_P00644,0.0
M00102_P00645,0.0
M00102_P00650,6.290310718944765
M00103_P00313,7.133568900066016
M00103_P00324,7.288083620619299
M00103_P00329,5.946312803856755
M00103_P00333,6.24474166803431
M00103_P00334,6.2868237771938675
M00103_P00782,6.8903604633004605
M00103_P00786,0.0
M00103_P00788,0.0
M00103_P00797,0.0
M00103_P00803,5.206941793524833
M00104_P00368,5.608580682937288
M00104_P00372,6.861403888151533
M00104_P00378,0.0
M00104_P00382,6.1627488463422795
M00104_P00383,5.693098418667605
M00104_P00391,0.0
M00104_P00399,0.0
M00104_P00410,6.821380525647924
M00104_P00416,6.490846933225606
M00105_P00549,0.0
M00105_P00552,6.111210592088145
M00105_P00554,5.177542875931628
M00105_P00561,0.0
M00105_P00562,5.064774412860501
M00105_P00568,5.589439143583578
M00105_P00655,0.0
M00105_P00662,5.71886559664384
M00105_P00666,0.0
M00105_P00668,5.305856120172587
M00105_P00669,5.814699236847123
M00105_P00673,5.667499010663101
M00105_P00674,0.0
M00106_P00443,0.0
M00106_P00448,0.0
M00106_P00452,0.0
M00106_P00462,7.1892476040154465
M00106_P00463,6.282712139951151
M00106_P00465,0.0
M00106_P00468,5.785576470503479
M00106_P00611,5.227055450284288
M00106_P00618,6.285347283874906
M00106_P00619,5.81253178018597
M00106_P00622,6.339305441523212
M00107_P00888,6.325792186702194
M00107_P00889,5.765512868072378
M00107_P00893,6.59168614298214
M00107_P00894,0.0
M00107_P00895,0.0
M00107_P00901,6.535245079009878
M00107_P00909,6.2265731672546565
M00107_P01120,0.0
M00108_P00185,0.0
M00108_P00193,5.387533625612894
M00108_P00197,0.0
M00108_P00199,0.0
M00108_P00200,6.125939260366404
M00108_P00443,0.0
M00108_P00448,0.0
M00108_P00452,0.0
M00108_P00462,5.740387149264373
M00108_P00463,5.855245620247665
M00108_P00465,7.059225074020692
M00108_P00468,0.0
M00109_P00055,6.261461976932661
M00109_P00057,0.0
M00109_P00059,6.765684405156079
M00109_P00064,6.349611917705485
M00109_P00066,0.0
M00109_P00071,6.025798810125453
M00109_P00077,5.668138323404625
M00109_P00185,6.543374377963297
M00109_P00193,7.1912230378295625
M00109_P00197,0.0
M00109_P00199,0.0
M00109_P00200,6.564024704924459
M00110_P00574,6.441634005252899
M00110_P00579,0.0
M00110_P00582,5.977981397469519
M00110_P00584,6.252509921078894
M00110_P00586,6.641588878985675
M00110_P00590,7.314935183043802
M00110_P01223,0.0
M00110_P01234,7.313095804240068
M00110_P01236,5.8315420989073194
M00110_P01241,6.178357228926159
M00110_P01242,5.052040539025585
M00111_P00705,5.126274773475317
M00111_P00707,0.0
M00111_P00716,4.7239822818483095
M00111_P00718,6.276946339025197
M00111_P00724,6.900256796881584
M00111_P00728,6.648451546380127
M00111_P01020,6.4332556624317885
M00111_P01034,6.140586555635111
M00111_P01037,6.228156951915549
M00111_P01038,0.0
M00112_P00625,6.452538896023595
M00112_P00630,5.98524105654466
M00112_P00632,7.025174014130822
M00112_P00635,6.071294150610431
M00112_P00644,0.0
M00112_P00645,0.0
M00112_P00650,5.228277016595162
M00112_P00965,0.0
M00112_P00966,0.0
M00112_P00975,6.427084044572592
M00112_P00978,6.476446115985051
M00112_P00980,0.0
M00112_P00986,0.0
M00113_P00055,0.0
M00113_P00057,0.0
M00113_P00059,6.705922504318351
M00113_P00064,0.0
M00113_P00066,7.282501995381767
M00113_P00071,0.0
M00113_P00077,6.526763156474665
M00113_P01201,5.2706554806959485
M00113_P01209,8.013951240645138
M00113_P01210,5.684525982491245
M00113_P01211,6.561966782955063
M00113_P01214,6.024078579447963
M00114_P00863,5.726385654348756
M00114_P00880,5.790719152765033
M00114_P00882,0.0
M00114_P00922,6.018193162022107
M00114_P00927,5.9197711590481426
M00114_P00931,6.5232033482835625
M00114_P00935,0.0
M00115_P00611,6.25932489153704
M00115_P00618,6.943867354954981
M00115_P00619,0.0
M00115_P00622,0.0
M00115_P00732,0.0
M00115_P00738,0.0
M00115_P00742,7.141143846901875
M00115_P00744,0.0
M00115_P00747,7.229670474323881
M00115_P00753,6.798189615208937
M00116_P00529,0.0
M00116_P00535,5.674837263195804
M00116_P00536,6.722194398144442
M00116_P00542,0.0
M00116_P00543,0.0
M00116_P01020,0.0
M00116_P01034,5.39031754208965
M00116_P01037,0.0
M00116_P01038,6.091995488310626
M00117_P00515,0.0
M00117_P01201,6.580116081362216
M00117_P01209,6.4769871413728435
M00117_P01210,0.0
M00117_P01211,7.070689956234815
M00117_P01214,0.0
M00118_P00678,0.0
M00118_P00679,0.0
M00118_P00680,5.941336933752481
M00118_P00681,5.353546810423559
M00118_P00683,6.744460535980511
M00118_P00694,0.0
M00118_P01099,5.018412943206035
M00118_P01107,0.0
M00118_P01108,7.171926000533684
M00118_P01109,0.0
M00118_P01114,0.0
M00118_P01118,0.0
M00119_P00478,0.0
M00119_P00479,0.0
M00119_P00486,6.257696143529397
M00119_P00491,6.257314942375585
M00119_P01146,7.530723141529717
M00119_P01157,0.0
M00119_P01166,6.141709880492208
M00119_P01169,5.8671239800962445
M00120_P00313,7.5016269957518755
M00120_P00324,6.055470463812263
M00120_P00329,6.252961360896127
M00120_P00333,6.8136545735435945
M00120_P00334,0.0
M00120_P00705,0.0
M00120_P00707,6.384244594713442
M00120_P00716,5.792737871729633
M00120_P00718,0.0
M00120_P00724,5.418632447126946
M00120_P00728,6.922503836905961
M00121_P00287,0.0
M00121_P00290,0.0
M00121_P00291,4.95450343382295
M00121_P00295,7.083817358935218
M00121_P00297,6.527584358980338
M00121_P00298,0.0
M00121_P00299,0.0
M00121_P00304,0.0
M00121_P00307,5.794356658913431
M00121_P00309,6.632044149149565
M00121_P00310,6.603383692593126
M00121_P01120,0.0
M00122_P00655,0.0
M00122_P00662,6.360267701527195
M00122_P00666,6.399126407259291
M00122_P00668,0.0
M00122_P00669,6.08706774042579
M00122_P00673,0.0
M00122_P00674,0.0
M00122_P00940,5.871634495899509
M00122_P00948,5.679850207291933
M00122_P00950,0.0
M00122_P00951,5.803966527655729
M00122_P00959,0.0
M00122_P00962,0.0
M00123_P00345,0.0
M00123_P00347,0.0
M00123_P00351,0.0
M00123_P00353,0.0
M00123_P00359,5.758527963929277
M00123_P00362,6.459268747133232
M00123_P00478,4.737960459137233
M00123_P00479,0.0
M00123_P00486,5.841030421896368
M00123_P00491,6.2416407838114
M00124_P00732,5.129476632750981
M00124_P00738,0.0
M00124_P00742,0.0
M00124_P00744,6.139852295750015
M00124_P00747,8.417220993212094
M00124_P00753,5.886209187721595
M00124_P00761,5.7905464824549435
M00124_P00772,5.146787388795842
M00125_P00782,0.0
M00125_P00786,5.895721245249437
M00125_P00788,6.145219743552577
M00125_P00797,5.657720680070157
M00125_P00803,0.0
M00125_P00835,0.0
M00125_P00840,5.9613247810855
M00125_P00844,6.0667944177015185
M00125_P00847,0.0
M00125_P00848,0.0
M00125_P00856,0.0
M00126_P00136,0.0
M00126_P00141,6.151679769418022
M00126_P00148,5.023385877815603
M00126_P00156,0.0
M00126_P01099,7.192633154863747
M00126_P01107,5.663169854431078
M00126_P01108,0.0
M00126_P01109,6.218972165342125
M00126_P01114,0.0
M00126_P01118,6.492534952880805
M00127_P00136,0.0
M00127_P00141,7.1559298676385
M00127_P00148,0.0
M00127_P00156,5.745239874395044
M00127_P00423,0.0
M00127_P00424,0.0
M00127_P00425,7.3060064218085605
M00127_P00426,6.137459642427021
M00127_P00431,0.0
M00127_P00436,6.935456539829464
M00127_P00440,0.0
M00128_P00313,0.0
M00128_P00324,6.055717549148839
M00128_P00329,5.743666602550837
M00128_P00333,6.685834810373546
M00128_P00334,6.562378085411273
M00128_P00368,0.0
M00128_P00372,7.450559424734512
M00128_P00378,5.7468940428084885
M00128_P00382,5.775692776295974
M00128_P00383,0.0
M00129_P00055,0.0
M00129_P00057,0.0
M00129_P00059,0.0
M00129_P00064,0.0
M00129_P00066,7.003236220940759
M00129_P00071,0.0
M00129_P00077,0.0
M00129_P00423,0.0
M00129_P00424,0.0
M00129_P00425,6.193389220868925
M00129_P00426,0.0
M00129_P00431,5.066467338095933
M00129_P00436,5.1402148161011585
M00129_P00440,0.0
M00130_P00678,0.0
M00130_P00679,0.0
M00130_P00680,0.0
M00130_P00681,6.048375932411864
M00130_P00683,5.311362215495645
M00130_P00694,6.285252597426976
M00130_P00761,5.967580114897799
M00130_P00772,5.867378196753384
M00131_P01146,0.0
M00131_P01157,6.592596152169041
M00131_P01166,6.195879266227079
M00131_P01169,0.0
M00131_P01177,0.0
M00131_P01182,0.0
M00131_P01184,6.452349716606302
M00131_P01193,5.385061037118614
M00131_P01196,6.905234912842431
M00132_P00391,0.0
M00132_P00399,5.844437024896737
M00132_P00410,0.0
M00132_P00416,0.0
M00132_P00655,0.0
M00132_P00662,5.915625871428955
M00132_P00666,0.0
M00132_P00668,5.571753424192772
M00132_P00669,6.850129508184854
M00132_P00673,0.0
M00132_P00674,7.354105350993913
M00133_P00157,0.0
M00133_P00159,5.104543298484256
M00133_P00164,5.96966422791485
M00133_P00169,6.173927392918702
M00133_P00171,6.004313919888108
M00133_P00175,0.0
M00133_P00732,0.0
M00133_P00738,5.748645768085677
M00133_P00742,5.988310969648445
M00133_P00744,4.797241667202516
M00133_P00747,0.0
M00133_P00753,0.0
M00134_P00863,0.0
M00134_P00880,5.745440511315523
M00134_P00882,6.667088037997907
M00134_P01146,0.0
M00134_P01157,4.336819876932411
M00134_P01166,5.887033697634557
M00134_P01169,6.990326814618969
M00135_P00391,0.0
M00135_P00399,0.0
M00135_P00410,5.8375211775886875
M00135_P00416,0.0
M00135_P00922,6.508220672319745
M00135_P00927,6.264673625970741
M00135_P00931,6.599251179768584
M00135_P00935,6.12319073887843
M00136_P00209,0.0
M00136_P00210,0.0
M00136_P00211,6.13472879351817
M00136_P00219,6.025203629361415
M00136_P00221,6.736424977951172
M00136_P00222,5.637898609559883
M00136_P00232,0.0
M00136_P00234,6.718787913479575
M00136_P00782,0.0
M00136_P00786,6.502177924825762
M00136_P00788,6.545897220359833
M00136_P00797,6.3813698224253805
M00136_P00803,6.177116996529545
M00137_P00732,0.0
M00137_P00738,6.048277617571403
M00137_P00742,0.0
M00137_P00744,0.0
M00137_P00747,7.877062065869892
M00137_P00753,5.488243755257809
M00137_P01041,0.0
M00137_P01042,0.0
M00137_P01048,5.894465602057952
M00137_P01049,5.351728993288826
M00137_P01051,0.0
M00137_P01055,5.907458565627375
M00137_P01063,0.0
M00137_P01064,0.0
M00138_P00732,6.908981156263484
M00138_P00738,0.0
M00138_P00742,6.59093534925788
M00138_P00744,0.0
M00138_P00747,7.460381899175849
M00138_P00753,0.0
M00138_P00922,0.0
M00138_P00927,5.733739064184765
M00138_P00931,5.6774298331766735
M00138_P00935,0.0
M00139_P00423,7.322633545335138
M00139_P00424,5.806921099571831
M00139_P00425,5.792053678510178
M00139_P00426,6.338281500721638
M00139_P00431,0.0
M00139_P00436,0.0
M00139_P00440,5.767063102996418
M00139_P00732,5.943684489535104
M00139_P00738,5.8386404918893975
M00139_P00742,0.0
M00139_P00744,5.819430540729716
M00139_P00747,6.4597615806266795
M00139_P00753,6.266445576714311
M00140_P00443,0.0
M00140_P00448,0.0
M00140_P00452,5.881710075733223
M00140_P00462,6.697016501776119
M00140_P00463,0.0
M00140_P00465,6.1987284538884255
M00140_P00468,0.0
M00140_P01041,0.0
M00140_P01042,5.294319975096992
M00140_P01048,5.557714097204085
M00140_P01049,0.0
M00140_P01051,0.0
M00140_P01055,5.74381988853436
M00140_P01063,6.1025714733329925
M00140_P01064,7.104985636724632
M00141_P00391,0.0
M00141_P00399,0.0
M00141_P00410,6.908765231824107
M00141_P00416,5.741799938900134
M00141_P01041,0.0
M00141_P01042,0.0
M00141_P01048,6.580235693376197
M00141_P01049,8.589151374666013
M00141_P01051,0.0
M00141_P01055,5.846951304340153
M00141_P01063,7.081041603020386
M00141_P01064,0.0
M00142_P00108,6.141068998450128
M00142_P00110,5.598633575431584
M00142_P00114,0.0
M00142_P00124,6.2788808291797205
M00142_P00129,5.201596972626125
M00142_P01201,6.189747738585193
M00142_P01209,0.0
M00142_P01210,5.976824852989812
M00142_P01211,0.0
M00142_P01214,5.994535019093012
M00143_P00443,0.0
M00143_P00448,4.7217143095635095
M00143_P00452,7.291139110419105
M00143_P00462,6.358032311586917
M00143_P00463,5.59531480404169
M00143_P00465,6.166964432211178
M00143_P00468,0.0
M00143_P00574,0.0
M00143_P00579,6.135515486849842
M00143_P00582,0.0
M00143_P00584,0.0
M00143_P00586,6.087408445011913
M00143_P00590,7.2925414021339945
M00144_P00209,5.38546706450839
M00144_P00210,0.0
M00144_P00211,0.0
M00144_P00219,0.0
M00144_P00221,6.881041591956806
M00144_P00222,5.9507623864695125
M00144_P00232,5.578339112480916
M00144_P00234,6.765052084279866
M00144_P00266,0.0
M00144_P00271,6.944038878132096
M00144_P00278,7.044979326974112
M00144_P00286,8.517283957013158
M00145_P00241,0.0
M00145_P00244,0.0
M00145_P00245,5.239111204583925
M00145_P00248,6.3512691976888584
M00145_P00255,7.1562691430914676
M00145_P00260,6.168404920868971
M00145_P01146,0.0
M00145_P01157,4.658887330680507
M00145_P01166,6.673933405507028
M00145_P01169,5.8173795331373235
M00146_P00108,6.958246061405884
M00146_P00110,0.0
M00146_P00114,0.0
M00146_P00124,0.0
M00146_P00129,6.684750060641394
M00146_P00705,0.0
M00146_P00707,6.912482657967805
M00146_P00716,0.0
M00146_P00718,0.0
M00146_P00724,6.208269374379506
M00146_P00728,6.56142126072631
M00147_P00761,0.0
M00147_P00772,4.583573640258658
M00147_P00888,6.595350875787098
M00147_P00889,0.0
M00147_P00893,6.1464088988740935
M00147_P00894,0.0
M00147_P00895,0.0
M00147_P00901,0.0
M00147_P00909,6.323346358535553
M00148_P00345,6.139087203125011
M00148_P00347,5.768480069613866
M00148_P00351,0.0
M00148_P00353,6.905629360393888
M00148_P00359,5.396416589157409
M00148_P00362,0.0
M00148_P00705,5.747006435316109
M00148_P00707,6.364426115972933
M00148_P00716,6.217634402800824
M00148_P00718,0.0
M00148_P00724,7.008828115106325
M00148_P00728,0.0
M00149_P00625,6.308526308094572
M00149_P00630,0.0
M00149_P00632,7.107886592723557
M00149_P00635,6.6740552789331415
M00149_P00644,6.797186611221648
M00149_P00645,0.0
M00149_P00650,7.133097700852598
M00149_P00940,0.0
M00149_P00948,0.0
M00149_P00950,6.633345820217778
M00149_P00951,0.0
M00149_P00959,0.0
M00149_P00962,6.854024498200533
M00150_P00515,6.359692230115495
M00150_P00574,0.0
M00150_P00579,5.802526089952315
M00150_P00582,5.602531497629674
M00150_P00584,6.2789320257585945
M00150_P00586,6.800876662914861
M00150_P00590,7.050211446274251
M00151_P00678,0.0
M00151_P00679,0.0
M00151_P00680,5.385844667191318
M00151_P00681,5.616961088208738
M00151_P00683,6.569352913191248
M00151_P00694,6.7990503363115184
M00151_P00922,0.0
M00151_P00927,5.43570830755027
M00151_P00931,6.149140864477198
M00151_P00935,5.280008520463879
M00152_P00368,0.0
M00152_P00372,6.24572218010297
M00152_P00378,5.613556154524523
M00152_P00382,0.0
M00152_P00383,5.427256755724456
M00152_P00807,6.595943229529848
M00152_P00812,0.0
M00152_P00819,6.350255811553887
M00152_P00826,6.013926577736508
M00152_P00827,0.0
M00153_P00032,0.0
M00153_P00044,7.1279835133770595
M00153_P00045,5.783220625999308
M00153_P00050,6.6151311266930355
M00153_P00052,6.200769544986641
M00153_P00807,6.087717566487436
M00153_P00812,8.183235382414658
M00153_P00819,0.0
M00153_P00826,6.516285907940098
M00153_P00827,0.0
M00154_P01099,0.0
M00154_P01107,6.076638864253143
M00154_P01108,6.9132939674083405
M00154_P01109,0.0
M00154_P01114,0.0
M00154_P01118,6.713258412322367
M00154_P01146,0.0
M00154_P01157,5.6701161717916655
M00154_P01166,0.0
M00154_P01169,5.965984112999426
M00155_P00209,0.0
M00155_P00210,0.0
M00155_P00211,6.3037891075797825
M00155_P00219,0.0
M00155_P00221,5.805368929582846
M00155_P00222,7.027871615439623
M00155_P00232,5.581349131001679
M00155_P00234,7.923786415314764
M00155_P00761,0.0
M00155_P00772,6.026084053107666
M00156_P00655,6.33508379323566
M00156_P00662,6.827227293014864
M00156_P00666,6.452118220365961
M00156_P00668,0.0
M00156_P00669,5.660864252422196
M00156_P00673,0.0
M00156_P00674,0.0
M00156_P00991,7.090175252355433
M00156_P00993,0.0
M00156_P00997,5.9556680886234545
M00156_P01000,6.010433113679407
M00156_P01010,0.0
M00157_P00136,0.0
M00157_P00141,7.296046302432193
M00157_P00148,5.020711384821627
M00157_P00156,6.071475547613834
M00157_P01099,6.037685351134694
M00157_P01107,0.0
M00157_P01108,6.934007096780438
M00157_P01109,6.267752372656245
M00157_P01114,6.334042760560513
M00157_P01118,6.29738774132032
M00158_P00287,6.093157874544375
M00158_P00290,0.0
M00158_P00291,0.0
M00158_P00295,6.16830060136455
M00158_P00297,5.6731609836680805
M00158_P00298,5.663911737651761
M00158_P00299,0.0
M00158_P00304,6.851147847427531
M00158_P00307,0.0
M00158_P00309,0.0
M00158_P00310,7.168291029696564
M00158_P00761,6.409768363538052
M00158_P00772,5.38358360229189
M00159_P00529,5.448747529434619
M00159_P00535,5.118941417363806
M00159_P00536,5.819261227281725
M00159_P00542,0.0
M00159_P00543,0.0
M00159_P00625,6.980004613519742
M00159_P00630,0.0
M00159_P00632,7.490178600791695
M00159_P00635,0.0
M00159_P00644,0.0
M00159_P00645,6.4479454798516915
M00159_P00650,0.0
M00160_P00529,0.0
M00160_P00535,0.0
M00160_P00536,0.0
M00160_P00542,6.746249778947929
M00160_P00543,0.0
M00160_P00574,0.0
M00160_P00579,0.0
M00160_P00582,0.0
M00160_P00584,7.157875030800354
M00160_P00586,4.468924135358933
M00160_P00590,7.0299215769088566
M00161_P00443,7.486307009463597
M00161_P00448,4.99762765994649
M00161_P00452,6.589385265810983
M00161_P00462,0.0
M00161_P00463,0.0
M00161_P00465,5.881335068242603
M00161_P00468,6.813262568285647
M00161_P00705,0.0
M00161_P00707,7.128377442099981
M00161_P00716,6.479358340994675
M00161_P00718,6.374781063980439
M00161_P00724,0.0
M00161_P00728,6.495245266991182
M00162_P00032,7.532041304784029
M00162_P00044,7.441047747571228
M00162_P00045,0.0
M00162_P00050,6.369803561163121
M00162_P00052,5.996073742464535
M00162_P00782,0.0
M00162_P00786,0.0
M00162_P00788,7.6235108215912355
M00162_P00797,6.518810342677826
M00162_P00803,6.578578917563827
M00163_P00368,6.009462317281771
M00163_P00372,8.054062542218627
M00163_P00378,0.0
M00163_P00382,5.830127424345708
M00163_P00383,5.917157545618402
M00163_P00574,5.8882218928220755
M00163_P00579,0.0
M00163_P00582,0.0
M00163_P00584,5.533034902465852
M00163_P00586,6.419783645579067
M00163_P00590,0.0
M00164_P00055,5.338203779890117
M00164_P00057,5.709396602428787
M00164_P00059,0.0
M00164_P00064,0.0
M00164_P00066,7.851257269494582
M00164_P00071,5.463052180628686
M00164_P00077,5.642268561040404
M00164_P01070,5.627251812412013
M00164_P01074,0.0
M00164_P01082,5.88894013235045
M00165_P00313,5.475972385565407
M00165_P00324,0.0
M00165_P00329,7.391049970554809
M00165_P00333,0.0
M00165_P00334,5.467998680317341
M00165_P00391,5.920883183937417
M00165_P00399,0.0
M00165_P00410,7.046639343012623
M00165_P00416,0.0
M00166_P00209,0.0
M00166_P00210,0.0
M00166_P00211,5.598407636018252
M00166_P00219,5.87330795969715
M00166_P00221,6.563376814510514
M00166_P00222,5.873842019226354
M00166_P00232,0.0
M00166_P00234,7.051667193484066
M00166_P00391,0.0
M00166_P00399,0.0
M00166_P00410,5.991264706166615
M00166_P00416,6.888045146466633
M00167_P00345,5.51847077170484
M00167_P00347,6.7617991701135365
M00167_P00351,0.0
M00167_P00353,5.37699873036905
M00167_P00359,0.0
M00167_P00362,5.783176975319094
M00167_P00940,6.292142104583094
M00167_P00948,5.606904782356425
M00167_P00950,6.454747287607481
M00167_P00951,5.433380661999733
M00167_P00959,0.0
M00167_P00962,6.421376040421915
M00168_P00266,6.054527847208804
M00168_P00271,0.0
M00168_P00278,7.172377080344754
M00168_P00286,0.0
M00168_P00611,6.406271848435969
M00168_P00618,0.0
M00168_P00619,0.0
M00168_P00622,0.0
M00169_P00266,0.0
M00169_P00271,5.689066518393324
M00169_P00278,5.639291583400733
M00169_P00286,0.0
M00169_P00529,5.160749389824521
M00169_P00535,0.0
M00169_P00536,6.2811467188198264
M00169_P00542,0.0
M00169_P00543,6.334472513944951
M00170_P00515,0.0
M00170_P00965,0.0
M00170_P00966,6.680929635408856
M00170_P00975,7.343458044270448
M00170_P00978,7.316817282454839
M00170_P00980,6.506876923753465
M00170_P00986,0.0
M00171_P00655,5.960102432388085
M00171_P00662,0.0
M00171_P00666,6.172008600356525
M00171_P00668,0.0
M00171_P00669,6.18534027448858
M00171_P00673,0.0
M00171_P00674,5.319748403984432
M00171_P01201,6.379090323538999
M00171_P01209,5.737099085500815
M00171_P01210,0.0
M00171_P01211,0.0
M00171_P01214,0.0
M00172_P00965,0.0
M00172_P00966,6.189176837050713
M00172_P00975,6.783138944067356
M00172_P00978,0.0
M00172_P00980,6.0310711245910165
M00172_P00986,6.998474913732762
M00172_P01177,5.949245347767289
M00172_P01182,0.0
M00172_P01184,4.960991904077888
M00172_P01193,0.0
M00172_P01196,6.531743628068252
M00173_P00157,5.039712271166357
M00173_P00159,0.0
M00173_P00164,6.035663699971551
M00173_P00169,5.182073052222205
M00173_P00171,7.079407042403523
M00173_P00175,0.0
M00173_P01177,0.0
M00173_P01182,6.1993509308433605
M00173_P01184,0.0
M00173_P01193,5.687751226257739
M00173_P01196,0.0
M00174_P00991,0.0
M00174_P00993,6.070829187213364
M00174_P00997,0.0
M00174_P01000,0.0
M00174_P01010,6.149438187472848
M00174_P01120,0.0
M00175_P00574,5.0820381218402115
M00175_P00579,6.7498150342701635
M00175_P00582,6.256737956522079
M00175_P00584,6.405146754066288
M00175_P00586,0.0
M00175_P00590,6.537903468669806
M00175_P00922,0.0
M00175_P00927,0.0
M00175_P00931,6.3576954559464145
M00175_P00935,5.666755461453261
M00176_P00108,0.0
M00176_P00110,5.096476081710293
M00176_P00114,6.635320490888924
M00176_P00124,6.418366521117621
M00176_P00129,5.683311336457967
M00176_P00863,0.0
M00176_P00880,0.0
M00176_P00882,0.0
M00177_P00011,6.117215974484285
M00177_P00024,6.496911409169838
M00177_P00705,0.0
M00177_P00707,7.336843435731901
M00177_P00716,6.992544536616443
M00177_P00718,6.357753084522551
M00177_P00724,0.0
M00177_P00728,0.0
M00178_P00611,0.0
M00178_P00618,0.0
M00178_P00619,6.362839017797106
M00178_P00622,5.212213750627787
M00178_P00705,6.053740040833036
M00178_P00707,0.0
M00178_P00716,0.0
M00178_P00718,6.945825117346813
M00178_P00724,0.0
M00178_P00728,0.0
M00179_P00241,0.0
M00179_P00244,0.0
M00179_P00245,0.0
M00179_P00248,5.9429009613274255
M00179_P00255,7.286491161737099
M00179_P00260,0.0
M00179_P01177,6.126492068927936
M00179_P01182,5.923054255121781
M00179_P01184,6.576343704577838
M00179_P01193,0.0
M00179_P01196,0.0
M00180_P00863,5.0062400048930105
M00180_P00880,0.0
M00180_P00882,0.0
M00180_P01201,0.0
M00180_P01209,5.383414431601013
M00180_P01210,0.0
M00180_P01211,7.2012947505779525
M00180_P01214,6.564544932009805
M00181_P00888,0.0
M00181_P00889,5.803817158570824
M00181_P00893,0.0
M00181_P00894,6.972811922561215
M00181_P00895,0.0
M00181_P00901,0.0
M00181_P00909,6.107901260606384
M00181_P01020,7.4365227528613245
M00181_P01034,5.589959569420214
M00181_P01037,6.390140278727205
M00181_P01038,5.224525899607231
M00182_P00705,0.0
M00182_P00707,5.60378457175065
M00182_P00716,5.678567230665297
M00182_P00718,7.021126389340543
M00182_P00724,6.0765602788640605
M00182_P00728,7.017763999961116
M00182_P00761,0.0
M00182_P00772,6.802688548526209
M00183_P00391,0.0
M00183_P00399,0.0
M00183_P00410,6.240096023288526
M00183_P00416,6.891745298691334
M00183_P00529,0.0
M00183_P00535,0.0
M00183_P00536,0.0
M00183_P00542,0.0
M00183_P00543,6.707941139787845
M00184_P00391,5.926255664008625
M00184_P00399,0.0
M00184_P00410,5.8499040035433465
M00184_P00416,6.967110011889568
M00184_P00732,0.0
M00184_P00738,0.0
M00184_P00742,6.370703966591564
M00184_P00744,0.0
M00184_P00747,0.0
M00184_P00753,5.759092659852923
M00185_P00940,0.0
M00185_P00948,0.0
M00185_P00950,6.62006744457058
M00185_P00951,6.092592141248061
M00185_P00959,0.0
M00185_P00962,7.211980948928425
M00185_P01041,0.0
M00185_P01042,0.0
M00185_P01048,6.306606342873262
M00185_P01049,6.7043255192289575
M00185_P01051,5.6174077376494616
M00185_P01055,0.0
M00185_P01063,0.0
M00185_P01064,5.583841439435625
M00186_P00032,7.15781611880175
M00186_P00044,6.746725001317656
M00186_P00045,0.0
M00186_P00050,0.0
M00186_P00052,0.0
M00186_P00549,5.756450826319418
M00186_P00552,5.02902111107029
M00186_P00554,0.0
M00186_P00561,0.0
M00186_P00562,6.4480715899040755
M00186_P00568,4.4216491557599
M00187_P00287,0.0
M00187_P00290,6.002022188621188
M00187_P00291,4.853300161091409
M00187_P00295,7.630569791790056
M00187_P00297,0.0
M00187_P00298,0.0
M00187_P00299,6.183222618433118
M00187_P00304,6.171885652124685
M00187_P00307,0.0
M00187_P00309,0.0
M00187_P00310,7.652680584320217
M00187_P00835,6.067909113140113
M00187_P00840,5.779241639515758
M00187_P00844,0.0
M00187_P00847,5.568534379910507
M00187_P00848,0.0
M00187_P00856,6.600365187879743
M00188_P00423,0.0
M00188_P00424,0.0
M00188_P00425,6.3700610990082565
M00188_P00426,6.251011416774106
M00188_P00431,5.626664396663806
M00188_P00436,5.931686965903841
M00188_P00440,5.964472480486824
M00188_P00574,0.0
M00188_P00579,0.0
M00188_P00582,6.722869480873707
M00188_P00584,5.638222309379114
M00188_P00586,5.774104896643568
M00188_P00590,7.275755973409287
M00189_P00011,0.0
M00189_P00024,5.680376268685382
M00189_P00922,0.0
M00189_P00927,4.877210732382108
M00189_P00931,0.0
M00189_P00935,0.0
M00190_P00136,0.0
M00190_P00141,7.038302113479143
M00190_P00148,6.106855809983899
M00190_P00156,6.512591845567555
M00190_P00423,0.0
M00190_P00424,0.0
M00190_P00425,6.287002263536332
M00190_P00426,5.91291234549687
M00190_P00431,5.977833558005844
M00190_P00436,0.0
M00190_P00440,0.0
M00191_P00807,0.0
M00191_P00812,6.931581447180109
M00191_P00819,0.0
M00191_P00826,6.201283174284541
M00191_P00827,0.0
M00191_P00940,0.0
M00191_P00948,0.0
M00191_P00950,0.0
M00191_P00951,0.0
M00191_P00959,6.637401612850101
M00191_P00962,0.0
M00192_P00782,7.1707964244268485
M00192_P00786,6.000176717092911
M00192_P00788,6.48477646319264
M00192_P00797,0.0
M00192_P00803,5.913139473629774
M00192_P01146,7.773458053048625
M00192_P01157,6.458684343631963
M00192_P01166,5.290817673380968
M00192_P01169,0.0
M00193_P00032,7.34574190266919
M00193_P00044,7.206091711901322
M00193_P00045,5.554052820176339
M00193_P00050,6.93131663484355
M00193_P00052,0.0
M00193_P00732,0.0
M00193_P00738,0.0
M00193_P00742,6.320790153129322
M00193_P00744,0.0
M00193_P00747,0.0
M00193_P00753,5.841436232852573
M00194_P00368,4.7800738115249635
M00194_P00372,5.50305869891918
M00194_P00378,0.0
M00194_P00382,0.0
M00194_P00383,0.0
M00194_P00678,0.0
M00194_P00679,0.0
M00194_P00680,4.75823394315673
M00194_P00681,5.518591232819559
M00194_P00683,6.778574296431981
M00194_P00694,5.11901880505706
M00195_P00515,0.0
M00195_P01120,5.97759324550029
M00196_P00782,0.0
M00196_P00786,0.0
M00196_P00788,0.0
M00196_P00797,5.404733038617008
M00196_P00803,5.086272764868377
M00196_P00940,6.377979070750899
M00196_P00948,5.417987498708053
M00196_P00950,0.0
M00196_P00951,0.0
M00196_P00959,0.0
M00196_P00962,8.063657671082904
M00197_P00705,0.0
M00197_P00707,0.0
M00197_P00716,5.024797472613089
M00197_P00718,6.181761240803198
M00197_P00724,0.0
M00197_P00728,0.0
M00197_P00940,6.076256626087468
M00197_P00948,0.0
M00197_P00950,6.2921338428754865
M00197_P00951,6.010333739896529
M00197_P00959,6.498242586389498
M00197_P00962,7.629461962776724
M00198_P00761,6.272875388711237
M00198_P00772,5.118706542213668
M00198_P01146,0.0
M00198_P01157,0.0
M00198_P01166,6.216615529983769
M00198_P01169,0.0
M00199_P00368,0.0
M00199_P00372,0.0
M00199_P00378,0.0
M00199_P00382,6.410224144090986
M00199_P00383,0.0
M00199_P00423,0.0
M00199_P00424,5.24978613537737
M00199_P00425,5.649413788461215
M00199_P00426,5.510016608352881
M00199_P00431,0.0
M00199_P00436,6.881839986842712
M00199_P00440,0.0
M00200_P00185,0.0
M00200_P00193,0.0
M00200_P00197,5.977301828716272
M00200_P00199,5.891089786508068
M00200_P00200,5.773084316355553
M00200_P00529,0.0
M00200_P00535,5.662169556882778
M00200_P00536,0.0
M00200_P00542,0.0
M00200_P00543,5.554256394452877
M00201_P00313,0.0
M00201_P00324,6.257105009410605
M00201_P00329,0.0
M00201_P00333,0.0
M00201_P00334,6.989189433084834
M00201_P00368,7.118085859857364
M00201_P00372,6.973436728732109
M00201_P00378,6.115898460245606
M00201_P00382,4.632096735859792
M00201_P00383,6.054655066399641
M00202_P00443,6.3890971714167115
M00202_P00448,6.580266860265297
M00202_P00452,0.0
M00202_P00462,6.359702149059657
M00202_P00463,0.0
M00202_P00465,6.331140458466381
M00202_P00468,0.0
M00202_P01223,0.0
M00202_P01234,6.780479289361041
M00202_P01236,6.165823131528158
M00202_P01241,5.464717852635906
M00202_P01242,0.0
M00203_P00157,0.0
M00203_P00159,0.0
M00203_P00164,0.0
M00203_P00169,5.736597059858776
M00203_P00171,0.0
M00203_P00175,7.337669531155302
M00203_P00345,5.605573955585412
M00203_P00347,6.7991330168576045
M00203_P00351,5.755044690377254
M00203_P00353,0.0
M00203_P00359,0.0
M00203_P00362,6.462973486714845
M00204_P00287,0.0
M00204_P00290,6.765662120955999
M00204_P00291,0.0
M00204_P00295,7.5476351295294455
M00204_P00297,6.25020648609948
M00204_P00298,0.0
M00204_P00299,5.890742487142292
M00204_P00304,6.370246521811887
M00204_P00307,0.0
M00204_P00309,5.696449747946822
M00204_P00310,0.0
M00204_P00611,0.0
M00204_P00618,6.259318163702641
M00204_P00619,0.0
M00204_P00622,6.509888744763605
M00205_P00888,0.0
M00205_P00889,0.0
M00205_P00893,5.7219665652422815
M00205_P00894,6.085621034173425
M00205_P00895,5.921278824905811
M00205_P00901,7.204793439075549
M00205_P00909,0.0
M00205_P01177,0.0
M00205_P01182,6.796629981415885
M00205_P01184,5.785258961154467
M00205_P01193,6.030908884760258
M00205_P01196,0.0
M00206_P00055,0.0
M00206_P00057,6.444101894095515
M00206_P00059,0.0
M00206_P00064,6.377072177866984
M00206_P00066,8.336227803616419
M00206_P00071,6.863002369443191
M00206_P00077,7.6336970781678
M00206_P00108,5.777333815402469
M00206_P00110,6.109056660712255
M00206_P00114,6.446828527075694
M00206_P00124,0.0
M00206_P00129,6.30513318561275
M00207_P00209,0.0
M00207_P00210,7.41286534593554
M00207_P00211,0.0
M00207_P00219,0.0
M00207_P00221,5.931395654172947
M00207_P00222,5.977686926649965
M00207_P00232,0.0
M00207_P00234,0.0
M00207_P01146,0.0
M00207_P01157,0.0
M00207_P01166,6.924742338780597
M00207_P01169,5.530752807809068
M00208_P00011,5.0429596660233456
M00208_P00024,0.0
M00208_P00157,4.789117296178315
M00208_P00159,0.0
M00208_P00164,6.198565118277293
M00208_P00169,7.2536374004477056
M00208_P00171,0.0
M00208_P00175,0.0
M00209_P00782,6.8181231261687625
M00209_P00786,0.0
M00209_P00788,0.0
M00209_P00797,7.634777543463032
M00209_P00803,0.0
M00209_P00807,5.74706457193972
M00209_P00812,7.228503002782149
M00209_P00819,5.699083236521585
M00209_P00826,6.137072397050889
M00209_P00827,6.982274682091962
M00210_P00079,0.0
M00210_P00082,6.314867653679876
M00210_P00087,5.946359510446688
M00210_P00097,6.9335137903341515
M00210_P00102,0.0
M00210_P00287,0.0
M00210_P00290,5.147240553240073
M00210_P00291,4.899890028386504
M00210_P00295,7.512085392225281
M00210_P00297,0.0
M00210_P00298,4.317910054667137
M00210_P00299,6.573558449147847
M00210_P00304,0.0
M00210_P00307,0.0
M00210_P00309,0.0
M00210_P00310,0.0
M00211_P00108,0.0
M00211_P00110,5.4123011192923425
M00211_P00114,7.004326190994525
M00211_P00124,0.0
M00211_P00129,6.117973784573378
M00211_P00185,0.0
M00211_P00193,6.263256129554966
M00211_P00197,0.0
M00211_P00199,0.0
M00211_P00200,6.198766675686141
M00212_P00108,5.601550303843721
M00212_P00110,5.059426258494516
M00212_P00114,0.0
M00212_P00124,5.933752839127346
M00212_P00129,5.855286847426569
M00212_P00965,0.0
M00212_P00966,5.522700152510179
M00212_P00975,0.0
M00212_P00978,6.398978892822068
M00212_P00980,7.004328864346612
M00212_P00986,5.750302691721066
M00213_P00241,4.960040448385467
M00213_P00244,6.302932318435162
M00213_P00245,0.0
M00213_P00248,0.0
M00213_P00255,0.0
M00213_P00260,7.380141515548433
M00213_P00266,7.4964157079354115
M00213_P00271,5.706425807629555
M00213_P00278,6.122971814244735
M00213_P00286,0.0
M00214_P00136,7.405971266846001
M00214_P00141,0.0
M00214_P00148,0.0
M00214_P00156,6.690897593485416
M00214_P00423,0.0
M00214_P00424,5.657967006639874
M00214_P00425,7.530950474129424
M00214_P00426,0.0
M00214_P00431,5.396220316313706
M00214_P00436,0.0
M00214_P00440,6.110399453549494
M00215_P00991,7.45660958230371
M00215_P00993,0.0
M00215_P00997,6.060769266584983
M00215_P01000,5.540249822436685
M00215_P01010,0.0
M00215_P01020,6.327702234411287
M00215_P01034,0.0
M00215_P01037,0.0
M00215_P01038,6.7177441356354075
M00216_P00625,0.0
M00216_P00630,5.29211284776173
M00216_P00632,0.0
M00216_P00635,6.299323820848201
M00216_P00644,6.799616128638647
M00216_P00645,0.0
M00216_P00650,7.2536063459302484
M00216_P00863,0.0
M00216_P00880,6.523016756494267
M00216_P00882,0.0
M00217_P00515,0.0
M00217_P00991,7.200020324851654
M00217_P00993,5.321159431906704
M00217_P00997,6.348952855218544
M00217_P01000,6.461162713801049
M00217_P01010,0.0
M00218_P00940,0.0
M00218_P00948,6.647451155420679
M00218_P00950,5.973200030839522
M00218_P00951,6.051572274146514
M00218_P00959,6.212434854702372
M00218_P00962,0.0
M00218_P01041,0.0
M00218_P01042,5.901176683366081
M00218_P01048,0.0
M00218_P01049,6.762030159837917
M00218_P01051,6.799004053168922
M00218_P01055,5.53428750621281
M00218_P01063,0.0
M00218_P01064,5.952175870631882
M00219_P00345,5.8493078681713
M00219_P00347,6.836580367991368
M00219_P00351,5.369335543912663
M00219_P00353,0.0
M00219_P00359,6.542552986734086
M00219_P00362,6.657458852757128
M00219_P01070,0.0
M00219_P01074,0.0
M00219_P01082,0.0
M00220_P00136,0.0
M00220_P00141,6.586790349914906
M00220_P00148,5.266100087559064
M00220_P00156,5.275868108722564
M00220_P01099,6.081808984785849
M00220_P01107,0.0
M00220_P01108,0.0
M00220_P01109,5.503989903222061
M00220_P01114,6.165495560021904
M00220_P01118,0.0
M00221_P00287,0.0
M00221_P00290,5.842893875118505
M00221_P00291,6.627425093963268
M00221_P00295,0.0
M00221_P00297,0.0
M00221_P00298,6.0962402980739485
M00221_P00299,6.600361577836689
M00221_P00304,6.713562848679144
M00221_P00307,6.023664713122193
M00221_P00309,5.444724680843108
M00221_P00310,6.049965649155943
M00221_P00940,0.0
M00221_P00948,6.003604067120565
M00221_P00950,6.672509019327388
M00221_P00951,6.3536996726420645
M00221_P00959,0.0
M00221_P00962,0.0
M00222_P00011,6.712651627117014
M00222_P00024,0.0
M00222_P00705,5.64663899484838
M00222_P00707,0.0
M00222_P00716,5.83622082885386
M00222_P00718,0.0
M00222_P00724,6.1177169359310675
M00222_P00728,6.971687135489666
M00223_P00055,0.0
M00223_P00057,0.0
M00223_P00059,5.8565743389207645
M00223_P00064,5.609313598060598
M00223_P00066,6.623578503341164
M00223_P00071,0.0
M00223_P00077,5.54905277684908
M00223_P00478,5.673741450167864
M00223_P00479,0.0
M00223_P00486,5.408976393138634
M00223_P00491,0.0
M00224_P00478,5.672928141501382
M00224_P00479,0.0
M00224_P00486,0.0
M00224_P00491,0.0
M00224_P01177,5.500632356035014
M00224_P01182,0.0
M00224_P01184,0.0
M00224_P01193,0.0
M00224_P01196,6.107598203366953
M00225_P00108,5.614799502464398
M00225_P00110,5.332164358277147
M00225_P00114,7.1543813253856285
M00225_P00124,5.891648152178613
M00225_P00129,5.704635451351047
M00225_P01146,7.6665947566529615
M00225_P01157,5.912768193810367
M00225_P01166,0.0
M00225_P01169,5.46278107528771
M00226_P00965,0.0
M00226_P00966,6.4154833384493335
M00226_P00975,6.231146131001083
M00226_P00978,0.0
M00226_P00980,6.7708453014756795
M00226_P00986,0.0
M00226_P01041,6.302119221470977
M00226_P01042,0.0
M00226_P01048,0.0
M00226_P01049,0.0
M00226_P01051,5.041246219979766
M00226_P01055,6.900030233274094
M00226_P01063,5.9412343008470225
M00226_P01064,0.0
M00227_P00185,0.0
M00227_P00193,0.0
M00227_P00197,7.163760520670496
M00227_P00199,5.561079238981643
M00227_P00200,0.0
M00227_P00705,6.537146672906272
M00227_P00707,0.0
M00227_P00716,5.248477119896983
M00227_P00718,0.0
M00227_P00724,6.021068718605506
M00227_P00728,6.381014658849888
M00228_P00241,0.0
M00228_P00244,6.126113196845065
M00228_P00245,5.910648785411337
M00228_P00248,5.696947185501885
M00228_P00255,0.0
M00228_P00260,6.996187171129747
M00228_P01070,0.0
M00228_P01074,5.123458200278496
M00228_P01082,0.0
M00229_P00079,0.0
M00229_P00082,0.0
M00229_P00087,7.102451288501265
M00229_P00097,6.655953003701149
M00229_P00102,0.0
M00229_P00108,0.0
M00229_P00110,5.9161717689573345
M00229_P00114,7.295574070819986
M00229_P00124,6.3286258240098965
M00229_P00129,5.50521082704952
M00230_P00940,5.7578197795296875
M00230_P00948,5.869602704013993
M00230_P00950,0.0
M00230_P00951,7.13230797243672
M00230_P00959,4.850144550071242
M00230_P00962,6.711616389793094
M00230_P00991,0.0
M00230_P00993,5.842250151377569
M00230_P00997,5.678149833460733
M00230_P01000,6.808599132431487
M00230_P01010,0.0
M00231_P00185,6.550933552205629
M00231_P00193,0.0
M00231_P00197,5.214086385147583
M00231_P00199,6.593918587890957
M00231_P00200,5.090871873063651
M00231_P00782,5.932517975472571
M00231_P00786,6.002671822418954
M00231_P00788,0.0
M00231_P00797,6.641274279377854
M00231_P00803,7.432319373074946
M00232_P00655,5.63510620449205
M00232_P00662,0.0
M00232_P00666,0.0
M00232_P00668,0.0
M00232_P00669,0.0
M00232_P00673,6.305942336200572
M00232_P00674,5.6574544751334175
M00232_P01146,0.0
M00232_P01157,0.0
M00232_P01166,7.290887044491534
M00232_P01169,6.559665937411233
M00233_P00136,7.464831259065442
M00233_P00141,7.1900538084826175
M00233_P00148,6.350879992245956
M00233_P00156,6.1954007061532845
M00233_P00732,4.953531399429198
M00233_P00738,6.59980755503199
M00233_P00742,0.0
M00233_P00744,6.5862863839714345
M00233_P00747,7.408823940161381
M00233_P00753,7.044243280362712
M00234_P00529,6.173590739402027
M00234_P00535,5.507625215522318
M00234_P00536,4.152288758594726
M00234_P00542,0.0
M00234_P00543,0.0
M00234_P00705,0.0
M00234_P00707,0.0
M00234_P00716,6.546887483309859
M00234_P00718,6.040616345855958
M00234_P00724,6.788225948998108
M00234_P00728,0.0
M00235_P00032,6.841538740461478
M00235_P00044,0.0
M00235_P00045,4.715510182848865
M00235_P00050,6.31561355076258
M00235_P00052,0.0
M00235_P00157,0.0
M00235_P00159,7.598435101603411
M00235_P00164,0.0
M00235_P00169,6.2371712119235125
M00235_P00171,6.868975735256172
M00235_P00175,0.0
M00236_P00443,0.0
M00236_P00448,0.0
M00236_P00452,5.765174009643278
M00236_P00462,6.394786875766603
M00236_P00463,0.0
M00236_P00465,5.817810267101936
M00236_P00468,6.09171625058063
M00236_P01120,6.2274822558027285
M00237_P00287,0.0
M00237_P00290,6.292079423197948
M00237_P00291,5.589771352730882
M00237_P00295,0.0
M00237_P00297,0.0
M00237_P00298,5.730681918080552
M00237_P00299,6.172290577973425
M00237_P00304,6.627530083807424
M00237_P00307,5.271775311654371
M00237_P00309,0.0
M00237_P00310,0.0
M00237_P00807,0.0
M00237_P00812,7.272917782184023
M00237_P00819,5.871652889010815
M00237_P00826,6.632557968152559
M00237_P00827,0.0
M00238_P00287,5.679489324431896
M00238_P00290,0.0
M00238_P00291,6.495539930143248
M00238_P00295,0.0
M00238_P00297,4.488667144688043
M00238_P00298,5.628322145081738
M00238_P00299,5.843554363135214
M00238_P00304,6.787244591228853
M00238_P00307,0.0
M00238_P00309,0.0
M00238_P00310,6.452002019747902
M00238_P00443,0.0
M00238_P00448,0.0
M00238_P00452,5.111989230164113
M00238_P00462,0.0
M00238_P00463,6.89578178200778
M00238_P00465,0.0
M00238_P00468,5.5970563219182985
M00239_P00807,0.0
M00239_P00812,6.116700143855992
M00239_P00819,4.665211128311345
M00239_P00826,5.6430529155425635
M00239_P00827,6.468336816793923
M00239_P01041,5.7302359321068295
M00239_P01042,0.0
M00239_P01048,0.0
M00239_P01049,6.574863697349969
M00239_P01051,4.7896023997452595
M00239_P01055,0.0
M00239_P01063,0.0
M00239_P01064,5.858498110344709
M00240_P00574,0.0
M00240_P00579,6.094424075818274
M00240_P00582,5.689625354217539
M00240_P00584,6.733543685906122
M00240_P00586,0.0
M00240_P00590,7.170879776219403
M00240_P00705,0.0
M00240_P00707,0.0
M00240_P00716,0.0
M00240_P00718,7.236328704750129
M00240_P00724,5.587946357736902
M00240_P00728,7.003227587509808
M00241_P00157,0.0
M00241_P00159,5.464751490570296
M00241_P00164,6.1955602291172855
M00241_P00169,5.407403887236703
M00241_P00171,6.480572007716573
M00241_P00175,5.840124667006312
M00241_P01099,0.0
M00241_P01107,0.0
M00241_P01108,7.3554169075999996
M00241_P01109,0.0
M00241_P01114,6.329620222209893
M00241_P01118,7.190631507902617
M00242_P00678,5.85532254342854
M00242_P00679,0.0
M00242_P00680,5.710329384895258
M00242_P00681,0.0
M00242_P00683,5.740650484347184
M00242_P00694,5.912692493898571
M00242_P01177,6.626284881426315
M00242_P01182,6.152899033160779
M00242_P01184,6.660342656938329
M00242_P01193,5.837389824610786
M00242_P01196,5.6219729969201735
M00243_P00655,6.335538409962154
M00243_P00662,0.0
M00243_P00666,6.284526943391748
M00243_P00668,0.0
M00243_P00669,6.357746869573983
M00243_P00673,0.0
M00243_P00674,0.0
M00243_P01099,0.0
M00243_P01107,6.1928810833017245
M00243_P01108,7.3035814151632
M00243_P01109,0.0
M00243_P01114,0.0
M00243_P01118,6.569015423315612
M00244_P00136,0.0
M00244_P00141,6.894821292200625
M00244_P00148,0.0
M00244_P00156,0.0
M00244_P00761,5.534924512313813
M00244_P00772,0.0
M00245_P00185,0.0
M00245_P00193,6.23911063752508
M00245_P00197,0.0
M00245_P00199,0.0
M00245_P00200,5.58186341703712
M00245_P00529,0.0
M00245_P00535,5.6296113152706155
M00245_P00536,0.0
M00245_P00542,0.0
M00245_P00543,0.0
M00246_P00011,6.243599155486937
M00246_P00024,5.448004560042498
M00246_P00835,7.340355459641292
M00246_P00840,0.0
M00246_P00844,6.095449576101995
M00246_P00847,0.0
M00246_P00848,5.490925558629131
M00246_P00856,6.6625280002279
M00247_P00079,0.0
M00247_P00082,6.334992354897168
M00247_P00087,6.296067463469588
M00247_P00097,6.522805300753427
M00247_P00102,0.0
M00247_P00678,0.0
M00247_P00679,0.0
M00247_P00680,6.532767262433773
M00247_P00681,6.936380071662943
M00247_P00683,0.0
M00247_P00694,0.0
M00248_P00807,0.0
M00248_P00812,0.0
M00248_P00819,0.0
M00248_P00826,6.252625706777867
M00248_P00827,7.29236986345951
M00248_P01020,5.64257952315281
M00248_P01034,6.632251784069681
M00248_P01037,0.0
M00248_P01038,0.0
M00249_P00079,0.0
M00249_P00082,0.0
M00249_P00087,0.0
M00249_P00097,7.35874896731126
M00249_P00102,6.190952167503248
M00249_P00368,0.0
M00249_P00372,0.0
M00249_P00378,5.947758219776323
M00249_P00382,6.748881257615499
M00249_P00383,0.0
M00250_P00478,6.57134787901735
M00250_P00479,5.970819302542439
M00250_P00486,0.0
M00250_P00491,6.0809357666922015
M00250_P00761,0.0
M00250_P00772,5.677435635427377
M00251_P00032,0.0
M00251_P00044,0.0
M00251_P00045,0.0
M00251_P00050,5.52095449235733
M00251_P00052,7.237378954134111
M00251_P00185,0.0
M00251_P00193,0.0
M00251_P00197,5.216801860105336
M00251_P00199,0.0
M00251_P00200,0.0
M00252_P00266,0.0
M00252_P00271,6.7061223621966795
M00252_P00278,6.837336983803565
M00252_P00286,6.95325561600374
M00252_P01177,0.0
M00252_P01182,5.9929563670116
M00252_P01184,5.276561896527908
M00252_P01193,6.866776462242096
M00252_P01196,6.2343761210270365
M00253_P00678,0.0
M00253_P00679,0.0
M00253_P00680,5.8137677154770975
M00253_P00681,0.0
M00253_P00683,6.508733362739125
M00253_P00694,6.805630658165571
M00253_P00922,6.827832514766964
M00253_P00927,0.0
M00253_P00931,0.0
M00253_P00935,6.009012002621794
M00254_P00185,4.515302051982872
M00254_P00193,6.0412789027497436
M00254_P00197,4.929182534624209
M00254_P00199,0.0
M00254_P00200,6.439611829929346
M00254_P00782,0.0
M00254_P00786,5.628498063109188
M00254_P00788,6.73935563703503
M00254_P00797,6.742830298685904
M00254_P00803,6.832719270417405
M00255_P00807,0.0
M00255_P00812,7.515566106075686
M00255_P00819,6.321480552037336
M00255_P00826,6.611265376078484
M00255_P00827,6.41937524198821
M00255_P01201,0.0
M00255_P01209,5.337709953486895
M00255_P01210,5.53545903999353
M00255_P01211,0.0
M00255_P01214,0.0
M00256_P00678,0.0
M00256_P00679,0.0
M00256_P00680,6.311345627506369
M00256_P00681,6.28045656351847
M00256_P00683,0.0
M00256_P00694,0.0
M00256_P00807,0.0
M00256_P00812,0.0
M00256_P00819,6.134944895307963
M00256_P00826,6.1838546089255475
M00256_P00827,7.74407564313062
M00257_P00761,5.435998759383307
M00257_P00772,5.443637199739753
M00257_P00940,4.903698714753184
M00257_P00948,0.0
M00257_P00950,0.0
M00257_P00951,0.0
M00257_P00959,7.1070152779843925
M00257_P00962,7.049443027931148
M00258_P00313,6.081591639136631
M00258_P00324,6.3255306688449275
M00258_P00329,6.211205173611316
M00258_P00333,7.137801906890955
M00258_P00334,6.721967159450583
M00258_P01020,6.088914592790879
M00258_P01034,5.457876019108764
M00258_P01037,0.0
M00258_P01038,0.0
M00259_P00108,6.076896208166186
M00259_P00110,0.0
M00259_P00114,7.2620780294042975
M00259_P00124,6.702008243466431
M00259_P00129,5.97171888248441
M00259_P00478,6.075759683345936
M00259_P00479,6.726889810788762
M00259_P00486,0.0
M00259_P00491,0.0
M00260_P00549,0.0
M00260_P00552,0.0
M00260_P00554,7.648675801505253
M00260_P00561,7.813630223764746
M00260_P00562,6.285394146247056
M00260_P00568,5.40613449547881
M00260_P00863,0.0
M00260_P00880,0.0
M00260_P00882,8.218529284298794
M00261_P00478,0.0
M00261_P00479,0.0
M00261_P00486,6.560290827735333
M00261_P00491,5.892139737038993
M00261_P01223,0.0
M00261_P01234,6.6583278028980715
M00261_P01236,5.708068016379906
M00261_P01241,0.0
M00261_P01242,0.0
M00262_P00241,5.908595448242717
M00262_P00244,6.900088016954185
M00262_P00245,7.015680727403249
M00262_P00248,6.749232986368045
M00262_P00255,7.3890670818759
M00262_P00260,0.0
M00262_P00761,6.91356273974429
M00262_P00772,6.248416883448363
M00263_P00549,0.0
M00263_P00552,0.0
M00263_P00554,0.0
M00263_P00561,0.0
M00263_P00562,0.0
M00263_P00568,6.700732549131875
M00263_P00574,5.742817939021723
M00263_P00579,4.6257131706036185
M00263_P00582,0.0
M00263_P00584,7.565595172116265
M00263_P00586,6.189903564112185
M00263_P00590,7.011748402564187
M00264_P00529,6.093693554084523
M00264_P00535,0.0
M00264_P00536,6.341753626703426
M00264_P00542,0.0
M00264_P00543,0.0
M00264_P00761,6.140167382543036
M00264_P00772,7.110433135545712
M00265_P00625,6.474667865184848
M00265_P00630,6.729987955457185
M00265_P00632,0.0
M00265_P00635,0.0
M00265_P00644,5.824219831289451
M00265_P00645,5.618956928956193
M00265_P00650,0.0
M00265_P00940,5.9883215440149575
M00265_P00948,6.709438172231519
M00265_P00950,6.1313307936032
M00265_P00951,6.106130946820317
M00265_P00959,6.315699532047838
M00265_P00962,7.157816722696055
M00266_P00055,6.639993041883574
M00266_P00057,5.824604033581941
M00266_P00059,0.0
M00266_P00064,0.0
M00266_P00066,6.381703363651091
M00266_P00071,5.960429512906916
M00266_P00077,5.903073475794453
M00266_P00549,0.0
M00266_P00552,0.0
M00266_P00554,6.44341462904243
M00266_P00561,7.133080279504816
M00266_P00562,6.549354651613731
M00266_P00568,0.0
M00267_P00625,0.0
M00267_P00630,0.0
M00267_P00632,6.338523706780683
M00267_P00635,6.133160208228449
M00267_P00644,0.0
M00267_P00645,0.0
M00267_P00650,5.089924721012187
M00267_P01177,0.0
M00267_P01182,6.024118971679459
M00267_P01184,5.91498717009162
M00267_P01193,5.941332615621898
M00267_P01196,6.870635093731088
M00268_P00055,5.376500955378888
M00268_P00057,5.952850123049724
M00268_P00059,0.0
M00268_P00064,5.5265822100741175
M00268_P00066,7.8889058706254485
M00268_P00071,5.959309864264421
M00268_P00077,6.336400939885643
M00268_P00807,0.0
M00268_P00812,6.838536518574652
M00268_P00819,0.0
M00268_P00826,5.7990250212797925
M00268_P00827,7.44811198468003
M00269_P00157,5.112140063028981
M00269_P00159,0.0
M00269_P00164,0.0
M00269_P00169,5.502300423890483
M00269_P00171,6.82957018697119
M00269_P00175,7.124646737049879
M00269_P00761,6.5449831361763735
M00269_P00772,7.112020028316674
M00270_P00011,5.986519761021727
M00270_P00024,6.094736403935032
M00270_P01223,5.951588411072399
M00270_P01234,5.841293890787246
M00270_P01236,0.0
M00270_P01241,7.315845927928222
M00270_P01242,6.278094958046901
M00271_P00241,6.064909399723387
M00271_P00244,6.376344620928178
M00271_P00245,6.009506148461877
M00271_P00248,5.98769573887151
M00271_P00255,6.1347398909661575
M00271_P00260,7.32889176538588
M00271_P01070,6.954881378366258
M00271_P01074,6.577747353883288
M00271_P01082,6.006993988733339
M00272_P00423,6.282980343963239
M00272_P00424,6.06394642979934
M00272_P00425,0.0
M00272_P00426,5.8378270815296345
M00272_P00431,0.0
M00272_P00436,5.591837507318517
M00272_P00440,4.561790423760789
M00272_P00574,0.0
M00272_P00579,6.259946955457136
M00272_P00582,0.0
M00272_P00584,7.019656378151583
M00272_P00586,0.0
M00272_P00590,7.225367622004413
M00273_P00136,6.577861546998631
M00273_P00141,0.0
M00273_P00148,6.050164157867981
M00273_P00156,0.0
M00273_P01070,5.882507291656261
M00273_P01074,6.475426378392349
M00273_P01082,0.0
M00274_P00529,6.990505760496303
M00274_P00535,0.0
M00274_P00536,0.0
M00274_P00542,6.305112407257553
M00274_P00543,6.6634562502658
M00274_P01070,5.825028754913397
M00274_P01074,6.303701056127415
M00274_P01082,5.543451848520267
M00275_P00055,0.0
M00275_P00057,5.554625732823038
M00275_P00059,6.291971259557068
M00275_P00064,0.0
M00275_P00066,6.866097784802396
M00275_P00071,5.887528946944969
M00275_P00077,0.0
M00275_P00888,0.0
M00275_P00889,4.733130830029696
M00275_P00893,6.378221613313419
M00275_P00894,5.914542399543613
M00275_P00895,0.0
M00275_P00901,6.490375677346492
M00275_P00909,5.811877675254828
M00276_P00391,0.0
M00276_P00399,6.828633419148544
M00276_P00410,6.113262884885746
M00276_P00416,6.708373885210671
M00276_P01070,0.0
M00276_P01074,0.0
M00276_P01082,6.323639542989154
M00277_P00136,7.647497559605802
M00277_P00141,7.768493854545217
M00277_P00148,0.0
M00277_P00156,6.69906835586866
M00277_P00368,5.290683487086556
M00277_P00372,6.388047647345821
M00277_P00378,0.0
M00277_P00382,0.0
M00277_P00383,0.0
M00278_P01041,5.554914705262137
M00278_P01042,0.0
M00278_P01048,7.0591697102145154
M00278_P01049,7.788790177479995
M00278_P01051,0.0
M00278_P01055,6.47020591188487
M00278_P01063,0.0
M00278_P01064,6.5717070137452405
M00278_P01201,6.771636248132718
M00278_P01209,6.5522763741967935
M00278_P01210,5.632968492801801
M00278_P01211,0.0
M00278_P01214,5.971899855956251
M00279_P00266,0.0
M00279_P00271,6.780302877230491
M00279_P00278,7.261087774448767
M00279_P00286,5.585511848118196
M00279_P01177,0.0
M00279_P01182,0.0
M00279_P01184,6.800289013988733
M00279_P01193,5.189407241462783
M00279_P01196,6.839948696377429
M00280_P00055,0.0
M00280_P00057,6.136934070455555
M00280_P00059,6.692802633574691
M00280_P00064,5.606770653935789
M00280_P00066,7.845139588417797
M00280_P00071,0.0
M00280_P00077,0.0
M00280_P00549,0.0
M00280_P00552,0.0
M00280_P00554,5.9117578376157285
M00280_P00561,0.0
M00280_P00562,6.761288878661514
M00280_P00568,0.0
M00281_P00478,6.457972705857084
M00281_P00479,7.3882499342271934
M00281_P00486,5.333489706458972
M00281_P00491,6.020655436389894
M00281_P00611,0.0
M00281_P00618,0.0
M00281_P00619,6.186623172052832
M00281_P00622,0.0
M00282_P00241,0.0
M00282_P00244,5.752716335284189
M00282_P00245,7.089718172716608
M00282_P00248,0.0
M00282_P00255,6.506169074771603
M00282_P00260,0.0
M00282_P00423,7.445578349938674
M00282_P00424,6.237405936597721
M00282_P00425,6.82993861866324
M00282_P00426,5.727670574119235
M00282_P00431,6.767859791312781
M00282_P00436,0.0
M00282_P00440,5.526655982042049
M00283_P00940,0.0
M00283_P00948,6.211410941001866
M00283_P00950,6.7782552404975
M00283_P00951,0.0
M00283_P00959,5.639458337445945
M00283_P00962,6.857366766249824
M00283_P01146,0.0
M00283_P01157,5.558358953369812
M00283_P01166,6.270996684992982
M00283_P01169,0.0
M00284_P00266,6.276926115930206
M00284_P00271,5.8480918491582585
M00284_P00278,6.752134423141997
M00284_P00286,0.0
M00284_P00313,0.0
M00284_P00324,0.0
M00284_P00329,6.309789915926542
M00284_P00333,6.963015128111192
M00284_P00334,6.898780712053443
M00285_P01020,6.3626259914349
M00285_P01034,0.0
M00285_P01037,5.880862237056086
M00285_P01038,6.026114694587102
M00285_P01146,0.0
M00285_P01157,5.48043561613068
M00285_P01166,6.077587498104527
M00285_P01169,6.476400471682747
M00286_P00241,5.249408365172331
M00286_P00244,5.9040375745207365
M00286_P00245,0.0
M00286_P00248,6.251669006678627
M00286_P00255,0.0
M00286_P00260,6.260462950937977
M00286_P00965,0.0
M00286_P00966,5.730225974429968
M00286_P00975,7.1012960483952305
M00286_P00978,0.0
M00286_P00980,6.062491897822375
M00286_P00986,0.0
M00287_P00423,6.512193548627614
M00287_P00424,5.16115132353522
M00287_P00425,0.0
M00287_P00426,6.054084010413158
M00287_P00431,0.0
M00287_P00436,0.0
M00287_P00440,6.996214950658799
M00287_P01041,0.0
M00287_P01042,5.753160894403356
M00287_P01048,5.827108300758405
M00287_P01049,7.984989149728741
M00287_P01051,0.0
M00287_P01055,0.0
M00287_P01063,0.0
M00287_P01064,0.0
M00288_P00011,0.0
M00288_P00024,0.0
M00288_P01099,6.645904571787634
M00288_P01107,6.072005549165122
M00288_P01108,7.326946056579441
M00288_P01109,5.896319497146804
M00288_P01114,0.0
M00288_P01118,6.766142962078154
M00289_P00888,0.0
M00289_P00889,5.127272548952147
M00289_P00893,5.399596583724313
M00289_P00894,6.968909979166529
M00289_P00895,7.297507099119283
M00289_P00901,6.975052467349068
M00289_P00909,0.0
M00289_P01120,5.854247426944561
M00290_P00574,6.312480272693365
M00290_P00579,0.0
M00290_P00582,0.0
M00290_P00584,5.426631391900029
M00290_P00586,5.857200461836816
M00290_P00590,7.222224856292054
M00290_P00732,5.255784507067247
M00290_P00738,5.344701936966831
M00290_P00742,5.832199438863195
M00290_P00744,5.220699912062597
M00290_P00747,0.0
M00290_P00753,6.012235107939819
M00291_P00705,6.301791316260476
M00291_P00707,0.0
M00291_P00716,6.309549292819719
M00291_P00718,6.713322407572128
M00291_P00724,6.561237002929856
M00291_P00728,0.0
M00291_P01041,0.0
M00291_P01042,5.486686477030746
M00291_P01048,5.167134161389202
M00291_P01049,7.316186822876345
M00291_P01051,6.4031943931870225
M00291_P01055,0.0
M00291_P01063,6.665557246120758
M00291_P01064,6.266374600895445
M00292_P00515,5.375935311648568
M00292_P00761,6.582032893296149
M00292_P00772,5.284682405655548
M00293_P00157,0.0
M00293_P00159,6.210632025338623
M00293_P00164,5.631793679494111
M00293_P00169,5.74177634810749
M00293_P00171,0.0
M00293_P00175,6.3472779158788715
M00293_P00782,0.0
M00293_P00786,0.0
M00293_P00788,7.6342579727198485
M00293_P00797,6.911862394070427
M00293_P00803,6.327573571008103
M00294_P00574,0.0
M00294_P00579,6.300325633060572
M00294_P00582,0.0
M00294_P00584,6.4727679729194065
M00294_P00586,0.0
M00294_P00590,6.614581587113828
M00294_P00940,6.3524066124729215
M00294_P00948,5.686955860528837
M00294_P00950,5.7049052937591345
M00294_P00951,6.728864175689712
M00294_P00959,6.225178814006569
M00294_P00962,0.0
M00295_P00478,5.862681017947373
M00295_P00479,7.683381121223049
M00295_P00486,6.738882729518025
M00295_P00491,6.133699965078257
M00295_P01146,0.0
M00295_P01157,6.197460732022157
M00295_P01166,6.902458099764182
M00295_P01169,0.0
M00296_P00011,7.248770836482611
M00296_P00024,0.0
M00296_P00443,5.451888690594891
M00296_P00448,5.893827227368241
M00296_P00452,6.691485058094194
M00296_P00462,6.482856095576522
M00296_P00463,5.940679741546925
M00296_P00465,6.335419257920262
M00296_P00468,0.0
M00297_P00807,0.0
M00297_P00812,7.741357724534822
M00297_P00819,0.0
M00297_P00826,6.475345400547748
M00297_P00827,6.2104026542022615
M00297_P00991,0.0
M00297_P00993,5.827351654510061
M00297_P00997,4.431706082345737
M00297_P01000,4.9069714502763
M00297_P01010,7.030338109308127
M00298_P00574,0.0
M00298_P00579,6.7639613450751215
M00298_P00582,0.0
M00298_P00584,6.124983813902111
M00298_P00586,5.588530723132685
M00298_P00590,0.0
M00298_P00991,0.0
M00298_P00993,0.0
M00298_P00997,5.5181795485924905
M00298_P01000,0.0
M00298_P01010,6.8904882846516555
M00299_P00423,6.34552384254404
M00299_P00424,4.986620439116841
M00299_P00425,0.0
M00299_P00426,0.0
M00299_P00431,5.943057225677878
M00299_P00436,6.763092691087924
M00299_P00440,6.347112251517841
M00299_P01020,6.577074882133092
M00299_P01034,0.0
M00299_P01037,0.0
M00299_P01038,5.107407058859169
M00300_P00157,0.0
M00300_P00159,6.243702216791836
M00300_P00164,0.0
M00300_P00169,5.222321437061354
M00300_P00171,0.0
M00300_P00175,6.52213481812553
M00300_P01041,5.190103158350319
M00300_P01042,0.0
M00300_P01048,6.150962280359348
M00300_P01049,7.200916505484906
M00300_P01051,6.295769663497941
M00300_P01055,5.839699067924024
M00300_P01063,4.963353388793496
M00300_P01064,0.0
M00301_P00515,0.0
M00301_P00761,6.5874001231119514
M00301_P00772,0.0
M00302_P00209,0.0
M00302_P00210,6.451372185257437
M00302_P00211,0.0
M00302_P00219,6.22055378789952
M00302_P00221,0.0
M00302_P00222,0.0
M00302_P00232,0.0
M00302_P00234,8.053038591905901
M00302_P01201,5.317548864496002
M00302_P01209,6.147197670310157
M00302_P01210,0.0
M00302_P01211,6.4549081318538795
M00302_P01214,5.8539237752763
M00303_P00529,6.7577512716457795
M00303_P00535,4.934093382661604
M00303_P00536,4.925214114020503
M00303_P00542,6.003266276092735
M00303_P00543,6.408700992762645
M00303_P00705,6.080298900543945
M00303_P00707,6.2907277854170935
M00303_P00716,0.0
M00303_P00718,0.0
M00303_P00724,6.751836406042803
M00303_P00728,5.384661234144615
M00304_P00209,5.0454199447288355
M00304_P00210,0.0
M00304_P00211,0.0
M00304_P00219,0.0
M00304_P00221,6.179346847946327
M00304_P00222,6.8612739863008505
M00304_P00232,0.0
M00304_P00234,0.0
M00304_P00922,6.06244957539725
M00304_P00927,5.400517643134677
M00304_P00931,5.867643433306755
M00304_P00935,0.0
M00305_P00266,5.5583422745065985
M00305_P00271,0.0
M00305_P00278,6.869754956664207
M00305_P00286,5.949593271142762
M00305_P00443,0.0
M00305_P00448,6.241865058587182
M00305_P00452,6.159929502636562
M00305_P00462,6.004147910672451
M00305_P00463,0.0
M00305_P00465,0.0
M00305_P00468,6.932431960612859
M00306_P00549,4.869120606179531
M00306_P00552,5.901646228256307
M00306_P00554,6.136321720352286
M00306_P00561,7.76148295276144
M00306_P00562,6.402079148237848
M00306_P00568,0.0
M00306_P01223,0.0
M00306_P01234,0.0
M00306_P01236,5.641119034289128
M00306_P01241,0.0
M00306_P01242,6.287531318685486
M00307_P00108,0.0
M00307_P00110,0.0
M00307_P00114,6.878305300845323
M00307_P00124,0.0
M00307_P00129,0.0
M00307_P00266,0.0
M00307_P00271,0.0
M00307_P00278,7.291706764090588
M00307_P00286,0.0
M00308_P01120,0.0
M00308_P01223,0.0
M00308_P01234,6.0542772449974205
M00308_P01236,0.0
M00308_P01241,5.505600460597118
M00308_P01242,5.942388252559227
M00309_P00611,5.5667700401255855
M00309_P00618,0.0
M00309_P00619,6.599306743078132
M00309_P00622,6.932457353765863
M00309_P00922,0.0
M00309_P00927,4.836697555795889
M00309_P00931,5.517106847894195
M00309_P00935,0.0
M00310_P00011,5.756984969213921
M00310_P00024,6.057468890590977
M00310_P00443,0.0
M00310_P00448,5.327071714480161
M00310_P00452,6.6807952446430985
M00310_P00462,0.0
M00310_P00463,6.4085749848330815
M00310_P00465,0.0
M00310_P00468,0.0
M00311_P00611,5.808250885535113
M00311_P00618,6.591266081008717
M00311_P00619,6.6625403948143305
M00311_P00622,6.9358186624178835
M00311_P00761,6.138880684414627
M00311_P00772,0.0
M00312_P00625,0.0
M00312_P00630,6.3292143367951095
M00312_P00632,5.897292216625367
M00312_P00635,7.196235746273665
M00312_P00644,6.024715162839164
M00312_P00645,0.0
M00312_P00650,5.187151444845776
M00312_P00965,0.0
M00312_P00966,0.0
M00312_P00975,6.756631011629272
M00312_P00978,5.386412025224062
M00312_P00980,6.401962582673871
M00312_P00986,0.0
M00313_P00157,0.0
M00313_P00159,4.963744777742152
M00313_P00164,0.0
M00313_P00169,4.769830082983355
M00313_P00171,5.9382622130282785
M00313_P00175,6.166102402005388
M00313_P01146,0.0
M00313_P01157,0.0
M00313_P01166,5.91359900370971
M00313_P01169,0.0
M00314_P00032,0.0
M00314_P00044,0.0
M00314_P00045,5.975729236274389
M00314_P00050,0.0
M00314_P00052,0.0
M00314_P01041,0.0
M00314_P01042,0.0
M00314_P01048,7.016996784793095
M00314_P01049,0.0
M00314_P01051,0.0
M00314_P01055,6.4113240039704555
M00314_P01063,0.0
M00314_P01064,0.0
M00315_P00368,5.687746242921409
M00315_P00372,0.0
M00315_P00378,5.2399352335853395
M00315_P00382,5.1250376710852334
M00315_P00383,5.560459903191658
M00315_P01020,0.0
M00315_P01034,5.620113534557663
M00315_P01037,0.0
M00315_P01038,0.0
M00316_P00761,0.0
M00316_P00772,6.357236671456069
M00316_P01041,0.0
M00316_P01042,6.032140195495481
M00316_P01048,0.0
M00316_P01049,0.0
M00316_P01051,7.015443702864507
M00316_P01055,6.085433129638123
M00316_P01063,5.306055993854658
M00316_P01064,5.937229248865088
M00317_P00678,5.452704716696204
M00317_P00679,0.0
M00317_P00680,0.0
M00317_P00681,6.958579757168894
M00317_P00683,6.241085264895052
M00317_P00694,6.297103088862315
M00317_P01070,0.0
M00317_P01074,5.997832507907719
M00317_P01082,0.0
M00318_P00055,5.686396368335283
M00318_P00057,0.0
M00318_P00059,0.0
M00318_P00064,0.0
M00318_P00066,0.0
M00318_P00071,6.129968424307685
M00318_P00077,5.825682094838363
M00318_P00079,6.328393051718228
M00318_P00082,6.883923861508842
M00318_P00087,6.036985152016512
M00318_P00097,0.0
M00318_P00102,5.434073271738579
M00319_P00157,0.0
M00319_P00159,0.0
M00319_P00164,0.0
M00319_P00169,6.029472539299708
M00319_P00171,0.0
M00319_P00175,6.348721913902237
M00319_P00185,6.694256188368623
M00319_P00193,0.0
M00319_P00197,0.0
M00319_P00199,6.120357226956678
M00319_P00200,6.425625726258977
M00320_P00625,0.0
M00320_P00630,5.314594091383725
M00320_P00632,6.265198210071343
M00320_P00635,6.4374018820966485
M00320_P00644,6.94640992782938
M00320_P00645,6.753328047600262
M00320_P00650,6.332196138259113
M00320_P00782,0.0
M00320_P00786,6.0741664964644135
M00320_P00788,0.0
M00320_P00797,0.0
M00320_P00803,6.202959503062119
M00321_P00965,0.0
M00321_P00966,0.0
M00321_P00975,0.0
M00321_P00978,0.0
M00321_P00980,0.0
M00321_P00986,0.0
M00321_P01223,6.212559442525836
M00321_P01234,0.0
M00321_P01236,6.084880479542215
M00321_P01241,5.613046172278317
M00321_P01242,5.764008921695007
M00322_P00157,0.0
M00322_P00159,5.216340468555071
M00322_P00164,0.0
M00322_P00169,5.560132307535091
M00322_P00171,0.0
M00322_P00175,5.761831195747872
M00322_P01070,0.0
M00322_P01074,5.301918155852403
M00322_P01082,5.186717653427339
M00323_P00055,0.0
M00323_P00057,0.0
M00323_P00059,0.0
M00323_P00064,6.535807668939239
M00323_P00066,7.057310316871891
M00323_P00071,0.0
M00323_P00077,5.529394009489872
M00323_P00443,0.0
M00323_P00448,0.0
M00323_P00452,0.0
M00323_P00462,6.171635086928317
M00323_P00463,7.49798525827929
M00323_P00465,7.1597445112448055
M00323_P00468,5.209013788010216
M00324_P00345,5.352601711008031
M00324_P00347,6.303971346150228
M00324_P00351,5.9904104503038855
M00324_P00353,5.975346292107965
M00324_P00359,5.271380567095888
M00324_P00362,5.031083715003529
M00324_P00761,6.618075769285761
M00324_P00772,6.048712767369816
M00325_P00157,5.8970331852724724
M00325_P00159,0.0
M00325_P00164,5.392935400385346
M00325_P00169,6.368933883474396
M00325_P00171,0.0
M00325_P00175,5.729049593829517
M00325_P00611,0.0
M00325_P00618,6.786191044488205
M00325_P00619,0.0
M00325_P00622,4.900427221288092
M00326_P00888,0.0
M00326_P00889,6.431565339098948
M00326_P00893,6.529458649339249
M00326_P00894,0.0
M00326_P00895,0.0
M00326_P00901,7.304735613168884
M00326_P00909,6.720602632007037
M00326_P01099,6.857417694914926
M00326_P01107,5.580539422245405
M00326_P01108,7.538644530507496
M00326_P01109,7.30106141978433
M00326_P01114,6.93269508698445
M00326_P01118,0.0
M00327_P00443,0.0
M00327_P00448,5.628393012461121
M00327_P00452,6.4746642130814624
M00327_P00462,7.176997207336129
M00327_P00463,0.0
M00327_P00465,6.012913921965398
M00327_P00468,5.3499312034971425
M00327_P00655,0.0
M00327_P00662,0.0
M00327_P00666,0.0
M00327_P00668,5.434134076919491
M00327_P00669,6.227801100625138
M00327_P00673,7.320191106920295
M00327_P00674,5.001698631128889
M00328_P00136,6.848234958000975
M00328_P00141,0.0
M00328_P00148,5.8833690037257655
M00328_P00156,6.809097943499423
M00328_P00761,5.401590615757869
M00328_P00772,5.8152095443953575
M00329_P01041,0.0
M00329_P01042,0.0
M00329_P01048,7.440142904870636
M00329_P01049,7.297723087546778
M00329_P01051,6.796913952953465
M00329_P01055,5.583033181087322
M00329_P01063,7.2801410070164465
M00329_P01064,5.797357692127226
M00329_P01070,5.817729862043403
M00329_P01074,6.784896943849274
M00329_P01082,5.884564524178418
M00330_P00079,0.0
M00330_P00082,6.666269733606152
M00330_P00087,6.6618194769682235
M00330_P00097,0.0
M00330_P00102,0.0
M00330_P00574,5.41674938286446
M00330_P00579,0.0
M00330_P00582,5.382629744057761
M00330_P00584,6.251629844012386
M00330_P00586,4.830773844180032
M00330_P00590,0.0
M00331_P00345,7.497839056412188
M00331_P00347,5.9283264822835395
M00331_P00351,5.8375208450680605
M00331_P00353,5.852842594486145
M00331_P00359,6.4791498658797195
M00331_P00362,0.0
M00331_P00940,5.534425499540277
M00331_P00948,0.0
M00331_P00950,0.0
M00331_P00951,0.0
M00331_P00959,0.0
M00331_P00962,6.2699204641624116
M00332_P00345,5.561946635227462
M00332_P00347,0.0
M00332_P00351,6.303893596954354
M00332_P00353,0.0
M00332_P00359,6.931739552328438
M00332_P00362,7.414203951296075
M00332_P00965,6.857306951563547
M00332_P00966,0.0
M00332_P00975,0.0
M00332_P00978,0.0
M00332_P00980,0.0
M00332_P00986,0.0
M00333_P00241,0.0
M00333_P00244,5.286632668586404
M00333_P00245,7.067322640373934
M00333_P00248,0.0
M00333_P00255,0.0
M00333_P00260,8.095456804743028
M00333_P01020,6.388755391566284
M00333_P01034,6.913235437761258
M00333_P01037,4.899268934232133
M00333_P01038,0.0
M00334_P00209,6.270941781490418
M00334_P00210,0.0
M00334_P00211,0.0
M00334_P00219,6.697435107247931
M00334_P00221,6.356965328976216
M00334_P00222,6.035502101100437
M00334_P00232,5.201820398935844
M00334_P00234,6.834908926194514
M00334_P00241,6.488626588018568
M00334_P00244,0.0
M00334_P00245,5.93308262242051
M00334_P00248,5.5213288141078
M00334_P00255,7.946839377818888
M00334_P00260,0.0
M00335_P00185,0.0
M00335_P00193,6.53579493138507
M00335_P00197,6.307594284664158
M00335_P00199,0.0
M00335_P00200,6.432700349555488
M00335_P00287,0.0
M00335_P00290,0.0
M00335_P00291,6.357711909254165
M00335_P00295,6.174711499147188
M00335_P00297,0.0
M00335_P00298,0.0
M00335_P00299,6.736899122029791
M00335_P00304,5.816373511052723
M00335_P00307,0.0
M00335_P00309,0.0
M00335_P00310,5.281352197744652
M00336_P00011,5.744308731399266
M00336_P00024,0.0
M00336_P00209,6.2910831141895445
M00336_P00210,0.0
M00336_P00211,0.0
M00336_P00219,0.0
M00336_P00221,0.0
M00336_P00222,7.03804627957111
M00336_P00232,0.0
M00336_P00234,8.083190928789607
M00337_P00529,6.387040749287901
M00337_P00535,0.0
M00337_P00536,0.0
M00337_P00542,0.0
M00337_P00543,7.199752820455234
M00337_P00965,6.958813966693573
M00337_P00966,0.0
M00337_P00975,0.0
M00337_P00978,0.0
M00337_P00980,6.871084888760619
M00337_P00986,6.840688573142496
M00338_P00079,0.0
M00338_P00082,5.744652787483371
M00338_P00087,5.603141985482531
M00338_P00097,7.202551993933468
M00338_P00102,6.216535098538158
M00338_P00423,0.0
M00338_P00424,0.0
M00338_P00425,6.924313147134133
M00338_P00426,5.1305379827476605
M00338_P00431,0.0
M00338_P00436,6.168140189739556
M00338_P00440,7.059694755291313
M00339_P00185,0.0
M00339_P00193,5.6674634643814965
M00339_P00197,5.9000388814070295
M00339_P00199,5.435169172822379
M00339_P00200,5.5881866858704825
M00339_P00863,6.350603940659751
M00339_P00880,0.0
M00339_P00882,0.0
M00340_P00732,5.878136658701982
M00340_P00738,4.885972215669631
M00340_P00742,6.338622503841564
M00340_P00744,6.061869619501828
M00340_P00747,0.0
M00340_P00753,0.0
M00340_P00782,6.723200976842897
M00340_P00786,5.188597193540681
M00340_P00788,0.0
M00340_P00797,6.228218507778239
M00340_P00803,0.0
M00341_P00835,0.0
M00341_P00840,0.0
M00341_P00844,5.888798529112637
M00341_P00847,6.3473062569242815
M00341_P00848,0.0
M00341_P00856,6.252086252326283
M00341_P00991,0.0
M00341_P00993,6.589647161126228
M00341_P00997,0.0
M00341_P01000,0.0
M00341_P01010,7.044883607168751
M00342_P00368,5.921938913573436
M00342_P00372,6.553410003640134
M00342_P00378,4.842668670315112
M00342_P00382,0.0
M00342_P00383,4.898338906619484
M00342_P00835,0.0
M00342_P00840,5.825370643117808
M00342_P00844,5.131847080897798
M00342_P00847,5.811828605748643
M00342_P00848,0.0
M00342_P00856,0.0
M00343_P01099,7.035864804433728
M00343_P01107,6.05351786907532
M00343_P01108,0.0
M00343_P01109,6.264870030664017
M00343_P01114,6.973368424320709
M00343_P01118,0.0
M00343_P01201,0.0
M00343_P01209,0.0
M00343_P01210,5.948759182732242
M00343_P01211,6.326450317027147
M00343_P01214,6.027355305386547
M00344_P00761,0.0
M00344_P00772,5.72555042692928
M00344_P01099,6.353371051707142
M00344_P01107,0.0
M00344_P01108,6.57963530692123
M00344_P01109,6.353607517896768
M00344_P01114,0.0
M00344_P01118,6.454258154506183
M00345_P00655,0.0
M00345_P00662,0.0
M00345_P00666,6.095019374000516
M00345_P00668,0.0
M00345_P00669,0.0
M00345_P00673,7.011172394919443
M00345_P00674,6.037031153092268
M00345_P00782,5.462376959809473
M00345_P00786,0.0
M00345_P00788,0.0
M00345_P00797,0.0
M00345_P00803,5.431826724100273
M00346_P00807,0.0
M00346_P00812,7.556345654667228
M00346_P00819,5.7631348816217525
M00346_P00826,6.325023301562532
M00346_P00827,6.754136052603627
M00346_P01201,6.681273106198073
M00346_P01209,6.0906005535519085
M00346_P01210,6.036502244347056
M00346_P01211,7.29452832526245
M00346_P01214,0.0
M00347_P00136,6.464314683428379
M00347_P00141,0.0
M00347_P00148,0.0
M00347_P00156,5.717562946100681
M00347_P00549,5.506302380221039
M00347_P00552,4.321105035055227
M00347_P00554,5.806764453316326
M00347_P00561,7.769952961415749
M00347_P00562,6.6662528100340674
M00347_P00568,5.903959993397723
M00348_P00108,0.0
M00348_P00110,0.0
M00348_P00114,0.0
M00348_P00124,6.616666229002302
M00348_P00129,7.995972733496423
M00348_P00241,5.9627039614571045
M00348_P00244,5.670944809904169
M00348_P00245,6.310373844909699
M00348_P00248,5.139301824765401
M00348_P00255,7.360949107844825
M00348_P00260,0.0
M00349_P00625,0.0
M00349_P00630,6.568093476179754
M00349_P00632,0.0
M00349_P00635,5.541912410627219
M00349_P00644,6.6852143167363485
M00349_P00645,7.366968589149097
M00349_P00650,0.0
M00349_P01020,0.0
M00349_P01034,0.0
M00349_P01037,6.239150472166875
M00349_P01038,0.0
M00350_P00761,0.0
M00350_P00772,6.0329049625310915
M00350_P00863,6.776587082160959
M00350_P00880,7.211934002254575
M00350_P00882,0.0
M00351_P00157,0.0
M00351_P00159,5.677192892194662
M00351_P00164,0.0
M00351_P00169,0.0
M00351_P00171,0.0
M00351_P00175,6.667396728342697
M00351_P01177,0.0
M00351_P01182,0.0
M00351_P01184,0.0
M00351_P01193,6.473061043922473
M00351_P01196,6.017902339675138
M00352_P00705,5.833468392633042
M00352_P00707,0.0
M00352_P00716,6.470555545220119
M00352_P00718,0.0
M00352_P00724,6.121552315695418
M00352_P00728,7.118846696687
M00352_P00761,6.346873768832568
M00352_P00772,5.782756986968352
M00353_P00549,0.0
M00353_P00552,6.401215065693723
M00353_P00554,0.0
M00353_P00561,0.0
M00353_P00562,5.600768767025836
M00353_P00568,4.846257812642716
M00353_P00782,5.859463319432242
M00353_P00786,6.131024468352595
M00353_P00788,6.937622106354946
M00353_P00797,6.5071327009737505
M00353_P00803,0.0
M00354_P00157,0.0
M00354_P00159,0.0
M00354_P00164,6.73475419403856
M00354_P00169,0.0
M00354_P00171,5.347831529325313
M00354_P00175,6.719180401458072
M00354_P01201,0.0
M00354_P01209,6.063817992275889
M00354_P01210,0.0
M00354_P01211,6.3927650247139205
M00354_P01214,0.0
M00355_P00529,6.037777150458616
M00355_P00535,5.686561265346265
M00355_P00536,5.532306054047053
M00355_P00542,0.0
M00355_P00543,6.733549272177893
M00355_P01120,5.399160922300034
M00356_P00241,0.0
M00356_P00244,0.0
M00356_P00245,5.828559571486705
M00356_P00248,0.0
M00356_P00255,6.915218815501367
M00356_P00260,0.0
M00356_P01146,6.287766791793384
M00356_P01157,6.908789549154717
M00356_P01166,5.200058332000832
M00356_P01169,6.067322245943484
M00357_P00136,0.0
M00357_P00141,6.58000658833279
M00357_P00148,5.691027504198406
M00357_P00156,5.226534857448779
M00357_P00157,0.0
M00357_P00159,5.536274984739011
M00357_P00164,6.220710197081185
M00357_P00169,6.576408827682618
M00357_P00171,5.629301884593356
M00357_P00175,0.0
M00358_P00157,0.0
M00358_P00159,0.0
M00358_P00164,6.29628143415554
M00358_P00169,6.6213503116605
M00358_P00171,0.0
M00358_P00175,0.0
M00358_P00625,6.9517575515120145
M00358_P00630,4.825083422205151
M00358_P00632,0.0
M00358_P00635,5.961111260357447
M00358_P00644,0.0
M00358_P00645,6.199980380655668
M00358_P00650,0.0
M00359_P00922,0.0
M00359_P00927,5.2932335520704195
M00359_P00931,6.967839904909433
M00359_P00935,6.647160790277187
M00359_P00965,0.0
M00359_P00966,0.0
M00359_P00975,6.04528305195498
M00359_P00978,0.0
M00359_P00980,5.557690720594506
M00359_P00986,7.325169673542961
M00360_P00185,0.0
M00360_P00193,0.0
M00360_P00197,0.0
M00360_P00199,0.0
M00360_P00200,6.10040885401256
M00360_P01099,6.310874495118919
M00360_P01107,5.861724601632331
M00360_P01108,7.1320680575649815
M00360_P01109,5.937858987149384
M00360_P01114,0.0
M00360_P01118,0.0
M00361_P00705,0.0
M00361_P00707,6.311443510093376
M00361_P00716,5.924862779206076
M00361_P00718,0.0
M00361_P00724,6.278496619996968
M00361_P00728,6.714238665602277
M00361_P01099,6.001085589785637
M00361_P01107,5.708769328120749
M00361_P01108,7.796739256975176
M00361_P01109,5.629572773118259
M00361_P01114,6.517914247853521
M00361_P01118,6.291027560622757
M00362_P00478,0.0
M00362_P00479,0.0
M00362_P00486,0.0
M00362_P00491,6.505044378215881
M00362_P01020,5.624304822945821
M00362_P01034,0.0
M00362_P01037,5.808579650695973
M00362_P01038,0.0
M00363_P00157,0.0
M00363_P00159,0.0
M00363_P00164,6.924153191704508
M00363_P00169,0.0
M00363_P00171,6.884620093757183
M00363_P00175,6.37053160729187
M00363_P00965,0.0
M00363_P00966,4.9674838598729885
M00363_P00975,7.293451782633028
M00363_P00978,0.0
M00363_P00980,6.702800551786692
M00363_P00986,0.0
M00364_P00241,6.74896684169615
M00364_P00244,5.54714639988105
M00364_P00245,6.5245691982436025
M00364_P00248,6.52371330147687
M00364_P00255,0.0
M00364_P00260,6.927387302520885
M00364_P01120,0.0
M00365_P00157,0.0
M00365_P00159,5.172628515771975
M00365_P00164,5.297847767634088
M00365_P00169,5.933712878899662
M00365_P00171,0.0
M00365_P00175,6.013258561095289
M00365_P00611,0.0
M00365_P00618,5.880082355335898
M00365_P00619,6.209495837919994
M00365_P00622,0.0
M00366_P00185,6.199450244923364
M00366_P00193,7.2811641542766585
M00366_P00197,0.0
M00366_P00199,5.4025463102616476
M00366_P00200,0.0
M00366_P00478,0.0
M00366_P00479,0.0
M00366_P00486,5.375915559169511
M00366_P00491,0.0
M00367_P00705,6.1207498446711535
M00367_P00707,0.0
M00367_P00716,0.0
M00367_P00718,6.610415090320585
M00367_P00724,5.259033912337054
M00367_P00728,0.0
M00367_P00940,7.000998539880758
M00367_P00948,0.0
M00367_P00950,5.904611470819029
M00367_P00951,6.954829661627647
M00367_P00959,6.146441406809353
M00367_P00962,6.021238471698603
M00368_P00991,6.9153428763433755
M00368_P00993,5.814458482890991
M00368_P00997,0.0
M00368_P01000,0.0
M00368_P01010,6.298559915888169
M00368_P01120,0.0
M00369_P00032,6.976708201865547
M00369_P00044,7.336356866726136
M00369_P00045,0.0
M00369_P00050,6.807193906716013
M00369_P00052,6.606198207758038
M00369_P00313,0.0
M00369_P00324,6.602415458989604
M00369_P00329,0.0
M00369_P00333,6.378170294622517
M00369_P00334,6.257041600406018
M00370_P00549,0.0
M00370_P00552,5.833811947219017
M00370_P00554,6.370835324740154
M00370_P00561,6.9277814944485385
M00370_P00562,0.0
M00370_P00568,0.0
M00370_P00611,5.219046901135765
M00370_P00618,0.0
M00370_P00619,5.29928818079511
M00370_P00622,0.0
M00371_P00241,6.123125610847991
M00371_P00244,5.78831890589355
M00371_P00245,0.0
M00371_P00248,7.018000145622325
M00371_P00255,0.0
M00371_P00260,6.989676197492998
M00371_P00965,0.0
M00371_P00966,0.0
M00371_P00975,5.733737615572092
M00371_P00978,6.151669846211366
M00371_P00980,6.297784848928203
M00371_P00986,6.546966583494352
M00372_P00108,5.945748043340703
M00372_P00110,6.309978061218367
M00372_P00114,7.861717774881051
M00372_P00124,0.0
M00372_P00129,6.412609754523021
M00372_P00266,6.634073268979167
M00372_P00271,0.0
M00372_P00278,7.30511575560585
M00372_P00286,6.728146623242263
M00373_P00136,6.963831506212654
M00373_P00141,0.0
M00373_P00148,0.0
M00373_P00156,6.957354502240119
M00373_P00888,6.246728156486548
M00373_P00889,5.719621417350685
M00373_P00893,0.0
M00373_P00894,6.412129337167858
M00373_P00895,7.167783156275825
M00373_P00901,0.0
M00373_P00909,6.978416582007767
M00374_P00678,0.0
M00374_P00679,7.210646161463539
M00374_P00680,0.0
M00374_P00681,0.0
M00374_P00683,6.184770083257704
M00374_P00694,0.0
M00374_P00782,6.2750226103822335
M00374_P00786,6.413446715866899
M00374_P00788,0.0
M00374_P00797,5.9061728112864165
M00374_P00803,6.6974364593599125
M00375_P00515,5.9981611806595545
M00375_P00611,0.0
M00375_P00618,6.276351094239194
M00375_P00619,5.787633511624881
M00375_P00622,7.381515084194871
M00376_P00940,6.010210694972862
M00376_P00948,6.282626963700381
M00376_P00950,6.06905434527404
M00376_P00951,6.985782694400018
M00376_P00959,5.870943842336575
M00376_P00962,6.952521005041617
M00376_P01020,0.0
M00376_P01034,5.940334844654616
M00376_P01037,6.386677364504233
M00376_P01038,5.9544686406736735
M00377_P00241,6.319171274332644
M00377_P00244,5.765063756784656
M00377_P00245,0.0
M00377_P00248,0.0
M00377_P00255,0.0
M00377_P00260,7.711854482113744
M00377_P00287,0.0
M00377_P00290,0.0
M00377_P00291,5.258340730155413
M00377_P00295,0.0
M00377_P00297,6.491159298112642
M00377_P00298,5.994387542144568
M00377_P00299,6.543108295184319
M00377_P00304,6.356209414866024
M00377_P00307,0.0
M00377_P00309,0.0
M00377_P00310,0.0
M00378_P00136,7.165603241057821
M00378_P00141,0.0
M00378_P00148,0.0
M00378_P00156,0.0
M00378_P01120,0.0
M00379_P00705,0.0
M00379_P00707,6.520722479497212
M00379_P00716,0.0
M00379_P00718,7.385343298585864
M00379_P00724,5.41361394680934
M00379_P00728,0.0
M00379_P01099,6.7298352517527995
M00379_P01107,6.303941971163038
M00379_P01108,6.94218461354489
M00379_P01109,0.0
M00379_P01114,7.3436544035849725
M00379_P01118,6.568742600621631
M00380_P00443,5.380996188650903
M00380_P00448,5.744035819422185
M00380_P00452,5.049495627890419
M00380_P00462,0.0
M00380_P00463,6.48110254139064
M00380_P00465,5.827048602055702
M00380_P00468,0.0
M00380_P00678,0.0
M00380_P00679,7.254275960227412
M00380_P00680,6.9382794720464815
M00380_P00681,0.0
M00380_P00683,0.0
M00380_P00694,0.0
M00381_P00574,5.807003566062691
M00381_P00579,6.903120363584669
M00381_P00582,6.037748574770268
M00381_P00584,0.0
M00381_P00586,0.0
M00381_P00590,7.629087738181124
M00381_P00732,5.601634564434961
M00381_P00738,0.0
M00381_P00742,0.0
M00381_P00744,0.0
M00381_P00747,7.497718873634318
M00381_P00753,4.855066393660949
M00382_P01120,0.0
M00382_P01146,0.0
M00382_P01157,6.197000186441427
M00382_P01166,0.0
M00382_P01169,5.452263150366824
M00383_P00863,0.0
M00383_P00880,5.696199465022377
M00383_P00882,7.419369316369025
M00383_P01120,0.0
M00384_P00368,6.43388868300677
M00384_P00372,0.0
M00384_P00378,5.656239521203221
M00384_P00382,0.0
M00384_P00383,6.346769733279595
M00384_P00678,0.0
M00384_P00679,6.881233425978576
M00384_P00680,5.770967670403774
M00384_P00681,6.055958111608105
M00384_P00683,6.6836841341973
M00384_P00694,6.410267668051051
M00385_P00011,7.020833439175328
M00385_P00024,0.0
M00385_P00368,5.907131151140295
M00385_P00372,6.942829634596088
M00385_P00378,0.0
M00385_P00382,6.433989025434429
M00385_P00383,0.0
M00386_P00209,0.0
M00386_P00210,7.633549470939209
M00386_P00211,0.0
M00386_P00219,6.0734494171440305
M00386_P00221,6.868003217844708
M00386_P00222,6.822599038877744
M00386_P00232,7.24286557399041
M00386_P00234,6.9140561846251645
M00386_P00443,0.0
M00386_P00448,5.489434523450279
M00386_P00452,5.469599264391111
M00386_P00462,6.420550911660682
M00386_P00463,5.5290135478794715
M00386_P00465,0.0
M00386_P00468,0.0
M00387_P00011,0.0
M00387_P00024,6.576630987791842
M00387_P00185,4.787575456719116
M00387_P00193,6.230278215437651
M00387_P00197,0.0
M00387_P00199,0.0
M00387_P00200,6.123745358994289
M00388_P00209,0.0
M00388_P00210,7.094482895804742
M00388_P00211,0.0
M00388_P00219,0.0
M00388_P00221,6.64041203146536
M00388_P00222,0.0
M00388_P00232,0.0
M00388_P00234,0.0
M00388_P00287,0.0
M00388_P00290,6.297447725796654
M00388_P00291,0.0
M00388_P00295,7.456343577932941
M00388_P00297,6.274454526851702
M00388_P00298,0.0
M00388_P00299,5.103753649021241
M00388_P00304,4.821000677623881
M00388_P00307,6.442707992185503
M00388_P00309,0.0
M00388_P00310,0.0
M00389_P00835,0.0
M00389_P00840,0.0
M00389_P00844,0.0
M00389_P00847,6.115060113434937
M00389_P00848,5.63784419992874
M00389_P00856,6.3174511447632
M00389_P00940,0.0
M00389_P00948,7.019852405305887
M00389_P00950,6.823712580374992
M00389_P00951,0.0
M00389_P00959,0.0
M00389_P00962,0.0
M00390_P00108,0.0
M00390_P00110,5.69123347355179
M00390_P00114,7.660508083649471
M00390_P00124,6.752858714243798
M00390_P00129,0.0
M00390_P00678,0.0
M00390_P00679,0.0
M00390_P00680,5.407997483523784
M00390_P00681,6.394709383080155
M00390_P00683,0.0
M00390_P00694,6.152847133070384
M00391_P00032,6.178195474665037
M00391_P00044,6.306503969513205
M00391_P00045,0.0
M00391_P00050,6.74425243550685
M00391_P00052,6.421433352043296
M00391_P00705,5.267819650895507
M00391_P00707,0.0
M00391_P00716,0.0
M00391_P00718,0.0
M00391_P00724,0.0
M00391_P00728,7.114559190904857
M00392_P00529,6.565199327868117
M00392_P00535,0.0
M00392_P00536,5.882215860276243
M00392_P00542,5.7475780532197795
M00392_P00543,6.253398064106697
M00392_P00965,0.0
M00392_P00966,5.328786044740815
M00392_P00975,6.233368147031335
M00392_P00978,6.215183331396425
M00392_P00980,0.0
M00392_P00986,6.16837675861144
M00393_P01041,5.444534344105061
M00393_P01042,0.0
M00393_P01048,0.0
M00393_P01049,8.01474274758415
M00393_P01051,6.318339477734768
M00393_P01055,5.9285642739071145
M00393_P01063,5.819826716051518
M00393_P01064,6.940672193536676
M00393_P01177,0.0
M00393_P01182,6.178279491437216
M00393_P01184,5.632263130200507
M00393_P01193,0.0
M00393_P01196,6.786829777765369
M00394_P00185,0.0
M00394_P00193,6.483176997017615
M00394_P00197,5.130684459174335
M00394_P00199,0.0
M00394_P00200,5.057858258185926
M00394_P00678,0.0
M00394_P00679,0.0
M00394_P00680,6.124505542179638
M00394_P00681,0.0
M00394_P00683,0.0
M00394_P00694,0.0
M00395_P00266,5.906227757022749
M00395_P00271,5.78178818158326
M00395_P00278,0.0
M00395_P00286,0.0
M00395_P01041,0.0
M00395_P01042,0.0
M00395_P01048,6.515245070084538
M00395_P01049,0.0
M00395_P01051,6.7730538149752935
M00395_P01055,5.997960267763626
M00395_P01063,6.82263067984286
M00395_P01064,0.0
M00396_P00136,7.007500737271864
M00396_P00141,6.796412090919174
M00396_P00148,6.58504915302401
M00396_P00156,6.873787982786243
M00396_P00732,6.300026147498424
M00396_P00738,5.844797194235955
M00396_P00742,6.601899969826504
M00396_P00744,5.75115075326316
M00396_P00747,7.879974625480329
M00396_P00753,5.514807811832955
M00397_P00705,0.0
M00397_P00707,6.054890957201567
M00397_P00716,0.0
M00397_P00718,6.3252148528874015
M00397_P00724,0.0
M00397_P00728,7.109863928780541
M00397_P00991,7.657418392735756
M00397_P00993,7.285326975916234
M00397_P00997,5.1580268186076745
M00397_P01000,6.717440606781537
M00397_P01010,6.158890909345835
M00398_P00515,6.260961456660448
M00398_P00655,6.431768855669967
M00398_P00662,5.185677684668266
M00398_P00666,0.0
M00398_P00668,0.0
M00398_P00669,6.681192105633426
M00398_P00673,6.960471354972582
M00398_P00674,0.0
M00399_P00368,4.926182310971247
M00399_P00372,6.029563993699035
M00399_P00378,0.0
M00399_P00382,5.613007281425088
M00399_P00383,6.547279953061193
M00399_P00574,6.426588873979962
M00399_P00579,0.0
M00399_P00582,0.0
M00399_P00584,0.0
M00399_P00586,4.655571119566526
M00399_P00590,6.6813357263493955
M00400_P00108,6.027911661328812
M00400_P00110,7.040318967038126
M00400_P00114,7.067625421057916
M00400_P00124,6.1259829042055
M00400_P00129,0.0
M00400_P00863,6.226323183715184
M00400_P00880,5.7389039673501046
M00400_P00882,0.0
M00401_P00835,0.0
M00401_P00840,5.645774899199108
M00401_P00844,6.241131664230074
M00401_P00847,0.0
M00401_P00848,5.304284686543351
M00401_P00856,0.0
M00401_P00863,6.659683557069672
M00401_P00880,6.223626390933517
M00401_P00882,7.595550114904059
M00402_P00574,0.0
M00402_P00579,6.83163839666504
M00402_P00582,0.0
M00402_P00584,0.0
M00402_P00586,5.932231095372799
M00402_P00590,0.0
M00402_P01223,5.12394015044309
M00402_P01234,6.683739128101339
M00402_P01236,0.0
M00402_P01241,7.1425646580700795
M00402_P01242,5.332342452653099
M00403_P00157,0.0
M00403_P00159,0.0
M00403_P00164,0.0
M00403_P00169,5.177656806398339
M00403_P00171,6.166089912046679
M00403_P00175,5.3912930868127615
M00403_P00391,0.0
M00403_P00399,6.970237867979796
M00403_P00410,6.157084066607298
M00403_P00416,0.0
M00404_P00287,6.778454048841913
M00404_P00290,6.0248414710250895
M00404_P00291,6.957747120087021
M00404_P00295,7.506779811136582
M00404_P00297,5.826855745027287
M00404_P00298,0.0
M00404_P00299,0.0
M00404_P00304,0.0
M00404_P00307,6.160139218766464
M00404_P00309,6.2567168777193265
M00404_P00310,7.274171600861718
M00404_P00313,0.0
M00404_P00324,0.0
M00404_P00329,0.0
M00404_P00333,5.621068310486624
M00404_P00334,6.276923938837334
M00405_P00108,5.863578100066203
M00405_P00110,5.0959045106552985
M00405_P00114,0.0
M00405_P00124,0.0
M00405_P00129,6.501016233593651
M00405_P01070,0.0
M00405_P01074,7.113571280228897
M00405_P01082,6.313049430225523
M00406_P00761,6.569253902284879
M00406_P00772,6.445134421887427
M00406_P00965,0.0
M00406_P00966,6.376121186878602
M00406_P00975,0.0
M00406_P00978,6.780266820105579
M00406_P00980,5.825340193831466
M00406_P00986,0.0
M00407_P00940,6.0720120469036685
M00407_P00948,5.22676405026138
M00407_P00950,0.0
M00407_P00951,0.0
M00407_P00959,6.019331130662031
M00407_P00962,7.204707088747461
M00407_P01120,6.087939117498067
M00408_P00529,0.0
M00408_P00535,6.2492529138677035
M00408_P00536,5.516861692292976
M00408_P00542,5.7525694985982865
M00408_P00543,5.822187425047284
M00408_P01041,0.0
M00408_P01042,0.0
M00408_P01048,0.0
M00408_P01049,0.0
M00408_P01051,0.0
M00408_P01055,0.0
M00408_P01063,7.237243067713072
M00408_P01064,5.565738645820477
M00409_P00108,0.0
M00409_P00110,5.586259877087768
M00409_P00114,7.132202873496164
M00409_P00124,6.140849616149488
M00409_P00129,6.7107237690418815
M00409_P00807,7.011725548401885
M00409_P00812,0.0
M00409_P00819,5.7003580933174005
M00409_P00826,0.0
M00409_P00827,7.706065812882158
M00410_P00443,6.300821742683815
M00410_P00448,6.505563272497748
M00410_P00452,6.693655944865392
M00410_P00462,0.0
M00410_P00463,0.0
M00410_P00465,5.973007949074176
M00410_P00468,6.730274712803807
M00410_P00991,0.0
M00410_P00993,6.036454075432067
M00410_P00997,5.788223834642934
M00410_P01000,6.481984166534966
M00410_P01010,0.0
M00411_P00108,6.10061931497552
M00411_P00110,5.68022481564096
M00411_P00114,7.650528544898816
M00411_P00124,0.0
M00411_P00129,6.533396414997926
M00411_P00835,0.0
M00411_P00840,6.266477559779165
M00411_P00844,6.293307182779277
M00411_P00847,5.495980842275433
M00411_P00848,7.243665365402672
M00411_P00856,0.0
M00412_P00055,0.0
M00412_P00057,5.578817012096246
M00412_P00059,5.564983439862303
M00412_P00064,0.0
M00412_P00066,8.726913081395566
M00412_P00071,0.0
M00412_P00077,4.928627624279407
M00412_P00732,6.178576102968005
M00412_P00738,5.987192044083578
M00412_P00742,6.598454681742181
M00412_P00744,0.0
M00412_P00747,7.070432534861616
M00412_P00753,0.0
M00413_P00108,5.899162744592917
M00413_P00110,5.862070930709465
M00413_P00114,0.0
M00413_P00124,0.0
M00413_P00129,6.300190966066542
M00413_P00478,6.241317902516094
M00413_P00479,7.761114198348333
M00413_P00486,0.0
M00413_P00491,0.0
M00414_P00991,0.0
M00414_P00993,0.0
M00414_P00997,6.546981409170251
M00414_P01000,6.229905570452953
M00414_P01010,8.102766932947322
M00414_P01020,6.2134556795723315
M00414_P01034,0.0
M00414_P01037,6.089998234332992
M00414_P01038,5.487697877249563
M00415_P00761,5.975878454810123
M00415_P00772,6.022153444070003
M00415_P00991,0.0
M00415_P00993,6.4328338937460865
M00415_P00997,6.720276362194777
M00415_P01000,0.0
M00415_P01010,0.0
M00416_P00732,5.506585694289146
M00416_P00738,5.197624608755987
M00416_P00742,0.0
M00416_P00744,0.0
M00416_P00747,7.816255441890455
M00416_P00753,0.0
M00416_P00965,0.0
M00416_P00966,6.142308719745641
M00416_P00975,6.471685110562775
M00416_P00978,5.706815610276341
M00416_P00980,0.0
M00416_P00986,0.0
M00417_P00529,6.680875119323059
M00417_P00535,5.855630301707655
M00417_P00536,0.0
M00417_P00542,5.320685669531662
M00417_P00543,5.788355294823859
M00417_P01020,7.256859155257634
M00417_P01034,5.985788827072402
M00417_P01037,0.0
M00417_P01038,0.0
M00418_P00079,0.0
M00418_P00082,0.0
M00418_P00087,0.0
M00418_P00097,5.7733234865022105
M00418_P00102,0.0
M00418_P00761,0.0
M00418_P00772,6.5832440680770565
M00419_P00136,6.476283220912234
M00419_P00141,0.0
M00419_P00148,4.703057310640394
M00419_P00156,6.444410770659694
M00419_P01177,0.0
M00419_P01182,6.090962307999648
M00419_P01184,0.0
M00419_P01193,5.353661100608847
M00419_P01196,5.943301732822946
M00420_P00055,0.0
M00420_P00057,6.483263270461039
M00420_P00059,6.038223009929916
M00420_P00064,6.0779229957391046
M00420_P00066,6.600229650413538
M00420_P00071,5.882916084100311
M00420_P00077,7.377532525249682
M00420_P00423,7.085577690300995
M00420_P00424,0.0
M00420_P00425,6.859172395451256
M00420_P00426,5.4360813239345696
M00420_P00431,0.0
M00420_P00436,6.836904959799486
M00420_P00440,5.768952715804443
M00421_P00732,5.939182330889638
M00421_P00738,4.646874333438974
M00421_P00742,0.0
M00421_P00744,0.0
M00421_P00747,6.815703263355873
M00421_P00753,0.0
M00421_P00888,0.0
M00421_P00889,0.0
M00421_P00893,0.0
M00421_P00894,6.609174864713535
M00421_P00895,6.605607608908553
M00421_P00901,7.244386255803921
M00421_P00909,0.0
M00422_P00611,5.5560966224633885
M00422_P00618,0.0
M00422_P00619,5.893079035339726
M00422_P00622,5.466968540701958
M00422_P00625,0.0
M00422_P00630,6.151885016981448
M00422_P00632,5.412152307526736
M00422_P00635,6.174635971168626
M00422_P00644,6.0640466772994825
M00422_P00645,6.924623572457529
M00422_P00650,5.690714489211742
M00423_P00549,0.0
M00423_P00552,5.790372198425755
M00423_P00554,0.0
M00423_P00561,7.941363884127894
M00423_P00562,5.91692751474904
M00423_P00568,4.812696595179702
M00423_P00678,4.025497737389751
M00423_P00679,0.0
M00423_P00680,6.203948073972911
M00423_P00681,0.0
M00423_P00683,5.795646063109453
M00423_P00694,0.0
M00424_P01041,0.0
M00424_P01042,0.0
M00424_P01048,0.0
M00424_P01049,7.2035901200966075
M00424_P01051,5.799119060162543
M00424_P01055,0.0
M00424_P01063,5.2553569421178175
M00424_P01064,6.660636895460423
M00424_P01099,0.0
M00424_P01107,6.616436890166601
M00424_P01108,6.730566276158879
M00424_P01109,0.0
M00424_P01114,7.575701107864881
M00424_P01118,0.0
M00425_P00157,0.0
M00425_P00159,0.0
M00425_P00164,6.137703971316142
M00425_P00169,5.467205265400426
M00425_P00171,5.3916478060464605
M00425_P00175,6.55447502393755
M00425_P00549,0.0
M00425_P00552,5.360583589357715
M00425_P00554,5.447917985756237
M00425_P00561,6.602834337551062
M00425_P00562,6.693358401680633
M00425_P00568,0.0
M00426_P00423,6.420022280276467
M00426_P00424,5.393067958001789
M00426_P00425,0.0
M00426_P00426,5.301777500033134
M00426_P00431,4.980509615935085
M00426_P00436,0.0
M00426_P00440,0.0
M00426_P00478,0.0
M00426_P00479,0.0
M00426_P00486,6.672466138126528
M00426_P00491,0.0
M00427_P00136,6.899695058145164
M00427_P00141,7.995723371131043
M00427_P00148,0.0
M00427_P00156,0.0
M00427_P00549,0.0
M00427_P00552,5.602162645777912
M00427_P00554,0.0
M00427_P00561,0.0
M00427_P00562,5.321696733923702
M00427_P00568,6.033450229023896
M00428_P00515,0.0
M00428_P00574,6.393881716774253
M00428_P00579,0.0
M00428_P00582,7.240916049740464
M00428_P00584,6.051209307030377
M00428_P00586,0.0
M00428_P00590,7.2850449153616035
M00429_P00209,0.0
M00429_P00210,7.236643292074375
M00429_P00211,0.0
M00429_P00219,0.0
M00429_P00221,6.90427013974137
M00429_P00222,6.396689558934864
M00429_P00232,6.969927476237241
M00429_P00234,0.0
M00429_P01020,6.186701999466606
M00429_P01034,0.0
M00429_P01037,0.0
M00429_P01038,7.222864456782604
M00430_P00515,6.436821188014716
M00430_P00940,6.38057625887352
M00430_P00948,6.583593335508055
M00430_P00950,7.285623149563919
M00430_P00951,0.0
M00430_P00959,6.5958488565307904
M00430_P00962,6.340345241835792
M00431_P00209,0.0
M00431_P00210,7.452421916304146
M00431_P00211,0.0
M00431_P00219,6.832974740894144
M00431_P00221,6.205588843163149
M00431_P00222,0.0
M00431_P00232,0.0
M00431_P00234,6.691702522308215
M00431_P01120,0.0
M00432_P01070,5.841399707554997
M00432_P01074,0.0
M00432_P01082,6.463078240425197
M00432_P01120,6.493533350068902
M00433_P00032,0.0
M00433_P00044,6.942331399708683
M00433_P00045,6.1948718702340875
M00433_P00050,5.243326461267909
M00433_P00052,7.374261760006829
M00433_P00625,0.0
M00433_P00630,5.57351384270045
M00433_P00632,6.014123219631174
M00433_P00635,0.0
M00433_P00644,7.01794820769987
M00433_P00645,7.044834563163501
M00433_P00650,6.592485502015651
M00434_P00345,5.869453053225002
M00434_P00347,6.537871001878929
M00434_P00351,5.703933020231771
M00434_P00353,5.509287886244677
M00434_P00359,6.078366965018633
M00434_P00362,6.422884835272338
M00434_P00574,0.0
M00434_P00579,7.118976490139121
M00434_P00582,6.18238778142764
M00434_P00584,0.0
M00434_P00586,5.618972516948202
M00434_P00590,7.025487172364924
M00435_P00313,0.0
M00435_P00324,0.0
M00435_P00329,5.764244794318614
M00435_P00333,0.0
M00435_P00334,0.0
M00435_P00391,6.1553992400768385
M00435_P00399,7.300010970344976
M00435_P00410,6.703997917637439
M00435_P00416,6.635121129274714
M00436_P00108,0.0
M00436_P00110,0.0
M00436_P00114,0.0
M00436_P00124,5.557293456929347
M00436_P00129,6.509000522870386
M00436_P00515,6.13667461760494
M00437_P00835,0.0
M00437_P00840,0.0
M00437_P00844,5.770225474267047
M00437_P00847,5.662537759020339
M00437_P00848,0.0
M00437_P00856,6.706786395154169
M00437_P00922,5.997905860566103
M00437_P00927,0.0
M00437_P00931,6.051108567020498
M00437_P00935,0.0
M00438_P00549,0.0
M00438_P00552,4.733296069527973
M00438_P00554,6.137153773657024
M00438_P00561,0.0
M00438_P00562,0.0
M00438_P00568,0.0
M00438_P01099,6.490262263221695
M00438_P01107,0.0
M00438_P01108,6.527765820296017
M00438_P01109,5.8851789439560145
M00438_P01114,5.562001653779183
M00438_P01118,5.550124322925627
M00439_P00625,0.0
M00439_P00630,0.0
M00439_P00632,5.672956604996261
M00439_P00635,5.5131982819566066
M00439_P00644,7.335789620445721
M00439_P00645,0.0
M00439_P00650,6.158805860136022
M00439_P00991,0.0
M00439_P00993,5.60667884442325
M00439_P00997,6.262876928145018
M00439_P01000,0.0
M00439_P01010,5.507050757214495
M00440_P00287,0.0
M00440_P00290,6.453453884703367
M00440_P00291,5.002549163524993
M00440_P00295,0.0
M00440_P00297,5.317444542812782
M00440_P00298,0.0
M00440_P00299,6.499707942167784
M00440_P00304,5.933815491433658
M00440_P00307,0.0
M00440_P00309,0.0
M00440_P00310,7.114351891914135
M00440_P01177,0.0
M00440_P01182,5.440364940879175
M00440_P01184,5.617036110709384
M00440_P01193,6.398260038664421
M00440_P01196,0.0
M00441_P00732,0.0
M00441_P00738,5.67817352123453
M00441_P00742,6.752071905685922
M00441_P00744,0.0
M00441_P00747,7.430185757108328
M00441_P00753,6.458712721543441
M00441_P01201,0.0
M00441_P01209,4.9089883190606685
M00441_P01210,0.0
M00441_P01211,6.88783107535768
M00441_P01214,6.409009048596437
M00442_P00611,6.716661621752685
M00442_P00618,6.704858075491325
M00442_P00619,0.0
M00442_P00622,6.257241083107227
M00442_P01146,8.129822005819888
M00442_P01157,5.369310511431067
M00442_P01166,6.642853373398012
M00442_P01169,6.160509142564263
M00443_P00732,0.0
M00443_P00738,5.428234465882032
M00443_P00742,6.196798107593275
M00443_P00744,5.666355501355609
M00443_P00747,6.790040969415607
M00443_P00753,0.0
M00443_P01041,0.0
M00443_P01042,5.855922954828919
M00443_P01048,6.915188386720489
M00443_P01049,0.0
M00443_P01051,6.812169495293705
M00443_P01055,6.350704084200524
M00443_P01063,6.645405794983622
M00443_P01064,7.290570817661275
M00444_P00368,0.0
M00444_P00372,7.965924799406484
M00444_P00378,0.0
M00444_P00382,5.991022709988462
M00444_P00383,0.0
M00444_P00922,0.0
M00444_P00927,5.973946875064601
M00444_P00931,6.23942858549086
M00444_P00935,0.0
M00445_P00313,5.831297357268557
M00445_P00324,6.737547299746244
M00445_P00329,6.278382887649468
M00445_P00333,6.861820706081807
M00445_P00334,5.554212177257041
M00445_P00782,0.0
M00445_P00786,5.889542481666008
M00445_P00788,6.4119601744431085
M00445_P00797,0.0
M00445_P00803,6.210423193064633
M00446_P00478,0.0
M00446_P00479,7.683341712225211
M00446_P00486,7.707973098821313
M00446_P00491,5.321864963497978
M00446_P00761,0.0
M00446_P00772,5.412461531611795
M00447_P00835,0.0
M00447_P00840,5.154682775328268
M00447_P00844,6.877512430558147
M00447_P00847,5.813342869323559
M00447_P00848,6.042150160720334
M00447_P00856,7.013900272335416
M00447_P00888,5.507396642451596
M00447_P00889,6.739752925358281
M00447_P00893,5.942152514757249
M00447_P00894,5.96210141181731
M00447_P00895,6.409288138013249
M00447_P00901,0.0
M00447_P00909,6.426700001963327
M00448_P00313,0.0
M00448_P00324,0.0
M00448_P00329,7.149674055571268
M00448_P00333,6.891783535870235
M00448_P00334,7.00979326776797
M00448_P01020,5.949005354783497
M00448_P01034,5.9211238809640205
M00448_P01037,6.486774668508835
M00448_P01038,5.432147497122675
M00449_P00079,0.0
M00449_P00082,0.0
M00449_P00087,0.0
M00449_P00097,0.0
M00449_P00102,6.0687114113796365
M00449_P01099,5.487168782414748
M00449_P01107,0.0
M00449_P01108,6.298674707256124
M00449_P01109,0.0
M00449_P01114,0.0
M00449_P01118,0.0
M00450_P00157,4.92130471743626
M00450_P00159,0.0
M00450_P00164,0.0
M00450_P00169,6.441423734634132
M00450_P00171,7.207652216960686
M00450_P00175,0.0
M00450_P00922,0.0
M00450_P00927,5.947963631856269
M00450_P00931,0.0
M00450_P00935,6.726617753359229
M00451_P00136,0.0
M00451_P00141,0.0
M00451_P00148,0.0
M00451_P00156,5.866373551602603
M00451_P00478,6.853588006180239
M00451_P00479,6.859734743027662
M00451_P00486,0.0
M00451_P00491,7.5719839572762755
M00452_P00443,6.412178875873156
M00452_P00448,5.183374254194897
M00452_P00452,6.328083356012948
M00452_P00462,0.0
M00452_P00463,0.0
M00452_P00465,6.36970878479173
M00452_P00468,5.8108553214284395
M00452_P00761,0.0
M00452_P00772,5.5628743898175
M00453_P00136,8.079088071038706
M00453_P00141,0.0
M00453_P00148,6.195234922085373
M00453_P00156,0.0
M00453_P00705,5.2618528663940225
M00453_P00707,5.775307354877524
M00453_P00716,7.001613153732169
M00453_P00718,6.270345701385952
M00453_P00724,0.0
M00453_P00728,0.0
M00454_P00032,0.0
M00454_P00044,0.0
M00454_P00045,5.465831280255842
M00454_P00050,6.856575006096873
M00454_P00052,0.0
M00454_P00574,0.0
M00454_P00579,6.4626129738495965
M00454_P00582,6.195674367487405
M00454_P00584,6.472521245838304
M00454_P00586,0.0
M00454_P00590,6.773570375101698
M00455_P00655,0.0
M00455_P00662,0.0
M00455_P00666,5.910968663356867
M00455_P00668,6.411762325234478
M00455_P00669,5.368515924723368
M00455_P00673,6.232446838222064
M00455_P00674,5.871111739267655
M00455_P00863,5.369441974178202
M00455_P00880,7.499179117349189
M00455_P00882,6.910694228999901
M00456_P00136,7.4707673766123515
M00456_P00141,6.7801489947036275
M00456_P00148,5.966473927134568
M00456_P00156,0.0
M00456_P00625,6.476826812030842
M00456_P00630,6.0142806911463405
M00456_P00632,0.0
M00456_P00635,5.430225790400793
M00456_P00644,6.911885527617514
M00456_P00645,0.0
M00456_P00650,6.6910708855291245
M00457_P00032,0.0
M00457_P00044,6.900437535243931
M00457_P00045,7.148394768866854
M00457_P00050,6.805316949786053
M00457_P00052,0.0
M00457_P00549,0.0
M00457_P00552,5.493295761006989
M00457_P00554,6.172729707731031
M00457_P00561,7.264198896852359
M00457_P00562,0.0
M00457_P00568,4.924617599112612
M00458_P00209,0.0
M00458_P00210,7.19567050771716
M00458_P00211,0.0
M00458_P00219,0.0
M00458_P00221,7.912828394547785
M00458_P00222,5.731819972095796
M00458_P00232,6.224849716281166
M00458_P00234,7.292426446740228
M00458_P00241,6.449145178466323
M00458_P00244,6.565733363797907
M00458_P00245,6.7826733599886815
M00458_P00248,7.079239643447694
M00458_P00255,0.0
M00458_P00260,7.4183869815362256
M00459_P00782,6.469587676615839
M00459_P00786,0.0
M00459_P00788,7.62056006396377
M00459_P00797,5.858072341786877
M00459_P00803,7.642279022038045
M00459_P01177,0.0
M00459_P01182,4.969823990078224
M00459_P01184,5.824243370060997
M00459_P01193,6.013752422254902
M00459_P01196,0.0
M00460_P00732,0.0
M00460_P00738,0.0
M00460_P00742,0.0
M00460_P00744,0.0
M00460_P00747,7.287881694368882
M00460_P00753,5.501369791784602
M00460_P01041,0.0
M00460_P01042,0.0
M00460_P01048,0.0
M00460_P01049,0.0
M00460_P01051,5.78331748323972
M00460_P01055,5.912066194565185
M00460_P01063,5.816792486393183
M00460_P01064,0.0
M00461_P00032,6.934731987740317
M00461_P00044,7.035641071715721
M00461_P00045,6.417567552630296
M00461_P00050,0.0
M00461_P00052,5.047380413524401
M00461_P00443,0.0
M00461_P00448,0.0
M00461_P00452,5.561145149820662
M00461_P00462,7.303413398445814
M00461_P00463,0.0
M00461_P00465,6.100520735320103
M00461_P00468,6.303098389959852
M00462_P00922,7.011399442974376
M00462_P00927,5.635412587080692
M00462_P00931,5.880522105032265
M00462_P00935,7.197796871394125
M00462_P01223,5.616270256039061
M00462_P01234,6.700768684455799
M00462_P01236,0.0
M00462_P01241,7.530302223895505
M00462_P01242,6.408803566940196
M00463_P00185,0.0
M00463_P00193,5.962177191201795
M00463_P00197,0.0
M00463_P00199,0.0
M00463_P00200,5.8283560556670535
M00463_P00515,0.0
M00464_P00079,5.921140253866515
M00464_P00082,5.738199618357597
M00464_P00087,0.0
M00464_P00097,0.0
M00464_P00102,5.814401127644858
M00464_P00185,0.0
M00464_P00193,0.0
M00464_P00197,6.448199373704507
M00464_P00199,6.415879130189147
M00464_P00200,0.0
M00465_P01020,6.761166855030719
M00465_P01034,0.0
M00465_P01037,0.0
M00465_P01038,5.264385417676824
M00465_P01041,0.0
M00465_P01042,6.857666207157775
M00465_P01048,0.0
M00465_P01049,0.0
M00465_P01051,6.848768181192065
M00465_P01055,6.91185859653396
M00465_P01063,0.0
M00465_P01064,6.363050889946112
M00466_P00185,0.0
M00466_P00193,6.692575322560139
M00466_P00197,0.0
M00466_P00199,6.02920242631821
M00466_P00200,6.062882780254788
M00466_P00835,0.0
M00466_P00840,5.809972238030664
M00466_P00844,6.448733717300132
M00466_P00847,6.2894363605822114
M00466_P00848,0.0
M00466_P00856,0.0
M00467_P00835,0.0
M00467_P00840,5.909022200187383
M00467_P00844,5.910506680483667
M00467_P00847,6.299338758987292
M00467_P00848,0.0
M00467_P00856,7.419552103096673
M00467_P01041,0.0
M00467_P01042,0.0
M00467_P01048,0.0
M00467_P01049,7.167311141770346
M00467_P01051,6.522750553718074
M00467_P01055,5.8532334259970815
M00467_P01063,6.081943700332721
M00467_P01064,0.0
M00468_P00241,6.397853452897259
M00468_P00244,0.0
M00468_P00245,0.0
M00468_P00248,6.706067460666657
M00468_P00255,6.964630436077218
M00468_P00260,0.0
M00468_P01177,6.725720893797608
M00468_P01182,0.0
M00468_P01184,0.0
M00468_P01193,0.0
M00468_P01196,7.41727529686811
M00469_P00011,5.95146955593579
M00469_P00024,5.309838787483742
M00469_P01041,0.0
M00469_P01042,0.0
M00469_P01048,0.0
M00469_P01049,8.079675545583047
M00469_P01051,0.0
M00469_P01055,5.695931354547148
M00469_P01063,4.854209340348965
M00469_P01064,0.0
M00470_P00678,5.605105163337718
M00470_P00679,0.0
M00470_P00680,0.0
M00470_P00681,6.231270700794357
M00470_P00683,0.0
M00470_P00694,5.67236961974113
M00470_P00940,4.576271844493727
M00470_P00948,5.22483252184755
M00470_P00950,0.0
M00470_P00951,0.0
M00470_P00959,0.0
M00470_P00962,0.0
M00471_P00611,0.0
M00471_P00618,6.274264939895241
M00471_P00619,0.0
M00471_P00622,0.0
M00471_P00863,0.0
M00471_P00880,6.190766469561848
M00471_P00882,7.55150154993462
M00472_P00625,0.0
M00472_P00630,0.0
M00472_P00632,6.165458439924274
M00472_P00635,0.0
M00472_P00644,6.33200482997153
M00472_P00645,7.664540170285347
M00472_P00650,6.230005871224916
M00472_P00807,0.0
M00472_P00812,0.0
M00472_P00819,6.902205816397051
M00472_P00826,0.0
M00472_P00827,7.316141275341262
M00473_P00423,5.5168606570668315
M00473_P00424,5.372352356754493
M00473_P00425,6.017269032958095
M00473_P00426,0.0
M00473_P00431,0.0
M00473_P00436,0.0
M00473_P00440,5.473294783639552
M00473_P00611,0.0
M00473_P00618,0.0
M00473_P00619,5.826593689283865
M00473_P00622,0.0
M00474_P00108,0.0
M00474_P00110,5.441450414938341
M00474_P00114,6.2332443813636536
M00474_P00124,6.411744858880462
M00474_P00129,6.147017273999977
M00474_P00574,0.0
M00474_P00579,6.245033959516866
M00474_P00582,0.0
M00474_P00584,6.210444514900236
M00474_P00586,0.0
M00474_P00590,0.0
M00475_P01099,0.0
M00475_P01107,0.0
M00475_P01108,7.135522326516015
M00475_P01109,5.25680842965955
M00475_P01114,6.370486539641415
M00475_P01118,0.0
M00475_P01201,6.08860475283853
M00475_P01209,0.0
M00475_P01210,6.340814663481437
M00475_P01211,6.709765849511001
M00475_P01214,0.0
M00476_P00549,0.0
M00476_P00552,0.0
M00476_P00554,0.0
M00476_P00561,7.481653401906718
M00476_P00562,5.679828151208195
M00476_P00568,6.264773010968815
M00476_P00965,0.0
M00476_P00966,5.2721775831388875
M00476_P00975,6.157761039301612
M00476_P00978,0.0
M00476_P00980,0.0
M00476_P00986,7.085334528530781
M00477_P00574,0.0
M00477_P00579,6.336562752046574
M00477_P00582,5.3693550689415375
M00477_P00584,6.81905776804383
M00477_P00586,0.0
M00477_P00590,7.348358534606743
M00477_P00922,5.605920219680009
M00477_P00927,6.319865401964987
M00477_P00931,0.0
M00477_P00935,0.0
M00478_P00761,5.095864981966282
M00478_P00772,6.732337434114885
M00478_P01120,0.0
M00479_P00287,0.0
M00479_P00290,5.880652048715038
M00479_P00291,0.0
M00479_P00295,0.0
M00479_P00297,5.400608809197445
M00479_P00298,0.0
M00479_P00299,0.0
M00479_P00304,5.90534995790773
M00479_P00307,6.358972586437408
M00479_P00309,6.0364916247478755
M00479_P00310,5.454927538058118
M00479_P01041,0.0
M00479_P01042,6.167546267059251
M00479_P01048,6.284979565604434
M00479_P01049,0.0
M00479_P01051,0.0
M00479_P01055,5.815648405310566
M00479_P01063,0.0
M00479_P01064,5.654911784473367
M00480_P00761,5.313608653469861
M00480_P00772,0.0
M00480_P01177,6.711353410145057
M00480_P01182,5.706905805038457
M00480_P01184,6.451043977580526
M00480_P01193,0.0
M00480_P01196,6.932317804412987
M00481_P00055,0.0
M00481_P00057,0.0
M00481_P00059,0.0
M00481_P00064,4.820607989617671
M00481_P00066,6.575375820372507
M00481_P00071,0.0
M00481_P00077,6.251867324202529
M00481_P00313,6.809530805165273
M00481_P00324,6.62639332936408
M00481_P00329,6.3994518020805335
M00481_P00333,6.52348132683981
M00481_P00334,0.0
M00482_P00055,5.829630885399265
M00482_P00057,6.102193254745716
M00482_P00059,6.21820256583846
M00482_P00064,6.1122858837180045
M00482_P00066,7.746549586553649
M00482_P00071,6.526912905505427
M00482_P00077,6.93074676724655
M00482_P00549,0.0
M00482_P00552,0.0
M00482_P00554,6.365902669596728
M00482_P00561,8.297625907643717
M00482_P00562,6.876110679830423
M00482_P00568,6.240396067213235
M00483_P00782,0.0
M00483_P00786,5.029272232612392
M00483_P00788,6.362635911321316
M00483_P00797,7.934629625281041
M00483_P00803,0.0
M00483_P00888,0.0
M00483_P00889,0.0
M00483_P00893,5.3791140383700435
M00483_P00894,5.497234958675706
M00483_P00895,0.0
M00483_P00901,6.181647957539585
M00483_P00909,6.7799224410754695
M00484_P00313,0.0
M00484_P00324,6.604542825787224
M00484_P00329,5.64877290655215
M00484_P00333,6.051933224339287
M00484_P00334,0.0
M00484_P01070,6.344078063256854
M00484_P01074,0.0
M00484_P01082,4.140496590612583
M00485_P00079,7.325157235723654
M00485_P00082,0.0
M00485_P00087,0.0
M00485_P00097,7.301814878989144
M00485_P00102,0.0
M00485_P01099,6.689125995416179
M00485_P01107,0.0
M00485_P01108,6.613835582399606
M00485_P01109,0.0
M00485_P01114,0.0
M00485_P01118,0.0
M00486_P00185,0.0
M00486_P00193,5.728497262147967
M00486_P00197,4.59062235252274
M00486_P00199,0.0
M00486_P00200,7.12264586848381
M00486_P00625,0.0
M00486_P00630,6.273471884354726
M00486_P00632,6.409806545225804
M00486_P00635,0.0
M00486_P00644,5.685843778510278
M00486_P00645,7.683153285734199
M00486_P00650,0.0
M00487_P00732,0.0
M00487_P00738,0.0
M00487_P00742,5.468230954343279
M00487_P00744,6.555184584819983
M00487_P00747,0.0
M00487_P00753,6.289249062886175
M00487_P01223,6.503390672142581
M00487_P01234,0.0
M00487_P01236,0.0
M00487_P01241,5.289993126309986
M00487_P01242,5.661031613175193
M00488_P00287,0.0
M00488_P00290,0.0
M00488_P00291,4.995794024408107
M00488_P00295,6.933090062907103
M00488_P00297,5.908250391002398
M00488_P00298,5.7152162648098965
M00488_P00299,0.0
M00488_P00304,0.0
M00488_P00307,6.266325484288124
M00488_P00309,6.876918814658329
M00488_P00310,5.920542631124478
M00488_P00835,0.0
M00488_P00840,0.0
M00488_P00844,5.431235629992959
M00488_P00847,5.524165154304136
M00488_P00848,5.328034491724608
M00488_P00856,0.0
M00489_P00611,0.0
M00489_P00618,6.246842896577197
M00489_P00619,5.495891878434696
M00489_P00622,6.271887524289382
M00489_P00888,0.0
M00489_P00889,0.0
M00489_P00893,4.919563000937498
M00489_P00894,5.332580834157513
M00489_P00895,0.0
M00489_P00901,7.4181022139262405
M00489_P00909,5.501575518600316
M00490_P00705,6.018238515673113
M00490_P00707,5.7582722037438385
M00490_P00716,0.0
M00490_P00718,6.445478562855491
M00490_P00724,6.019508266995312
M00490_P00728,5.629356709129626
M00490_P01201,6.4590144287331315
M00490_P01209,7.339650894261487
M00490_P01210,0.0
M00490_P01211,7.026300960829727
M00490_P01214,6.644683914908149
M00491_P00287,0.0
M00491_P00290,0.0
M00491_P00291,5.832037209825009
M00491_P00295,0.0
M00491_P00297,0.0
M00491_P00298,6.16797677706436
M00491_P00299,5.189528383058752
M00491_P00304,6.3900804663182775
M00491_P00307,0.0
M00491_P00309,0.0
M00491_P00310,0.0
M00491_P00991,0.0
M00491_P00993,6.556390478912879
M00491_P00997,0.0
M00491_P01000,0.0
M00491_P01010,7.245107596577434
M00492_P00157,0.0
M00492_P00159,0.0
M00492_P00164,0.0
M00492_P00169,6.740960210705864
M00492_P00171,0.0
M00492_P00175,0.0
M00492_P00529,6.364306633891868
M00492_P00535,0.0
M00492_P00536,6.371602026079827
M00492_P00542,0.0
M00492_P00543,0.0
M00493_P00478,0.0
M00493_P00479,6.621395063470516
M00493_P00486,7.113181691173062
M00493_P00491,0.0
M00493_P01099,7.224586360850591
M00493_P01107,5.973024468358388
M00493_P01108,7.226768132532167
M00493_P01109,0.0
M00493_P01114,0.0
M00493_P01118,0.0
M00494_P00991,6.817184906221454
M00494_P00993,6.635243722971881
M00494_P00997,5.882075892156813
M00494_P01000,7.28345520297091
M00494_P01010,6.536074054527677
M00494_P01201,6.277834411513088
M00494_P01209,5.406638643026742
M00494_P01210,5.694133768554935
M00494_P01211,5.58431938032127
M00494_P01214,5.171115069021459
M00495_P00732,5.811574012148277
M00495_P00738,0.0
M00495_P00742,6.172870281301663
M00495_P00744,6.110011648309749
M00495_P00747,0.0
M00495_P00753,0.0
M00495_P01146,0.0
M00495_P01157,0.0
M00495_P01166,5.978084754467839
M00495_P01169,0.0
M00496_P00055,6.882006518285461
M00496_P00057,5.286378299828894
M00496_P00059,5.779915054752602
M00496_P00064,5.995649905763647
M00496_P00066,0.0
M00496_P00071,6.2299798738242576
M00496_P00077,0.0
M00496_P01223,0.0
M00496_P01234,0.0
M00496_P01236,5.762317220621999
M00496_P01241,6.625052907789601
M00496_P01242,5.657753295931103
M00497_P00443,0.0
M00497_P00448,0.0
M00497_P00452,0.0
M00497_P00462,5.892112517837962
M00497_P00463,6.820416227052428
M00497_P00465,0.0
M00497_P00468,4.995453677283821
M00497_P01070,0.0
M00497_P01074,6.151143000394537
M00497_P01082,0.0
M00498_P00108,5.987184637525579
M00498_P00110,7.2765099585634205
M00498_P00114,8.28685885599855
M00498_P00124,5.687839365816347
M00498_P00129,6.433508143094201
M00498_P01120,0.0
M00499_P00611,0.0
M00499_P00618,5.584272394523288
M00499_P00619,5.530491246920334
M00499_P00622,5.542695476055797
M00499_P00863,6.538095042833771
M00499_P00880,0.0
M00499_P00882,7.498609155765385
M00500_P00032,5.586519433061274
M00500_P00044,5.906060721329408
M00500_P00045,6.945786627686555
M00500_P00050,6.5897665915260015
M00500_P00052,6.047317384035954
M00500_P00266,6.292901882062836
M00500_P00271,6.157904662531838
M00500_P00278,0.0
M00500_P00286,0.0
M00501_P00055,6.46515978081652
M00501_P00057,0.0
M00501_P00059,0.0
M00501_P00064,5.570162042951678
M00501_P00066,0.0
M00501_P00071,6.379687904430094
M00501_P00077,0.0
M00501_P00241,5.900985722666314
M00501_P00244,6.098412441953055
M00501_P00245,5.460071933845078
M00501_P00248,0.0
M00501_P00255,6.648445609563671
M00501_P00260,0.0
M00502_P00611,6.3551729297198465
M00502_P00618,7.014850997579523
M00502_P00619,0.0
M00502_P00622,0.0
M00502_P01070,0.0
M00502_P01074,5.942126389749389
M00502_P01082,0.0
M00503_P00055,6.246841830161541
M00503_P00057,5.0801975369977415
M00503_P00059,6.706882030317831
M00503_P00064,0.0
M00503_P00066,0.0
M00503_P00071,5.7905757450760165
M00503_P00077,6.049735260280131
M00503_P00940,0.0
M00503_P00948,0.0
M00503_P00950,6.651283461012866
M00503_P00951,6.023399406807861
M00503_P00959,0.0
M00503_P00962,0.0
M00504_P00732,5.938397714927447
M00504_P00738,5.818565064337553
M00504_P00742,6.997793812835615
M00504_P00744,5.227848129897596
M00504_P00747,8.149942220325064
M00504_P00753,0.0
M00504_P01120,0.0
M00505_P00108,0.0
M00505_P00110,0.0
M00505_P00114,7.460459154682555
M00505_P00124,6.171686382912527
M00505_P00129,6.892783127378673
M00505_P00732,0.0
M00505_P00738,5.530453759735392
M00505_P00742,6.5565335910266045
M00505_P00744,6.1808057772286285
M00505_P00747,7.158481347512175
M00505_P00753,0.0
M00506_P00611,5.5059713092191345
M00506_P00618,5.65801585069392
M00506_P00619,6.446062756384124
M00506_P00622,5.6848465769736904
M00506_P00863,6.328265784760448
M00506_P00880,5.94303167232914
M00506_P00882,0.0
M00507_P00443,6.990112669168499
M00507_P00448,6.437213772118611
M00507_P00452,5.089697717511802
M00507_P00462,7.160709324009566
M00507_P00463,0.0
M00507_P00465,0.0
M00507_P00468,6.018532579252177
M00507_P01070,5.765013242769688
M00507_P01074,6.0090043440737055
M00507_P01082,6.77219401494848
M00508_P00032,0.0
M00508_P00044,0.0
M00508_P00045,0.0
M00508_P00050,6.587569517093873
M00508_P00052,6.348509444513272
M00508_P00313,0.0
M00508_P00324,5.71856634290893
M00508_P00329,6.840498074825515
M00508_P00333,0.0
M00508_P00334,6.586749931184183
M00509_P00185,0.0
M00509_P00193,5.765510918561728
M00509_P00197,5.568086738778258
M00509_P00199,6.1105074686093905
M00509_P00200,5.638174494389544
M00509_P00922,6.262789141786507
M00509_P00927,0.0
M00509_P00931,0.0
M00509_P00935,5.859154427367831
M00510_P00732,6.298620651861246
M00510_P00738,0.0
M00510_P00742,6.6751216469097265
M00510_P00744,7.017967379600001
M00510_P00747,0.0
M00510_P00753,6.7743930987887
M00510_P01177,6.750687772409698
M00510_P01182,6.513673502833683
M00510_P01184,6.364827946262323
M00510_P01193,5.433398161649718
M00510_P01196,0.0
M00511_P00807,0.0
M00511_P00812,7.675371075553843
M00511_P00819,5.540622292545568
M00511_P00826,5.922279132915922
M00511_P00827,6.691741617318749
M00511_P01146,6.738614872281178
M00511_P01157,6.467200797591018
M00511_P01166,0.0
M00511_P01169,5.966315544768358
M00512_P00108,5.6646281433377865
M00512_P00110,6.192053968527916
M00512_P00114,0.0
M00512_P00124,0.0
M00512_P00129,5.481653915876081
M00512_P00209,6.363563947771103
M00512_P00210,0.0
M00512_P00211,0.0
M00512_P00219,6.044041097121747
M00512_P00221,0.0
M00512_P00222,5.9478743351161265
M00512_P00232,6.064591566853586
M00512_P00234,7.044693426025406
M00513_P00732,5.6063979339508725
M00513_P00738,6.094215678521629
M00513_P00742,0.0
M00513_P00744,5.707037875375314
M00513_P00747,6.714693725214068
M00513_P00753,6.473632131624951
M00513_P01177,7.0887669816089955
M00513_P01182,6.809717578844403
M00513_P01184,0.0
M00513_P01193,0.0
M00513_P01196,6.569442399002395
M00514_P00574,0.0
M00514_P00579,7.363988073045375
M00514_P00582,0.0
M00514_P00584,6.132268551257323
M00514_P00586,6.210977165012582
M00514_P00590,0.0
M00514_P01099,7.597220226522231
M00514_P01107,0.0
M00514_P01108,0.0
M00514_P01109,7.154916245414554
M00514_P01114,6.920732298978077
M00514_P01118,0.0
M00515_P00888,6.414283817083183
M00515_P00889,5.517332046614861
M00515_P00893,0.0
M00515_P00894,5.609959221244016
M00515_P00895,6.31806226693315
M00515_P00901,7.738066883535876
M00515_P00909,0.0
M00515_P00922,0.0
M00515_P00927,0.0
M00515_P00931,0.0
M00515_P00935,0.0
M00516_P00266,0.0
M00516_P00271,0.0
M00516_P00278,6.472106590411522
M00516_P00286,6.835103784521423
M00516_P01201,0.0
M00516_P01209,6.98957774358419
M00516_P01210,0.0
M00516_P01211,6.617110578271921
M00516_P01214,5.905173167217357
M00517_P00611,7.464540870639583
M00517_P00618,5.658165809106287
M00517_P00619,4.169876388571254
M00517_P00622,0.0
M00517_P00863,6.178066533566208
M00517_P00880,0.0
M00517_P00882,6.29324303993146
M00518_P00209,0.0
M00518_P00210,7.535960072381619
M00518_P00211,0.0
M00518_P00219,5.6165129618279
M00518_P00221,0.0
M00518_P00222,5.11959784223709
M00518_P00232,0.0
M00518_P00234,7.264772109858808
M00518_P00313,0.0
M00518_P00324,0.0
M00518_P00329,6.215974675340095
M00518_P00333,0.0
M00518_P00334,5.741450161849817
M00519_P00032,6.582895656017905
M00519_P00044,0.0
M00519_P00045,6.798355220784
M00519_P00050,0.0
M00519_P00052,7.178029033764746
M00519_P00625,0.0
M00519_P00630,5.951950790897936
M00519_P00632,0.0
M00519_P00635,6.758980088308555
M00519_P00644,0.0
M00519_P00645,0.0
M00519_P00650,0.0
M00520_P00761,0.0
M00520_P00772,5.63875420703115
M00520_P00940,5.452769802674782
M00520_P00948,6.235861938536621
M00520_P00950,5.555922340965344
M00520_P00951,5.689508738024619
M00520_P00959,6.368146833934928
M00520_P00962,7.134120503770032
M00521_P00108,5.556156148737889
M00521_P00110,5.318958049338843
M00521_P00114,7.173991709259767
M00521_P00124,6.631093019872265
M00521_P00129,0.0
M00521_P00529,6.475780964276574
M00521_P00535,5.698132881023913
M00521_P00536,6.925141693344421
M00521_P00542,6.330937455325288
M00521_P00543,0.0
M00522_P00678,0.0
M00522_P00679,6.15272770130841
M00522_P00680,6.690190300913357
M00522_P00681,0.0
M00522_P00683,6.288542994076607
M00522_P00694,5.855926466102383
M00522_P00863,0.0
M00522_P00880,6.720693645776069
M00522_P00882,7.366002078315402
M00523_P00108,5.523828165588879
M00523_P00110,0.0
M00523_P00114,6.91373247308027
M00523_P00124,5.271405978525331
M00523_P00129,5.538642617316025
M00523_P00940,0.0
M00523_P00948,5.861100430768982
M00523_P00950,0.0
M00523_P00951,0.0
M00523_P00959,6.434166148886217
M00523_P00962,0.0
M00524_P00108,5.403002846880026
M00524_P00110,6.07589418062798
M00524_P00114,0.0
M00524_P00124,5.9328864828860794
M00524_P00129,0.0
M00524_P01070,5.532704223533988
M00524_P01074,5.353747772575946
M00524_P01082,0.0
M00525_P00863,0.0
M00525_P00880,6.375204845380701
M00525_P00882,7.185987201688132
M00525_P01120,0.0
M00526_P00922,6.863741453836566
M00526_P00927,5.792245418860655
M00526_P00931,0.0
M00526_P00935,0.0
M00526_P01070,6.168017103533135
M00526_P01074,6.720629202384894
M00526_P01082,6.357726245793451
M00527_P00209,5.898582123389064
M00527_P00210,0.0
M00527_P00211,0.0
M00527_P00219,5.684955033437977
M00527_P00221,5.323303051647201
M00527_P00222,0.0
M00527_P00232,6.080170774392792
M00527_P00234,0.0
M00527_P00732,5.661853728885869
M00527_P00738,6.137923663187647
M00527_P00742,0.0
M00527_P00744,0.0
M00527_P00747,0.0
M00527_P00753,0.0
M00528_P00185,0.0
M00528_P00193,6.564297067358371
M00528_P00197,0.0
M00528_P00199,0.0
M00528_P00200,0.0
M00528_P00888,4.406194131986514
M00528_P00889,0.0
M00528_P00893,0.0
M00528_P00894,6.574981746205339
M00528_P00895,4.948225499813241
M00528_P00901,7.696826812942644
M00528_P00909,5.795276336906474
M00529_P00266,6.804760600966652
M00529_P00271,7.226823172695537
M00529_P00278,6.564437637254696
M00529_P00286,5.959069298525283
M00529_P00287,0.0
M00529_P00290,5.05902506783183
M00529_P00291,5.618920293188474
M00529_P00295,0.0
M00529_P00297,0.0
M00529_P00298,0.0
M00529_P00299,5.275748467494944
M00529_P00304,7.5810388462892675
M00529_P00307,5.410630361189173
M00529_P00309,0.0
M00529_P00310,6.521274124808184
M00530_P00574,0.0
M00530_P00579,6.750401374265131
M00530_P00582,6.40886767230266
M00530_P00584,0.0
M00530_P00586,6.247033352035558
M00530_P00590,6.580267493361696
M00530_P00888,0.0
M00530_P00889,6.112071210756429
M00530_P00893,5.553658333810639
M00530_P00894,0.0
M00530_P00895,5.427330288150026
M00530_P00901,7.1508465535878205
M00530_P00909,0.0
M00531_P00313,7.618072959967741
M00531_P00324,6.835021825978906
M00531_P00329,0.0
M00531_P00333,6.727622578424566
M00531_P00334,6.404794996173673
M00531_P00423,7.365226518652588
M00531_P00424,5.463277492488679
M00531_P00425,6.171044434901183
M00531_P00426,0.0
M00531_P00431,6.484939123801561
M00531_P00436,6.096691939352822
M00531_P00440,5.915239988296538
M00532_P00209,0.0
M00532_P00210,7.825937391290383
M00532_P00211,0.0
M00532_P00219,5.674221809292316
M00532_P00221,0.0
M00532_P00222,0.0
M00532_P00232,0.0
M00532_P00234,7.090530241637603
M00532_P01070,0.0
M00532_P01074,6.874072869875527
M00532_P01082,0.0
M00533_P00835,0.0
M00533_P00840,5.824423879004924
M00533_P00844,5.154038874032621
M00533_P00847,5.209845422774783
M00533_P00848,5.490876985999899
M00533_P00856,6.389538762675441
M00533_P01099,5.837736703806102
M00533_P01107,0.0
M00533_P01108,6.132055791776119
M00533_P01109,6.27597783116458
M00533_P01114,7.426028152967255
M00533_P01118,0.0
M00534_P00266,6.5360490273915035
M00534_P00271,0.0
M00534_P00278,6.109049454959082
M00534_P00286,5.932030633479018
M00534_P01120,0.0
M00535_P00055,0.0
M00535_P00057,6.414812580399536
M00535_P00059,6.2720905340522055
M00535_P00064,0.0
M00535_P00066,0.0
M00535_P00071,0.0
M00535_P00077,0.0
M00535_P00940,0.0
M00535_P00948,5.496678072931155
M00535_P00950,0.0
M00535_P00951,6.851444982829867
M00535_P00959,6.965025919534967
M00535_P00962,6.875151285428168
M00536_P00055,0.0
M00536_P00057,5.426817972400654
M00536_P00059,0.0
M00536_P00064,0.0
M00536_P00066,7.623797114133857
M00536_P00071,6.961624096398494
M00536_P00077,0.0
M00536_P01099,0.0
M00536_P01107,0.0
M00536_P01108,0.0
M00536_P01109,6.477998034929517
M00536_P01114,7.031261613012678
M00536_P01118,6.5279051970164375
M00537_P00345,0.0
M00537_P00347,6.769459525232942
M00537_P00351,6.5415855081757455
M00537_P00353,0.0
M00537_P00359,0.0
M00537_P00362,6.096267634026918
M00537_P01070,5.919076419165865
M00537_P01074,6.829139426683571
M00537_P01082,5.908419652331923
M00538_P01020,5.851227735232852
M00538_P01034,0.0
M00538_P01037,5.450713530704923
M00538_P01038,6.409120715739709
M00538_P01070,6.351036927128534
M00538_P01074,0.0
M00538_P01082,6.8506393643947305
M00539_P00888,5.51648613861578
M00539_P00889,0.0
M00539_P00893,6.1271221907554665
M00539_P00894,0.0
M00539_P00895,0.0
M00539_P00901,7.634142402851956
M00539_P00909,0.0
M00539_P01041,5.834741757000603
M00539_P01042,0.0
M00539_P01048,0.0
M00539_P01049,0.0
M00539_P01051,6.471966815898816
M00539_P01055,6.056788836390949
M00539_P01063,6.890938378705411
M00539_P01064,5.362131935825157
M00540_P00391,0.0
M00540_P00399,6.419236446414218
M00540_P00410,6.623024903528433
M00540_P00416,6.618163071369667
M00540_P00782,5.990908716264813
M00540_P00786,5.781282568365193
M00540_P00788,0.0
M00540_P00797,0.0
M00540_P00803,5.569238958874107
M00541_P00515,0.0
M00541_P00782,5.819492003233861
M00541_P00786,5.73223639670395
M00541_P00788,0.0
M00541_P00797,0.0
M00541_P00803,6.903965519552711
M00542_P00266,5.382124202740806
M00542_P00271,6.204331805791633
M00542_P00278,6.580073569341942
M00542_P00286,0.0
M00542_P00761,5.94957608258918
M00542_P00772,0.0
M00543_P00345,0.0
M00543_P00347,6.555997934927559
M00543_P00351,6.829367650025139
M00543_P00353,5.842865834728066
M00543_P00359,0.0
M00543_P00362,4.442980440949956
M00543_P00761,7.324889326870079
M00543_P00772,6.000659557323489
M00544_P00529,6.71465897243662
M00544_P00535,0.0
M00544_P00536,0.0
M00544_P00542,0.0
M00544_P00543,0.0
M00544_P01201,4.7539080218036265
M00544_P01209,5.347181806075915
M00544_P01210,6.23411332891668
M00544_P01211,7.543285881895634
M00544_P01214,5.620197426752777
M00545_P00209,0.0
M00545_P00210,6.56314664433144
M00545_P00211,0.0
M00545_P00219,0.0
M00545_P00221,6.593394941459005
M00545_P00222,6.963473658407987
M00545_P00232,5.65127905996498
M00545_P00234,7.995499698532149
M00545_P00655,0.0
M00545_P00662,5.887969831601304
M00545_P00666,6.696733632387451
M00545_P00668,5.256629464544423
M00545_P00669,6.823307667293315
M00545_P00673,6.701290754258868
M00545_P00674,5.371077998729919
M00546_P00835,5.244124627691658
M00546_P00840,4.738943171219973
M00546_P00844,0.0
M00546_P00847,4.5336382079103466
M00546_P00848,5.188508312216645
M00546_P00856,0.0
M00546_P00940,5.732052263940673
M00546_P00948,0.0
M00546_P00950,5.856362956267167
M00546_P00951,6.3150932959861334
M00546_P00959,0.0
M00546_P00962,6.205821755751077
M00547_P00391,0.0
M00547_P00399,5.630693533053069
M00547_P00410,0.0
M00547_P00416,6.218536901391555
M00547_P00782,6.272330379614252
M00547_P00786,5.38808056825426
M00547_P00788,0.0
M00547_P00797,0.0
M00547_P00803,0.0
M00548_P00391,0.0
M00548_P00399,0.0
M00548_P00410,0.0
M00548_P00416,0.0
M00548_P00732,0.0
M00548_P00738,0.0
M00548_P00742,0.0
M00548_P00744,6.488467635350623
M00548_P00747,6.581670021020495
M00548_P00753,4.789293978792753
M00549_P00079,6.975488454867553
M00549_P00082,6.293483351201859
M00549_P00087,5.4912430613194125
M00549_P00097,0.0
M00549_P00102,0.0
M00549_P00515,5.681207390932179
M00550_P00266,6.186139682758264
M00550_P00271,0.0
M00550_P00278,6.542625326334825
M00550_P00286,5.104116822753093
M00550_P00391,0.0
M00550_P00399,6.670684545341853
M00550_P00410,7.18416782597364
M00550_P00416,6.791126019594856
M00551_P00266,0.0
M00551_P00271,7.142086583837812
M00551_P00278,7.266799459151556
M00551_P00286,0.0
M00551_P00313,0.0
M00551_P00324,5.475872749797027
M00551_P00329,0.0
M00551_P00333,6.853811598672346
M00551_P00334,6.47758495102576
M00552_P00515,0.0
M00552_P00807,0.0
M00552_P00812,0.0
M00552_P00819,0.0
M00552_P00826,6.15605757682593
M00552_P00827,6.96375438406439
M00553_P00136,0.0
M00553_P00141,7.262638179359757
M00553_P00148,6.563617545299632
M00553_P00156,0.0
M00553_P00678,5.991122473050314
M00553_P00679,0.0
M00553_P00680,6.239764729496021
M00553_P00681,0.0
M00553_P00683,6.197781577725808
M00553_P00694,7.993767200929446
M00554_P00345,5.594241079916199
M00554_P00347,0.0
M00554_P00351,7.31791315057862
M00554_P00353,6.25925548019089
M00554_P00359,0.0
M00554_P00362,0.0
M00554_P00391,0.0
M00554_P00399,0.0
M00554_P00410,0.0
M00554_P00416,6.516621680599421
M00555_P00079,0.0
M00555_P00082,0.0
M00555_P00087,0.0
M00555_P00097,0.0
M00555_P00102,6.047262400683985
M00555_P00108,5.561676287469777
M00555_P00110,6.199083372515038
M00555_P00114,0.0
M00555_P00124,0.0
M00555_P00129,0.0
M00556_P00991,0.0
M00556_P00993,0.0
M00556_P00997,0.0
M00556_P01000,0.0
M00556_P01010,7.196154815827403
M00556_P01099,5.947809509835055
M00556_P01107,6.310855026345674
M00556_P01108,0.0
M00556_P01109,0.0
M00556_P01114,0.0
M00556_P01118,6.884166061296885
M00557_P00478,0.0
M00557_P00479,6.37018718055406
M00557_P00486,5.836172931473897
M00557_P00491,4.715522482948596
M00557_P00922,5.7383048298242265
M00557_P00927,4.949997093818113
M00557_P00931,6.009813565695216
M00557_P00935,7.408629133681889
M00558_P00209,0.0
M00558_P00210,6.5868584938459875
M00558_P00211,0.0
M00558_P00219,0.0
M00558_P00221,0.0
M00558_P00222,5.401789892873572
M00558_P00232,6.6439029540979515
M00558_P00234,7.715318045530103
M00558_P00705,0.0
M00558_P00707,6.460087566504072
M00558_P00716,0.0
M00558_P00718,6.156367138479637
M00558_P00724,0.0
M00558_P00728,5.534669940443831
M00559_P00611,5.201231958944829
M00559_P00618,6.534988947751386
M00559_P00619,0.0
M00559_P00622,0.0
M00559_P00655,6.883373093339181
M00559_P00662,5.794955551528092
M00559_P00666,6.18515587958921
M00559_P00668,5.956426165321023
M00559_P00669,5.899603850840133
M00559_P00673,0.0
M00559_P00674,0.0
M00560_P00079,0.0
M00560_P00082,7.2311157180630925
M00560_P00087,0.0
M00560_P00097,6.3528419516773
M00560_P00102,0.0
M00560_P00965,6.417509500415024
M00560_P00966,5.597745406980923
M00560_P00975,7.001084259944939
M00560_P00978,0.0
M00560_P00980,0.0
M00560_P00986,0.0
M00561_P00611,5.447922351786067
M00561_P00618,5.339549565007742
M00561_P00619,5.838191619766609
M00561_P00622,6.791291694470934
M00561_P00940,6.0877816579628465
M00561_P00948,7.183491612807356
M00561_P00950,0.0
M00561_P00951,5.487784307687895
M00561_P00959,0.0
M00561_P00962,0.0
M00562_P00625,0.0
M00562_P00630,0.0
M00562_P00632,7.035997974173156
M00562_P00635,0.0
M00562_P00644,5.167702626858565
M00562_P00645,8.351324052687685
M00562_P00650,6.175122029848231
M00562_P00863,0.0
M00562_P00880,0.0
M00562_P00882,6.589340891157055
M00563_P01020,6.822991369418656
M00563_P01034,0.0
M00563_P01037,5.188432166991634
M00563_P01038,5.330922330264867
M00563_P01146,7.7360780142642795
M00563_P01157,5.510973910661479
M00563_P01166,6.074548548709858
M00563_P01169,4.759958659187137
M00564_P00157,0.0
M00564_P00159,6.069621998951862
M00564_P00164,0.0
M00564_P00169,7.050314620139542
M00564_P00171,5.551176854339885
M00564_P00175,7.329759787195825
M00564_P00209,6.18011463675028
M00564_P00210,0.0
M00564_P00211,0.0
M00564_P00219,0.0
M00564_P00221,6.320159481264738
M00564_P00222,6.944361594259812
M00564_P00232,5.74654171889071
M00564_P00234,0.0
M00565_P00549,6.769528194711948
M00565_P00552,0.0
M00565_P00554,6.54485563467521
M00565_P00561,0.0
M00565_P00562,5.599879511170975
M00565_P00568,0.0
M00565_P00940,5.710964102476811
M00565_P00948,0.0
M00565_P00950,6.06860034100193
M00565_P00951,0.0
M00565_P00959,5.712769979643997
M00565_P00962,7.396770652421401
M00566_P00313,0.0
M00566_P00324,6.0965497473074794
M00566_P00329,6.726634444410159
M00566_P00333,6.122321128220939
M00566_P00334,0.0
M00566_P01020,6.957159397995678
M00566_P01034,0.0
M00566_P01037,6.318826787708185
M00566_P01038,0.0
M00567_P00055,0.0
M00567_P00057,5.8586789805497705
M00567_P00059,6.784806826158383
M00567_P00064,6.596572185305689
M00567_P00066,0.0
M00567_P00071,6.837627453550032
M00567_P00077,6.668581093323015
M00567_P00835,0.0
M00567_P00840,7.122637863117671
M00567_P00844,4.939209467421737
M00567_P00847,6.062761298570169
M00567_P00848,0.0
M00567_P00856,0.0
M00568_P00209,5.7853195778958755
M00568_P00210,0.0
M00568_P00211,0.0
M00568_P00219,5.042333377566164
M00568_P00221,6.793523955480611
M00568_P00222,0.0
M00568_P00232,5.435368320268758
M00568_P00234,0.0
M00568_P01201,0.0
M00568_P01209,5.5322118333642765
M00568_P01210,0.0
M00568_P01211,0.0
M00568_P01214,5.751377616084619
M00569_P00761,0.0
M00569_P00772,4.707768389914302
M00569_P00863,0.0
M00569_P00880,0.0
M00569_P00882,0.0
M00570_P00529,5.407243137279479
M00570_P00535,5.688380162999394
M00570_P00536,0.0
M00570_P00542,4.8235573246332395
M00570_P00543,5.6627244009440405
M00570_P01041,0.0
M00570_P01042,0.0
M00570_P01048,5.375214994218577
M00570_P01049,7.51236393912444
M00570_P01051,6.264123679618022
M00570_P01055,0.0
M00570_P01063,6.824685377690511
M00570_P01064,0.0
M00571_P00655,5.926620945863817
M00571_P00662,0.0
M00571_P00666,0.0
M00571_P00668,6.554356732935395
M00571_P00669,6.14396661249025
M00571_P00673,6.428805309987479
M00571_P00674,0.0
M00571_P01041,5.768054648965644
M00571_P01042,0.0
M00571_P01048,0.0
M00571_P01049,7.21990472946156
M00571_P01051,0.0
M00571_P01055,6.3064899790274564
M00571_P01063,6.130996477392654
M00571_P01064,5.76523238057977
M00572_P00549,0.0
M00572_P00552,4.629609226134405
M00572_P00554,0.0
M00572_P00561,0.0
M00572_P00562,0.0
M00572_P00568,0.0
M00572_P00965,6.462527662641317
M00572_P00966,5.279899921761799
M00572_P00975,6.516971951119401
M00572_P00978,6.789669510509694
M00572_P00980,7.593409695583525
M00572_P00986,6.181853626263561
M00573_P00940,5.98546435682705
M00573_P00948,6.474627305225011
M00573_P00950,5.585120141164154
M00573_P00951,7.231767785787113
M00573_P00959,5.882890118525067
M00573_P00962,7.5113893809220205
M00573_P01177,5.787494549507106
M00573_P01182,5.639611920664853
M00573_P01184,6.369046663968925
M00573_P01193,0.0
M00573_P01196,0.0
M00574_P00032,0.0
M00574_P00044,6.774467137939336
M00574_P00045,0.0
M00574_P00050,6.491349623435156
M00574_P00052,6.643782413234594
M00574_P00625,0.0
M00574_P00630,5.630382422541165
M00574_P00632,6.766861340885219
M00574_P00635,0.0
M00574_P00644,5.612571729909189
M00574_P00645,0.0
M00574_P00650,0.0
M00575_P00678,5.543059313482103
M00575_P00679,0.0
M00575_P00680,0.0
M00575_P00681,5.946392540516947
M00575_P00683,6.463464728126644
M00575_P00694,7.106076507759197
M00575_P00991,6.56911332673382
M00575_P00993,5.877010849214534
M00575_P00997,4.719889788571473
M00575_P01000,0.0
M00575_P01010,6.686272139392326
M00576_P00782,0.0
M00576_P00786,0.0
M00576_P00788,7.259109748738934
M00576_P00797,7.0753252962015845
M00576_P00803,6.127264393192521
M00576_P00991,0.0
M00576_P00993,4.405729310605039
M00576_P00997,5.503675573562657
M00576_P01000,0.0
M00576_P01010,0.0
M00577_P00079,7.517820590082745
M00577_P00082,0.0
M00577_P00087,6.331373559749001
M00577_P00097,6.465170130135275
M00577_P00102,5.542920699503263
M00577_P01201,0.0
M00577_P01209,6.124123133107756
M00577_P01210,6.151219892760373
M00577_P01211,7.606849217124394
M00577_P01214,6.474247426403043
M00578_P00266,0.0
M00578_P00271,0.0
M00578_P00278,8.173014964907715
M00578_P00286,7.057847815171923
M00578_P00888,6.053667014574248
M00578_P00889,0.0
M00578_P00893,6.556614872421306
M00578_P00894,0.0
M00578_P00895,6.702990048446158
M00578_P00901,6.368430675905913
M00578_P00909,0.0
M00579_P00241,5.349950347551649
M00579_P00244,5.345474622385146
M00579_P00245,6.273232514419642
M00579_P00248,5.278627967225399
M00579_P00255,6.969575250810508
M00579_P00260,7.69427865610032
M00579_P01146,6.777336828836425
M00579_P01157,6.085533103558487
M00579_P01166,5.913495611990699
M00579_P01169,0.0
M00580_P00940,6.185207162549876
M00580_P00948,0.0
M00580_P00950,5.5846053135623706
M00580_P00951,6.830324652868632
M00580_P00959,0.0
M00580_P00962,0.0
M00580_P01177,0.0
M00580_P01182,6.807655727708813
M00580_P01184,0.0
M00580_P01193,6.0353541621371205
M00580_P01196,6.116976668755976
M00581_P00032,6.8695047812278505
M00581_P00044,6.2071953493507905
M00581_P00045,5.707924876232551
M00581_P00050,5.956438272498807
M00581_P00052,6.5827020465524635
M00581_P00761,0.0
M00581_P00772,5.609010318677019
M00582_P00241,0.0
M00582_P00244,6.39699990620114
M00582_P00245,6.312455756284344
M00582_P00248,6.106822171753433
M00582_P00255,0.0
M00582_P00260,7.217675374128258
M00582_P00705,0.0
M00582_P00707,6.153740603890579
M00582_P00716,7.059318472523796
M00582_P00718,0.0
M00582_P00724,5.711080766364869
M00582_P00728,0.0
M00583_P00678,6.362097198512752
M00583_P00679,0.0
M00583_P00680,0.0
M00583_P00681,6.15800534322434
M00583_P00683,5.883623556620143
M00583_P00694,6.380376090532831
M00583_P00863,0.0
M00583_P00880,0.0
M00583_P00882,7.416931519655945
M00584_P01201,5.356326123995041
M00584_P01209,5.276174610882617
M00584_P01210,0.0
M00584_P01211,6.907971583378884
M00584_P01214,6.451420026535087
M00584_P01223,0.0
M00584_P01234,6.471895077237569
M00584_P01236,0.0
M00584_P01241,5.776358041141151
M00584_P01242,5.2215746453670535
M00585_P00345,0.0
M00585_P00347,7.142490411155152
M00585_P00351,5.736372116419688
M00585_P00353,4.8654043339054445
M00585_P00359,0.0
M00585_P00362,5.824827473890632
M00585_P00863,6.101506004691922
M00585_P00880,6.679428118985021
M00585_P00882,6.879819384667814
M00586_P00782,0.0
M00586_P00786,5.53783240836388
M00586_P00788,0.0
M00586_P00797,0.0
M00586_P00803,0.0
M00586_P01099,6.984267266275159
M00586_P01107,4.722700558821425
M00586_P01108,7.2809124344271146
M00586_P01109,6.9897900898594445
M00586_P01114,6.797181392426939
M00586_P01118,6.953291078194853
M00587_P00287,6.000572967751973
M00587_P00290,0.0
M00587_P00291,6.6793366558924285
M00587_P00295,0.0
M00587_P00297,0.0
M00587_P00298,0.0
M00587_P00299,0.0
M00587_P00304,5.723169812396482
M00587_P00307,6.318417349460817
M00587_P00309,6.408875941459467
M00587_P00310,6.52870329628586
M00587_P00529,0.0
M00587_P00535,5.962886279820388
M00587_P00536,6.7352112540830165
M00587_P00542,5.777138811155095
M00587_P00543,0.0
M00588_P00574,0.0
M00588_P00579,6.799773228290445
M00588_P00582,0.0
M00588_P00584,0.0
M00588_P00586,0.0
M00588_P00590,6.534361896424355
M00588_P00888,0.0
M00588_P00889,6.064926409941782
M00588_P00893,6.161053270451529
M00588_P00894,0.0
M00588_P00895,0.0
M00588_P00901,7.251263466758134
M00588_P00909,0.0
M00589_P00782,0.0
M00589_P00786,5.737689139079647
M00589_P00788,6.436213851856235
M00589_P00797,6.748335264900229
M00589_P00803,4.603869574181123
M00589_P01020,6.875389740712349
M00589_P01034,5.65580531884232
M00589_P01037,6.619648350930052
M00589_P01038,0.0
M00590_P00443,0.0
M00590_P00448,7.288346527036913
M00590_P00452,0.0
M00590_P00462,5.738570393528306
M00590_P00463,6.444538015372626
M00590_P00465,7.3124653696501385
M00590_P00468,6.4458126790651225
M00590_P00940,0.0
M00590_P00948,0.0
M00590_P00950,6.004732512489636
M00590_P00951,5.592152139415413
M00590_P00959,6.538268729790021
M00590_P00962,7.186108341483815
M00591_P00478,6.720515503784374
M00591_P00479,0.0
M00591_P00486,5.392301018812167
M00591_P00491,5.826279387840495
M00591_P00515,6.167486879801056
M00592_P01146,7.287438794996027
M00592_P01157,5.661085596528846
M00592_P01166,6.398949452691899
M00592_P01169,5.716533073051925
M00592_P01201,6.3656045479427465
M00592_P01209,5.270772463245904
M00592_P01210,0.0
M00592_P01211,0.0
M00592_P01214,5.620003518716515
M00593_P00574,5.934086607804716
M00593_P00579,5.04311337040855
M00593_P00582,0.0
M00593_P00584,0.0
M00593_P00586,5.656368900481729
M00593_P00590,0.0
M00593_P00782,0.0
M00593_P00786,4.899490513577816
M00593_P00788,5.559047606474574
M00593_P00797,0.0
M00593_P00803,5.924394242647054
M00594_P00185,5.461189627420207
M00594_P00193,6.038930893995456
M00594_P00197,5.934198878574462
M00594_P00199,5.920970864065686
M00594_P00200,6.822139709524468
M00594_P00478,0.0
M00594_P00479,6.040093009899842
M00594_P00486,5.314237081045315
M00594_P00491,0.0
M00595_P00574,0.0
M00595_P00579,0.0
M00595_P00582,5.900627670564731
M00595_P00584,5.655791841518446
M00595_P00586,5.406708268817171
M00595_P00590,0.0
M00595_P00655,0.0
M00595_P00662,7.003754182444919
M00595_P00666,5.503831900530688
M00595_P00668,0.0
M00595_P00669,6.728494721813641
M00595_P00673,5.720717083585971
M00595_P00674,5.304612338118128
M00596_P00055,6.548415750794902
M00596_P00057,6.201816060812987
M00596_P00059,6.2367180631595005
M00596_P00064,0.0
M00596_P00066,7.2819365930314675
M00596_P00071,6.786980829363758
M00596_P00077,6.604135497623977
M00596_P00478,0.0
M00596_P00479,0.0
M00596_P00486,0.0
M00596_P00491,0.0
M00597_P00574,0.0
M00597_P00579,6.51474467648121
M00597_P00582,0.0
M00597_P00584,5.71036743787741
M00597_P00586,5.876538528523824
M00597_P00590,6.141563211064837
M00597_P00761,0.0
M00597_P00772,0.0
M00598_P00782,0.0
M00598_P00786,0.0
M00598_P00788,7.613500408663126
M00598_P00797,0.0
M00598_P00803,5.985618114972947
M00598_P01223,6.996592310990013
M00598_P01234,0.0
M00598_P01236,6.1797387398581884
M00598_P01241,6.694997466411269
M00598_P01242,0.0
M00599_P00443,0.0
M00599_P00448,4.8095011799869996
M00599_P00452,5.9942311043023695
M00599_P00462,0.0
M00599_P00463,6.719527140379803
M00599_P00465,0.0
M00599_P00468,5.9439317313586075
M00599_P00888,6.64588099596282
M00599_P00889,5.230636209552528
M00599_P00893,6.2525221600536165
M00599_P00894,5.6446484047191126
M00599_P00895,6.549751969840238
M00599_P00901,0.0
M00599_P00909,7.73070376803904
M00600_P00157,0.0
M00600_P00159,0.0
M00600_P00164,5.590711166386886
M00600_P00169,0.0
M00600_P00171,6.426527515246611
M00600_P00175,6.121301265065296
M00600_P00209,4.702676956933346
M00600_P00210,0.0
M00600_P00211,0.0
M00600_P00219,6.384554534230811
M00600_P00221,6.8746197251834555
M00600_P00222,0.0
M00600_P00232,5.4301093904111
M00600_P00234,7.755598271916603
M00601_P00079,0.0
M00601_P00082,6.20118696630801
M00601_P00087,0.0
M00601_P00097,0.0
M00601_P00102,5.543436596566427
M00601_P00391,0.0
M00601_P00399,6.35600784946952
M00601_P00410,7.1170963887742
M00601_P00416,6.556042362736748
M00602_P00368,5.8210429885081245
M00602_P00372,0.0
M00602_P00378,5.948858889936174
M00602_P00382,0.0
M00602_P00383,5.492631783303784
M00602_P01041,6.660374011672509
M00602_P01042,0.0
M00602_P01048,6.0092391246817645
M00602_P01049,0.0
M00602_P01051,6.04980345011229
M00602_P01055,0.0
M00602_P01063,5.330108017133507
M00602_P01064,0.0
M00603_P00549,5.789839358154177
M00603_P00552,6.171771205046449
M00603_P00554,0.0
M00603_P00561,8.278207085660096
M00603_P00562,5.541620646917617
M00603_P00568,0.0
M00603_P00678,0.0
M00603_P00679,6.882242870520887
M00603_P00680,4.571872744029969
M00603_P00681,6.6554302936200305
M00603_P00683,0.0
M00603_P00694,0.0
M00604_P00157,5.299483937213175
M00604_P00159,0.0
M00604_P00164,6.53880353085654
M00604_P00169,6.182509529497644
M00604_P00171,5.616206389162263
M00604_P00175,6.118476715161331
M00604_P01146,0.0
M00604_P01157,5.631791451998507
M00604_P01166,6.977384443083292
M00604_P01169,0.0
M00605_P00011,0.0
M00605_P00024,5.709983836833001
M00605_P00940,0.0
M00605_P00948,6.472691929243246
M00605_P00950,7.13056736488777
M00605_P00951,6.631834945247388
M00605_P00959,0.0
M00605_P00962,7.325764755171002
M00606_P00782,5.600347746084532
M00606_P00786,0.0
M00606_P00788,7.0489619566571795
M00606_P00797,6.1649526754064174
M00606_P00803,5.739813957409891
M00606_P01070,5.6333466302295845
M00606_P01074,5.944161488044576
M00606_P01082,0.0
M00607_P00478,6.147722441857624
M00607_P00479,0.0
M00607_P00486,6.2467295480863125
M00607_P00491,0.0
M00607_P00549,0.0
M00607_P00552,6.199694198501674
M00607_P00554,6.265878314025212
M00607_P00561,6.9278113475449326
M00607_P00562,0.0
M00607_P00568,0.0
M00608_P00136,0.0
M00608_P00141,6.824167515228249
M00608_P00148,5.6592823823694625
M00608_P00156,0.0
M00608_P01099,6.927236419772963
M00608_P01107,5.642053377864437
M00608_P01108,0.0
M00608_P01109,6.1613989322188525
M00608_P01114,5.26109459208068
M00608_P01118,6.550545223779511
M00609_P00888,5.9892995147141725
M00609_P00889,0.0
M00609_P00893,5.6239043275596625
M00609_P00894,0.0
M00609_P00895,6.949458331497476
M00609_P00901,0.0
M00609_P00909,7.246124389949701
M00609_P01223,0.0
M00609_P01234,7.23800588843825
M00609_P01236,6.022154809885149
M00609_P01241,6.804859726500428
M00609_P01242,6.42604592548244
M00610_P00287,0.0
M00610_P00290,6.661900676347567
M00610_P00291,0.0
M00610_P00295,7.772287647453191
M00610_P00297,6.369905390665171
M00610_P00298,0.0
M00610_P00299,6.2612819162872375
M00610_P00304,6.973568738476402
M00610_P00307,6.05202963490025
M00610_P00309,5.512697732056044
M00610_P00310,0.0
M00610_P00678,6.063113802936198
M00610_P00679,0.0
M00610_P00680,7.376605644275759
M00610_P00681,0.0
M00610_P00683,0.0
M00610_P00694,0.0
M00611_P00287,0.0
M00611_P00290,5.780771607507912
M00611_P00291,6.242914014292372
M00611_P00295,0.0
M00611_P00297,0.0
M00611_P00298,0.0
M00611_P00299,0.0
M00611_P00304,5.562246142491838
M00611_P00307,7.04473845855425
M00611_P00309,6.679921105941792
M00611_P00310,5.715552234873501
M00611_P00807,0.0
M00611_P00812,7.782306124916464
M00611_P00819,5.722402411838677
M00611_P00826,0.0
M00611_P00827,6.391263632098462
M00612_P00011,0.0
M00612_P00024,6.257581801406035
M00612_P00055,0.0
M00612_P00057,6.405730056757384
M00612_P00059,7.018142245011389
M00612_P00064,5.751243304020034
M00612_P00066,7.719866598868291
M00612_P00071,0.0
M00612_P00077,6.672507025292199
M00613_P00478,0.0
M00613_P00479,0.0
M00613_P00486,5.910588561454276
M00613_P00491,5.725627205604292
M00613_P00549,0.0
M00613_P00552,0.0
M00613_P00554,0.0
M00613_P00561,7.0388841365314185
M00613_P00562,0.0
M00613_P00568,7.049123862734382
M00614_P00209,0.0
M00614_P00210,0.0
M00614_P00211,6.363012473365888
M00614_P00219,5.82817461094697
M00614_P00221,0.0
M00614_P00222,6.341915043080722
M00614_P00232,0.0
M00614_P00234,6.7751292541270915
M00614_P00863,5.7396631018521775
M00614_P00880,6.5495064702025685
M00614_P00882,0.0
M00615_P00185,0.0
M00615_P00193,5.97058842699959
M00615_P00197,0.0
M00615_P00199,5.839093437215194
M00615_P00200,6.78934644576008
M00615_P00313,0.0
M00615_P00324,0.0
M00615_P00329,5.565752351627849
M00615_P00333,6.224377550247783
M00615_P00334,6.362706239226362
M00616_P00761,6.191767497459068
M00616_P00772,6.279650421019261
M00616_P01201,0.0
M00616_P01209,0.0
M00616_P01210,5.945287754312464
M00616_P01211,6.342616498590497
M00616_P01214,0.0
M00617_P00287,0.0
M00617_P00290,5.499464594377642
M00617_P00291,0.0
M00617_P00295,6.442161129577964
M00617_P00297,5.4593226801194685
M00617_P00298,6.543991311597395
M00617_P00299,0.0
M00617_P00304,5.271886405657907
M00617_P00307,0.0
M00617_P00309,7.098103408035653
M00617_P00310,0.0
M00617_P01177,0.0
M00617_P01182,5.818258940182244
M00617_P01184,0.0
M00617_P01193,0.0
M00617_P01196,5.9400247841558524
M00618_P00478,6.351185334822298
M00618_P00479,6.813113706718438
M00618_P00486,0.0
M00618_P00491,6.019665850187489
M00618_P00965,6.306719517709117
M00618_P00966,0.0
M00618_P00975,7.159902582644529
M00618_P00978,0.0
M00618_P00980,0.0
M00618_P00986,7.934627833131928
M00619_P00287,0.0
M00619_P00290,6.013237814306811
M00619_P00291,0.0
M00619_P00295,0.0
M00619_P00297,0.0
M00619_P00298,6.460015776694264
M00619_P00299,0.0
M00619_P00304,0.0
M00619_P00307,5.755201049061884
M00619_P00309,6.349364772614922
M00619_P00310,0.0
M00619_P01041,0.0
M00619_P01042,0.0
M00619_P01048,0.0
M00619_P01049,0.0
M00619_P01051,0.0
M00619_P01055,5.835861408734437
M00619_P01063,0.0
M00619_P01064,5.85110552198554
M00620_P00705,5.726534607028349
M00620_P00707,6.334060198393769
M00620_P00716,6.3790602005986194
M00620_P00718,0.0
M00620_P00724,5.657887242863857
M00620_P00728,0.0
M00620_P00863,0.0
M00620_P00880,0.0
M00620_P00882,0.0
M00621_P00655,6.364481132660944
M00621_P00662,0.0
M00621_P00666,5.731045121348927
M00621_P00668,0.0
M00621_P00669,5.880344996238111
M00621_P00673,5.48980955004409
M00621_P00674,0.0
M00621_P01120,5.914604157649904
M00622_P00209,0.0
M00622_P00210,7.091722811192832
M00622_P00211,0.0
M00622_P00219,5.566383689293597
M00622_P00221,5.521480595772734
M00622_P00222,0.0
M00622_P00232,6.457407412245281
M00622_P00234,0.0
M00622_P00807,0.0
M00622_P00812,0.0
M00622_P00819,6.053158888072386
M00622_P00826,5.992300006288135
M00622_P00827,7.816500096380583
M00623_P00011,0.0
M00623_P00024,6.723402740804333
M00623_P00443,0.0
M00623_P00448,5.505239438274424
M00623_P00452,0.0
M00623_P00462,0.0
M00623_P00463,6.700901352906619
M00623_P00465,6.0400608582313104
M00623_P00468,0.0
M00624_P00443,5.564230037120619
M00624_P00448,0.0
M00624_P00452,0.0
M00624_P00462,5.901993005378894
M00624_P00463,5.415477156696149
M00624_P00465,0.0
M00624_P00468,6.2482738570609095
M00624_P00732,0.0
M00624_P00738,6.7262067923918565
M00624_P00742,5.559504922485259
M00624_P00744,6.3252262531797445
M00624_P00747,0.0
M00624_P00753,0.0
M00625_P00965,0.0
M00625_P00966,0.0
M00625_P00975,5.821309900424537
M00625_P00978,0.0
M00625_P00980,0.0
M00625_P00986,6.628842638025991
M00625_P01223,0.0
M00625_P01234,6.828374148867739
M00625_P01236,4.843715375158564
M00625_P01241,0.0
M00625_P01242,5.142185079585938
M00626_P00423,6.911513215048649
M00626_P00424,5.9327550592644895
M00626_P00425,7.491142603283466
M00626_P00426,0.0
M00626_P00431,6.564953777721302
M00626_P00436,6.167558793402637
M00626_P00440,0.0
M00626_P01099,6.932675734785829
M00626_P01107,0.0
M00626_P01108,6.9279166385370505
M00626_P01109,6.86608833440499
M00626_P01114,6.591026420337805
M00626_P01118,0.0
M00627_P00079,7.476080860301813
M00627_P00082,6.484483946856741
M00627_P00087,7.052100077485185
M00627_P00097,5.9734016870972555
M00627_P00102,0.0
M00627_P01120,5.845185446752427
M00628_P00266,0.0
M00628_P00271,7.069848449908748
M00628_P00278,7.765283450003561
M00628_P00286,6.706048790157898
M00628_P00515,0.0
M00629_P00185,5.7324797378228265
M00629_P00193,6.8081447875234975
M00629_P00197,6.962305838045392
M00629_P00199,0.0
M00629_P00200,0.0
M00629_P01146,0.0
M00629_P01157,0.0
M00629_P01166,5.402902800790312
M00629_P01169,6.0858162662840325
M00630_P00611,0.0
M00630_P00618,5.962484467304527
M00630_P00619,6.361796472445641
M00630_P00622,5.384216278856234
M00630_P01041,5.957171165653466
M00630_P01042,0.0
M00630_P01048,5.965766947094234
M00630_P01049,0.0
M00630_P01051,6.992674207739447
M00630_P01055,6.572365468844624
M00630_P01063,6.350705469711104
M00630_P01064,0.0
M00631_P00209,0.0
M00631_P00210,7.936388778121088
M00631_P00211,0.0
M00631_P00219,0.0
M00631_P00221,5.771062336773695
M00631_P00222,7.009973861377912
M00631_P00232,0.0
M00631_P00234,6.992209253518216
M00631_P00807,0.0
M00631_P00812,6.733750110286651
M00631_P00819,0.0
M00631_P00826,0.0
M00631_P00827,6.25335170129744
M00632_P00991,7.692908131958755
M00632_P00993,5.611572450535001
M00632_P00997,5.66986985272125
M00632_P01000,0.0
M00632_P01010,6.596249899197415
M00632_P01223,0.0
M00632_P01234,0.0
M00632_P01236,5.75815566574668
M00632_P01241,5.680345673878847
M00632_P01242,0.0
M00633_P00922,6.025954786161923
M00633_P00927,0.0
M00633_P00931,5.870357900078188
M00633_P00935,7.928321856376695
M00633_P01146,0.0
M00633_P01157,0.0
M00633_P01166,0.0
M00633_P01169,0.0
M00634_P00391,0.0
M00634_P00399,7.384874674121107
M00634_P00410,0.0
M00634_P00416,7.3689623079771485
M00634_P01146,6.912840896093987
M00634_P01157,6.546108285768349
M00634_P01166,5.022243446960349
M00634_P01169,0.0
M00635_P00732,0.0
M00635_P00738,0.0
M00635_P00742,5.29177755314618
M00635_P00744,5.944997503479658
M00635_P00747,5.926811187458724
M00635_P00753,5.947744287580182
M00635_P00863,5.434532400232111
M00635_P00880,0.0
M00635_P00882,0.0
M00636_P00108,0.0
M00636_P00110,6.774868237976352
M00636_P00114,6.647323987266818
M00636_P00124,5.501163538261465
M00636_P00129,5.651962391676448
M00636_P00965,0.0
M00636_P00966,0.0
M00636_P00975,6.734509060249359
M00636_P00978,5.89915153595011
M00636_P00980,7.3245993636025
M00636_P00986,0.0
M00637_P00835,6.264146125599579
M00637_P00840,5.722883998056533
M00637_P00844,6.105575395301162
M00637_P00847,0.0
M00637_P00848,5.750884437772432
M00637_P00856,6.627699711131923
M00637_P00922,6.0625617955013595
M00637_P00927,0.0
M00637_P00931,0.0
M00637_P00935,6.904161562034578
M00638_P00266,6.650831615786297
M00638_P00271,6.595955048131409
M00638_P00278,7.048662055911921
M00638_P00286,6.281793813912301
M00638_P00549,0.0
M00638_P00552,5.953319282237492
M00638_P00554,0.0
M00638_P00561,7.1993549917695585
M00638_P00562,0.0
M00638_P00568,6.732805927010513
M00639_P00185,0.0
M00639_P00193,0.0
M00639_P00197,6.125647336059521
M00639_P00199,6.5807854648143165
M00639_P00200,0.0
M00639_P01146,0.0
M00639_P01157,5.480457844748054
M00639_P01166,0.0
M00639_P01169,6.718486831935944
M00640_P00136,6.97311404130986
M00640_P00141,7.938901735159773
M00640_P00148,0.0
M00640_P00156,5.843388359670761
M00640_P00863,6.328222636501982
M00640_P00880,0.0
M00640_P00882,6.440185922872756
M00641_P00209,5.716702523042269
M00641_P00210,0.0
M00641_P00211,0.0
M00641_P00219,0.0
M00641_P00221,6.123345203804418
M00641_P00222,5.381012435196372
M00641_P00232,0.0
M00641_P00234,8.24010928036437
M00641_P00761,0.0
M00641_P00772,5.098652589603627
M00642_P00761,6.28629910865931
M00642_P00772,5.768238739008356
M00642_P00965,6.901360029862953
M00642_P00966,0.0
M00642_P00975,0.0
M00642_P00978,5.8208388691371145
M00642_P00980,0.0
M00642_P00986,8.056311914073733
M00643_P00515,0.0
M00643_P01120,0.0
M00644_P00423,6.273130172248521
M00644_P00424,6.000617682690264
M00644_P00425,6.33338911981431
M00644_P00426,0.0
M00644_P00431,0.0
M00644_P00436,0.0
M00644_P00440,5.875660695861419
M00644_P00655,5.3193477077636055
M00644_P00662,6.097262267008434
M00644_P00666,6.237035529892241
M00644_P00668,5.211640802712785
M00644_P00669,0.0
M00644_P00673,7.026110902063943
M00644_P00674,0.0
M00645_P00108,0.0
M00645_P00110,5.788836773082187
M00645_P00114,7.021211957109422
M00645_P00124,0.0
M00645_P00129,0.0
M00645_P00965,6.045058843265258
M00645_P00966,0.0
M00645_P00975,6.97314152406301
M00645_P00978,6.913528073703409
M00645_P00980,0.0
M00645_P00986,6.710343641310048
M00646_P00574,0.0
M00646_P00579,0.0
M00646_P00582,0.0
M00646_P00584,0.0
M00646_P00586,5.465119417527454
M00646_P00590,7.3882664639640385
M00646_P01177,0.0
M00646_P01182,0.0
M00646_P01184,6.2836694746504635
M00646_P01193,5.7711301121809315
M00646_P01196,0.0
M00647_P00108,0.0
M00647_P00110,0.0
M00647_P00114,0.0
M00647_P00124,6.474379992952065
M00647_P00129,6.5084390903604925
M00647_P00807,0.0
M00647_P00812,0.0
M00647_P00819,0.0
M00647_P00826,5.952438935748955
M00647_P00827,6.2419035987739955
M00648_P00287,5.63055154632823
M00648_P00290,5.718199626202254
M00648_P00291,6.455633044136327
M00648_P00295,0.0
M00648_P00297,0.0
M00648_P00298,0.0
M00648_P00299,0.0
M00648_P00304,6.318686570779261
M00648_P00307,6.544727213248645
M00648_P00309,7.205966700424683
M00648_P00310,6.840768440602182
M00648_P00678,0.0
M00648_P00679,7.588631035636097
M00648_P00680,5.488887024146073
M00648_P00681,4.997247323869027
M00648_P00683,5.438189889502201
M00648_P00694,6.006639109024648
M00649_P01070,6.035650165925095
M00649_P01074,6.543113657230069
M00649_P01082,6.171874761784908
M00649_P01223,5.359590153973235
M00649_P01234,6.4605878479106815
M00649_P01236,6.220498180552732
M00649_P01241,6.20900385117342
M00649_P01242,6.055517231050151
M00650_P00611,0.0
M00650_P00618,6.7917655438454965
M00650_P00619,0.0
M00650_P00622,0.0
M00650_P00655,0.0
M00650_P00662,0.0
M00650_P00666,6.603300080807626
M00650_P00668,5.728579690702176
M00650_P00669,6.544918888682863
M00650_P00673,6.561795454428534
M00650_P00674,5.157924963361507
M00651_P00136,7.284399487029866
M00651_P00141,0.0
M00651_P00148,0.0
M00651_P00156,0.0
M00651_P00625,0.0
M00651_P00630,0.0
M00651_P00632,6.917848830111145
M00651_P00635,6.8677857440020516
M00651_P00644,6.069607520719394
M00651_P00645,6.73423900658842
M00651_P00650,0.0
M00652_P00574,0.0
M00652_P00579,6.3145690468733795
M00652_P00582,6.335790182035656
M00652_P00584,0.0
M00652_P00586,5.756501527002963
M00652_P00590,0.0
M00652_P01070,0.0
M00652_P01074,5.418012861210263
M00652_P01082,0.0
M00653_P00655,6.0708547631873975
M00653_P00662,6.642318518730752
M00653_P00666,0.0
M00653_P00668,6.171417412701545
M00653_P00669,0.0
M00653_P00673,6.061269229662515
M00653_P00674,6.166633999338756
M00653_P00888,6.00399081792483
M00653_P00889,6.417201149703359
M00653_P00893,6.575605638674434
M00653_P00894,0.0
M00653_P00895,0.0
M00653_P00901,0.0
M00653_P00909,0.0
M00654_P00368,0.0
M00654_P00372,7.049661183301924
M00654_P00378,7.089357719573813
M00654_P00382,6.431200200239215
M00654_P00383,6.215072805405003
M00654_P01201,0.0
M00654_P01209,5.394018762002638
M00654_P01210,6.7507222034998495
M00654_P01211,6.55888247817346
M00654_P01214,6.296212986738841
M00655_P00515,0.0
M00655_P00782,0.0
M00655_P00786,0.0
M00655_P00788,0.0
M00655_P00797,0.0
M00655_P00803,5.9498988902845475
M00656_P00625,5.598863472021308
M00656_P00630,0.0
M00656_P00632,5.7542731843012405
M00656_P00635,6.408068459757446
M00656_P00644,6.514182007881769
M00656_P00645,6.906067347855276
M00656_P00650,7.413305033722618
M00656_P00888,6.663176077731706
M00656_P00889,6.039740119093705
M00656_P00893,5.641888196962691
M00656_P00894,6.513388601145297
M00656_P00895,0.0
M00656_P00901,6.346392539324437
M00656_P00909,0.0
M00657_P00574,0.0
M00657_P00579,6.292560610780034
M00657_P00582,5.396238626269748
M00657_P00584,0.0
M00657_P00586,6.1150339101347635
M00657_P00590,0.0
M00657_P00761,0.0
M00657_P00772,5.774986862668785
M00658_P00313,0.0
M00658_P00324,0.0
M00658_P00329,5.377460141276468
M00658_P00333,0.0
M00658_P00334,5.770606040844008
M00658_P01223,5.223588665087986
M00658_P01234,0.0
M00658_P01236,5.97351793628786
M00658_P01241,7.125905899935085
M00658_P01242,6.5931163967079405
M00659_P00055,0.0
M00659_P00057,0.0
M00659_P00059,5.873383400779278
M00659_P00064,0.0
M00659_P00066,0.0
M00659_P00071,7.1215267325833285
M00659_P00077,5.724140379603981
M00659_P01120,0.0
M00660_P00345,0.0
M00660_P00347,0.0
M00660_P00351,7.263039409547059
M00660_P00353,4.804482583645843
M00660_P00359,6.708063946088422
M00660_P00362,5.761343067684594
M00660_P00391,0.0
M00660_P00399,0.0
M00660_P00410,5.674257217673434
M00660_P00416,5.577043633539461
M00661_P00055,0.0
M00661_P00057,4.348943545950783
M00661_P00059,0.0
M00661_P00064,0.0
M00661_P00066,0.0
M00661_P00071,6.605315551748562
M00661_P00077,6.17710005051447
M00661_P00991,7.842349010094083
M00661_P00993,0.0
M00661_P00997,6.418465518534692
M00661_P01000,0.0
M00661_P01010,6.593808450233877
M00662_P00055,5.676671014497127
M00662_P00057,6.586644194451247
M00662_P00059,0.0
M00662_P00064,5.436782641557932
M00662_P00066,0.0
M00662_P00071,6.113311695541612
M00662_P00077,6.916829258482878
M00662_P00391,0.0
M00662_P00399,5.349585892159948
M00662_P00410,6.714452184726068
M00662_P00416,0.0
M00663_P00368,5.538026214802525
M00663_P00372,0.0
M00663_P00378,6.13619403350549
M00663_P00382,0.0
M00663_P00383,0.0
M00663_P00922,5.469111426288458
M00663_P00927,0.0
M00663_P00931,6.604316862613362
M00663_P00935,0.0
M00664_P00209,6.2862682712095745
M00664_P00210,0.0
M00664_P00211,0.0
M00664_P00219,0.0
M00664_P00221,0.0
M00664_P00222,0.0
M00664_P00232,0.0
M00664_P00234,7.725924371933339
M00664_P00863,0.0
M00664_P00880,0.0
M00664_P00882,0.0
M00665_P00940,0.0
M00665_P00948,0.0
M00665_P00950,6.820311245531476
M00665_P00951,6.434389604543434
M00665_P00959,0.0
M00665_P00962,0.0
M00665_P01201,4.962603052334614
M00665_P01209,6.499361781991118
M00665_P01210,5.634493051949983
M00665_P01211,7.847779741088084
M00665_P01214,0.0
M00666_P00391,0.0
M00666_P00399,6.029589477825203
M00666_P00410,0.0
M00666_P00416,0.0
M00666_P00529,0.0
M00666_P00535,5.756528803392131
M00666_P00536,0.0
M00666_P00542,5.824618923530028
M00666_P00543,6.277542691178698
M00667_P00515,5.969607932813609
M00667_P00678,0.0
M00667_P00679,6.881785713469009
M00667_P00680,0.0
M00667_P00681,6.36080128775541
M00667_P00683,0.0
M00667_P00694,0.0
M00668_P00922,5.541322981231214
M00668_P00927,0.0
M00668_P00931,5.3975140878755905
M00668_P00935,7.106789311035033
M00668_P00991,0.0
M00668_P00993,5.888101125484201
M00668_P00997,0.0
M00668_P01000,7.170812795591314
M00668_P01010,0.0
M00669_P01041,0.0
M00669_P01042,5.787271819264646
M00669_P01048,0.0
M00669_P01049,7.119438182070819
M00669_P01051,5.534414685714548
M00669_P01055,5.911004687443288
M00669_P01063,5.771866164956799
M00669_P01064,5.937822890224637
M00669_P01146,0.0
M00669_P01157,5.080546256640692
M00669_P01166,5.6585135668574855
M00669_P01169,0.0
M00670_P00079,7.163959667692031
M00670_P00082,0.0
M00670_P00087,6.108071439333014
M00670_P00097,0.0
M00670_P00102,6.241220184359282
M00670_P00611,0.0
M00670_P00618,6.60755920557444
M00670_P00619,5.835624342890928
M00670_P00622,5.862572081673624
M00671_P00529,0.0
M00671_P00535,0.0
M00671_P00536,6.157517499772856
M00671_P00542,0.0
M00671_P00543,6.990668084925015
M00671_P00863,5.219432393741666
M00671_P00880,6.222473838930919
M00671_P00882,7.363125412379064
M00672_P00241,6.6061916456199
M00672_P00244,7.356003453187298
M00672_P00245,6.63538067345732
M00672_P00248,5.005274919436304
M00672_P00255,0.0
M00672_P00260,7.484087242046005
M00672_P00678,0.0
M00672_P00679,0.0
M00672_P00680,4.617452129472862
M00672_P00681,4.992576826004165
M00672_P00683,6.6471295505942765
M00672_P00694,6.620687666842602
M00673_P00287,5.811380464551642
M00673_P00290,0.0
M00673_P00291,0.0
M00673_P00295,0.0
M00673_P00297,0.0
M00673_P00298,0.0
M00673_P00299,6.901051769954338
M00673_P00304,5.300334174224324
M00673_P00307,7.551901517931878
M00673_P00309,0.0
M00673_P00310,6.081650240356927
M00673_P00922,6.582897556235101
M00673_P00927,0.0
M00673_P00931,5.8500863959825455
M00673_P00935,6.514914237093863
M00674_P00368,0.0
M00674_P00372,7.0189151583003
M00674_P00378,6.081936584422346
M00674_P00382,0.0
M00674_P00383,5.171594093936882
M00674_P00529,6.117972558137745
M00674_P00535,6.086201163977868
M00674_P00536,6.425863991476019
M00674_P00542,0.0
M00674_P00543,7.3235851333582405
M00675_P00079,6.985720393415036
M00675_P00082,7.6519605418061865
M00675_P00087,7.061132427944204
M00675_P00097,0.0
M00675_P00102,6.509163658743078
M00675_P00761,0.0
M00675_P00772,0.0
M00676_P00678,0.0
M00676_P00679,7.171555156435146
M00676_P00680,5.542007044133651
M00676_P00681,0.0
M00676_P00683,6.48091475440586
M00676_P00694,0.0
M00676_P00940,0.0
M00676_P00948,7.26413743950382
M00676_P00950,6.61893794275739
M00676_P00951,6.362238211313647
M00676_P00959,5.762649070388818
M00676_P00962,6.657158288354928
M00677_P00391,0.0
M00677_P00399,0.0
M00677_P00410,7.538792168500964
M00677_P00416,6.754615227989508
M00677_P00625,0.0
M00677_P00630,5.825683116219833
M00677_P00632,5.883464593174739
M00677_P00635,5.65542478790283
M00677_P00644,6.372775409374251
M00677_P00645,6.0507184990643115
M00677_P00650,6.824201636889583
M00678_P00549,0.0
M00678_P00552,0.0
M00678_P00554,6.253250946001728
M00678_P00561,7.863490641776868
M00678_P00562,0.0
M00678_P00568,5.536888898189286
M00678_P01099,0.0
M00678_P01107,5.940539284160142
M00678_P01108,7.041332287047545
M00678_P01109,6.744264779800669
M00678_P01114,0.0
M00678_P01118,6.938415049911892
M00679_P00136,6.492714683347567
M00679_P00141,0.0
M00679_P00148,5.171394795783889
M00679_P00156,0.0
M00679_P00611,0.0
M00679_P00618,5.63369383965053
M00679_P00619,6.805227845603484
M00679_P00622,7.417215012509291
M00680_P00079,5.423534112550491
M00680_P00082,5.6897343625412615
M00680_P00087,6.211630452934365
M00680_P00097,0.0
M00680_P00102,5.158040419360964
M00680_P00478,6.423049356849979
M00680_P00479,7.12708682487328
M00680_P00486,6.708306909230432
M00680_P00491,6.159198811998542
M00681_P00108,5.320376972379736
M00681_P00110,5.661122375930852
M00681_P00114,0.0
M00681_P00124,6.896281883320729
M00681_P00129,5.823422291795752
M00681_P00345,0.0
M00681_P00347,5.617784424392149
M00681_P00351,6.985381201629663
M00681_P00353,0.0
M00681_P00359,6.6436942146830065
M00681_P00362,5.809286768368719
M00682_P00345,5.578993519785317
M00682_P00347,6.323960352075784
M00682_P00351,6.149351645418193
M00682_P00353,5.24788546923264
M00682_P00359,0.0
M00682_P00362,0.0
M00682_P00782,0.0
M00682_P00786,0.0
M00682_P00788,6.551761085275973
M00682_P00797,6.432768285021433
M00682_P00803,0.0
M00683_P00011,6.095172697179326
M00683_P00024,0.0
M00683_P00368,5.609439045890727
M00683_P00372,6.522667084895998
M00683_P00378,0.0
M00683_P00382,5.495984855315118
M00683_P00383,5.8662746763906295
M00684_P00782,0.0
M00684_P00786,6.44819350995236
M00684_P00788,0.0
M00684_P00797,0.0
M00684_P00803,0.0
M00684_P01223,5.451524674233344
M00684_P01234,0.0
M00684_P01236,6.323414851855053
M00684_P01241,0.0
M00684_P01242,5.78518278216642
M00685_P00391,0.0
M00685_P00399,5.568809486061277
M00685_P00410,6.118556967885693
M00685_P00416,7.401830123928639
M00685_P00655,5.231146112419136
M00685_P00662,0.0
M00685_P00666,0.0
M00685_P00668,0.0
M00685_P00669,0.0
M00685_P00673,0.0
M00685_P00674,5.721221525792754
M00686_P00478,5.750947171747997
M00686_P00479,0.0
M00686_P00486,5.7542299184285
M00686_P00491,5.575145136388258
M00686_P00655,5.90297721028527
M00686_P00662,5.214640091542516
M00686_P00666,5.127485325522122
M00686_P00668,5.031115717350385
M00686_P00669,5.800367317248886
M00686_P00673,6.9109111271610475
M00686_P00674,0.0
M00687_P00423,6.760588849890527
M00687_P00424,0.0
M00687_P00425,6.156978299952585
M00687_P00426,0.0
M00687_P00431,0.0
M00687_P00436,7.519823107984062
M00687_P00440,0.0
M00687_P00515,0.0
M00688_P00157,0.0
M00688_P00159,5.749881172568957
M00688_P00164,6.2584328350276355
M00688_P00169,6.056914649762546
M00688_P00171,6.834836912172784
M00688_P00175,0.0
M00688_P00761,5.903166897220874
M00688_P00772,0.0
M00689_P00345,6.626246765114341
M00689_P00347,4.953044610659985
M00689_P00351,6.354725975468501
M00689_P00353,0.0
M00689_P00359,0.0
M00689_P00362,4.991165877519099
M00689_P00529,5.440458275139284
M00689_P00535,5.586436008412086
M00689_P00536,0.0
M00689_P00542,5.5167327941884645
M00689_P00543,6.170909354293358
M00690_P00055,5.648950415737752
M00690_P00057,0.0
M00690_P00059,6.314489495663715
M00690_P00064,6.575297007019371
M00690_P00066,6.73116488919641
M00690_P00071,0.0
M00690_P00077,0.0
M00690_P00678,0.0
M00690_P00679,6.837971055805052
M00690_P00680,6.048473321966163
M00690_P00681,0.0
M00690_P00683,5.149537379316992
M00690_P00694,5.296878876534819
M00691_P00241,5.280159920884797
M00691_P00244,6.6844219780147975
M00691_P00245,6.605074285924887
M00691_P00248,0.0
M00691_P00255,6.971231849228937
M00691_P00260,6.912730168215356
M00691_P01223,0.0
M00691_P01234,7.296667144565823
M00691_P01236,0.0
M00691_P01241,5.821060264068735
M00691_P01242,0.0
M00692_P00922,0.0
M00692_P00927,6.095631880301881
M00692_P00931,6.5955247231589045
M00692_P00935,0.0
M00692_P00991,0.0
M00692_P00993,5.496694478704356
M00692_P00997,6.148969629555114
M00692_P01000,0.0
M00692_P01010,6.396111130825331
M00693_P00241,5.782475312022219
M00693_P00244,5.077286528351203
M00693_P00245,6.127054864860159
M00693_P00248,0.0
M00693_P00255,6.259290123369392
M00693_P00260,0.0
M00693_P00478,5.275490465328178
M00693_P00479,0.0
M00693_P00486,6.14969492888724
M00693_P00491,0.0
M00694_P00368,0.0
M00694_P00372,0.0
M00694_P00378,5.5479117259001605
M00694_P00382,0.0
M00694_P00383,5.35682782145588
M00694_P00655,5.965001229104317
M00694_P00662,0.0
M00694_P00666,6.14240941009872
M00694_P00668,6.590739595577848
M00694_P00669,0.0
M00694_P00673,5.57769675687956
M00694_P00674,5.502910474725658
M00695_P00807,0.0
M00695_P00812,0.0
M00695_P00819,0.0
M00695_P00826,6.64695589712215
M00695_P00827,6.974668011686306
M00695_P00940,5.8787617211406245
M00695_P00948,6.148989024125405
M00695_P00950,6.478041601487912
M00695_P00951,5.683292321499505
M00695_P00959,0.0
M00695_P00962,0.0
M00696_P00423,7.058245821046114
M00696_P00424,0.0
M00696_P00425,6.666241336380941
M00696_P00426,5.267690894571547
M00696_P00431,5.925237445412157
M00696_P00436,6.591728014809529
M00696_P00440,6.414475017988241
M00696_P00835,0.0
M00696_P00840,0.0
M00696_P00844,6.784272482576385
M00696_P00847,0.0
M00696_P00848,0.0
M00696_P00856,6.337265529091498
M00697_P00266,5.887913330839518
M00697_P00271,0.0
M00697_P00278,6.996693306335094
M00697_P00286,5.703773795924185
M00697_P00761,6.423190707929772
M00697_P00772,6.643085784513673
M00698_P00209,0.0
M00698_P00210,7.532567957983672
M00698_P00211,0.0
M00698_P00219,0.0
M00698_P00221,5.820187078777328
M00698_P00222,0.0
M00698_P00232,0.0
M00698_P00234,6.910708856256769
M00698_P00266,0.0
M00698_P00271,0.0
M00698_P00278,0.0
M00698_P00286,0.0
M00699_P00287,5.1603131427612245
M00699_P00290,5.212704362624914
M00699_P00291,0.0
M00699_P00295,0.0
M00699_P00297,5.874431761508273
M00699_P00298,6.246957623030173
M00699_P00299,6.086744621402557
M00699_P00304,0.0
M00699_P00307,7.268387507898859
M00699_P00309,6.158979573532018
M00699_P00310,5.774044347902025
M00699_P00922,0.0
M00699_P00927,0.0
M00699_P00931,5.49625000614639
M00699_P00935,5.6197453442546115
M00700_P00055,5.750761680870014
M00700_P00057,0.0
M00700_P00059,5.429064113488142
M00700_P00064,5.778596965121015
M00700_P00066,7.682452662951921
M00700_P00071,0.0
M00700_P00077,6.538858722502927
M00700_P00863,5.65087412339514
M00700_P00880,0.0
M00700_P00882,7.19670065197674
M00701_P00011,5.713043444402417
M00701_P00024,5.346917231965034
M00701_P00705,0.0
M00701_P00707,6.119484072176059
M00701_P00716,0.0
M00701_P00718,7.310867717617609
M00701_P00724,6.456372154283088
M00701_P00728,0.0
M00702_P00108,6.364667641047153
M00702_P00110,5.15094085352835
M00702_P00114,7.478179127820046
M00702_P00124,6.7199520754485205
M00702_P00129,5.686116260381191
M00702_P01201,0.0
M00702_P01209,0.0
M00702_P01210,0.0
M00702_P01211,0.0
M00702_P01214,5.335153636075966
M00703_P00345,0.0
M00703_P00347,5.870150092432877
M00703_P00351,6.390468080662156
M00703_P00353,5.934526320836684
M00703_P00359,0.0
M00703_P00362,0.0
M00703_P00863,5.104355603146261
M00703_P00880,7.589669808180333
M00703_P00882,0.0
M00704_P00079,6.840045606807952
M00704_P00082,0.0
M00704_P00087,4.984667429038135
M00704_P00097,6.762680986076842
M00704_P00102,0.0
M00704_P01041,0.0
M00704_P01042,0.0
M00704_P01048,0.0
M00704_P01049,7.320348356363323
M00704_P01051,7.3115377548465315
M00704_P01055,5.743780965145849
M00704_P01063,6.619817174980919
M00704_P01064,5.757222623602146
M00705_P00807,0.0
M00705_P00812,8.230955923316877
M00705_P00819,0.0
M00705_P00826,6.985510826346581
M00705_P00827,8.08505827030183
M00705_P01099,0.0
M00705_P01107,5.314346835132208
M00705_P01108,6.9173487056073295
M00705_P01109,6.9712802393788795
M00705_P01114,5.583583620584073
M00705_P01118,0.0
M00706_P00888,6.3860891844134455
M00706_P00889,6.372957599371916
M00706_P00893,4.318178105407605
M00706_P00894,7.069544729961043
M00706_P00895,0.0
M00706_P00901,0.0
M00706_P00909,0.0
M00706_P00940,0.0
M00706_P00948,5.355729083654968
M00706_P00950,6.374508913924239
M00706_P00951,6.716163442084442
M00706_P00959,5.661914069174818
M00706_P00962,0.0
M00707_P00032,0.0
M00707_P00044,6.116991647718243
M00707_P00045,5.9383597467170235
M00707_P00050,5.37540965824106
M00707_P00052,0.0
M00707_P00888,0.0
M00707_P00889,0.0
M00707_P00893,7.294939042105885
M00707_P00894,0.0
M00707_P00895,6.702575511869008
M00707_P00901,0.0
M00707_P00909,6.604980791838238
M00708_P00478,0.0
M00708_P00479,7.379255463781621
M00708_P00486,6.3020346450719265
M00708_P00491,5.795317918897993
M00708_P00888,0.0
M00708_P00889,6.408378937782308
M00708_P00893,5.331735023460239
M00708_P00894,6.461703538066126
M00708_P00895,0.0
M00708_P00901,0.0
M00708_P00909,7.302711782112751
M00709_P00157,5.314331742364509
M00709_P00159,0.0
M00709_P00164,6.8514077135809615
M00709_P00169,0.0
M00709_P00171,6.179781233503392
M00709_P00175,5.457527064634325
M00709_P00287,5.8427036702046315
M00709_P00290,0.0
M00709_P00291,0.0
M00709_P00295,7.899691681088548
M00709_P00297,6.825409032159589
M00709_P00298,5.849832656662907
M00709_P00299,5.1677254338162495
M00709_P00304,6.041425543236854
M00709_P00307,5.9225945606795465
M00709_P00309,5.954954368695579
M00709_P00310,0.0
M00710_P00313,0.0
M00710_P00324,5.102751234698738
M00710_P00329,7.184177181697278
M00710_P00333,6.727471220908031
M00710_P00334,0.0
M00710_P00391,6.068213541114165
M00710_P00399,6.213445749248042
M00710_P00410,6.531685250820455
M00710_P00416,5.831324997456423
M00711_P00443,6.1572454533419565
M00711_P00448,5.651159625760699
M00711_P00452,6.215208643331209
M00711_P00462,0.0
M00711_P00463,6.892336444531576
M00711_P00465,5.9292794901044426
M00711_P00468,0.0
M00711_P00574,0.0
M00711_P00579,0.0
M00711_P00582,6.23411026544584
M00711_P00584,0.0
M00711_P00586,0.0
M00711_P00590,0.0
M00712_P00136,0.0
M00712_P00141,7.508221808391203
M00712_P00148,0.0
M00712_P00156,7.079456485276084
M00712_P00625,0.0
M00712_P00630,6.658475922433693
M00712_P00632,0.0
M00712_P00635,6.95469121099391
M00712_P00644,0.0
M00712_P00645,7.27038553041348
M00712_P00650,6.162075681643982
M00713_P00391,5.449292760420789
M00713_P00399,0.0
M00713_P00410,6.682330428031404
M00713_P00416,6.357205369646979
M00713_P00940,5.951317746126766
M00713_P00948,5.747641180893041
M00713_P00950,5.683985836687364
M00713_P00951,6.448572256209133
M00713_P00959,0.0
M00713_P00962,0.0
M00714_P00515,4.987542902534813
M00714_P01146,6.940335598270552
M00714_P01157,0.0
M00714_P01166,0.0
M00714_P01169,0.0
M00715_P00136,0.0
M00715_P00141,0.0
M00715_P00148,5.869489192777593
M00715_P00156,6.903737820351517
M00715_P00678,6.410686565796404
M00715_P00679,0.0
M00715_P00680,6.176971368335685
M00715_P00681,0.0
M00715_P00683,0.0
M00715_P00694,6.4159665761260305
M00716_P00782,6.2139451624718065
M00716_P00786,0.0
M00716_P00788,0.0
M00716_P00797,6.756722464304092
M00716_P00803,0.0
M00716_P00922,0.0
M00716_P00927,5.217652196820444
M00716_P00931,0.0
M00716_P00935,6.856648169249489
M00717_P00266,6.451360871685743
M00717_P00271,0.0
M00717_P00278,7.042808726291479
M00717_P00286,6.724838130839602
M00717_P01146,0.0
M00717_P01157,6.3653053804002475
M00717_P01166,7.163238098794045
M00717_P01169,6.0374057201730915
M00718_P00705,6.9813148187545195
M00718_P00707,6.523375846308087
M00718_P00716,0.0
M00718_P00718,6.918012671860551
M00718_P00724,6.611038340594006
M00718_P00728,0.0
M00718_P01099,0.0
M00718_P01107,5.319508110050795
M00718_P01108,0.0
M00718_P01109,6.733678198483347
M00718_P01114,6.417819065144465
M00718_P01118,6.067499540983311
M00719_P00157,5.058140567289066
M00719_P00159,0.0
M00719_P00164,0.0
M00719_P00169,0.0
M00719_P00171,5.456422765641189
M00719_P00175,0.0
M00719_P00940,5.858267180521649
M00719_P00948,5.917714195578376
M00719_P00950,6.096874227438597
M00719_P00951,0.0
M00719_P00959,0.0
M00719_P00962,6.607325162353236
M00720_P00345,5.651183551466188
M00720_P00347,0.0
M00720_P00351,5.401283131476445
M00720_P00353,5.778995671424718
M00720_P00359,0.0
M00720_P00362,6.455858923901253
M00720_P00368,0.0
M00720_P00372,0.0
M00720_P00378,0.0
M00720_P00382,4.759639014249209
M00720_P00383,5.377501475942798
M00721_P00055,0.0
M00721_P00057,5.934931839124738
M00721_P00059,7.017433037268799
M00721_P00064,6.574868498292484
M00721_P00066,0.0
M00721_P00071,6.487686633546979
M00721_P00077,5.7240936368535795
M00721_P00443,6.654662453886102
M00721_P00448,6.711568866206169
M00721_P00452,0.0
M00721_P00462,6.628892784907481
M00721_P00463,6.617642081013975
M00721_P00465,0.0
M00721_P00468,7.228799915755999
M00722_P00888,0.0
M00722_P00889,5.399650277826925
M00722_P00893,0.0
M00722_P00894,5.927033502611906
M00722_P00895,5.645121971581169
M00722_P00901,7.38352261148992
M00722_P00909,0.0
M00722_P00965,6.523276188886109
M00722_P00966,5.350532566224877
M00722_P00975,7.37884480223329
M00722_P00978,6.197005080224668
M00722_P00980,5.686760221220893
M00722_P00986,7.1550979811282875
M00723_P00287,6.270376658149509
M00723_P00290,5.70795172428334
M00723_P00291,0.0
M00723_P00295,0.0
M00723_P00297,0.0
M00723_P00298,0.0
M00723_P00299,0.0
M00723_P00304,6.146738743338569
M00723_P00307,0.0
M00723_P00309,5.605418736388517
M00723_P00310,0.0
M00723_P00549,6.192721648964876
M00723_P00552,5.895595750178235
M00723_P00554,5.876565441731804
M00723_P00561,6.914447381533022
M00723_P00562,5.595486991928499
M00723_P00568,0.0
M00724_P00241,6.567774021249509
M00724_P00244,0.0
M00724_P00245,0.0
M00724_P00248,5.6864566761201125
M00724_P00255,0.0
M00724_P00260,0.0
M00724_P00965,0.0
M00724_P00966,0.0
M00724_P00975,6.738015923107249
M00724_P00978,0.0
M00724_P00980,6.686443485129404
M00724_P00986,5.970956021565837
M00725_P00108,0.0
M00725_P00110,0.0
M00725_P00114,5.870806472104753
M00725_P00124,5.5357860721560295
M00725_P00129,5.182983810019982
M00725_P00529,5.823122821577874
M00725_P00535,5.159962030167552
M00725_P00536,6.435910014313765
M00725_P00542,5.996711976794811
M00725_P00543,0.0
M00726_P00625,0.0
M00726_P00630,0.0
M00726_P00632,5.569385381224964
M00726_P00635,5.975665126052183
M00726_P00644,5.9823006001368215
M00726_P00645,7.456046364847888
M00726_P00650,0.0
M00726_P00940,0.0
M00726_P00948,6.312119821200733
M00726_P00950,6.074072526805389
M00726_P00951,0.0
M00726_P00959,0.0
M00726_P00962,7.782252811915762
M00727_P00209,0.0
M00727_P00210,0.0
M00727_P00211,6.29131223147558
M00727_P00219,0.0
M00727_P00221,7.983668259530554
M00727_P00222,0.0
M00727_P00232,6.226060365613622
M00727_P00234,6.29546593807509
M00727_P00625,0.0
M00727_P00630,0.0
M00727_P00632,5.614274742541995
M00727_P00635,0.0
M00727_P00644,6.6240616290442595
M00727_P00645,6.729690859004378
M00727_P00650,0.0
M00728_P00574,0.0
M00728_P00579,0.0
M00728_P00582,5.791528191516471
M00728_P00584,5.501466963506218
M00728_P00586,5.238396613015895
M00728_P00590,0.0
M00728_P00835,0.0
M00728_P00840,5.13522056076823
M00728_P00844,0.0
M00728_P00847,0.0
M00728_P00848,0.0
M00728_P00856,7.393636974913551
M00729_P00368,6.562678296404727
M00729_P00372,7.509034425154845
M00729_P00378,5.18837776116071
M00729_P00382,0.0
M00729_P00383,5.801274636051116
M00729_P00705,0.0
M00729_P00707,5.747466879104057
M00729_P00716,6.38141658226924
M00729_P00718,6.455785602854136
M00729_P00724,7.200490886608307
M00729_P00728,0.0
M00730_P00991,0.0
M00730_P00993,6.650237297020812
M00730_P00997,6.017430765973612
M00730_P01000,0.0
M00730_P01010,6.8422454059453095
M00730_P01041,0.0
M00730_P01042,4.363054519705757
M00730_P01048,5.571494282801452
M00730_P01049,0.0
M00730_P01051,6.483378419148377
M00730_P01055,0.0
M00730_P01063,5.766273423648783
M00730_P01064,0.0
M00731_P00032,0.0
M00731_P00044,0.0
M00731_P00045,6.432225429881336
M00731_P00050,4.650681377046148
M00731_P00052,0.0
M00731_P00529,7.830322233465998
M00731_P00535,0.0
M00731_P00536,0.0
M00731_P00542,0.0
M00731_P00543,6.104557738515573
M00732_P00732,5.509306151065151
M00732_P00738,5.281993957644722
M00732_P00742,6.071105059024332
M00732_P00744,0.0
M00732_P00747,7.260207955017509
M00732_P00753,0.0
M00732_P00835,0.0
M00732_P00840,0.0
M00732_P00844,0.0
M00732_P00847,6.350701113436355
M00732_P00848,6.205785025693737
M00732_P00856,7.118146204200615
M00733_P00625,0.0
M00733_P00630,6.6515324305115975
M00733_P00632,0.0
M00733_P00635,0.0
M00733_P00644,0.0
M00733_P00645,6.649444038671782
M00733_P00650,6.211690630444884
M00733_P00922,0.0
M00733_P00927,0.0
M00733_P00931,0.0
M00733_P00935,7.564353238887202
M00734_P00965,0.0
M00734_P00966,0.0
M00734_P00975,7.248143697969643
M00734_P00978,6.5986373372024065
M00734_P00980,0.0
M00734_P00986,6.717197096277343
M00734_P01120,5.1753506973191845
M00735_P00136,6.402833931971169
M00735_P00141,7.288933951587279
M00735_P00148,6.333499206144558
M00735_P00156,0.0
M00735_P01041,0.0
M00735_P01042,0.0
M00735_P01048,0.0
M00735_P01049,0.0
M00735_P01051,6.40249305777949
M00735_P01055,0.0
M00735_P01063,5.673899971176491
M00735_P01064,0.0
M00736_P00108,0.0
M00736_P00110,5.38901536545209
M00736_P00114,6.7157020549436925
M00736_P00124,6.601151993197724
M00736_P00129,0.0
M00736_P01177,6.469247261960687
M00736_P01182,4.427441114680111
M00736_P01184,0.0
M00736_P01193,6.243405513793224
M00736_P01196,6.446513126325259
M00737_P00241,0.0
M00737_P00244,6.084732250383273
M00737_P00245,5.9993702819906085
M00737_P00248,5.754059982627286
M00737_P00255,8.0089689203678
M00737_P00260,0.0
M00737_P00655,5.975577017925068
M00737_P00662,0.0
M00737_P00666,6.5153622358468555
M00737_P00668,5.547089965443848
M00737_P00669,0.0
M00737_P00673,7.194133246900966
M00737_P00674,6.274586923571979
M00738_P00625,0.0
M00738_P00630,7.083217445042066
M00738_P00632,5.6194419983186465
M00738_P00635,6.555980728018467
M00738_P00644,5.174884077299123
M00738_P00645,6.40219633634601
M00738_P00650,0.0
M00738_P01223,0.0
M00738_P01234,6.853503929840819
M00738_P01236,5.278615316844021
M00738_P01241,0.0
M00738_P01242,6.072467224381588
M00739_P00136,7.183622253198201
M00739_P00141,7.363458984898359
M00739_P00148,6.9018736954645155
M00739_P00156,0.0
M00739_P00157,0.0
M00739_P00159,0.0
M00739_P00164,0.0
M00739_P00169,6.523452221065507
M00739_P00171,6.4357264457355585
M00739_P00175,0.0
M00740_P00611,0.0
M00740_P00618,0.0
M00740_P00619,6.370517194448207
M00740_P00622,0.0
M00740_P00732,7.368861166636225
M00740_P00738,6.584371295025963
M00740_P00742,5.522737625844829
M00740_P00744,0.0
M00740_P00747,0.0
M00740_P00753,0.0
M00741_P00157,0.0
M00741_P00159,0.0
M00741_P00164,5.801908337026345
M00741_P00169,0.0
M00741_P00171,6.243241947471525
M00741_P00175,6.451122989070744
M00741_P00241,6.18961404517601
M00741_P00244,4.993625415604562
M00741_P00245,7.476903385068261
M00741_P00248,0.0
M00741_P00255,6.136415865954602
M00741_P00260,0.0
M00742_P00705,5.736218043203272
M00742_P00707,6.150641143186028
M00742_P00716,6.851949184259532
M00742_P00718,0.0
M00742_P00724,0.0
M00742_P00728,0.0
M00742_P00761,6.393485537710228
M00742_P00772,5.9598103027577976
M00743_P00032,0.0
M00743_P00044,0.0
M00743_P00045,6.313475937827655
M00743_P00050,5.464706309571163
M00743_P00052,5.190410650345752
M00743_P00157,0.0
M00743_P00159,0.0
M00743_P00164,0.0
M00743_P00169,0.0
M00743_P00171,0.0
M00743_P00175,0.0
M00744_P00136,0.0
M00744_P00141,0.0
M00744_P00148,0.0
M00744_P00156,0.0
M00744_P00922,0.0
M00744_P00927,6.548662666082321
M00744_P00931,6.128198137635174
M00744_P00935,6.291930207565878
M00745_P00011,6.267442366713115
M00745_P00024,0.0
M00745_P00625,5.690198352781773
M00745_P00630,6.170493565393616
M00745_P00632,6.569646149215351
M00745_P00635,0.0
M00745_P00644,0.0
M00745_P00645,7.149661608855971
M00745_P00650,6.164463306679667
M00746_P00136,0.0
M00746_P00141,6.772039573759719
M00746_P00148,6.392025110270934
M00746_P00156,6.408024895180555
M00746_P00625,0.0
M00746_P00630,5.617086526734394
M00746_P00632,6.277626047677289
M00746_P00635,5.235432898673847
M00746_P00644,0.0
M00746_P00645,6.210627905933249
M00746_P00650,6.1286141524119016
M00747_P00863,5.390838059972723
M00747_P00880,5.746671388844993
M00747_P00882,0.0
M00747_P00940,6.114342810829465
M00747_P00948,5.654902838227533
M00747_P00950,0.0
M00747_P00951,0.0
M00747_P00959,0.0
M00747_P00962,6.283394270117771
M00748_P00209,0.0
M00748_P00210,7.167521836559563
M00748_P00211,0.0
M00748_P00219,6.295745516964991
M00748_P00221,0.0
M00748_P00222,0.0
M00748_P00232,6.597321506207841
M00748_P00234,7.948870537114508
M00748_P00266,6.687616951110612
M00748_P00271,5.489057284122906
M00748_P00278,7.7670536469487015
M00748_P00286,6.7705680166072595
M00749_P00443,0.0
M00749_P00448,0.0
M00749_P00452,0.0
M00749_P00462,0.0
M00749_P00463,0.0
M00749_P00465,0.0
M00749_P00468,6.329546536166582
M00749_P00835,0.0
M00749_P00840,6.261337170660181
M00749_P00844,0.0
M00749_P00847,6.514361094065615
M00749_P00848,0.0
M00749_P00856,6.262452555353364
M00750_P00266,6.0561380839236145
M00750_P00271,5.911974376878432
M00750_P00278,6.6942053244612225
M00750_P00286,0.0
M00750_P00732,0.0
M00750_P00738,6.610023310122787
M00750_P00742,5.922137948382689
M00750_P00744,6.405269302716087
M00750_P00747,7.737641104198894
M00750_P00753,0.0
M00751_P00515,6.277110153394344
M00751_P00807,0.0
M00751_P00812,7.107055306087509
M00751_P00819,6.421426083059859
M00751_P00826,6.767967322202455
M00751_P00827,6.683575251098727
M00752_P00423,0.0
M00752_P00424,5.963781820833501
M00752_P00425,6.4749180670467785
M00752_P00426,0.0
M00752_P00431,6.725763215414827
M00752_P00436,0.0
M00752_P00440,0.0
M00752_P00611,0.0
M00752_P00618,6.383408914120459
M00752_P00619,6.377413670665483
M00752_P00622,6.326543107809697
M00753_P00991,0.0
M00753_P00993,5.892695047113251
M00753_P00997,0.0
M00753_P01000,6.372446002111887
M00753_P01010,6.0065392811042155
M00753_P01041,0.0
M00753_P01042,5.527631287656059
M00753_P01048,0.0
M00753_P01049,6.589338800908163
M00753_P01051,6.2921799612758225
M00753_P01055,5.974677152774119
M00753_P01063,0.0
M00753_P01064,6.4290767117250285
M00754_P00157,5.999834967223446
M00754_P00159,0.0
M00754_P00164,0.0
M00754_P00169,0.0
M00754_P00171,6.737223573238506
M00754_P00175,6.287980467619895
M00754_P00241,6.155050535278665
M00754_P00244,0.0
M00754_P00245,6.476420785424294
M00754_P00248,5.657362932214222
M00754_P00255,6.750441446544406
M00754_P00260,6.917871404414617
M00755_P00549,0.0
M00755_P00552,5.74370350497835
M00755_P00554,6.502988642394915
M00755_P00561,0.0
M00755_P00562,5.623543873040754
M00755_P00568,6.226816542230026
M00755_P00655,7.565002867259117
M00755_P00662,6.475281359066969
M00755_P00666,6.609074934440965
M00755_P00668,5.962259785984586
M00755_P00669,6.893798353896353
M00755_P00673,6.830219727807234
M00755_P00674,0.0
M00756_P00549,0.0
M00756_P00552,0.0
M00756_P00554,0.0
M00756_P00561,7.989591194397235
M00756_P00562,6.55754200353375
M00756_P00568,0.0
M00756_P00761,6.514897195800942
M00756_P00772,5.65208923809024
M00757_P00991,0.0
M00757_P00993,0.0
M00757_P00997,0.0
M00757_P01000,0.0
M00757_P01010,6.0724724459029495
M00757_P01070,0.0
M00757_P01074,0.0
M00757_P01082,0.0
M00758_P00529,5.338152492334867
M00758_P00535,0.0
M00758_P00536,4.9671147513410565
M00758_P00542,0.0
M00758_P00543,0.0
M00758_P01020,0.0
M00758_P01034,5.335318586057503
M00758_P01037,0.0
M00758_P01038,5.391802330833285
M00759_P00529,6.11034675056677
M00759_P00535,5.780615863324392
M00759_P00536,6.566819241016409
M00759_P00542,0.0
M00759_P00543,0.0
M00759_P00782,0.0
M00759_P00786,0.0
M00759_P00788,6.400352092189963
M00759_P00797,0.0
M00759_P00803,0.0
M00760_P00478,0.0
M00760_P00479,6.395136664724339
M00760_P00486,7.580152463712429
M00760_P00491,5.2748175970075994
M00760_P00529,0.0
M00760_P00535,6.416890772802232
M00760_P00536,5.698465924747519
M00760_P00542,5.917085116487695
M00760_P00543,6.384690256445986
M00761_P00391,0.0
M00761_P00399,5.299615166897708
M00761_P00410,0.0
M00761_P00416,0.0
M00761_P00940,6.4523450702318135
M00761_P00948,0.0
M00761_P00950,6.923586283065621
M00761_P00951,0.0
M00761_P00959,6.801404738035713
M00761_P00962,0.0
M00762_P00443,0.0
M00762_P00448,0.0
M00762_P00452,6.4543886309104535
M00762_P00462,6.711141324510718
M00762_P00463,7.231053312970862
M00762_P00465,6.55155945943186
M00762_P00468,7.13001628203136
M00762_P00678,0.0
M00762_P00679,6.255324832843849
M00762_P00680,5.49720768500565
M00762_P00681,5.630417637759642
M00762_P00683,0.0
M00762_P00694,0.0
M00763_P00313,0.0
M00763_P00324,5.664082259947043
M00763_P00329,4.866506258722325
M00763_P00333,0.0
M00763_P00334,0.0
M00763_P00940,0.0
M00763_P00948,0.0
M00763_P00950,5.842503488859754
M00763_P00951,0.0
M00763_P00959,5.816358222173629
M00763_P00962,6.245136214900972
M00764_P00922,0.0
M00764_P00927,6.419751540772485
M00764_P00931,6.0414428326639795
M00764_P00935,5.831421280279793
M00764_P01120,5.8176479388523274
M00765_P00345,6.12102436258326
M00765_P00347,0.0
M00765_P00351,0.0
M00765_P00353,5.293278823702129
M00765_P00359,6.427254808543701
M00765_P00362,0.0
M00765_P01177,6.649148129054313
M00765_P01182,4.6664512039797605
M00765_P01184,0.0
M00765_P01193,6.418173755621745
M00765_P01196,5.6784554165083
M00766_P00108,0.0
M00766_P00110,0.0
M00766_P00114,7.07377174436109
M00766_P00124,7.138820267586417
M00766_P00129,5.725446804225209
M00766_P01146,6.189947617575169
M00766_P01157,6.107829925687438
M00766_P01166,6.580863688931715
M00766_P01169,7.361375112392806
M00767_P00807,0.0
M00767_P00812,8.148455585879422
M00767_P00819,0.0
M00767_P00826,6.8638269429098795
M00767_P00827,7.202613857263333
M00767_P01120,0.0
M00768_P00391,0.0
M00768_P00399,5.973782334561669
M00768_P00410,6.870045595706246
M00768_P00416,0.0
M00768_P00443,0.0
M00768_P00448,6.365523357081897
M00768_P00452,0.0
M00768_P00462,7.36287654541357
M00768_P00463,6.890221617518064
M00768_P00465,6.985422931064042
M00768_P00468,6.653795624543532
M00769_P00705,0.0
M00769_P00707,6.587383294049198
M00769_P00716,7.042114209280673
M00769_P00718,0.0
M00769_P00724,5.184042326945116
M00769_P00728,6.607071162648398
M00769_P01177,0.0
M00769_P01182,5.627234789976532
M00769_P01184,6.161707919852082
M00769_P01193,5.9392723612546146
M00769_P01196,6.812042587935307
M00770_P00108,0.0
M00770_P00110,5.241477166733564
M00770_P00114,0.0
M00770_P00124,0.0
M00770_P00129,5.652690978390998
M00770_P00761,0.0
M00770_P00772,6.622520871506775
M00771_P00655,0.0
M00771_P00662,0.0
M00771_P00666,6.455049682597348
M00771_P00668,6.925845458045775
M00771_P00669,6.147921744026948
M00771_P00673,5.7387861267814735
M00771_P00674,6.393531220187428
M00771_P00965,0.0
M00771_P00966,6.883563478870146
M00771_P00975,7.119982760751255
M00771_P00978,6.527531011823002
M00771_P00980,0.0
M00771_P00986,0.0
M00772_P00055,0.0
M00772_P00057,5.447360969502749
M00772_P00059,6.060724552759669
M00772_P00064,0.0
M00772_P00066,0.0
M00772_P00071,6.254534434407837
M00772_P00077,0.0
M00772_P00888,0.0
M00772_P00889,0.0
M00772_P00893,5.717678908431325
M00772_P00894,6.163236482158592
M00772_P00895,6.641364136007471
M00772_P00901,6.021872617618294
M00772_P00909,6.091776071313168
M00773_P00888,7.042131780595267
M00773_P00889,5.338192031138424
M00773_P00893,5.174105633348353
M00773_P00894,5.858369661083833
M00773_P00895,5.930116489691332
M00773_P00901,0.0
M00773_P00909,6.101573854262323
M00773_P01146,0.0
M00773_P01157,5.56478236909761
M00773_P01166,0.0
M00773_P01169,0.0
M00774_P00157,0.0
M00774_P00159,5.845281484026948
M00774_P00164,0.0
M00774_P00169,6.426928761821332
M00774_P00171,0.0
M00774_P00175,5.771960789084188
M00774_P00423,7.003120346485812
M00774_P00424,5.846733902926038
M00774_P00425,0.0
M00774_P00426,0.0
M00774_P00431,5.866400593164394
M00774_P00436,5.851645152700024
M00774_P00440,5.806443542172546
M00775_P00266,0.0
M00775_P00271,6.280004185786072
M00775_P00278,7.521090372756677
M00775_P00286,0.0
M00775_P01099,4.647350046856856
M00775_P01107,0.0
M00775_P01108,6.270203387799401
M00775_P01109,6.104925206480716
M00775_P01114,6.114866262489325
M00775_P01118,6.320563210895537
M00776_P00940,5.515385094881236
M00776_P00948,7.051775859354378
M00776_P00950,5.683678390773458
M00776_P00951,7.194326892953813
M00776_P00959,0.0
M00776_P00962,7.0667846653941355
M00776_P01099,0.0
M00776_P01107,4.495947449993999
M00776_P01108,0.0
M00776_P01109,0.0
M00776_P01114,0.0
M00776_P01118,6.589657595228812
M00777_P00549,5.182571446854614
M00777_P00552,5.695325842561372
M00777_P00554,0.0
M00777_P00561,0.0
M00777_P00562,5.700661041668264
M00777_P00568,5.9452322843919445
M00777_P00732,6.2107939031109
M00777_P00738,0.0
M00777_P00742,0.0
M00777_P00744,6.060046231828173
M00777_P00747,7.32330523987464
M00777_P00753,4.908793783812432
M00778_P00157,0.0
M00778_P00159,6.346306986730178
M00778_P00164,5.519656052604666
M00778_P00169,0.0
M00778_P00171,0.0
M00778_P00175,6.228633555243946
M00778_P00443,6.060764736741177
M00778_P00448,5.344476244577739
M00778_P00452,0.0
M00778_P00462,0.0
M00778_P00463,7.629064167201634
M00778_P00465,0.0
M00778_P00468,6.8583912730086425
M00779_P00611,5.308767023379882
M00779_P00618,0.0
M00779_P00619,6.674517011987278
M00779_P00622,6.729423488110564
M00779_P00732,5.689728781547493
M00779_P00738,6.1451985047334645
M00779_P00742,0.0
M00779_P00744,0.0
M00779_P00747,7.566508555548681
M00779_P00753,6.7879696974125485
M00780_P00965,5.928764832080533
M00780_P00966,0.0
M00780_P00975,6.369095511931642
M00780_P00978,0.0
M00780_P00980,0.0
M00780_P00986,7.594102694144782
M00780_P01120,0.0
M00781_P00032,6.819340197998408
M00781_P00044,0.0
M00781_P00045,5.611588433311109
M00781_P00050,6.287774895557115
M00781_P00052,5.253158616677636
M00781_P00574,0.0
M00781_P00579,0.0
M00781_P00582,6.680268876876993
M00781_P00584,6.036267877297554
M00781_P00586,0.0
M00781_P00590,6.25911155455945
M00782_P00478,0.0
M00782_P00479,6.869678080789722
M00782_P00486,0.0
M00782_P00491,0.0
M00782_P00705,0.0
M00782_P00707,0.0
M00782_P00716,5.796766787653523
M00782_P00718,5.952810925946436
M00782_P00724,0.0
M00782_P00728,0.0
M00783_P00241,0.0
M00783_P00244,6.495524175768653
M00783_P00245,6.897298162514997
M00783_P00248,0.0
M00783_P00255,7.644921568022749
M00783_P00260,6.284088132851175
M00783_P01201,5.9413103886882785
M00783_P01209,5.720595719199918
M00783_P01210,0.0
M00783_P01211,6.570383370879696
M00783_P01214,5.820507387666962
M00784_P00549,0.0
M00784_P00552,4.490021901667618
M00784_P00554,0.0
M00784_P00561,7.58877835987977
M00784_P00562,6.928593683125286
M00784_P00568,5.252582124601366
M00784_P00782,6.1870799536416135
M00784_P00786,6.236930462973737
M00784_P00788,0.0
M00784_P00797,6.092126337743791
M00784_P00803,0.0
M00785_P00782,6.589079183358346
M00785_P00786,5.784015252244746
M00785_P00788,7.74231918272577
M00785_P00797,6.177660346558444
M00785_P00803,0.0
M00785_P00863,5.707581788641969
M00785_P00880,5.956854585669065
M00785_P00882,0.0
M00786_P00157,0.0
M00786_P00159,6.010116006398191
M00786_P00164,0.0
M00786_P00169,6.665800466496793
M00786_P00171,5.551835013606537
M00786_P00175,0.0
M00786_P00761,7.64641699447019
M00786_P00772,5.492220735799445
M00787_P00108,0.0
M00787_P00110,6.894728137650889
M00787_P00114,0.0
M00787_P00124,0.0
M00787_P00129,0.0
M00787_P00529,5.725124197985722
M00787_P00535,5.580761540521746
M00787_P00536,0.0
M00787_P00542,0.0
M00787_P00543,7.014737106326581
M00788_P00185,6.027723785002151
M00788_P00193,0.0
M00788_P00197,0.0
M00788_P00199,5.673427833896791
M00788_P00200,6.923290894092726
M00788_P01177,0.0
M00788_P01182,0.0
M00788_P01184,0.0
M00788_P01193,6.401459034887361
M00788_P01196,6.725604750154669
M00789_P00157,0.0
M00789_P00159,6.705138572763368
M00789_P00164,0.0
M00789_P00169,0.0
M00789_P00171,5.0828808455558265
M00789_P00175,0.0
M00789_P01070,5.799697660810885
M00789_P01074,5.684392636073432
M00789_P01082,0.0
M00790_P00391,0.0
M00790_P00399,5.789467548114301
M00790_P00410,0.0
M00790_P00416,0.0
M00790_P01223,0.0
M00790_P01234,6.918879334726529
M00790_P01236,0.0
M00790_P01241,0.0
M00790_P01242,6.304792487312107
M00791_P00266,0.0
M00791_P00271,0.0
M00791_P00278,6.886011739565604
M00791_P00286,0.0
M00791_P00922,6.937191805740999
M00791_P00927,5.876635234725597
M00791_P00931,5.398072309962553
M00791_P00935,5.684817055251335
M00792_P00368,5.2320274886933245
M00792_P00372,7.64793216433118
M00792_P00378,0.0
M00792_P00382,0.0
M00792_P00383,0.0
M00792_P00761,6.967594030561068
M00792_P00772,5.982978457818775
M00793_P00287,0.0
M00793_P00290,0.0
M00793_P00291,5.053305654150969
M00793_P00295,7.073691857306317
M00793_P00297,0.0
M00793_P00298,5.8173359947349805
M00793_P00299,0.0
M00793_P00304,6.39177831045079
M00793_P00307,5.937992392468516
M00793_P00309,0.0
M00793_P00310,5.537275546857545
M00793_P01070,6.096557737961197
M00793_P01074,7.2252187705778805
M00793_P01082,0.0
M00794_P00032,6.9368754637936645
M00794_P00044,6.946814505125391
M00794_P00045,0.0
M00794_P00050,0.0
M00794_P00052,6.3370861977679
M00794_P00655,0.0
M00794_P00662,0.0
M00794_P00666,0.0
M00794_P00668,6.634730952444676
M00794_P00669,0.0
M00794_P00673,0.0
M00794_P00674,6.104976963092699
M00795_P00732,6.696556982249132
M00795_P00738,5.268014766460218
M00795_P00742,6.5004482201920135
M00795_P00744,6.27310692082615
M00795_P00747,0.0
M00795_P00753,6.270293247128319
M00795_P00991,0.0
M00795_P00993,5.413629436514198
M00795_P00997,0.0
M00795_P01000,5.888073036020121
M00795_P01010,5.989644865400665
M00796_P00011,6.2030593455297005
M00796_P00024,6.38226886048169
M00796_P01201,6.084083567980588
M00796_P01209,5.850499312973246
M00796_P01210,0.0
M00796_P01211,0.0
M00796_P01214,6.162070109108076
M00797_P00443,0.0
M00797_P00448,0.0
M00797_P00452,5.956190883531732
M00797_P00462,4.846308078626088
M00797_P00463,6.254743643027332
M00797_P00465,7.555918761298741
M00797_P00468,6.836664855299677
M00797_P01201,5.784797309165869
M00797_P01209,6.0927784339944795
M00797_P01210,5.684238061774435
M00797_P01211,6.674637402071238
M00797_P01214,5.832706753425344
M00798_P00157,0.0
M00798_P00159,5.930860632945314
M00798_P00164,5.607957493573437
M00798_P00169,0.0
M00798_P00171,7.643250280003376
M00798_P00175,0.0
M00798_P00940,5.254094626209902
M00798_P00948,0.0
M00798_P00950,0.0
M00798_P00951,6.099307953844733
M00798_P00959,6.511324925535534
M00798_P00962,0.0
M00799_P00529,0.0
M00799_P00535,5.936184198915841
M00799_P00536,5.491297433011864
M00799_P00542,5.827604301678863
M00799_P00543,6.776117936580817
M00799_P00611,6.533041393670705
M00799_P00618,0.0
M00799_P00619,0.0
M00799_P00622,5.6511592269524735
M00800_P00185,0.0
M00800_P00193,5.1315548993112206
M00800_P00197,0.0
M00800_P00199,6.3796888817871675
M00800_P00200,5.429612017379894
M00800_P00443,0.0
M00800_P00448,5.999201626480571
M00800_P00452,0.0
M00800_P00462,5.895893460974666
M00800_P00463,6.508290803668164
M00800_P00465,0.0
M00800_P00468,5.826306261161414
M00801_P00863,6.135220991260576
M00801_P00880,6.254774114586705
M00801_P00882,0.0
M00801_P01070,0.0
M00801_P01074,6.841469178109083
M00801_P01082,4.930893650984252
M00802_P00655,5.557606707625732
M00802_P00662,6.356020352464944
M00802_P00666,0.0
M00802_P00668,0.0
M00802_P00669,5.70966821241724
M00802_P00673,6.251519678654079
M00802_P00674,6.057211376052128
M00802_P01020,6.253455313386475
M00802_P01034,6.534691940013306
M00802_P01037,4.968046806327923
M00802_P01038,5.634059649010738
M00803_P00574,0.0
M00803_P00579,0.0
M00803_P00582,5.976020408887673
M00803_P00584,0.0
M00803_P00586,0.0
M00803_P00590,6.8716259455965565
M00803_P00611,6.609000074686818
M00803_P00618,0.0
M00803_P00619,5.522454122255278
M00803_P00622,6.192849749387901
M00804_P01120,5.737355825883723
M00804_P01201,0.0
M00804_P01209,5.841167945400946
M00804_P01210,6.601152633614916
M00804_P01211,6.766749253333539
M00804_P01214,6.410601264095485
M00805_P00209,0.0
M00805_P00210,6.865830738963652
M00805_P00211,0.0
M00805_P00219,5.712967752395453
M00805_P00221,0.0
M00805_P00222,0.0
M00805_P00232,0.0
M00805_P00234,0.0
M00805_P01120,6.246526513125669
M00806_P00391,0.0
M00806_P00399,6.483514639659802
M00806_P00410,0.0
M00806_P00416,7.00813515538408
M00806_P00529,0.0
M00806_P00535,6.659630384629792
M00806_P00536,6.407434914075258
M00806_P00542,0.0
M00806_P00543,6.314328376653626
M00807_P00611,0.0
M00807_P00618,0.0
M00807_P00619,0.0
M00807_P00622,6.218680562730537
M00807_P01177,6.306616585229493
M00807_P01182,5.999230296913577
M00807_P01184,6.43825642605918
M00807_P01193,0.0
M00807_P01196,6.389252813773023
M00808_P00678,0.0
M00808_P00679,6.290581565715356
M00808_P00680,0.0
M00808_P00681,5.1352710570639974
M00808_P00683,6.294068148381307
M00808_P00694,5.7721394500401555
M00808_P01020,0.0
M00808_P01034,5.611966931722102
M00808_P01037,0.0
M00808_P01038,0.0
M00809_P00287,0.0
M00809_P00290,5.663487189306538
M00809_P00291,5.737451471819175
M00809_P00295,0.0
M00809_P00297,0.0
M00809_P00298,6.922584368634552
M00809_P00299,5.165128039646508
M00809_P00304,5.702846671840825
M00809_P00307,7.209360527608011
M00809_P00309,0.0
M00809_P00310,6.377596181461687
M00809_P00705,0.0
M00809_P00707,5.227869216026474
M00809_P00716,0.0
M00809_P00718,7.6189705499260905
M00809_P00724,5.69617117864711
M00809_P00728,0.0
M00810_P00266,0.0
M00810_P00271,0.0
M00810_P00278,7.5718414976999995
M00810_P00286,7.045871153824386
M00810_P00922,6.636057562272298
M00810_P00927,6.204007628890294
M00810_P00931,4.758346496336883
M00810_P00935,0.0
M00811_P00209,0.0
M00811_P00210,0.0
M00811_P00211,5.735405116290756
M00811_P00219,0.0
M00811_P00221,6.852366866084027
M00811_P00222,5.566700434896504
M00811_P00232,6.126964992908859
M00811_P00234,6.825600330344482
M00811_P00313,0.0
M00811_P00324,6.1654016838987795
M00811_P00329,5.68082657830688
M00811_P00333,6.171603435505764
M00811_P00334,6.558851649242525
M00812_P00079,7.0729529530945925
M00812_P00082,5.536214334899575
M00812_P00087,6.871811472107414
M00812_P00097,6.4229467004715195
M00812_P00102,5.719705587481986
M00812_P01020,0.0
M00812_P01034,0.0
M00812_P01037,5.7301311839092826
M00812_P01038,6.07374173087917
M00813_P00209,0.0
M00813_P00210,6.707160241006187
M00813_P00211,0.0
M00813_P00219,0.0
M00813_P00221,6.352779780183248
M00813_P00222,6.646593269023856
M00813_P00232,6.187485276686048
M00813_P00234,0.0
M00813_P00807,0.0
M00813_P00812,0.0
M00813_P00819,6.567692172338157
M00813_P00826,6.606122618086142
M00813_P00827,0.0
M00814_P00835,0.0
M00814_P00840,0.0
M00814_P00844,0.0
M00814_P00847,5.345906111686924
M00814_P00848,6.712300670267725
M00814_P00856,0.0
M00814_P00922,0.0
M00814_P00927,7.103048971239927
M00814_P00931,0.0
M00814_P00935,6.015734396650975
M00815_P00678,0.0
M00815_P00679,6.960581559396784
M00815_P00680,0.0
M00815_P00681,6.292529865683892
M00815_P00683,0.0
M00815_P00694,6.8539715582482135
M00815_P01146,6.845721178455148
M00815_P01157,0.0
M00815_P01166,0.0
M00815_P01169,4.946585067397928
M00816_P00732,5.992772057644379
M00816_P00738,5.595792889751411
M00816_P00742,5.729744169750026
M00816_P00744,6.401947773624084
M00816_P00747,0.0
M00816_P00753,0.0
M00816_P01177,5.739554613579092
M00816_P01182,5.576984120801039
M00816_P01184,0.0
M00816_P01193,0.0
M00816_P01196,5.56158369611929
M00817_P00136,7.019011956291696
M00817_P00141,6.821389547910863
M00817_P00148,0.0
M00817_P00156,6.49639406475978
M00817_P00965,6.623400554180614
M00817_P00966,0.0
M00817_P00975,7.184845300579815
M00817_P00978,6.919649296347085
M00817_P00980,0.0
M00817_P00986,0.0
M00818_P00055,0.0
M00818_P00057,0.0
M00818_P00059,0.0
M00818_P00064,6.414929769062993
M00818_P00066,7.171265554893826
M00818_P00071,5.618535848756476
M00818_P00077,6.2147218298195614
M00818_P00478,5.377863817484268
M00818_P00479,0.0
M00818_P00486,0.0
M00818_P00491,6.309548394675278
M00819_P00478,6.570564151750096
M00819_P00479,0.0
M00819_P00486,0.0
M00819_P00491,5.526891738116519
M00819_P00888,0.0
M00819_P00889,5.407990277351062
M00819_P00893,5.925630981191455
M00819_P00894,6.707510439303492
M00819_P00895,5.574450863958693
M00819_P00901,7.296239991685713
M00819_P00909,6.628507992377138
M00820_P00807,0.0
M00820_P00812,7.404432865954081
M00820_P00819,6.468020551359537
M00820_P00826,6.351854898317238
M00820_P00827,0.0
M00820_P00940,5.566777712845147
M00820_P00948,6.209698003265447
M00820_P00950,0.0
M00820_P00951,6.555118521166696
M00820_P00959,0.0
M00820_P00962,7.015787279960606
M00821_P00185,5.567195790010235
M00821_P00193,7.201349796691391
M00821_P00197,5.48932523156396
M00821_P00199,0.0
M00821_P00200,0.0
M00821_P00940,0.0
M00821_P00948,0.0
M00821_P00950,7.178913741554445
M00821_P00951,0.0
M00821_P00959,5.36909373932985
M00821_P00962,7.31799345252324
M00822_P00055,0.0
M00822_P00057,6.633471343952598
M00822_P00059,6.0148964176901
M00822_P00064,5.13774524438405
M00822_P00066,8.151821366973275
M00822_P00071,7.435427361609379
M00822_P00077,6.976828999254769
M00822_P00888,6.303359809475249
M00822_P00889,6.189736145585898
M00822_P00893,6.647123097771634
M00822_P00894,0.0
M00822_P00895,6.844308537914308
M00822_P00901,6.585688379745608
M00822_P00909,6.55152189076191
M00823_P00345,0.0
M00823_P00347,6.595187329265893
M00823_P00351,6.002401423786989
M00823_P00353,0.0
M00823_P00359,6.982544429601414
M00823_P00362,7.239385307209495
M00823_P00888,0.0
M00823_P00889,5.758624190408869
M00823_P00893,5.036879477888738
M00823_P00894,6.760118171140052
M00823_P00895,0.0
M00823_P00901,7.5937184295682565
M00823_P00909,0.0
M00824_P01070,5.7818929386094995
M00824_P01074,5.782616058143234
M00824_P01082,5.372347108326708
M00824_P01223,0.0
M00824_P01234,7.188731366917232
M00824_P01236,6.802578924995937
M00824_P01241,0.0
M00824_P01242,0.0
M00825_P00055,5.023542173944117
M00825_P00057,0.0
M00825_P00059,0.0
M00825_P00064,0.0
M00825_P00066,7.72080403387634
M00825_P00071,0.0
M00825_P00077,6.939819691833823
M00825_P00515,0.0
M00826_P00136,6.557957125509712
M00826_P00141,7.4596941389764115
M00826_P00148,6.655796725502867
M00826_P00156,0.0
M00826_P00574,0.0
M00826_P00579,6.255158275176496
M00826_P00582,0.0
M00826_P00584,5.298026012854286
M00826_P00586,6.388763536603214
M00826_P00590,6.342855500447922
M00827_P00345,0.0
M00827_P00347,6.041810107550549
M00827_P00351,5.848067343897416
M00827_P00353,0.0
M00827_P00359,0.0
M00827_P00362,5.135319786570352
M00827_P00391,6.603660940311899
M00827_P00399,5.75715469170552
M00827_P00410,5.372057447965431
M00827_P00416,5.4785463633735825
M00828_P01020,0.0
M00828_P01034,0.0
M00828_P01037,5.8231812482840475
M00828_P01038,0.0
M00828_P01177,0.0
M00828_P01182,0.0
M00828_P01184,6.020338448370544
M00828_P01193,5.865918813165746
M00828_P01196,7.057462884632798
M00829_P00266,0.0
M00829_P00271,6.994052196954568
M00829_P00278,0.0
M00829_P00286,0.0
M00829_P01041,0.0
M00829_P01042,5.886567707352088
M00829_P01048,0.0
M00829_P01049,0.0
M00829_P01051,5.319293690435738
M00829_P01055,5.622324696942187
M00829_P01063,0.0
M00829_P01064,0.0
M00830_P00079,0.0
M00830_P00082,5.777835605244449
M00830_P00087,0.0
M00830_P00097,0.0
M00830_P00102,6.469946057752257
M00830_P00345,0.0
M00830_P00347,0.0
M00830_P00351,5.988857474178557
M00830_P00353,0.0
M00830_P00359,6.477957387678926
M00830_P00362,0.0
M00831_P00443,6.831269010943113
M00831_P00448,0.0
M00831_P00452,5.171338008647329
M00831_P00462,5.942206737104278
M00831_P00463,5.497583423208388
M00831_P00465,0.0
M00831_P00468,0.0
M00831_P00888,0.0
M00831_P00889,5.923435560734928
M00831_P00893,0.0
M00831_P00894,6.856647355227022
M00831_P00895,6.369010994095319
M00831_P00901,6.7886816375688435
M00831_P00909,0.0
M00832_P00529,0.0
M00832_P00535,5.842148370616331
M00832_P00536,6.509964576521811
M00832_P00542,0.0
M00832_P00543,7.602199278033571
M00832_P01201,6.152437420853772
M00832_P01209,6.261389933926204
M00832_P01210,0.0
M00832_P01211,0.0
M00832_P01214,5.63297305615738
M00833_P00443,5.716049266230677
M00833_P00448,5.390028518658586
M00833_P00452,5.504892721419788
M00833_P00462,5.56568542146131
M00833_P00463,0.0
M00833_P00465,6.665646547993867
M00833_P00468,6.283020772608178
M00833_P00940,5.298110847574805
M00833_P00948,6.3243890190034575
M00833_P00950,6.478076976965695
M00833_P00951,0.0
M00833_P00959,5.657575214831058
M00833_P00962,5.938077762275415
M00834_P00209,6.825287268039191
M00834_P00210,0.0
M00834_P00211,0.0
M00834_P00219,5.209376222251176
M00834_P00221,5.66822782538498
M00834_P00222,0.0
M00834_P00232,5.52176289195943
M00834_P00234,7.524831409358177
M00834_P00705,6.265687869159051
M00834_P00707,5.554469288348099
M00834_P00716,0.0
M00834_P00718,0.0
M00834_P00724,5.4340839712433775
M00834_P00728,0.0
M00835_P00209,0.0
M00835_P00210,7.306620185435658
M00835_P00211,0.0
M00835_P00219,5.53519884932594
M00835_P00221,7.110697113923012
M00835_P00222,6.4127341748270394
M00835_P00232,5.918448328047912
M00835_P00234,7.794101377048397
M00835_P01070,5.219602032904711
M00835_P01074,0.0
M00835_P01082,6.467354726261438
M00836_P00241,0.0
M00836_P00244,6.048613853824616
M00836_P00245,6.355741259218927
M00836_P00248,0.0
M00836_P00255,7.11369404025025
M00836_P00260,6.768855855380344
M00836_P00391,0.0
M00836_P00399,0.0
M00836_P00410,6.175523346550173
M00836_P00416,6.797819679417422
M00837_P00391,0.0
M00837_P00399,7.17669138846335
M00837_P00410,6.054193941278997
M00837_P00416,6.068554144059905
M00837_P01146,6.351814299107014
M00837_P01157,5.7208078952735075
M00837_P01166,0.0
M00837_P01169,5.1574235128739
M00838_P00241,5.960294522893599
M00838_P00244,6.473583218017132
M00838_P00245,6.279339815287771
M00838_P00248,0.0
M00838_P00255,0.0
M00838_P00260,6.984306288834426
M00838_P00965,0.0
M00838_P00966,5.784381829947253
M00838_P00975,6.557216278511657
M00838_P00978,0.0
M00838_P00980,6.421787854535586
M00838_P00986,0.0
M00839_P00678,0.0
M00839_P00679,6.89151330335763
M00839_P00680,0.0
M00839_P00681,0.0
M00839_P00683,5.524886049260315
M00839_P00694,6.854643748820863
M00839_P01041,0.0
M00839_P01042,0.0
M00839_P01048,0.0
M00839_P01049,6.744548488136108
M00839_P01051,6.061724590297627
M00839_P01055,6.83779188285705
M00839_P01063,0.0
M00839_P01064,0.0
M00840_P00108,5.755509224985072
M00840_P00110,5.9759263656129145
M00840_P00114,7.731260441415021
M00840_P00124,6.441560268145924
M00840_P00129,6.077756395462345
M00840_P01070,6.257492724268191
M00840_P01074,5.964661879133946
M00840_P01082,5.215975122664198
M00841_P00655,5.533202298619573
M00841_P00662,0.0
M00841_P00666,0.0
M00841_P00668,6.750119150110382
M00841_P00669,5.711139997951055
M00841_P00673,7.145802204597934
M00841_P00674,6.257104348722798
M00841_P00863,0.0
M00841_P00880,6.672544394062512
M00841_P00882,0.0
M00842_P00611,0.0
M00842_P00618,0.0
M00842_P00619,6.516604110669244
M00842_P00622,0.0
M00842_P01146,7.378053915024414
M00842_P01157,0.0
M00842_P01166,6.6848113898784876
M00842_P01169,0.0
M00843_P00529,0.0
M00843_P00535,5.918706073052184
M00843_P00536,5.8005133437622405
M00843_P00542,5.999665874025171
M00843_P00543,6.970947106769905
M00843_P00991,7.788141542050156
M00843_P00993,4.579053812055275
M00843_P00997,0.0
M00843_P01000,5.980554544973844
M00843_P01010,6.275654241586551
M00844_P00761,6.487883380773661
M00844_P00772,0.0
M00844_P01201,6.256966126332706
M00844_P01209,6.028980929212971
M00844_P01210,5.8243274054888605
M00844_P01211,0.0
M00844_P01214,6.018797154169064
M00845_P00108,6.424679565175661
M00845_P00110,6.404066859316273
M00845_P00114,6.997580671777802
M00845_P00124,6.355809600614294
M00845_P00129,6.994879071917655
M00845_P00922,5.517298871185152
M00845_P00927,6.620808237043272
M00845_P00931,5.729512315030923
M00845_P00935,6.634071887271092
M00846_P00345,5.634304920887867
M00846_P00347,7.089911014416237
M00846_P00351,6.326158440613387
M00846_P00353,6.6250486856927076
M00846_P00359,6.208649309084976
M00846_P00362,6.346826677260423
M00846_P00705,5.984711430920337
M00846_P00707,0.0
M00846_P00716,0.0
M00846_P00718,0.0
M00846_P00724,0.0
M00846_P00728,6.989898510524797
M00847_P00478,5.802923084367328
M00847_P00479,7.172645402833097
M00847_P00486,0.0
M00847_P00491,6.0202074609397105
M00847_P00529,0.0
M00847_P00535,0.0
M00847_P00536,0.0
M00847_P00542,0.0
M00847_P00543,6.235936807651693
M00848_P00807,5.683876319734014
M00848_P00812,8.033502974720053
M00848_P00819,0.0
M00848_P00826,0.0
M00848_P00827,7.17144471532752
M00848_P00940,5.810421126720973
M00848_P00948,5.9450644095726775
M00848_P00950,6.579847165683435
M00848_P00951,6.688338205002629
M00848_P00959,0.0
M00848_P00962,7.03209097481469
M00849_P00079,7.198720685772708
M00849_P00082,0.0
M00849_P00087,6.73016388916634
M00849_P00097,6.267213613479308
M00849_P00102,0.0
M00849_P01120,6.458677700052415
M00850_P00761,7.7365791365525585
M00850_P00772,0.0
M00850_P01041,0.0
M00850_P01042,0.0
M00850_P01048,5.807824327861199
M00850_P01049,7.951747252394257
M00850_P01051,0.0
M00850_P01055,5.62322706572538
M00850_P01063,0.0
M00850_P01064,5.749723364512145
M00851_P00266,7.010796969308248
M00851_P00271,4.858245114265676
M00851_P00278,7.954041003127606
M00851_P00286,6.433463632609368
M00851_P00761,6.268452920756215
M00851_P00772,6.057311327309632
M00852_P00313,0.0
M00852_P00324,0.0
M00852_P00329,6.728456027120821
M00852_P00333,0.0
M00852_P00334,0.0
M00852_P00705,5.706191591469808
M00852_P00707,6.172662466893276
M00852_P00716,6.056042440383289
M00852_P00718,7.9223452068823415
M00852_P00724,0.0
M00852_P00728,5.635686009776186
M00853_P00515,5.670824485816369
M00853_P01070,6.318883719296225
M00853_P01074,6.440442328169765
M00853_P01082,6.987062210128571
M00854_P00136,6.75888222432718
M00854_P00141,8.04780956004611
M00854_P00148,0.0
M00854_P00156,6.767961231110258
M00854_P01099,6.2453395665559714
M00854_P01107,0.0
M00854_P01108,6.370413027397228
M00854_P01109,4.992105868575683
M00854_P01114,7.102967283879955
M00854_P01118,0.0
M00855_P00136,6.84996955114343
M00855_P00141,7.711820236377718
M00855_P00148,7.136498388048917
M00855_P00156,0.0
M00855_P00625,0.0
M00855_P00630,6.234379472684427
M00855_P00632,5.439270671196694
M00855_P00635,0.0
M00855_P00644,6.436921446744868
M00855_P00645,0.0
M00855_P00650,5.977682809049021
M00856_P00079,0.0
M00856_P00082,5.3165716993303365
M00856_P00087,6.952920182134483
M00856_P00097,6.716442893603819
M00856_P00102,5.646675156377429
M00856_P00678,5.850030979993529
M00856_P00679,0.0
M00856_P00680,0.0
M00856_P00681,6.015644380511158
M00856_P00683,0.0
M00856_P00694,6.226481103012524
M00857_P01146,7.48135235469994
M00857_P01157,4.9399649480141665
M00857_P01166,6.239477836303647
M00857_P01169,6.923291211554482
M00857_P01201,0.0
M00857_P01209,0.0
M00857_P01210,0.0
M00857_P01211,0.0
M00857_P01214,0.0
M00858_P00705,0.0
M00858_P00707,6.2253915788452705
M00858_P00716,0.0
M00858_P00718,0.0
M00858_P00724,0.0
M00858_P00728,6.345830749017144
M00858_P01099,0.0
M00858_P01107,0.0
M00858_P01108,6.403757787365135
M00858_P01109,0.0
M00858_P01114,6.701375726328718
M00858_P01118,0.0
M00859_P00011,0.0
M00859_P00024,0.0
M00859_P00368,0.0
M00859_P00372,0.0
M00859_P00378,6.203709964553382
M00859_P00382,5.466517028379545
M00859_P00383,0.0
M00860_P00209,6.698802186750078
M00860_P00210,0.0
M00860_P00211,0.0
M00860_P00219,6.088428160914998
M00860_P00221,0.0
M00860_P00222,5.9864898746106165
M00860_P00232,5.439206220879695
M00860_P00234,0.0
M00860_P00991,7.07227325570319
M00860_P00993,0.0
M00860_P00997,6.402924186081782
M00860_P01000,5.776685157055268
M00860_P01010,0.0
M00861_P00011,0.0
M00861_P00024,0.0
M00861_P00032,0.0
M00861_P00044,7.538222879840025
M00861_P00045,0.0
M00861_P00050,0.0
M00861_P00052,6.542546199959445
M00862_P00185,0.0
M00862_P00193,5.900364425089768
M00862_P00197,5.394641453927466
M00862_P00199,6.127086278059567
M00862_P00200,5.586014163938293
M00862_P00732,0.0
M00862_P00738,4.828192220238271
M00862_P00742,0.0
M00862_P00744,6.282529562871972
M00862_P00747,0.0
M00862_P00753,5.884326310620111
M00863_P00108,0.0
M00863_P00110,5.229912125577634
M00863_P00114,7.520016646227979
M00863_P00124,0.0
M00863_P00129,5.590328942041827
M00863_P00782,0.0
M00863_P00786,0.0
M00863_P00788,0.0
M00863_P00797,6.438606856657909
M00863_P00803,0.0
M00864_P00136,6.6874842846859766
M00864_P00141,0.0
M00864_P00148,6.598191923949647
M00864_P00156,0.0
M00864_P01223,0.0
M00864_P01234,0.0
M00864_P01236,0.0
M00864_P01241,5.758828567701756
M00864_P01242,6.158808511562385
M00865_P00529,0.0
M00865_P00535,0.0
M00865_P00536,5.354357276358403
M00865_P00542,6.154407270579319
M00865_P00543,6.566522520607973
M00865_P00625,6.632348970720168
M00865_P00630,0.0
M00865_P00632,6.651987045727601
M00865_P00635,5.666512459295696
M00865_P00644,0.0
M00865_P00645,0.0
M00865_P00650,6.7789689858694615
M00866_P00209,0.0
M00866_P00210,7.676625241008071
M00866_P00211,0.0
M00866_P00219,5.699298109697364
M00866_P00221,6.1358958990252574
M00866_P00222,0.0
M00866_P00232,0.0
M00866_P00234,8.365999507383048
M00866_P00625,0.0
M00866_P00630,4.788494602098923
M00866_P00632,6.112823134975125
M00866_P00635,0.0
M00866_P00644,0.0
M00866_P00645,6.83124618826442
M00866_P00650,0.0
M00867_P00108,0.0
M00867_P00110,6.342982478250544
M00867_P00114,6.87267577762867
M00867_P00124,6.958386788283226
M00867_P00129,5.952153996405134
M00867_P00888,5.668582042296721
M00867_P00889,0.0
M00867_P00893,5.380947545315917
M00867_P00894,5.943178510424095
M00867_P00895,6.803697838904575
M00867_P00901,0.0
M00867_P00909,0.0
M00868_P01020,0.0
M00868_P01034,5.110263263751038
M00868_P01037,0.0
M00868_P01038,6.281597766882343
M00868_P01099,0.0
M00868_P01107,6.710220306557828
M00868_P01108,0.0
M00868_P01109,6.961788564508636
M00868_P01114,5.528311231565759
M00868_P01118,0.0
M00869_P00574,0.0
M00869_P00579,6.716317139686513
M00869_P00582,6.8130072909630774
M00869_P00584,6.529688499311037
M00869_P00586,5.68906166901584
M00869_P00590,6.805059236647312
M00869_P01223,0.0
M00869_P01234,0.0
M00869_P01236,6.053190281521106
M00869_P01241,6.78153883908385
M00869_P01242,5.5419909050372365
M00870_P00678,0.0
M00870_P00679,7.687434167321409
M00870_P00680,7.180786974415181
M00870_P00681,6.003050329223808
M00870_P00683,0.0
M00870_P00694,0.0
M00870_P01041,0.0
M00870_P01042,6.422389973205297
M00870_P01048,0.0
M00870_P01049,6.3734070871783866
M00870_P01051,0.0
M00870_P01055,0.0
M00870_P01063,5.244671531171882
M00870_P01064,5.841635096848396
M00871_P00136,6.590743050356372
M00871_P00141,6.612676710403577
M00871_P00148,5.710342985938947
M00871_P00156,6.774361582024665
M00871_P00345,0.0
M00871_P00347,0.0
M00871_P00351,0.0
M00871_P00353,0.0
M00871_P00359,6.925181008627975
M00871_P00362,0.0
M00872_P00185,0.0
M00872_P00193,0.0
M00872_P00197,6.229428346127441
M00872_P00199,0.0
M00872_P00200,6.540422604163024
M00872_P00991,7.251387958653665
M00872_P00993,0.0
M00872_P00997,5.511773319349957
M00872_P01000,6.413417914708652
M00872_P01010,5.959346809286024
M00873_P00574,0.0
M00873_P00579,0.0
M00873_P00582,0.0
M00873_P00584,6.164655258140409
M00873_P00586,6.063864491499171
M00873_P00590,6.940546760269862
M00873_P00732,5.8527712078400445
M00873_P00738,5.819389525333345
M00873_P00742,0.0
M00873_P00744,6.270997504331252
M00873_P00747,7.508608550239982
M00873_P00753,6.842138026237473
M00874_P00391,0.0
M00874_P00399,0.0
M00874_P00410,0.0
M00874_P00416,6.631244805717771
M00874_P00478,5.4763773092495045
M00874_P00479,0.0
M00874_P00486,6.115607786121227
M00874_P00491,0.0
M00875_P00391,0.0
M00875_P00399,0.0
M00875_P00410,6.776212480614224
M00875_P00416,0.0
M00875_P00940,6.25583956327877
M00875_P00948,0.0
M00875_P00950,6.660292790510512
M00875_P00951,5.992102755833639
M00875_P00959,6.333818858167719
M00875_P00962,0.0
M00876_P00032,6.3452658515806215
M00876_P00044,5.91437312062062
M00876_P00045,6.87871282829219
M00876_P00050,0.0
M00876_P00052,0.0
M00876_P01146,0.0
M00876_P01157,5.770456408646806
M00876_P01166,0.0
M00876_P01169,6.699622208489864
M00877_P00345,0.0
M00877_P00347,0.0
M00877_P00351,6.729533706386263
M00877_P00353,6.356659729417767
M00877_P00359,0.0
M00877_P00362,0.0
M00877_P00888,0.0
M00877_P00889,6.377505895812102
M00877_P00893,5.846928872315202
M00877_P00894,6.161052225308169
M00877_P00895,0.0
M00877_P00901,6.603122624150342
M00877_P00909,0.0
M00878_P00655,5.806375223664469
M00878_P00662,0.0
M00878_P00666,0.0
M00878_P00668,5.45391868203138
M00878_P00669,6.091606890975109
M00878_P00673,0.0
M00878_P00674,0.0
M00878_P01223,4.926084967945235
M00878_P01234,0.0
M00878_P01236,0.0
M00878_P01241,6.3603281141332335
M00878_P01242,6.312232248786455
M00879_P00391,0.0
M00879_P00399,0.0
M00879_P00410,0.0
M00879_P00416,5.930288881158309
M00879_P00835,0.0
M00879_P00840,6.487607602753386
M00879_P00844,5.480183714326992
M00879_P00847,5.320088973029911
M00879_P00848,6.431243792501063
M00879_P00856,6.830465483795402
M00880_P00391,5.326965797768991
M00880_P00399,0.0
M00880_P00410,6.062033320063883
M00880_P00416,0.0
M00880_P00835,0.0
M00880_P00840,0.0
M00880_P00844,6.109702946683246
M00880_P00847,5.321001383234322
M00880_P00848,0.0
M00880_P00856,0.0
M00881_P00011,0.0
M00881_P00024,7.299519767984249
M00881_P00863,0.0
M00881_P00880,5.691494062894434
M00881_P00882,0.0
M00882_P00209,0.0
M00882_P00210,7.221829540530355
M00882_P00211,0.0
M00882_P00219,5.915305167769756
M00882_P00221,6.0187425270197155
M00882_P00222,6.458782011896036
M00882_P00232,0.0
M00882_P00234,6.9962595700735575
M00882_P00655,0.0
M00882_P00662,6.253973764801007
M00882_P00666,6.749259455265799
M00882_P00668,0.0
M00882_P00669,6.644880518761257
M00882_P00673,7.61185589675731
M00882_P00674,5.302512067772712
M00883_P00611,6.255579071138105
M00883_P00618,6.360469313230347
M00883_P00619,0.0
M00883_P00622,6.236228982154397
M00883_P00922,5.801894364155965
M00883_P00927,0.0
M00883_P00931,5.322176617142928
M00883_P00935,6.5616755531734094
M00884_P00108,5.90735824840551
M00884_P00110,0.0
M00884_P00114,6.801714690383017
M00884_P00124,0.0
M00884_P00129,6.0366588428516295
M00884_P00782,0.0
M00884_P00786,0.0
M00884_P00788,6.959554895459919
M00884_P00797,0.0
M00884_P00803,7.453520928255483
M00885_P00011,6.268193059404963
M00885_P00024,5.3265325847556895
M00885_P00443,0.0
M00885_P00448,0.0
M00885_P00452,0.0
M00885_P00462,6.217137936550159
M00885_P00463,0.0
M00885_P00465,0.0
M00885_P00468,0.0
M00886_P00079,0.0
M00886_P00082,0.0
M00886_P00087,7.281159847314884
M00886_P00097,5.448393121413223
M00886_P00102,5.318993751874236
M00886_P00678,6.134516643534983
M00886_P00679,0.0
M00886_P00680,6.147820225113358
M00886_P00681,0.0
M00886_P00683,0.0
M00886_P00694,0.0
M00887_P01041,0.0
M00887_P01042,4.897723596745203
M00887_P01048,6.588156916142
M00887_P01049,7.189326841935237
M00887_P01051,0.0
M00887_P01055,5.702533470547007
M00887_P01063,0.0
M00887_P01064,6.669813625948013
M00887_P01201,0.0
M00887_P01209,5.920073230967214
M00887_P01210,0.0
M00887_P01211,6.74463656003506
M00887_P01214,6.08412583152836
M00888_P00705,0.0
M00888_P00707,6.163181594064172
M00888_P00716,0.0
M00888_P00718,6.858534290400017
M00888_P00724,6.750989942697189
M00888_P00728,6.680523793791934
M00888_P01177,5.453682268284705
M00888_P01182,0.0
M00888_P01184,0.0
M00888_P01193,6.09730301620366
M00888_P01196,0.0
M00889_P00888,0.0
M00889_P00889,0.0
M00889_P00893,5.96368317046519
M00889_P00894,6.979216076725042
M00889_P00895,6.334610772853724
M00889_P00901,6.321383131249604
M00889_P00909,5.917557197171196
M00889_P01041,0.0
M00889_P01042,0.0
M00889_P01048,0.0
M00889_P01049,0.0
M00889_P01051,6.701634758094496
M00889_P01055,0.0
M00889_P01063,7.218902950971274
M00889_P01064,0.0
M00890_P00136,7.461069466429017
M00890_P00141,6.693010213152857
M00890_P00148,5.333318925212032
M00890_P00156,6.3610983573499125
M00890_P00443,0.0
M00890_P00448,0.0
M00890_P00452,6.374811206651649
M00890_P00462,0.0
M00890_P00463,6.425644593328993
M00890_P00465,5.856860342230781
M00890_P00468,5.396708234901067
M00891_P00345,0.0
M00891_P00347,0.0
M00891_P00351,5.783545195509977
M00891_P00353,6.323503294226839
M00891_P00359,6.966494465600965
M00891_P00362,0.0
M00891_P00835,6.947946680044585
M00891_P00840,0.0
M00891_P00844,5.255863060087045
M00891_P00847,5.87282120678618
M00891_P00848,0.0
M00891_P00856,6.053787413459319
M00892_P00655,6.700614990780279
M00892_P00662,5.977702380239205
M00892_P00666,6.4053945672946675
M00892_P00668,6.565539023936463
M00892_P00669,7.166015613675557
M00892_P00673,6.004284891750817
M00892_P00674,0.0
M00892_P00991,0.0
M00892_P00993,0.0
M00892_P00997,0.0
M00892_P01000,6.254364209186987
M00892_P01010,0.0
M00893_P00515,0.0
M00893_P01177,5.191973823528905
M00893_P01182,5.088765699959953
M00893_P01184,0.0
M00893_P01193,0.0
M00893_P01196,6.802982254217232
M00894_P00079,0.0
M00894_P00082,5.788861846490563
M00894_P00087,5.996954319439443
M00894_P00097,6.552648192459185
M00894_P00102,0.0
M00894_P00423,7.638415744013034
M00894_P00424,6.435523904077126
M00894_P00425,0.0
M00894_P00426,6.682315344858485
M00894_P00431,5.9910657332455495
M00894_P00436,0.0
M00894_P00440,5.909243373774412
M00895_P00185,0.0
M00895_P00193,0.0
M00895_P00197,0.0
M00895_P00199,6.916199976102864
M00895_P00200,5.913092556120387
M00895_P00782,0.0
M00895_P00786,0.0
M00895_P00788,0.0
M00895_P00797,6.679538224193121
M00895_P00803,6.3116680721546405
M00896_P00515,5.284467337962578
M00896_P01120,0.0
M00897_P00011,5.429030039562286
M00897_P00024,0.0
M00897_P00185,0.0
M00897_P00193,6.249314972857378
M00897_P00197,5.53161742219788
M00897_P00199,6.638350479566006
M00897_P00200,6.126921329030337
M00898_P00011,0.0
M00898_P00024,6.044435741098614
M00898_P01146,7.642897667725015
M00898_P01157,0.0
M00898_P01166,5.867914034357601
M00898_P01169,0.0
M00899_P00574,5.376797976417201
M00899_P00579,0.0
M00899_P00582,6.251740255969209
M00899_P00584,0.0
M00899_P00586,5.649818544329851
M00899_P00590,6.62906003987235
M00899_P00888,0.0
M00899_P00889,7.178548240244168
M00899_P00893,0.0
M00899_P00894,5.447846049259655
M00899_P00895,6.177928834962192
M00899_P00901,7.319665313289624
M00899_P00909,0.0
M00900_P00266,0.0
M00900_P00271,0.0
M00900_P00278,6.627590491328753
M00900_P00286,0.0
M00900_P00625,0.0
M00900_P00630,0.0
M00900_P00632,5.939473854562031
M00900_P00635,5.2933556866188045
M00900_P00644,0.0
M00900_P00645,0.0
M00900_P00650,5.806793406270792
M00901_P00185,0.0
M00901_P00193,6.177643378688918
M00901_P00197,6.469821207939033
M00901_P00199,0.0
M00901_P00200,5.770785836769492
M00901_P01201,6.437064255596138
M00901_P01209,3.8557621741414474
M00901_P01210,0.0
M00901_P01211,0.0
M00901_P01214,0.0
M00902_P00549,5.911106235961194
M00902_P00552,5.400850984457002
M00902_P00554,0.0
M00902_P00561,0.0
M00902_P00562,0.0
M00902_P00568,5.1434408280111334
M00902_P00732,6.241610877326284
M00902_P00738,0.0
M00902_P00742,0.0
M00902_P00744,5.685790123182181
M00902_P00747,7.289791108579191
M00902_P00753,5.839204608917754
M00903_P00423,7.085808975564963
M00903_P00424,0.0
M00903_P00425,6.646120339092453
M00903_P00426,0.0
M00903_P00431,0.0
M00903_P00436,0.0
M00903_P00440,6.112642560675156
M00903_P01201,5.894168882901937
M00903_P01209,0.0
M00903_P01210,0.0
M00903_P01211,0.0
M00903_P01214,5.806996124401524
M00904_P00761,0.0
M00904_P00772,5.853747028108688
M00904_P00807,0.0
M00904_P00812,7.651505524575675
M00904_P00819,5.539158584231739
M00904_P00826,6.491589296390962
M00904_P00827,0.0
M00905_P00079,0.0
M00905_P00082,0.0
M00905_P00087,6.108074108770426
M00905_P00097,6.4124833200023605
M00905_P00102,6.06759786286683
M00905_P00835,5.573282023475884
M00905_P00840,0.0
M00905_P00844,5.763253254425234
M00905_P00847,5.997954999597615
M00905_P00848,5.715781757961386
M00905_P00856,0.0
M00906_P00266,6.650279722188175
M00906_P00271,0.0
M00906_P00278,7.302862847963502
M00906_P00286,6.585906046630204
M00906_P00611,4.756659332620837
M00906_P00618,6.053037569005573
M00906_P00619,0.0
M00906_P00622,5.188885994834114
M00907_P00940,0.0
M00907_P00948,6.464612669102984
M00907_P00950,0.0
M00907_P00951,6.7669824512298975
M00907_P00959,0.0
M00907_P00962,7.460184376474316
M00907_P01146,0.0
M00907_P01157,5.926765041184712
M00907_P01166,6.818955595832754
M00907_P01169,5.7382844598873275
M00908_P00368,6.205368540524825
M00908_P00372,0.0
M00908_P00378,0.0
M00908_P00382,0.0
M00908_P00383,5.9779996648464655
M00908_P00863,5.019938949590794
M00908_P00880,6.337965558450246
M00908_P00882,7.256226437407537
M00909_P00011,0.0
M00909_P00024,0.0
M00909_P00423,6.7915289881433845
M00909_P00424,0.0
M00909_P00425,0.0
M00909_P00426,0.0
M00909_P00431,6.0077971205212695
M00909_P00436,6.483157101811696
M00909_P00440,6.320878791017088
M00910_P00611,0.0
M00910_P00618,0.0
M00910_P00619,0.0
M00910_P00622,0.0
M00910_P00655,0.0
M00910_P00662,6.3000638541864165
M00910_P00666,0.0
M00910_P00668,0.0
M00910_P00669,6.944486030407323
M00910_P00673,6.455834724402531
M00910_P00674,6.054470769233107
M00911_P00055,0.0
M00911_P00057,5.26977761757948
M00911_P00059,6.213024826174153
M00911_P00064,0.0
M00911_P00066,7.049092187783295
M00911_P00071,5.780564814863899
M00911_P00077,0.0
M00911_P00940,6.583110317507607
M00911_P00948,0.0
M00911_P00950,6.0088256723544795
M00911_P00951,6.701885250825266
M00911_P00959,5.462347890023096
M00911_P00962,6.7489763355169945
M00912_P00368,6.139639848088733
M00912_P00372,7.115251462946438
M00912_P00378,5.420336068922505
M00912_P00382,6.00147104263095
M00912_P00383,0.0
M00912_P00549,5.118541800365637
M00912_P00552,6.140208357161302
M00912_P00554,6.237585036394099
M00912_P00561,7.181080556001262
M00912_P00562,5.3238517918372334
M00912_P00568,0.0
M00913_P00529,6.049037275451515
M00913_P00535,0.0
M00913_P00536,5.745314939614208
M00913_P00542,6.464724055377896
M00913_P00543,0.0
M00913_P01201,5.192129482386016
M00913_P01209,6.764843172242921
M00913_P01210,5.829639084762855
M00913_P01211,0.0
M00913_P01214,5.954265883600734
M00914_P00611,0.0
M00914_P00618,6.378989211745732
M00914_P00619,6.033978315451469
M00914_P00622,5.135312144137575
M00914_P00940,6.309766539269833
M00914_P00948,5.726704391539645
M00914_P00950,6.867754845804063
M00914_P00951,6.723703527818917
M00914_P00959,6.528401970957015
M00914_P00962,6.278478320981688
M00915_P00287,0.0
M00915_P00290,5.37782871471555
M00915_P00291,0.0
M00915_P00295,7.4464708655855
M00915_P00297,0.0
M00915_P00298,6.01811658244072
M00915_P00299,5.464411259376506
M00915_P00304,0.0
M00915_P00307,0.0
M00915_P00309,6.0115004354480455
M00915_P00310,5.6541137092105584
M00915_P00391,0.0
M00915_P00399,0.0
M00915_P00410,0.0
M00915_P00416,6.904206691717667
M00916_P00108,4.164936344001284
M00916_P00110,6.237647310564283
M00916_P00114,7.569323232912381
M00916_P00124,5.940060743088497
M00916_P00129,0.0
M00916_P00655,0.0
M00916_P00662,5.732908755072084
M00916_P00666,6.273979347562184
M00916_P00668,0.0
M00916_P00669,0.0
M00916_P00673,6.254942034191601
M00916_P00674,0.0
M00917_P00515,0.0
M00917_P00549,0.0
M00917_P00552,0.0
M00917_P00554,0.0
M00917_P00561,7.8350480761792936
M00917_P00562,6.240841411451535
M00917_P00568,0.0
M00918_P00011,6.095012042596409
M00918_P00024,5.710778682451966
M00918_P00625,6.106046809658728
M00918_P00630,6.331006666521899
M00918_P00632,7.004433165754061
M00918_P00635,6.5340698943991775
M00918_P00644,7.218183188807548
M00918_P00645,0.0
M00918_P00650,6.592460266562758
M00919_P00515,4.977413333266591
M00919_P00940,5.3071839105375656
M00919_P00948,0.0
M00919_P00950,0.0
M00919_P00951,6.599156615296321
M00919_P00959,0.0
M00919_P00962,6.505208062748074
M00920_P00611,6.398207670452871
M00920_P00618,6.3202085815525235
M00920_P00619,0.0
M00920_P00622,0.0
M00920_P00761,6.235225278163324
M00920_P00772,5.486040115814855
M00921_P00313,0.0
M00921_P00324,7.121766807116295
M00921_P00329,6.219905765667018
M00921_P00333,5.866996010531199
M00921_P00334,0.0
M00921_P01223,5.1049026511773095
M00921_P01234,6.054392656864888
M00921_P01236,5.479466798685944
M00921_P01241,0.0
M00921_P01242,5.188253752092749
M00922_P00011,0.0
M00922_P00024,6.774887021465265
M00922_P00241,5.231360472556223
M00922_P00244,0.0
M00922_P00245,6.30414609956569
M00922_P00248,7.170743470525009
M00922_P00255,0.0
M00922_P00260,6.310738404619657
M00923_P00368,4.416381959041556
M00923_P00372,7.30697436917749
M00923_P00378,6.334415574988921
M00923_P00382,5.830094379610313
M00923_P00383,6.688569486942935
M00923_P00922,7.5792734450866455
M00923_P00927,5.917953718259679
M00923_P00931,5.631922991804187
M00923_P00935,0.0
M00924_P00011,6.0484238908000965
M00924_P00024,6.120107543460757
M00924_P00549,6.634308436300343
M00924_P00552,0.0
M00924_P00554,6.681011790966813
M00924_P00561,7.817314526268302
M00924_P00562,6.278018953370079
M00924_P00568,0.0
M00925_P01201,5.828502637622711
M00925_P01209,6.179559401325636
M00925_P01210,5.221876705852884
M00925_P01211,6.290299369935067
M00925_P01214,0.0
M00925_P01223,5.451586382361643
M00925_P01234,6.723378882004949
M00925_P01236,5.7966618929694125
M00925_P01241,6.693325050476458
M00925_P01242,6.020853065047664
M00926_P00345,6.4130179688169076
M00926_P00347,5.984130349382623
M00926_P00351,6.237999018092842
M00926_P00353,0.0
M00926_P00359,6.479406122416615
M00926_P00362,6.163671341050432
M00926_P00888,0.0
M00926_P00889,5.1464268988022255
M00926_P00893,5.605302716499641
M00926_P00894,0.0
M00926_P00895,0.0
M00926_P00901,0.0
M00926_P00909,6.502913805871063
M00927_P00079,7.2906332394744995
M00927_P00082,0.0
M00927_P00087,0.0
M00927_P00097,0.0
M00927_P00102,0.0
M00927_P00807,0.0
M00927_P00812,0.0
M00927_P00819,0.0
M00927_P00826,6.605524632587664
M00927_P00827,7.672934649165596
M00928_P00055,0.0
M00928_P00057,5.661407789803738
M00928_P00059,5.883795328868365
M00928_P00064,5.650183296470315
M00928_P00066,6.838613506001205
M00928_P00071,0.0
M00928_P00077,5.828759721891788
M00928_P00136,6.794936122033643
M00928_P00141,7.673503731543426
M00928_P00148,5.973507291869726
M00928_P00156,0.0
M00929_P00611,0.0
M00929_P00618,0.0
M00929_P00619,5.704840215777829
M00929_P00622,0.0
M00929_P01146,7.4112742602379145
M00929_P01157,6.387233452956476
M00929_P01166,0.0
M00929_P01169,5.488540354154292
M00930_P00157,6.213349644029658
M00930_P00159,0.0
M00930_P00164,0.0
M00930_P00169,0.0
M00930_P00171,6.8941254436561765
M00930_P00175,0.0
M00930_P00965,6.277588607910313
M00930_P00966,0.0
M00930_P00975,6.443495516060348
M00930_P00978,0.0
M00930_P00980,0.0
M00930_P00986,0.0
M00931_P00655,6.232070023043517
M00931_P00662,5.821481062788215
M00931_P00666,0.0
M00931_P00668,0.0
M00931_P00669,5.814548193000321
M00931_P00673,6.606287420570062
M00931_P00674,0.0
M00931_P01041,0.0
M00931_P01042,5.998391145220225
M00931_P01048,6.380083065147158
M00931_P01049,6.744580974058345
M00931_P01051,6.498209783902872
M00931_P01055,0.0
M00931_P01063,5.600042355785343
M00931_P01064,0.0
M00932_P00705,0.0
M00932_P00707,6.595594051448669
M00932_P00716,7.708218117045972
M00932_P00718,7.514789878329709
M00932_P00724,0.0
M00932_P00728,0.0
M00932_P01120,4.643590044025163
M00933_P00423,0.0
M00933_P00424,6.524075317395983
M00933_P00425,5.3669720399559795
M00933_P00426,4.777509098669733
M00933_P00431,5.8806775314075095
M00933_P00436,5.5695867628745654
M00933_P00440,0.0
M00933_P00478,5.135975678461789
M00933_P00479,0.0
M00933_P00486,5.715070579059495
M00933_P00491,6.559782682962085
M00934_P00529,0.0
M00934_P00535,5.616264278234028
M00934_P00536,0.0
M00934_P00542,5.305254697061921
M00934_P00543,0.0
M00934_P01146,0.0
M00934_P01157,5.405591387070883
M00934_P01166,0.0
M00934_P01169,5.764229371747509
M00935_P00368,5.35984891656847
M00935_P00372,0.0
M00935_P00378,6.037008048912697
M00935_P00382,0.0
M00935_P00383,6.875265101427637
M00935_P00443,0.0
M00935_P00448,6.307474319911226
M00935_P00452,6.351345582000907
M00935_P00462,6.5120030104569135
M00935_P00463,6.916296117359585
M00935_P00465,5.664993400693352
M00935_P00468,6.239749862689937
M00936_P00209,5.705451545262984
M00936_P00210,0.0
M00936_P00211,0.0
M00936_P00219,5.300400566553525
M00936_P00221,5.614319388716106
M00936_P00222,6.467360289380173
M00936_P00232,0.0
M00936_P00234,8.429568679696855
M00936_P00991,6.693639174548027
M00936_P00993,5.996288863562335
M00936_P00997,0.0
M00936_P01000,6.5593263864324935
M00936_P01010,0.0
M00937_P00157,6.506643182974314
M00937_P00159,0.0
M00937_P00164,6.2884574638387924
M00937_P00169,5.444714275243758
M00937_P00171,7.038185946594134
M00937_P00175,0.0
M00937_P00287,0.0
M00937_P00290,5.960521462520426
M00937_P00291,5.364717553965435
M00937_P00295,0.0
M00937_P00297,5.350962643947679
M00937_P00298,5.139210092184712
M00937_P00299,0.0
M00937_P00304,6.223375980352615
M00937_P00307,6.393976571923434
M00937_P00309,7.178120382731954
M00937_P00310,5.9309247720921965
M00938_P00529,5.231041762400331
M00938_P00535,6.403728380889406
M00938_P00536,5.768579392804363
M00938_P00542,0.0
M00938_P00543,6.445378314272718
M00938_P00705,0.0
M00938_P00707,0.0
M00938_P00716,6.149477440932187
M00938_P00718,0.0
M00938_P00724,0.0
M00938_P00728,0.0
M00939_P00345,6.226007983583646
M00939_P00347,0.0
M00939_P00351,0.0
M00939_P00353,5.866991809489607
M00939_P00359,6.576613140839538
M00939_P00362,5.76252402152074
M00939_P00761,0.0
M00939_P00772,5.755369287781989
M00940_P00185,5.669332175093933
M00940_P00193,5.810563296343834
M00940_P00197,0.0
M00940_P00199,6.506659434700885
M00940_P00200,0.0
M00940_P00423,0.0
M00940_P00424,6.548844543078065
M00940_P00425,6.652080749939162
M00940_P00426,5.46145575285114
M00940_P00431,5.750328847918147
M00940_P00436,0.0
M00940_P00440,6.309926891523489
M00941_P00515,4.898893889681276
M00941_P01120,0.0
M00942_P00345,0.0
M00942_P00347,6.479282868270068
M00942_P00351,7.279133014100933
M00942_P00353,6.528417461905756
M00942_P00359,0.0
M00942_P00362,5.693557320618977
M00942_P00549,0.0
M00942_P00552,0.0
M00942_P00554,0.0
M00942_P00561,6.306800451113457
M00942_P00562,5.251811278922648
M00942_P00568,6.206792874514469
M00943_P00391,0.0
M00943_P00399,6.408279426023255
M00943_P00410,0.0
M00943_P00416,0.0
M00943_P01177,6.055540481154838
M00943_P01182,0.0
M00943_P01184,6.6359995265704
M00943_P01193,6.581705585167522
M00943_P01196,0.0
M00944_P00079,0.0
M00944_P00082,0.0
M00944_P00087,5.652598820256678
M00944_P00097,5.811048955672663
M00944_P00102,6.025921612805842
M00944_P00835,6.358706447737354
M00944_P00840,4.666128763629951
M00944_P00844,5.827647809046187
M00944_P00847,0.0
M00944_P00848,6.250579317214713
M00944_P00856,5.955009441813969
M00945_P00287,0.0
M00945_P00290,6.051947085931587
M00945_P00291,5.830518872705277
M00945_P00295,0.0
M00945_P00297,5.266879670257846
M00945_P00298,5.41725626233383
M00945_P00299,0.0
M00945_P00304,0.0
M00945_P00307,6.579102718085568
M00945_P00309,5.41517501586603
M00945_P00310,0.0
M00945_P00423,7.970765730849727
M00945_P00424,0.0
M00945_P00425,0.0
M00945_P00426,5.153457537087882
M00945_P00431,0.0
M00945_P00436,0.0
M00945_P00440,6.59921275232035
M00946_P00732,6.358721044810766
M00946_P00738,0.0
M00946_P00742,0.0
M00946_P00744,6.008531873854018
M00946_P00747,7.18358888204755
M00946_P00753,6.888647329855254
M00946_P00940,0.0
M00946_P00948,5.556254759221206
M00946_P00950,6.673158511126064
M00946_P00951,6.7032514790515005
M00946_P00959,0.0
M00946_P00962,6.7907555180756685
M00947_P00157,0.0
M00947_P00159,0.0
M00947_P00164,0.0
M00947_P00169,5.117621153118242
M00947_P00171,0.0
M00947_P00175,5.775530334762652
M00947_P00782,0.0
M00947_P00786,4.380785281433425
M00947_P00788,0.0
M00947_P00797,5.670907028808204
M00947_P00803,0.0
M00948_P00011,0.0
M00948_P00024,5.4433467193722445
M00948_P00185,0.0
M00948_P00193,6.938487160921436
M00948_P00197,5.460812402194838
M00948_P00199,0.0
M00948_P00200,0.0
M00949_P00209,0.0
M00949_P00210,8.033341837033145
M00949_P00211,0.0
M00949_P00219,0.0
M00949_P00221,6.591171377017307
M00949_P00222,0.0
M00949_P00232,0.0
M00949_P00234,7.3234336247318925
M00949_P00345,5.570205487661392
M00949_P00347,6.454493821945483
M00949_P00351,6.238052672179458
M00949_P00353,6.323345493325649
M00949_P00359,6.017594514822308
M00949_P00362,4.849948217126742
M00950_P01041,0.0
M00950_P01042,6.121963140165486
M00950_P01048,5.520999630487643
M00950_P01049,0.0
M00950_P01051,5.967263379925748
M00950_P01055,6.247430046074576
M00950_P01063,6.1014876593744525
M00950_P01064,6.778412505116788
M00950_P01120,0.0
M00951_P00965,0.0
M00951_P00966,6.056534001651121
M00951_P00975,7.315603828174398
M00951_P00978,6.626052783755478
M00951_P00980,0.0
M00951_P00986,6.840740602024179
M00951_P00991,8.083341818169123
M00951_P00993,5.700470551877378
M00951_P00997,6.3298090601350845
M00951_P01000,0.0
M00951_P01010,6.49545908325461
M00952_P00032,6.560673138360026
M00952_P00044,7.032059290210326
M00952_P00045,6.625084367691121
M00952_P00050,6.9257520960574155
M00952_P00052,0.0
M00952_P00136,0.0
M00952_P00141,6.773742411580665
M00952_P00148,5.3318126692443535
M00952_P00156,6.665646938539567
M00953_P00136,7.922370126595771
M00953_P00141,0.0
M00953_P00148,6.774765253817728
M00953_P00156,0.0
M00953_P00209,0.0
M00953_P00210,0.0
M00953_P00211,5.271691225484045
M00953_P00219,0.0
M00953_P00221,6.939270613297516
M00953_P00222,6.209673268853174
M00953_P00232,5.896058445833939
M00953_P00234,0.0
M00954_P00055,6.595354948667201
M00954_P00057,0.0
M00954_P00059,5.803788989448227
M00954_P00064,5.85618040689448
M00954_P00066,0.0
M00954_P00071,6.083621211978655
M00954_P00077,0.0
M00954_P00782,0.0
M00954_P00786,5.820952855619038
M00954_P00788,0.0
M00954_P00797,7.398884149752653
M00954_P00803,5.376986000053888
M00955_P00705,0.0
M00955_P00707,0.0
M00955_P00716,6.467373790544692
M00955_P00718,0.0
M00955_P00724,6.25942508136192
M00955_P00728,6.714769987573733
M00955_P00940,5.902315404495722
M00955_P00948,7.043411104097324
M00955_P00950,6.229490858888052
M00955_P00951,5.568401184980653
M00955_P00959,0.0
M00955_P00962,6.39107407736378
M00956_P00032,5.901313214091986
M00956_P00044,5.746640632309695
M00956_P00045,0.0
M00956_P00050,5.749809610562993
M00956_P00052,0.0
M00956_P00807,6.4437344367074125
M00956_P00812,7.172502061522386
M00956_P00819,0.0
M00956_P00826,5.833303032072339
M00956_P00827,7.465848991094106
M00957_P00287,0.0
M00957_P00290,6.470728608106962
M00957_P00291,5.384198120830698
M00957_P00295,6.989162525267699
M00957_P00297,0.0
M00957_P00298,5.054123215987164
M00957_P00299,4.7489596728444745
M00957_P00304,5.568013211109721
M00957_P00307,5.886168692868945
M00957_P00309,5.2298139038883695
M00957_P00310,0.0
M00957_P00611,0.0
M00957_P00618,0.0
M00957_P00619,0.0
M00957_P00622,0.0
M00958_P00443,0.0
M00958_P00448,0.0
M00958_P00452,6.198480437568509
M00958_P00462,0.0
M00958_P00463,6.179563627930901
M00958_P00465,6.9071458317166945
M00958_P00468,5.842434034927852
M00958_P00478,6.012243970941594
M00958_P00479,6.588606124451599
M00958_P00486,6.293937258067843
M00958_P00491,6.1290027118184796
M00959_P00055,0.0
M00959_P00057,6.811064312420116
M00959_P00059,6.2300239367444465
M00959_P00064,0.0
M00959_P00066,7.582730167081899
M00959_P00071,6.094439224420758
M00959_P00077,6.681735094329422
M00959_P01041,0.0
M00959_P01042,7.3203770596059226
M00959_P01048,6.34501656734703
M00959_P01049,7.841693764651072
M00959_P01051,5.082991873524741
M00959_P01055,0.0
M00959_P01063,6.715607514803712
M00959_P01064,5.9292047364258735
M00960_P00478,6.174508963632285
M00960_P00479,7.147347242792391
M00960_P00486,0.0
M00960_P00491,0.0
M00960_P01070,6.139697372927509
M00960_P01074,0.0
M00960_P01082,0.0
M00961_P00782,5.951529759114452
M00961_P00786,5.504194840694629
M00961_P00788,7.640179116794247
M00961_P00797,6.092570587014545
M00961_P00803,6.047234534896925
M00961_P00922,0.0
M00961_P00927,6.035288178172647
M00961_P00931,4.912439004969621
M00961_P00935,0.0
M00962_P00443,0.0
M00962_P00448,5.416124121799676
M00962_P00452,6.283195845918451
M00962_P00462,0.0
M00962_P00463,0.0
M00962_P00465,6.4289972386869465
M00962_P00468,6.116867587289263
M00962_P00655,0.0
M00962_P00662,5.255127356589683
M00962_P00666,6.821900827910861
M00962_P00668,5.507974986332055
M00962_P00669,6.225929613455639
M00962_P00673,0.0
M00962_P00674,0.0
M00963_P00313,0.0
M00963_P00324,6.63222026908929
M00963_P00329,5.638861507808689
M00963_P00333,6.553530649438312
M00963_P00334,0.0
M00963_P01099,0.0
M00963_P01107,0.0
M00963_P01108,6.657084818422132
M00963_P01109,5.81793574057806
M00963_P01114,0.0
M00963_P01118,6.063971287574461
M00964_P00888,0.0
M00964_P00889,6.089639171348533
M00964_P00893,5.210916950015308
M00964_P00894,5.359209750480191
M00964_P00895,6.128645562870724
M00964_P00901,0.0
M00964_P00909,6.505795735991478
M00964_P01041,0.0
M00964_P01042,0.0
M00964_P01048,0.0
M00964_P01049,0.0
M00964_P01051,6.305694369953462
M00964_P01055,0.0
M00964_P01063,5.843774008056204
M00964_P01064,6.012220037831894
M00965_P00625,0.0
M00965_P00630,6.280343102919578
M00965_P00632,6.464379358336531
M00965_P00635,0.0
M00965_P00644,7.290223602481765
M00965_P00645,0.0
M00965_P00650,0.0
M00965_P01201,0.0
M00965_P01209,0.0
M00965_P01210,0.0
M00965_P01211,6.880730120009088
M00965_P01214,6.259815595071097
M00966_P00807,6.0114809935604745
M00966_P00812,0.0
M00966_P00819,7.6826386469492505
M00966_P00826,6.078076515716115
M00966_P00827,0.0
M00966_P00888,5.69701965202796
M00966_P00889,5.885000544462634
M00966_P00893,0.0
M00966_P00894,0.0
M00966_P00895,0.0
M00966_P00901,8.115592473552917
M00966_P00909,0.0
M00967_P00443,6.113017893830992
M00967_P00448,5.522042422190609
M00967_P00452,6.758294088429459
M00967_P00462,0.0
M00967_P00463,5.883868342187625
M00967_P00465,6.739201225197231
M00967_P00468,5.542668514939751
M00967_P00625,0.0
M00967_P00630,6.465168637067786
M00967_P00632,7.25814918947901
M00967_P00635,0.0
M00967_P00644,6.009331350169159
M00967_P00645,6.757966087386214
M00967_P00650,6.430542391468227
M00968_P00529,5.332252213813316
M00968_P00535,0.0
M00968_P00536,5.756124720723526
M00968_P00542,6.287962144351474
M00968_P00543,0.0
M00968_P01020,0.0
M00968_P01034,6.510218011287367
M00968_P01037,5.836151897545675
M00968_P01038,6.955714336379371
M00969_P00079,6.096659932972574
M00969_P00082,0.0
M00969_P00087,0.0
M00969_P00097,6.459128621637841
M00969_P00102,5.487354162984359
M00969_P00443,0.0
M00969_P00448,0.0
M00969_P00452,0.0
M00969_P00462,0.0
M00969_P00463,5.974654100002078
M00969_P00465,0.0
M00969_P00468,6.65969338796494
M00970_P00368,5.0229041173213105
M00970_P00372,6.6306023790476765
M00970_P00378,5.534053904405124
M00970_P00382,7.326491595736248
M00970_P00383,7.0591229126216515
M00970_P00965,0.0
M00970_P00966,0.0
M00970_P00975,0.0
M00970_P00978,0.0
M00970_P00980,6.338489959423961
M00970_P00986,6.4849303826116325
M00971_P00391,0.0
M00971_P00399,6.109171123372929
M00971_P00410,0.0
M00971_P00416,0.0
M00971_P01120,5.787267289120078
M00972_P00079,0.0
M00972_P00082,6.328872619803176
M00972_P00087,5.913687405347649
M00972_P00097,5.816754108302967
M00972_P00102,0.0
M00972_P00888,0.0
M00972_P00889,5.451486009650317
M00972_P00893,5.92944565337254
M00972_P00894,0.0
M00972_P00895,6.8986295765526275
M00972_P00901,0.0
M00972_P00909,6.888239821860278
M00973_P00625,0.0
M00973_P00630,6.098512002321763
M00973_P00632,6.522769224500858
M00973_P00635,6.730932402373868
M00973_P00644,0.0
M00973_P00645,5.844561339288279
M00973_P00650,0.0
M00973_P00940,6.256430325238991
M00973_P00948,5.417704164573737
M00973_P00950,6.339027466558664
M00973_P00951,0.0
M00973_P00959,6.2406584947871515
M00973_P00962,0.0
M00974_P00287,0.0
M00974_P00290,7.182629083152569
M00974_P00291,5.647515929140697
M00974_P00295,7.743349441559938
M00974_P00297,0.0
M00974_P00298,6.380763553975444
M00974_P00299,6.871196389956405
M00974_P00304,6.960085824082393
M00974_P00307,5.865774495406382
M00974_P00309,0.0
M00974_P00310,0.0
M00974_P00423,7.423460463638562
M00974_P00424,0.0
M00974_P00425,5.5498393659488015
M00974_P00426,0.0
M00974_P00431,5.1634220486698466
M00974_P00436,6.115233189252317
M00974_P00440,0.0
M00975_P01146,6.927563269801605
M00975_P01157,0.0
M00975_P01166,6.626891565166214
M00975_P01169,5.828621018272167
M00975_P01223,6.60709489171757
M00975_P01234,0.0
M00975_P01236,0.0
M00975_P01241,0.0
M00975_P01242,4.802764500922559
M00976_P01146,0.0
M00976_P01157,0.0
M00976_P01166,6.615559182899206
M00976_P01169,5.987028155333401
M00976_P01177,6.168213098236647
M00976_P01182,0.0
M00976_P01184,5.967790087384908
M00976_P01193,5.413973083388844
M00976_P01196,0.0
M00977_P00313,0.0
M00977_P00324,6.571936416876348
M00977_P00329,5.56141154102421
M00977_P00333,6.711468397047651
M00977_P00334,6.316293490456843
M00977_P00940,5.623761462982271
M00977_P00948,5.175522834615662
M00977_P00950,7.256719599096544
M00977_P00951,5.996867673954664
M00977_P00959,0.0
M00977_P00962,6.454810518491982
M00978_P00287,6.457200995824319
M00978_P00290,6.591636643939979
M00978_P00291,5.143604274887358
M00978_P00295,6.8465837100036255
M00978_P00297,5.6646556705321665
M00978_P00298,0.0
M00978_P00299,5.318985006098801
M00978_P00304,6.4141199927433075
M00978_P00307,6.044443019130036
M00978_P00309,0.0
M00978_P00310,7.123477529193753
M00978_P00835,6.105553848684546
M00978_P00840,5.837819642428389
M00978_P00844,5.858811531137772
M00978_P00847,0.0
M00978_P00848,0.0
M00978_P00856,0.0
M00979_P00079,7.167319766592436
M00979_P00082,6.374697004384642
M00979_P00087,6.730797970439544
M00979_P00097,7.50115222365123
M00979_P00102,5.905178998924787
M00979_P00391,0.0
M00979_P00399,5.779933935758909
M00979_P00410,5.719158675267839
M00979_P00416,5.501415983334513
M00980_P00032,0.0
M00980_P00044,7.38284455189847
M00980_P00045,5.126910693987299
M00980_P00050,0.0
M00980_P00052,5.717044162276622
M00980_P00888,0.0
M00980_P00889,4.74248059901245
M00980_P00893,5.506717468428791
M00980_P00894,6.140139176003436
M00980_P00895,0.0
M00980_P00901,0.0
M00980_P00909,0.0
M00981_P00549,0.0
M00981_P00552,5.884426899164456
M00981_P00554,0.0
M00981_P00561,7.108418168458219
M00981_P00562,5.780930385762144
M00981_P00568,6.943197982384498
M00981_P01041,0.0
M00981_P01042,0.0
M00981_P01048,5.698946624763466
M00981_P01049,8.295398670123335
M00981_P01051,0.0
M00981_P01055,6.823676452806589
M00981_P01063,0.0
M00981_P01064,6.71193308301004
M00982_P00549,0.0
M00982_P00552,4.864468893816947
M00982_P00554,7.9237914089070065
M00982_P00561,0.0
M00982_P00562,6.793026008665981
M00982_P00568,6.062920636504379
M00982_P01201,0.0
M00982_P01209,6.102902056174049
M00982_P01210,6.117832715455526
M00982_P01211,0.0
M00982_P01214,6.085465496401481
M00983_P00032,6.203254354534097
M00983_P00044,6.877466166426577
M00983_P00045,0.0
M00983_P00050,0.0
M00983_P00052,0.0
M00983_P00079,7.541062277390298
M00983_P00082,0.0
M00983_P00087,0.0
M00983_P00097,0.0
M00983_P00102,6.453283230683209
M00984_P00185,5.784518002651495
M00984_P00193,0.0
M00984_P00197,5.574522009625107
M00984_P00199,6.745143311570465
M00984_P00200,0.0
M00984_P00888,6.927740152677912
M00984_P00889,0.0
M00984_P00893,0.0
M00984_P00894,6.26820414468036
M00984_P00895,5.685384872893362
M00984_P00901,7.163484130432414
M00984_P00909,5.606207251229807
M00985_P00611,6.276325068708343
M00985_P00618,0.0
M00985_P00619,0.0
M00985_P00622,0.0
M00985_P01201,6.0379918929006005
M00985_P01209,6.074196248560616
M00985_P01210,6.210831784428182
M00985_P01211,7.558315124600111
M00985_P01214,6.001252048186266
M00986_P00157,5.469714627514962
M00986_P00159,0.0
M00986_P00164,0.0
M00986_P00169,6.049138910123563
M00986_P00171,0.0
M00986_P00175,6.173771124711835
M00986_P00965,0.0
M00986_P00966,6.398731487044182
M00986_P00975,7.055686493004185
M00986_P00978,0.0
M00986_P00980,0.0
M00986_P00986,0.0
M00987_P00209,0.0
M00987_P00210,7.1849502008246855
M00987_P00211,0.0
M00987_P00219,0.0
M00987_P00221,0.0
M00987_P00222,5.360289716762751
M00987_P00232,5.413969800993666
M00987_P00234,0.0
M00987_P00529,6.790791272544076
M00987_P00535,6.771679316255711
M00987_P00536,6.1701379749526195
M00987_P00542,0.0
M00987_P00543,0.0
M00988_P00807,6.6413777341862295
M00988_P00812,7.142812228164975
M00988_P00819,5.884446555988818
M00988_P00826,6.2844793582309535
M00988_P00827,6.769391110723896
M00988_P01041,6.3029515012170085
M00988_P01042,0.0
M00988_P01048,6.546713826014071
M00988_P01049,7.229135409755875
M00988_P01051,6.535017162864346
M00988_P01055,5.507829051330795
M00988_P01063,0.0
M00988_P01064,0.0
M00989_P00287,0.0
M00989_P00290,4.759407262291575
M00989_P00291,6.018449783103499
M00989_P00295,7.075956094138202
M00989_P00297,6.909414017931774
M00989_P00298,0.0
M00989_P00299,6.574521574434638
M00989_P00304,0.0
M00989_P00307,5.71438243313148
M00989_P00309,6.569065095958135
M00989_P00310,0.0
M00989_P01201,4.979740911422262
M00989_P01209,0.0
M00989_P01210,5.613926131439338
M00989_P01211,0.0
M00989_P01214,0.0
M00990_P00368,5.455121965964232
M00990_P00372,6.235613574138137
M00990_P00378,4.889495946530808
M00990_P00382,0.0
M00990_P00383,5.488324804843512
M00990_P01120,0.0
M00991_P00515,6.077693673720073
M00991_P00625,6.465273732338379
M00991_P00630,5.753866173256337
M00991_P00632,6.34586881487176
M00991_P00635,0.0
M00991_P00644,0.0
M00991_P00645,6.192518171238581
M00991_P00650,6.104885127906663
M00992_P00209,5.600449212670446
M00992_P00210,0.0
M00992_P00211,0.0
M00992_P00219,0.0
M00992_P00221,6.747719419303276
M00992_P00222,0.0
M00992_P00232,7.068529973187542
M00992_P00234,7.241937228514519
M00992_P00313,0.0
M00992_P00324,6.719519225748636
M00992_P00329,7.037558758617429
M00992_P00333,6.662923344354858
M00992_P00334,6.930602632861359
M00993_P00940,5.242106176285117
M00993_P00948,4.985132099938058
M00993_P00950,6.6504113218416245
M00993_P00951,5.394005458977806
M00993_P00959,0.0
M00993_P00962,6.8104868413689905
M00993_P01146,0.0
M00993_P01157,6.693188951993743
M00993_P01166,0.0
M00993_P01169,5.57920179623156
M00994_P00287,0.0
M00994_P00290,5.642089667758918
M00994_P00291,0.0
M00994_P00295,6.837774053006253
M00994_P00297,6.128064099914542
M00994_P00298,0.0
M00994_P00299,6.188691420420789
M00994_P00304,5.332269516099869
M00994_P00307,0.0
M00994_P00309,5.712027228769117
M00994_P00310,0.0
M00994_P01020,7.613746947847132
M00994_P01034,5.283755698272211
M00994_P01037,6.633850108839751
M00994_P01038,5.945056528780629
M00995_P00940,5.883887369954935
M00995_P00948,6.655389879599647
M00995_P00950,0.0
M00995_P00951,6.2448958608241005
M00995_P00959,5.163248237360449
M00995_P00962,0.0
M00995_P01041,0.0
M00995_P01042,0.0
M00995_P01048,5.500337267928907
M00995_P01049,0.0
M00995_P01051,6.661558437195761
M00995_P01055,6.5273944145499465
M00995_P01063,5.653890660746135
M00995_P01064,5.079740957020802
M00996_P00241,0.0
M00996_P00244,5.124188054055262
M00996_P00245,7.393639598893452
M00996_P00248,0.0
M00996_P00255,7.599431473969719
M00996_P00260,0.0
M00996_P00574,0.0
M00996_P00579,0.0
M00996_P00582,7.153236663656282
M00996_P00584,6.458897486570295
M00996_P00586,0.0
M00996_P00590,0.0
M00997_P00391,0.0
M00997_P00399,0.0
M00997_P00410,6.709860287641676
M00997_P00416,0.0
M00997_P00611,0.0
M00997_P00618,5.863137831192878
M00997_P00619,5.44430775014426
M00997_P00622,6.690899734117878
M00998_P00136,7.778968546336284
M00998_P00141,0.0
M00998_P00148,0.0
M00998_P00156,0.0
M00998_P01041,0.0
M00998_P01042,6.4970617220584765
M00998_P01048,5.981389668688868
M00998_P01049,7.753180592701039
M00998_P01051,6.968022771554966
M00998_P01055,4.713306257624511
M00998_P01063,6.10716048166504
M00998_P01064,5.857724217035589
M00999_P00011,6.055303681600425
M00999_P00024,7.0462414522513726
M00999_P00732,6.227081405221545
M00999_P00738,0.0
M00999_P00742,6.640218967980561
M00999_P00744,0.0
M00999_P00747,7.5865096206979965
M00999_P00753,5.143263947853291
M01000_P00391,0.0
M01000_P00399,7.101829337448744
M01000_P00410,0.0
M01000_P00416,7.044966902477272
M01000_P01177,6.759689640385972
M01000_P01182,6.121201187935401
M01000_P01184,0.0
M01000_P01193,0.0
M01000_P01196,6.475842907083281
M01001_P00157,6.649090824017309
M01001_P00159,0.0
M01001_P00164,5.309420352028714
M01001_P00169,6.2322714466009925
M01001_P00171,5.516433480412423
M01001_P00175,6.665802083325993
M01001_P00423,0.0
M01001_P00424,5.168375645286827
M01001_P00425,7.317975146593428
M01001_P00426,0.0
M01001_P00431,5.53434649069144
M01001_P00436,0.0
M01001_P00440,5.1934892995225415
M01002_P00079,0.0
M01002_P00082,0.0
M01002_P00087,6.157269287579363
M01002_P00097,6.740021859014769
M01002_P00102,6.072285679016491
M01002_P00655,6.045962113897427
M01002_P00662,4.897836002144239
M01002_P00666,6.161559429863322
M01002_P00668,0.0
M01002_P00669,0.0
M01002_P00673,5.872805847134058
M01002_P00674,5.452896165742598
M01003_P00266,7.0841211576124685
M01003_P00271,6.818828337979334
M01003_P00278,6.791974966965255
M01003_P00286,0.0
M01003_P00705,4.77506490324222
M01003_P00707,6.352289829488108
M01003_P00716,7.219806092840922
M01003_P00718,7.926947173828325
M01003_P00724,4.93636206259256
M01003_P00728,0.0
M01004_P00574,0.0
M01004_P00579,0.0
M01004_P00582,0.0
M01004_P00584,7.000251320880194
M01004_P00586,0.0
M01004_P00590,6.3680477689929855
M01004_P00922,5.635675992265651
M01004_P00927,5.524011190727454
M01004_P00931,0.0
M01004_P00935,7.051572382175356
M01005_P00782,0.0
M01005_P00786,0.0
M01005_P00788,7.357490366895157
M01005_P00797,0.0
M01005_P00803,5.206481350553142
M01005_P00965,5.606910729902666
M01005_P00966,6.340915583873629
M01005_P00975,7.365598737100045
M01005_P00978,0.0
M01005_P00980,0.0
M01005_P00986,0.0
M01006_P00266,0.0
M01006_P00271,0.0
M01006_P00278,0.0
M01006_P00286,0.0
M01006_P00761,5.878341878087046
M01006_P00772,6.4976595081391695
M01007_P00032,0.0
M01007_P00044,7.63588297766989
M01007_P00045,0.0
M01007_P00050,5.434540142104802
M01007_P00052,7.149188034752447
M01007_P00478,0.0
M01007_P00479,7.382628872639647
M01007_P00486,7.283081509249553
M01007_P00491,6.656285223398856
M01008_P00108,5.677601247838243
M01008_P00110,0.0
M01008_P00114,7.707603218508289
M01008_P00124,7.220975534482827
M01008_P00129,6.2948033667482965
M01008_P00157,5.354455690314324
M01008_P00159,0.0
M01008_P00164,0.0
M01008_P00169,0.0
M01008_P00171,6.230019831881008
M01008_P00175,6.301706226158994
M01009_P00266,0.0
M01009_P00271,6.341923857459685
M01009_P00278,0.0
M01009_P00286,0.0
M01009_P00625,0.0
M01009_P00630,6.064046502229401
M01009_P00632,6.366065761623309
M01009_P00635,5.569060563517162
M01009_P00644,0.0
M01009_P00645,6.300027927800591
M01009_P00650,0.0
M01010_P00136,7.025668591366449
M01010_P00141,7.390056739286364
M01010_P00148,0.0
M01010_P00156,7.39750060543562
M01010_P00922,0.0
M01010_P00927,6.034234248594878
M01010_P00931,0.0
M01010_P00935,6.8430857121605415
M01011_P00032,6.57906171821687
M01011_P00044,6.71745106027279
M01011_P00045,5.393175220556081
M01011_P00050,0.0
M01011_P00052,0.0
M01011_P01177,6.109190008062771
M01011_P01182,5.90443499671374
M01011_P01184,6.005642454472907
M01011_P01193,6.756727328210355
M01011_P01196,6.002790464555394
M01012_P00705,0.0
M01012_P00707,6.256588164631066
M01012_P00716,7.058348493985645
M01012_P00718,5.6616474783654835
M01012_P00724,5.811892104357722
M01012_P00728,0.0
M01012_P00991,7.06987283098939
M01012_P00993,5.7783769600068835
M01012_P00997,6.576402464030025
M01012_P01000,0.0
M01012_P01010,0.0
M01013_P00157,0.0
M01013_P00159,6.046851927775046
M01013_P00164,6.776502978699165
M01013_P00169,0.0
M01013_P00171,5.176917032165712
M01013_P00175,5.9541684192479964
M01013_P00574,6.107700355408108
M01013_P00579,0.0
M01013_P00582,0.0
M01013_P00584,6.793691024774029
M01013_P00586,6.029022164917729
M01013_P00590,0.0
M01014_P00678,0.0
M01014_P00679,0.0
M01014_P00680,5.807747502840343
M01014_P00681,0.0
M01014_P00683,5.685166835830677
M01014_P00694,5.706293331652742
M01014_P01177,0.0
M01014_P01182,0.0
M01014_P01184,6.899054641046582
M01014_P01193,0.0
M01014_P01196,6.575668837402828
M01015_P00478,6.148645394604847
M01015_P00479,5.986584461682202
M01015_P00486,6.58950376136687
M01015_P00491,6.847233278080567
M01015_P01099,0.0
M01015_P01107,0.0
M01015_P01108,6.716384824445923
M01015_P01109,0.0
M01015_P01114,5.480281719543109
M01015_P01118,7.181967471331055
M01016_P00079,0.0
M01016_P00082,6.158539948212479
M01016_P00087,5.808740913100612
M01016_P00097,7.488328557294363
M01016_P00102,5.424599416804972
M01016_P00157,0.0
M01016_P00159,0.0
M01016_P00164,0.0
M01016_P00169,6.236256533777309
M01016_P00171,0.0
M01016_P00175,5.87539214415214
M01017_P00079,7.331475572609816
M01017_P00082,6.397917019088753
M01017_P00087,0.0
M01017_P00097,7.034633002209007
M01017_P00102,0.0
M01017_P00241,0.0
M01017_P00244,5.009993228963343
M01017_P00245,6.686137586000398
M01017_P00248,0.0
M01017_P00255,0.0
M01017_P00260,6.258234421139084
M01018_P00136,7.9445884850666495
M01018_P00141,5.825953497475764
M01018_P00148,5.257065512810321
M01018_P00156,6.2135431241212515
M01018_P00705,0.0
M01018_P00707,5.967520207951699
M01018_P00716,0.0
M01018_P00718,6.85163071447301
M01018_P00724,6.733898601562753
M01018_P00728,0.0
M01019_P00157,0.0
M01019_P00159,5.413391192990856
M01019_P00164,0.0
M01019_P00169,7.087831681685682
M01019_P00171,7.656273859799293
M01019_P00175,0.0
M01019_P00313,0.0
M01019_P00324,5.89488173615102
M01019_P00329,0.0
M01019_P00333,7.0675845717800625
M01019_P00334,6.313924663559179
M01020_P00266,6.3433354643510045
M01020_P00271,0.0
M01020_P00278,7.146556217315772
M01020_P00286,6.787012085610737
M01020_P01070,5.547711059085068
M01020_P01074,0.0
M01020_P01082,0.0
M01021_P00185,0.0
M01021_P00193,6.335785567366816
M01021_P00197,0.0
M01021_P00199,0.0
M01021_P00200,6.293806230774006
M01021_P00782,0.0
M01021_P00786,6.281751495750268
M01021_P00788,0.0
M01021_P00797,6.098005924588359
M01021_P00803,0.0
M01022_P00782,6.092371141173203
M01022_P00786,0.0
M01022_P00788,7.588193283815299
M01022_P00797,6.665994165112292
M01022_P00803,0.0
M01022_P00835,6.528441552195755
M01022_P00840,0.0
M01022_P00844,6.41154715318218
M01022_P00847,6.054493517547256
M01022_P00848,4.99968874663956
M01022_P00856,0.0
M01023_P00136,0.0
M01023_P00141,0.0
M01023_P00148,0.0
M01023_P00156,6.415050422274295
M01023_P01099,6.9678634117914156
M01023_P01107,5.292065519552774
M01023_P01108,5.791509624046887
M01023_P01109,0.0
M01023_P01114,0.0
M01023_P01118,6.7818150200610505
M01024_P00287,6.159491011763043
M01024_P00290,5.912488414452056
M01024_P00291,5.764161749146329
M01024_P00295,8.114805881634165
M01024_P00297,5.526540794613477
M01024_P00298,5.334656449390521
M01024_P00299,0.0
M01024_P00304,0.0
M01024_P00307,5.488075186096863
M01024_P00309,0.0
M01024_P00310,7.562338521465618
M01024_P00625,0.0
M01024_P00630,6.254626179182819
M01024_P00632,5.98154431555758
M01024_P00635,5.342526524236593
M01024_P00644,7.569964963644766
M01024_P00645,0.0
M01024_P00650,0.0
M01025_P00287,0.0
M01025_P00290,0.0
M01025_P00291,4.627537080836524
M01025_P00295,0.0
M01025_P00297,6.198221783563607
M01025_P00298,6.467406355213441
M01025_P00299,5.834410163566487
M01025_P00304,6.135681655291856
M01025_P00307,6.452351765492975
M01025_P00309,0.0
M01025_P00310,0.0
M01025_P00761,6.069997402892608
M01025_P00772,6.006445606359889
M01026_P00732,5.638502773185378
M01026_P00738,6.174149436729079
M01026_P00742,6.565909118803313
M01026_P00744,0.0
M01026_P00747,0.0
M01026_P00753,0.0
M01026_P00782,0.0
M01026_P00786,6.073462003115747
M01026_P00788,0.0
M01026_P00797,6.140955899404173
M01026_P00803,0.0
M01027_P00443,0.0
M01027_P00448,6.147447183464359
M01027_P00452,5.423224544763528
M01027_P00462,6.726952482554269
M01027_P00463,0.0
M01027_P00465,6.413223137467291
M01027_P00468,5.326843059897101
M01027_P00965,6.184472960950179
M01027_P00966,0.0
M01027_P00975,6.760204286527035
M01027_P00978,6.986503555745
M01027_P00980,0.0
M01027_P00986,7.44797139680564
M01028_P01099,0.0
M01028_P01107,0.0
M01028_P01108,7.17801399713837
M01028_P01109,6.293322605332889
M01028_P01114,0.0
M01028_P01118,0.0
M01028_P01146,0.0
M01028_P01157,0.0
M01028_P01166,5.892547484867618
M01028_P01169,0.0
M01029_P00574,0.0
M01029_P00579,4.876375964045036
M01029_P00582,0.0
M01029_P00584,6.4096365794780175
M01029_P00586,6.460341676619857
M01029_P00590,6.578858928953168
M01029_P01099,5.8361981578303235
M01029_P01107,5.875578747337048
M01029_P01108,7.347741709696352
M01029_P01109,0.0
M01029_P01114,0.0
M01029_P01118,6.789465237354046
M01030_P00368,6.854386490948431
M01030_P00372,6.139345994778954
M01030_P00378,0.0
M01030_P00382,5.373323011484693
M01030_P00383,6.411479573280684
M01030_P00965,0.0
M01030_P00966,0.0
M01030_P00975,6.847280212284388
M01030_P00978,0.0
M01030_P00980,7.083102179320308
M01030_P00986,7.435338856475308
M01031_P00625,0.0
M01031_P00630,5.702767095476333
M01031_P00632,0.0
M01031_P00635,6.668425779979258
M01031_P00644,5.493879998322811
M01031_P00645,7.221380370487008
M01031_P00650,0.0
M01031_P00888,0.0
M01031_P00889,5.859780522057953
M01031_P00893,4.429083172001695
M01031_P00894,6.081735903247482
M01031_P00895,6.281607517813783
M01031_P00901,0.0
M01031_P00909,0.0
M01032_P00391,0.0
M01032_P00399,0.0
M01032_P00410,6.7500693659159845
M01032_P00416,7.47822440550404
M01032_P00940,5.307238323081341
M01032_P00948,7.105559341487413
M01032_P00950,6.361097972621881
M01032_P00951,0.0
M01032_P00959,0.0
M01032_P00962,0.0
M01033_P00136,0.0
M01033_P00141,0.0
M01033_P00148,6.389890726340536
M01033_P00156,6.863572317603228
M01033_P00678,0.0
M01033_P00679,7.315794123030934
M01033_P00680,0.0
M01033_P00681,6.793858614620195
M01033_P00683,7.252414486090677
M01033_P00694,6.488966280249106
M01034_P00835,0.0
M01034_P00840,4.949771983026893
M01034_P00844,0.0
M01034_P00847,5.447445077162758
M01034_P00848,6.279093946822311
M01034_P00856,6.666331252029744
M01034_P00965,6.824035604777362
M01034_P00966,0.0
M01034_P00975,5.7919237088417495
M01034_P00978,7.602860511021085
M01034_P00980,6.365414885586671
M01034_P00986,0.0
M01035_P00185,0.0
M01035_P00193,0.0
M01035_P00197,0.0
M01035_P00199,5.15515681469249
M01035_P00200,6.109251025270365
M01035_P00761,5.25898469104124
M01035_P00772,0.0
M01036_P00313,5.789921454740141
M01036_P00324,6.201333048274032
M01036_P00329,5.622238361732397
M01036_P00333,0.0
M01036_P00334,0.0
M01036_P00345,0.0
M01036_P00347,6.055511090324845
M01036_P00351,0.0
M01036_P00353,0.0
M01036_P00359,0.0
M01036_P00362,5.434565489547669
M01037_P00136,0.0
M01037_P00141,7.62835290075562
M01037_P00148,7.068008529013077
M01037_P00156,6.078064995540568
M01037_P00705,0.0
M01037_P00707,6.166012596376121
M01037_P00716,0.0
M01037_P00718,6.743400596637135
M01037_P00724,0.0
M01037_P00728,0.0
M01038_P00313,6.537687766164243
M01038_P00324,0.0
M01038_P00329,5.200961849066474
M01038_P00333,6.4236338415985
M01038_P00334,7.010798639443834
M01038_P01070,6.407091440533834
M01038_P01074,6.9991091524499724
M01038_P01082,6.479875625088449
M01039_P00529,6.357770035585503
M01039_P00535,5.652038756597271
M01039_P00536,5.383524631019224
M01039_P00542,5.8759070295883244
M01039_P00543,0.0
M01039_P01223,0.0
M01039_P01234,0.0
M01039_P01236,0.0
M01039_P01241,5.205879723387302
M01039_P01242,5.649114520135096
M01040_P00625,0.0
M01040_P00630,5.502673706605384
M01040_P00632,0.0
M01040_P00635,6.559300661060369
M01040_P00644,5.568449680715507
M01040_P00645,6.605305802816973
M01040_P00650,6.349985644432096
M01040_P00940,0.0
M01040_P00948,6.812044046018719
M01040_P00950,7.213183559200701
M01040_P00951,0.0
M01040_P00959,6.265324882925447
M01040_P00962,7.078393649556031
M01041_P00443,7.067337109774629
M01041_P00448,5.026695017625352
M01041_P00452,5.861160309650722
M01041_P00462,6.209541149798793
M01041_P00463,6.642130971258784
M01041_P00465,0.0
M01041_P00468,0.0
M01041_P00888,0.0
M01041_P00889,0.0
M01041_P00893,5.664745285047185
M01041_P00894,0.0
M01041_P00895,0.0
M01041_P00901,7.4332761487185826
M01041_P00909,0.0
M01042_P01020,0.0
M01042_P01034,0.0
M01042_P01037,6.250499338520025
M01042_P01038,0.0
M01042_P01146,0.0
M01042_P01157,0.0
M01042_P01166,0.0
M01042_P01169,0.0
M01043_P00185,5.70601826072062
M01043_P00193,0.0
M01043_P00197,6.509972531661165
M01043_P00199,5.485010658755607
M01043_P00200,0.0
M01043_P00705,5.6317222179887585
M01043_P00707,0.0
M01043_P00716,5.910481957185378
M01043_P00718,0.0
M01043_P00724,0.0
M01043_P00728,7.012201292799552
M01044_P00940,5.765030107452824
M01044_P00948,7.312175666855732
M01044_P00950,5.493964005001009
M01044_P00951,0.0
M01044_P00959,0.0
M01044_P00962,6.986033811373395
M01044_P00991,0.0
M01044_P00993,6.363896007876556
M01044_P00997,5.934600427897994
M01044_P01000,0.0
M01044_P01010,6.846827282220876
M01045_P00157,5.653768929091684
M01045_P00159,0.0
M01045_P00164,6.280357709992232
M01045_P00169,6.288716204118583
M01045_P00171,0.0
M01045_P00175,5.771373201506559
M01045_P00965,6.911954877465039
M01045_P00966,5.514376920599586
M01045_P00975,0.0
M01045_P00978,7.373421285504285
M01045_P00980,0.0
M01045_P00986,0.0
M01046_P00478,6.199899238484605
M01046_P00479,6.465810322546379
M01046_P00486,6.544376221411922
M01046_P00491,0.0
M01046_P00922,6.679566521004459
M01046_P00927,5.990065774186405
M01046_P00931,6.737536044898141
M01046_P00935,5.960352453823322
M01047_P00423,6.1081145222164
M01047_P00424,5.2605915182782015
M01047_P00425,0.0
M01047_P00426,0.0
M01047_P00431,5.00853877601564
M01047_P00436,5.767495343949773
M01047_P00440,6.323440027586273
M01047_P00655,7.336387276819207
M01047_P00662,6.025323765544064
M01047_P00666,7.133611574331037
M01047_P00668,0.0
M01047_P00669,6.863521790222229
M01047_P00673,7.067153264473811
M01047_P00674,6.205444972231209
M01048_P00940,5.64210291546378
M01048_P00948,0.0
M01048_P00950,6.009472182974851
M01048_P00951,0.0
M01048_P00959,0.0
M01048_P00962,6.438484811916167
M01048_P01020,6.292356581335001
M01048_P01034,5.365728552549824
M01048_P01037,0.0
M01048_P01038,6.883035301144891
M01049_P00287,0.0
M01049_P00290,0.0
M01049_P00291,5.441599988715257
M01049_P00295,0.0
M01049_P00297,5.275492552346369
M01049_P00298,5.766102269959052
M01049_P00299,5.3431068812748865
M01049_P00304,5.045656099767976
M01049_P00307,6.161733567471955
M01049_P00309,0.0
M01049_P00310,6.052160612128155
M01049_P00478,0.0
M01049_P00479,7.9723463919232405
M01049_P00486,0.0
M01049_P00491,5.343168736595108
M01050_P00991,0.0
M01050_P00993,4.601148957657396
M01050_P00997,5.5584413824919165
M01050_P01000,5.826119963274409
M01050_P01010,5.966207868217129
M01050_P01020,7.604913345146707
M01050_P01034,0.0
M01050_P01037,7.539144692232988
M01050_P01038,0.0
