Id,player_rating
M00001_P00055,5.993366975541259
M00001_P00057,0.0
M00001_P00059,6.316459932186639
M00001_P00064,0.0
M00001_P00066,7.419232373735042
M00001_P00071,6.398812397094792
M00001_P00077,0.0
M00001_P01223,0.0
M00001_P01234,0.0
M00001_P01236,0.0
M00001_P01241,6.201698058537354
M00001_P01242,0.0
M00002_P00136,7.194317827488517
M00002_P00141,7.182053109667702
M00002_P00148,0.0
M00002_P00156,6.269938899013576
M00002_P00625,0.0
M00002_P00630,6.07980701459926
M00002_P00632,6.4068115818356635
M00002_P00635,6.379634232213514
M00002_P00644,0.0
M00002_P00645,0.0
M00002_P00650,6.496511912693374
M00003_P01020,6.8323595350930155
M00003_P01034,5.999109192381933
M00003_P01037,6.074689416529942
M00003_P01038,6.052765780670074
M00003_P01041,5.879147838776754
M00003_P01042,0.0
M00003_P01048,6.1759424592512895
M00003_P01049,0.0
M00003_P01051,0.0
M00003_P01055,0.0
M00003_P01063,6.143806567900061
M00003_P01064,5.915063017450004
M00004_P00108,0.0
M00004_P00110,0.0
M00004_P00114,7.14822147520652
M00004_P00124,6.238651421328281
M00004_P00129,5.974614802339989
M00004_P01177,6.372292924484493
M00004_P01182,6.023264007497886
M00004_P01184,0.0
M00004_P01193,5.990392529920341
M00004_P01196,6.880766886103625
M00005_P00136,7.182379372596178
M00005_P00141,7.202128923598425
M00005_P00148,0.0
M00005_P00156,0.0
M00005_P00478,5.929928961558494
M00005_P00479,6.740300437917416
M00005_P00486,0.0
M00005_P00491,0.0
M00006_P00443,0.0
M00006_P00448,5.909568871659232
M00006_P00452,0.0
M00006_P00462,6.408581321519171
M00006_P00463,6.76645314416178
M00006_P00465,6.359326001324496
M00006_P00468,6.3966522283488265
M00006_P00625,0.0
M00006_P00630,0.0
M00006_P00632,6.266492048331259
M00006_P00635,6.292726015323642
M00006_P00644,6.14880091350004
M00006_P00645,0.0
M00006_P00650,6.0355828368165225
M00007_P00266,6.1753767571901035
M00007_P00271,6.304387437362414
M00007_P00278,6.750682297438637
M00007_P00286,0.0
M00007_P00625,0.0
M00007_P00630,0.0
M00007_P00632,6.4079756350449815
M00007_P00635,6.501766162684644
M00007_P00644,0.0
M00007_P00645,7.012372894993271
M00007_P00650,6.238535970515223
M00008_P00443,6.240664283198708
M00008_P00448,0.0
M00008_P00452,0.0
M00008_P00462,6.594533733687594
M00008_P00463,0.0
M00008_P00465,6.2414282959472445
M00008_P00468,6.44261059328156
M00008_P01099,6.353310356679334
M00008_P01107,5.971031576605354
M00008_P01108,0.0
M00008_P01109,0.0
M00008_P01114,6.513707946329306
M00008_P01118,6.309149480792517
M00009_P00991,0.0
M00009_P00993,5.838352143042311
M00009_P00997,5.836310285373263
M00009_P01000,0.0
M00009_P01010,6.229665706853568
M00009_P01070,0.0
M00009_P01074,0.0
M00009_P01082,0.0
M00010_P00266,0.0
M00010_P00271,6.214182912066825
M00010_P00278,0.0
M00010_P00286,0.0
M00010_P00782,0.0
M00010_P00786,0.0
M00010_P00788,6.69900205173428
M00010_P00797,6.551699660669509
M00010_P00803,6.32967796913682
M00011_P01041,0.0
M00011_P01042,0.0
M00011_P01048,0.0
M00011_P01049,7.165960141879365
M00011_P01051,6.197211026282386
M00011_P01055,5.858669286685043
M00011_P01063,6.007173280016464
M00011_P01064,0.0
M00011_P01177,0.0
M00011_P01182,6.007302530858947
M00011_P01184,6.077772539736461
M00011_P01193,6.040190503014519
M00011_P01196,0.0
M00012_P00529,5.979277688639769
M00012_P00535,5.979465229234986
M00012_P00536,5.971167750940709
M00012_P00542,0.0
M00012_P00543,0.0
M00012_P01120,0.0
M00013_P00055,5.846406128406677
M00013_P00057,5.8370513109381825
M00013_P00059,0.0
M00013_P00064,0.0
M00013_P00066,0.0
M00013_P00071,6.17115021283219
M00013_P00077,6.596079099803766
M00013_P00368,5.93736724413657
M00013_P00372,0.0
M00013_P00378,0.0
M00013_P00382,0.0
M00013_P00383,6.016693460769391
M00014_P00108,5.818720269224634
M00014_P00110,0.0
M00014_P00114,7.117001111121969
M00014_P00124,0.0
M00014_P00129,0.0
M00014_P00443,0.0
M00014_P00448,5.803274422002658
M00014_P00452,0.0
M00014_P00462,6.1598856790375205
M00014_P00463,0.0
M00014_P00465,6.179756957071612
M00014_P00468,6.56412815702156
M00015_P00345,5.886851499209039
M00015_P00347,6.292450975913809
M00015_P00351,0.0
M00015_P00353,5.86261981463348
M00015_P00359,6.168312973491208
M00015_P00362,5.86630929148413
M00015_P01099,6.191211893693971
M00015_P01107,5.880760599005834
M00015_P01108,0.0
M00015_P01109,6.3816741458165005
M00015_P01114,0.0
M00015_P01118,0.0
M00016_P00761,0.0
M00016_P00772,5.8201601755598
M00016_P01070,6.028789329852521
M00016_P01074,6.259971105716763
M00016_P01082,0.0
M00017_P00209,0.0
M00017_P00210,0.0
M00017_P00211,5.907734736015182
M00017_P00219,0.0
M00017_P00221,0.0
M00017_P00222,6.244999160674403
M00017_P00232,6.222007147425394
M00017_P00234,7.111266690958731
M00017_P00423,6.733736651942928
M00017_P00424,0.0
M00017_P00425,0.0
M00017_P00426,5.837900204028543
M00017_P00431,0.0
M00017_P00436,0.0
M00017_P00440,6.4311247309622805
M00018_P00965,0.0
M00018_P00966,0.0
M00018_P00975,0.0
M00018_P00978,6.99746005023367
M00018_P00980,6.424426465584622
M00018_P00986,6.904567361098389
M00018_P01223,5.8780060611587235
M00018_P01234,6.684943353128622
M00018_P01236,0.0
M00018_P01241,6.247059139091119
M00018_P01242,5.995110945586821
M00019_P00368,5.843737065130518
M00019_P00372,6.783476876301853
M00019_P00378,5.878606822099794
M00019_P00382,0.0
M00019_P00383,5.9532732238753185
M00019_P00611,6.025841369877148
M00019_P00618,6.717975107343477
M00019_P00619,0.0
M00019_P00622,6.3578563314483585
M00020_P00079,6.806149326727717
M00020_P00082,6.333970001794056
M00020_P00087,6.093795263729276
M00020_P00097,6.419844353507068
M00020_P00102,0.0
M00020_P00136,7.19722365779916
M00020_P00141,7.119058069344108
M00020_P00148,5.884259245330985
M00020_P00156,6.264470635159997
M00021_P00266,0.0
M00021_P00271,0.0
M00021_P00278,6.862652083860392
M00021_P00286,6.252593107513549
M00021_P01041,5.983439341414792
M00021_P01042,0.0
M00021_P01048,0.0
M00021_P01049,7.1945557193799115
M00021_P01051,6.315191187677733
M00021_P01055,0.0
M00021_P01063,6.03740496830564
M00021_P01064,0.0
M00022_P00108,5.9068299943734575
M00022_P00110,6.050540075860475
M00022_P00114,0.0
M00022_P00124,0.0
M00022_P00129,6.1138864555904275
M00022_P00991,0.0
M00022_P00993,5.848147657510966
M00022_P00997,0.0
M00022_P01000,6.278287531202606
M00022_P01010,6.287309305068398
M00023_P00761,0.0
M00023_P00772,5.857607392157571
M00023_P00991,0.0
M00023_P00993,5.799430289017179
M00023_P00997,0.0
M00023_P01000,6.167682255126509
M00023_P01010,6.278854157491737
M00024_P00011,5.858080232177048
M00024_P00024,6.002352609023293
M00024_P00922,6.091914353999289
M00024_P00927,5.758520249089302
M00024_P00931,0.0
M00024_P00935,6.5885656012054925
M00025_P00888,5.934669435429949
M00025_P00889,5.8097910775309956
M00025_P00893,5.870615439876505
M00025_P00894,0.0
M00025_P00895,6.300607282734303
M00025_P00901,7.102572960078385
M00025_P00909,6.249369729256398
M00025_P01120,5.99588507398973
M00026_P00549,0.0
M00026_P00552,6.002609100248593
M00026_P00554,6.355871000411659
M00026_P00561,7.236941053176707
M00026_P00562,6.0330752776553425
M00026_P00568,0.0
M00026_P01070,0.0
M00026_P01074,6.22474487494515
M00026_P01082,0.0
M00027_P00266,0.0
M00027_P00271,0.0
M00027_P00278,0.0
M00027_P00286,6.26591179601003
M00027_P00705,5.9391594332716355
M00027_P00707,6.315220395961708
M00027_P00716,6.220545688751044
M00027_P00718,0.0
M00027_P00724,5.931276910687702
M00027_P00728,6.304343927114985
M00028_P01201,5.974415206765787
M00028_P01209,0.0
M00028_P01210,5.861720939100169
M00028_P01211,6.8273073646106335
M00028_P01214,5.931260669170691
M00028_P01223,0.0
M00028_P01234,6.801182412737443
M00028_P01236,6.012811072412637
M00028_P01241,6.585410305400721
M00028_P01242,0.0
M00029_P00157,5.8369781720050105
M00029_P00159,0.0
M00029_P00164,6.239430023042905
M00029_P00169,5.892486308524432
M00029_P00171,0.0
M00029_P00175,0.0
M00029_P00835,0.0
M00029_P00840,6.241206775540981
M00029_P00844,5.958822346689332
M00029_P00847,0.0
M00029_P00848,6.167547043263681
M00029_P00856,0.0
M00030_P00835,0.0
M00030_P00840,5.878838828232361
M00030_P00844,0.0
M00030_P00847,5.818841079271239
M00030_P00848,6.018700134681781
M00030_P00856,0.0
M00030_P01041,6.000485395494872
M00030_P01042,0.0
M00030_P01048,0.0
M00030_P01049,0.0
M00030_P01051,0.0
M00030_P01055,5.963488018140774
M00030_P01063,6.06658143846862
M00030_P01064,0.0
M00031_P00241,0.0
M00031_P00244,0.0
M00031_P00245,6.368380756581137
M00031_P00248,6.40659612474699
M00031_P00255,7.204786744647909
M00031_P00260,0.0
M00031_P00625,0.0
M00031_P00630,0.0
M00031_P00632,6.227675952148841
M00031_P00635,6.170060891889438
M00031_P00644,6.182291809964255
M00031_P00645,6.726548972990551
M00031_P00650,6.447052538268279
M00032_P00863,6.2205727235733095
M00032_P00880,0.0
M00032_P00882,0.0
M00032_P00888,0.0
M00032_P00889,5.993137422996519
M00032_P00893,5.953758040303258
M00032_P00894,6.307742656874518
M00032_P00895,0.0
M00032_P00901,7.171291705999629
M00032_P00909,6.305366993077059
M00033_P00032,0.0
M00033_P00044,6.610233806097251
M00033_P00045,6.1377999340257645
M00033_P00050,5.923871698047822
M00033_P00052,0.0
M00033_P00807,6.230972855116888
M00033_P00812,0.0
M00033_P00819,0.0
M00033_P00826,6.259413429511571
M00033_P00827,6.583504388478927
M00034_P00391,0.0
M00034_P00399,6.145675668682736
M00034_P00410,6.318136156802602
M00034_P00416,6.254347915401068
M00034_P00515,5.993854703877968
M00035_P00136,0.0
M00035_P00141,7.186096605837555
M00035_P00148,0.0
M00035_P00156,6.372790115400816
M00035_P00940,0.0
M00035_P00948,0.0
M00035_P00950,6.123260231007429
M00035_P00951,6.243352503483516
M00035_P00959,6.1961112935612785
M00035_P00962,0.0
M00036_P00108,0.0
M00036_P00110,6.001932932327394
M00036_P00114,0.0
M00036_P00124,6.287508671933379
M00036_P00129,6.043349590345925
M00036_P00922,6.204514539427491
M00036_P00927,0.0
M00036_P00931,0.0
M00036_P00935,0.0
M00037_P00209,6.181614452777873
M00037_P00210,0.0
M00037_P00211,0.0
M00037_P00219,6.050971087833368
M00037_P00221,6.4027755923196334
M00037_P00222,0.0
M00037_P00232,6.031804868406033
M00037_P00234,7.5098795123535815
M00037_P01120,0.0
M00038_P00423,0.0
M00038_P00424,5.906910553231167
M00038_P00425,0.0
M00038_P00426,0.0
M00038_P00431,0.0
M00038_P00436,6.195300258221055
M00038_P00440,0.0
M00038_P00888,6.07186164161292
M00038_P00889,6.000223240383444
M00038_P00893,5.994207882891624
M00038_P00894,0.0
M00038_P00895,6.3172082795282245
M00038_P00901,7.5569421719020395
M00038_P00909,0.0
M00039_P00345,6.035061189298366
M00039_P00347,6.437320489595834
M00039_P00351,6.388738857457954
M00039_P00353,6.041968505293123
M00039_P00359,6.407849538424154
M00039_P00362,5.944603658593047
M00039_P00922,0.0
M00039_P00927,5.8494541076496365
M00039_P00931,6.141225241324129
M00039_P00935,0.0
M00040_P00515,0.0
M00040_P01177,0.0
M00040_P01182,5.79486932240315
M00040_P01184,5.8727805405811635
M00040_P01193,5.842594932593755
M00040_P01196,6.5201730408098175
M00041_P00732,5.982321823331986
M00041_P00738,0.0
M00041_P00742,0.0
M00041_P00744,0.0
M00041_P00747,7.253767418466072
M00041_P00753,6.189055361266094
M00041_P00888,5.969333352871745
M00041_P00889,5.944453540263698
M00041_P00893,5.697236497390927
M00041_P00894,6.149989483753244
M00041_P00895,6.274039675455365
M00041_P00901,7.045475049340817
M00041_P00909,0.0
M00042_P00368,0.0
M00042_P00372,6.794187647532131
M00042_P00378,5.947847829588786
M00042_P00382,0.0
M00042_P00383,5.942577830287471
M00042_P00391,0.0
M00042_P00399,0.0
M00042_P00410,6.36955172018493
M00042_P00416,6.167592590776705
M00043_P00032,6.935927331451683
M00043_P00044,6.748046541072423
M00043_P00045,0.0
M00043_P00050,0.0
M00043_P00052,6.302218569577893
M00043_P00991,0.0
M00043_P00993,0.0
M00043_P00997,0.0
M00043_P01000,6.160167200413461
M00043_P01010,6.192425438254113
M00044_P00368,5.78624697498636
M00044_P00372,6.77646486002939
M00044_P00378,5.785366155066778
M00044_P00382,0.0
M00044_P00383,5.890998969727761
M00044_P00965,0.0
M00044_P00966,0.0
M00044_P00975,0.0
M00044_P00978,6.8990434385831625
M00044_P00980,0.0
M00044_P00986,7.020376256557422
M00045_P01041,5.857583382204363
M00045_P01042,0.0
M00045_P01048,6.285519135849973
M00045_P01049,7.1704811034810545
M00045_P01051,0.0
M00045_P01055,5.823485133482111
M00045_P01063,0.0
M00045_P01064,5.792340814073464
M00045_P01177,6.410009354865174
M00045_P01182,0.0
M00045_P01184,5.929201337589881
M00045_P01193,5.998348112357805
M00045_P01196,0.0
M00046_P00055,0.0
M00046_P00057,5.989944026810557
M00046_P00059,0.0
M00046_P00064,0.0
M00046_P00066,0.0
M00046_P00071,0.0
M00046_P00077,0.0
M00046_P00108,5.847230623134106
M00046_P00110,0.0
M00046_P00114,7.102096600765029
M00046_P00124,6.112155067546822
M00046_P00129,6.1811800818942775
M00047_P00391,0.0
M00047_P00399,6.183822869568587
M00047_P00410,6.5952858301481765
M00047_P00416,6.181374564611107
M00047_P00835,6.350696387578907
M00047_P00840,0.0
M00047_P00844,0.0
M00047_P00847,0.0
M00047_P00848,0.0
M00047_P00856,6.740884896657166
M00048_P00345,5.857193591447485
M00048_P00347,0.0
M00048_P00351,6.282048954082969
M00048_P00353,0.0
M00048_P00359,6.1050467094912655
M00048_P00362,5.982916098049602
M00048_P00922,0.0
M00048_P00927,0.0
M00048_P00931,5.863416038848285
M00048_P00935,0.0
M00049_P00391,0.0
M00049_P00399,6.390803441047548
M00049_P00410,6.169923309018808
M00049_P00416,6.398751602685737
M00049_P00807,0.0
M00049_P00812,7.388352796737417
M00049_P00819,6.08924555500926
M00049_P00826,0.0
M00049_P00827,6.800784417228774
M00050_P00157,5.844907759978599
M00050_P00159,0.0
M00050_P00164,0.0
M00050_P00169,0.0
M00050_P00171,6.134962127803549
M00050_P00175,6.2487341744248734
M00050_P00185,6.041464721477501
M00050_P00193,6.349778479720419
M00050_P00197,6.015065923601384
M00050_P00199,0.0
M00050_P00200,6.034696830877952
M00051_P00574,0.0
M00051_P00579,6.1134426123490195
M00051_P00582,0.0
M00051_P00584,6.278601486245948
M00051_P00586,0.0
M00051_P00590,6.696519362657978
M00051_P00732,0.0
M00051_P00738,6.033876568715512
M00051_P00742,6.3990021480542305
M00051_P00744,6.0836290685293966
M00051_P00747,0.0
M00051_P00753,6.085198942063527
M00052_P00079,6.679635885181217
M00052_P00082,6.156851868315665
M00052_P00087,0.0
M00052_P00097,6.296736697819604
M00052_P00102,5.9738325903968335
M00052_P01201,5.9633737799482525
M00052_P01209,0.0
M00052_P01210,0.0
M00052_P01211,6.854501640019727
M00052_P01214,0.0
M00053_P00079,0.0
M00053_P00082,6.293134391893913
M00053_P00087,5.917591940101976
M00053_P00097,0.0
M00053_P00102,5.877878274025486
M00053_P00678,0.0
M00053_P00679,0.0
M00053_P00680,0.0
M00053_P00681,6.333370197597313
M00053_P00683,0.0
M00053_P00694,0.0
M00054_P00157,0.0
M00054_P00159,0.0
M00054_P00164,6.3691361897345775
M00054_P00169,0.0
M00054_P00171,6.364465907738145
M00054_P00175,6.148684207146595
M00054_P00423,0.0
M00054_P00424,0.0
M00054_P00425,6.28828514860059
M00054_P00426,5.877368551571852
M00054_P00431,5.845706786977607
M00054_P00436,6.27890093014056
M00054_P00440,5.888602673813281
M00055_P00732,5.950161631097988
M00055_P00738,5.9369543833882075
M00055_P00742,0.0
M00055_P00744,0.0
M00055_P00747,0.0
M00055_P00753,6.040741831111383
M00055_P00888,0.0
M00055_P00889,5.8605783744710624
M00055_P00893,5.819164985991512
M00055_P00894,0.0
M00055_P00895,6.217508591057702
M00055_P00901,7.395899032337233
M00055_P00909,6.203622208980696
M00056_P00287,0.0
M00056_P00290,5.980591331575273
M00056_P00291,0.0
M00056_P00295,7.316241051545654
M00056_P00297,5.985677106189291
M00056_P00298,0.0
M00056_P00299,0.0
M00056_P00304,6.261471764058928
M00056_P00307,6.386508410189013
M00056_P00309,6.377843866606081
M00056_P00310,6.307473752278166
M00056_P00478,0.0
M00056_P00479,6.720294423682679
M00056_P00486,0.0
M00056_P00491,0.0
M00057_P00108,5.989238068229762
M00057_P00110,6.012177922179727
M00057_P00114,0.0
M00057_P00124,6.4094048697009
M00057_P00129,6.047477773551222
M00057_P00761,0.0
M00057_P00772,6.298851853815664
M00058_P00079,0.0
M00058_P00082,6.3637477149926145
M00058_P00087,6.105563712737065
M00058_P00097,6.512056576684297
M00058_P00102,6.092339740877024
M00058_P01099,6.239328285543858
M00058_P01107,5.8302842530475285
M00058_P01108,6.826962112117236
M00058_P01109,0.0
M00058_P01114,6.230538269532814
M00058_P01118,0.0
M00059_P00136,0.0
M00059_P00141,7.208938479457256
M00059_P00148,5.972375075990144
M00059_P00156,0.0
M00059_P00423,0.0
M00059_P00424,0.0
M00059_P00425,6.214208010277945
M00059_P00426,5.782125578567942
M00059_P00431,5.851323403618389
M00059_P00436,0.0
M00059_P00440,5.938421144126361
M00060_P00782,0.0
M00060_P00786,0.0
M00060_P00788,6.749888483942757
M00060_P00797,6.380033597781107
M00060_P00803,6.6820608044926715
M00060_P00807,6.247652203933464
M00060_P00812,7.2249469461568
M00060_P00819,6.232150171088531
M00060_P00826,0.0
M00060_P00827,6.764994910051619
M00061_P00079,0.0
M00061_P00082,6.175741139076202
M00061_P00087,5.991899783700477
M00061_P00097,0.0
M00061_P00102,5.963675764510875
M00061_P00287,5.9585259670273025
M00061_P00290,0.0
M00061_P00291,5.840528233366848
M00061_P00295,7.118251399849075
M00061_P00297,5.801902885049456
M00061_P00298,0.0
M00061_P00299,5.70469811130385
M00061_P00304,5.864215496904223
M00061_P00307,0.0
M00061_P00309,0.0
M00061_P00310,6.319150539580077
M00062_P00423,0.0
M00062_P00424,5.8376697600548555
M00062_P00425,6.225005481791197
M00062_P00426,5.731721825480208
M00062_P00431,0.0
M00062_P00436,6.112637829863569
M00062_P00440,5.921663866287514
M00062_P00625,0.0
M00062_P00630,0.0
M00062_P00632,6.302373703948891
M00062_P00635,6.357441252552764
M00062_P00644,6.419391415491438
M00062_P00645,6.8541566460101
M00062_P00650,6.303260881927384
M00063_P00478,6.139991658063238
M00063_P00479,7.139785439042763
M00063_P00486,6.406712856888962
M00063_P00491,0.0
M00063_P00732,5.789540465022803
M00063_P00738,5.863275202674198
M00063_P00742,6.41257764322401
M00063_P00744,0.0
M00063_P00747,7.085678677928552
M00063_P00753,6.407186345648043
M00064_P00241,5.809183787777647
M00064_P00244,5.8804701866177105
M00064_P00245,0.0
M00064_P00248,0.0
M00064_P00255,7.308251355909222
M00064_P00260,6.697875309320519
M00064_P00345,5.967323898680729
M00064_P00347,0.0
M00064_P00351,6.203197667385487
M00064_P00353,5.893180619811725
M00064_P00359,6.725452575741066
M00064_P00362,5.942994731788154
M00065_P00079,6.85094817223615
M00065_P00082,0.0
M00065_P00087,5.935127893085214
M00065_P00097,6.258079914040985
M00065_P00102,6.355531205569393
M00065_P00991,0.0
M00065_P00993,5.7952012994382045
M00065_P00997,5.8291933610390805
M00065_P01000,0.0
M00065_P01010,6.25619147229488
M00066_P00529,0.0
M00066_P00535,0.0
M00066_P00536,5.92598279668081
M00066_P00542,5.965605974255545
M00066_P00543,0.0
M00066_P01223,0.0
M00066_P01234,6.745123769301611
M00066_P01236,5.913711495498919
M00066_P01241,0.0
M00066_P01242,5.863270616971068
M00067_P00782,0.0
M00067_P00786,0.0
M00067_P00788,6.689509297408647
M00067_P00797,0.0
M00067_P00803,6.296958622225025
M00067_P00965,0.0
M00067_P00966,5.914096701141328
M00067_P00975,6.967684202447023
M00067_P00978,0.0
M00067_P00980,6.360652185976265
M00067_P00986,0.0
M00068_P00079,6.726999413735904
M00068_P00082,6.1610187668897005
M00068_P00087,5.937766416636638
M00068_P00097,6.2604600150883
M00068_P00102,0.0
M00068_P00863,6.00138413786705
M00068_P00880,6.311090760735559
M00068_P00882,7.253531915381497
M00069_P00108,0.0
M00069_P00110,0.0
M00069_P00114,0.0
M00069_P00124,6.271733141678001
M00069_P00129,5.9371343209889265
M00069_P01020,6.858938101404521
M00069_P01034,5.805910411730023
M00069_P01037,5.970277798912202
M00069_P01038,5.926295367791811
M00070_P00185,5.922362277291604
M00070_P00193,0.0
M00070_P00197,6.0424816199005456
M00070_P00199,5.976055949818156
M00070_P00200,6.084413885382844
M00070_P00655,0.0
M00070_P00662,5.882177149071799
M00070_P00666,0.0
M00070_P00668,5.887181256459236
M00070_P00669,0.0
M00070_P00673,6.276292295452642
M00070_P00674,5.962560498927177
M00071_P00965,0.0
M00071_P00966,5.867177295912333
M00071_P00975,0.0
M00071_P00978,6.74776613041689
M00071_P00980,6.294223503677749
M00071_P00986,7.060538857543671
M00071_P01020,0.0
M00071_P01034,5.954651838840509
M00071_P01037,6.070988264121127
M00071_P01038,0.0
M00072_P00678,0.0
M00072_P00679,0.0
M00072_P00680,5.930453081353447
M00072_P00681,0.0
M00072_P00683,0.0
M00072_P00694,6.250275835284705
M00072_P01120,6.321049947305044
M00073_P00345,5.959670786749824
M00073_P00347,6.284255935893766
M00073_P00351,6.5191160488871835
M00073_P00353,5.919271667102145
M00073_P00359,6.3537361894296716
M00073_P00362,6.375464921567036
M00073_P00423,6.629485092273541
M00073_P00424,5.873103932665062
M00073_P00425,6.19735967437073
M00073_P00426,5.786447889922151
M00073_P00431,5.704343198447441
M00073_P00436,0.0
M00073_P00440,0.0
M00074_P00391,0.0
M00074_P00399,6.284678296819298
M00074_P00410,6.3271109615769285
M00074_P00416,6.189270230907292
M00074_P00443,6.284961173263289
M00074_P00448,0.0
M00074_P00452,5.923704225354009
M00074_P00462,6.309080765796115
M00074_P00463,0.0
M00074_P00465,6.293656209425808
M00074_P00468,6.229086705645441
M00075_P01070,5.8930071990480855
M00075_P01074,0.0
M00075_P01082,0.0
M00075_P01099,6.2611548757934115
M00075_P01107,5.827763029655538
M00075_P01108,6.724000770530805
M00075_P01109,6.242786511836371
M00075_P01114,6.216390053601276
M00075_P01118,0.0
M00076_P00108,0.0
M00076_P00110,5.974213427963072
M00076_P00114,7.446712687166261
M00076_P00124,0.0
M00076_P00129,6.04827081388356
M00076_P00529,5.843870682764823
M00076_P00535,0.0
M00076_P00536,5.828267642633762
M00076_P00542,0.0
M00076_P00543,6.500019763831442
M00077_P00940,5.9998081136015715
M00077_P00948,6.358995013323914
M00077_P00950,6.344405078488098
M00077_P00951,6.391145208826041
M00077_P00959,0.0
M00077_P00962,6.750079750125625
M00077_P01020,0.0
M00077_P01034,0.0
M00077_P01037,5.994743567010733
M00077_P01038,5.945566511641413
M00078_P00345,5.931131750577469
M00078_P00347,6.258669211352615
M00078_P00351,6.374292243233014
M00078_P00353,5.865908409432315
M00078_P00359,6.193558937820192
M00078_P00362,0.0
M00078_P00888,5.998612120924308
M00078_P00889,0.0
M00078_P00893,5.9202147411468244
M00078_P00894,0.0
M00078_P00895,0.0
M00078_P00901,0.0
M00078_P00909,6.4643387338706075
M00079_P00209,5.934153324239967
M00079_P00210,0.0
M00079_P00211,0.0
M00079_P00219,5.915611152609124
M00079_P00221,6.228779188662195
M00079_P00222,6.261038366926685
M00079_P00232,0.0
M00079_P00234,0.0
M00079_P00611,5.993398070956394
M00079_P00618,0.0
M00079_P00619,0.0
M00079_P00622,0.0
M00080_P00478,0.0
M00080_P00479,6.719366412982501
M00080_P00486,6.263317966587479
M00080_P00491,5.95502006582849
M00080_P00611,5.8403741668373765
M00080_P00618,6.265111097075019
M00080_P00619,5.862562958961632
M00080_P00622,5.984975942165727
M00081_P00888,6.07529650019187
M00081_P00889,5.980148349017823
M00081_P00893,5.999302501072215
M00081_P00894,6.284622642946156
M00081_P00895,0.0
M00081_P00901,7.26866002766787
M00081_P00909,0.0
M00081_P01201,5.807872342426064
M00081_P01209,0.0
M00081_P01210,0.0
M00081_P01211,6.739607934879981
M00081_P01214,0.0
M00082_P00922,0.0
M00082_P00927,0.0
M00082_P00931,0.0
M00082_P00935,0.0
M00082_P01099,6.201402770728021
M00082_P01107,0.0
M00082_P01108,0.0
M00082_P01109,6.17831954545927
M00082_P01114,6.402961776548192
M00082_P01118,6.231252043272779
M00083_P00209,5.991312081095868
M00083_P00210,0.0
M00083_P00211,0.0
M00083_P00219,0.0
M00083_P00221,0.0
M00083_P00222,6.202201886278735
M00083_P00232,5.903154761104292
M00083_P00234,0.0
M00083_P00443,0.0
M00083_P00448,5.964725845996426
M00083_P00452,0.0
M00083_P00462,0.0
M00083_P00463,6.384430915312425
M00083_P00465,6.373631578221338
M00083_P00468,6.346937936362746
M00084_P00922,6.249475830737355
M00084_P00927,5.9419373745431825
M00084_P00931,0.0
M00084_P00935,6.223994550324975
M00084_P01223,0.0
M00084_P01234,6.764266033689953
M00084_P01236,6.019924778557086
M00084_P01241,0.0
M00084_P01242,6.017148792685516
M00085_P00478,5.905116536050105
M00085_P00479,6.68517585107381
M00085_P00486,6.3170268561871445
M00085_P00491,6.074259345703951
M00085_P01020,6.564841072421585
M00085_P01034,5.80158205671113
M00085_P01037,5.969320939712521
M00085_P01038,5.9245012593708255
M00086_P00345,0.0
M00086_P00347,6.631216876007417
M00086_P00351,0.0
M00086_P00353,6.004459734177857
M00086_P00359,0.0
M00086_P00362,0.0
M00086_P01146,0.0
M00086_P01157,5.752302920575122
M00086_P01166,6.57890680694785
M00086_P01169,5.98153727227773
M00087_P00807,0.0
M00087_P00812,7.3754756231417025
M00087_P00819,6.230824951158303
M00087_P00826,0.0
M00087_P00827,7.009360860963422
M00087_P00835,0.0
M00087_P00840,0.0
M00087_P00844,0.0
M00087_P00847,5.905146122056845
M00087_P00848,0.0
M00087_P00856,0.0
M00088_P00136,0.0
M00088_P00141,7.243849254332735
M00088_P00148,5.9399126521466705
M00088_P00156,6.178201890244603
M00088_P01070,6.060885863103593
M00088_P01074,0.0
M00088_P01082,5.998778728774386
M00089_P00011,0.0
M00089_P00024,0.0
M00089_P00055,0.0
M00089_P00057,0.0
M00089_P00059,6.256924149444388
M00089_P00064,5.818544431503521
M00089_P00066,0.0
M00089_P00071,6.216683106374737
M00089_P00077,0.0
M00090_P00423,0.0
M00090_P00424,5.794232055271274
M00090_P00425,6.255711421678644
M00090_P00426,5.819016793533365
M00090_P00431,5.765237638632383
M00090_P00436,6.336487495525253
M00090_P00440,6.191006325284335
M00090_P01041,0.0
M00090_P01042,5.805958529632186
M00090_P01048,6.273502877843037
M00090_P01049,0.0
M00090_P01051,6.222831053569512
M00090_P01055,0.0
M00090_P01063,5.905528674539459
M00090_P01064,5.86455010073998
M00091_P00922,6.346728488222434
M00091_P00927,6.018141436557414
M00091_P00931,5.971426721556934
M00091_P00935,6.8257724565824756
M00091_P01201,0.0
M00091_P01209,5.829643459477502
M00091_P01210,0.0
M00091_P01211,6.7525482060525714
M00091_P01214,0.0
M00092_P00108,5.821524394707073
M00092_P00110,0.0
M00092_P00114,7.144881449030868
M00092_P00124,6.183768669791277
M00092_P00129,0.0
M00092_P00185,0.0
M00092_P00193,6.260140467660892
M00092_P00197,0.0
M00092_P00199,5.880325380297553
M00092_P00200,5.914951414225355
M00093_P00055,0.0
M00093_P00057,5.9068010288239545
M00093_P00059,0.0
M00093_P00064,0.0
M00093_P00066,7.332425655561301
M00093_P00071,0.0
M00093_P00077,6.505882603748735
M00093_P00888,6.021623407367226
M00093_P00889,6.004769281951511
M00093_P00893,5.991749421703493
M00093_P00894,6.341284579846798
M00093_P00895,6.291936251709503
M00093_P00901,0.0
M00093_P00909,0.0
M00094_P00209,0.0
M00094_P00210,7.182869150821978
M00094_P00211,0.0
M00094_P00219,0.0
M00094_P00221,0.0
M00094_P00222,6.23893593756123
M00094_P00232,0.0
M00094_P00234,0.0
M00094_P00705,0.0
M00094_P00707,6.199893383976879
M00094_P00716,6.188423380212679
M00094_P00718,7.1203680681634305
M00094_P00724,0.0
M00094_P00728,6.6387811969247545
M00095_P00055,0.0
M00095_P00057,0.0
M00095_P00059,0.0
M00095_P00064,0.0
M00095_P00066,0.0
M00095_P00071,0.0
M00095_P00077,0.0
M00095_P00611,6.017181695812914
M00095_P00618,0.0
M00095_P00619,6.049823615478449
M00095_P00622,0.0
M00096_P00391,0.0
M00096_P00399,6.401048746048591
M00096_P00410,0.0
M00096_P00416,6.287969278503925
M00096_P01120,0.0
M00097_P00574,0.0
M00097_P00579,6.232426538526344
M00097_P00582,0.0
M00097_P00584,0.0
M00097_P00586,5.798188548583994
M00097_P00590,6.724094553784619
M00097_P00940,5.778890679083926
M00097_P00948,0.0
M00097_P00950,6.225001802003445
M00097_P00951,0.0
M00097_P00959,0.0
M00097_P00962,6.7739990874336655
M00098_P00266,6.60120177640557
M00098_P00271,6.287591608610867
M00098_P00278,0.0
M00098_P00286,0.0
M00098_P00391,5.7886262392149614
M00098_P00399,6.241863723006558
M00098_P00410,0.0
M00098_P00416,6.268356861180754
M00099_P00032,6.700688273736884
M00099_P00044,0.0
M00099_P00045,0.0
M00099_P00050,5.904992237544597
M00099_P00052,0.0
M00099_P00313,0.0
M00099_P00324,0.0
M00099_P00329,6.154383662374097
M00099_P00333,6.662061845932096
M00099_P00334,6.392692847077319
M00100_P00678,0.0
M00100_P00679,0.0
M00100_P00680,5.995354877557752
M00100_P00681,0.0
M00100_P00683,0.0
M00100_P00694,0.0
M00100_P01120,0.0
M00101_P00266,6.387988286858961
M00101_P00271,6.335428894518742
M00101_P00278,0.0
M00101_P00286,6.398152860283316
M00101_P00443,0.0
M00101_P00448,5.823594091259443
M00101_P00452,5.849878947324067
M00101_P00462,6.253395839644687
M00101_P00463,6.174917510753584
M00101_P00465,0.0
M00101_P00468,6.28099699829672
M00102_P00055,0.0
M00102_P00057,6.258271837060799
M00102_P00059,6.269816959040328
M00102_P00064,5.882056772401109
M00102_P00066,0.0
M00102_P00071,0.0
M00102_P00077,6.2013117660159045
M00102_P00625,0.0
M00102_P00630,5.971630074349489
M00102_P00632,6.309446800998072
M00102_P00635,0.0
M00102_P00644,0.0
M00102_P00645,0.0
M00102_P00650,6.11483234287734
M00103_P00313,6.453877095122333
M00103_P00324,6.66480797025787
M00103_P00329,6.042294917177447
M00103_P00333,6.3565770078942245
M00103_P00334,6.427739410270651
M00103_P00782,6.200663589582641
M00103_P00786,0.0
M00103_P00788,0.0
M00103_P00797,0.0
M00103_P00803,6.258599050387637
M00104_P00368,5.835253894557583
M00104_P00372,6.671818858033492
M00104_P00378,0.0
M00104_P00382,5.961128423859915
M00104_P00383,5.934892901216895
M00104_P00391,0.0
M00104_P00399,0.0
M00104_P00410,6.471478341181679
M00104_P00416,6.401336650049118
M00105_P00549,0.0
M00105_P00552,5.866379960715673
M00105_P00554,6.1941908510307275
M00105_P00561,0.0
M00105_P00562,5.929220711915621
M00105_P00568,5.951567579491563
M00105_P00655,0.0
M00105_P00662,5.99034619637698
M00105_P00666,0.0
M00105_P00668,6.0937398962840605
M00105_P00669,6.3412955831746425
M00105_P00673,6.335816272595697
M00105_P00674,0.0
M00106_P00443,0.0
M00106_P00448,0.0
M00106_P00452,0.0
M00106_P00462,6.385929303902915
M00106_P00463,6.4447335726989055
M00106_P00465,0.0
M00106_P00468,6.328507450439224
M00106_P00611,5.891080383308007
M00106_P00618,6.2110545925179
M00106_P00619,5.761366691391725
M00106_P00622,5.9810459788522445
M00107_P00888,5.974342369687508
M00107_P00889,5.766433405561266
M00107_P00893,6.406899984194419
M00107_P00894,0.0
M00107_P00895,0.0
M00107_P00901,7.325550604207107
M00107_P00909,6.449561256154023
M00107_P01120,0.0
M00108_P00185,0.0
M00108_P00193,6.2698473514999815
M00108_P00197,0.0
M00108_P00199,0.0
M00108_P00200,5.91720358792665
M00108_P00443,0.0
M00108_P00448,0.0
M00108_P00452,0.0
M00108_P00462,6.353993558056674
M00108_P00463,6.386856532693256
M00108_P00465,6.369397131042836
M00108_P00468,0.0
M00109_P00055,5.956324832268445
M00109_P00057,0.0
M00109_P00059,6.291871193587516
M00109_P00064,5.803148062999441
M00109_P00066,0.0
M00109_P00071,6.191838669126648
M00109_P00077,6.463073686385362
M00109_P00185,6.047479951853867
M00109_P00193,6.339291239951365
M00109_P00197,0.0
M00109_P00199,0.0
M00109_P00200,6.107109524397361
M00110_P00574,5.981352298514041
M00110_P00579,0.0
M00110_P00582,6.353948566335335
M00110_P00584,6.370864250719891
M00110_P00586,6.031491172672377
M00110_P00590,6.889321915954799
M00110_P01223,0.0
M00110_P01234,6.668843318768602
M00110_P01236,5.94866909647468
M00110_P01241,6.225969426674392
M00110_P01242,5.880559658441861
M00111_P00705,5.90552971375642
M00111_P00707,0.0
M00111_P00716,6.244664535746728
M00111_P00718,6.6970867464411405
M00111_P00724,6.145414121455579
M00111_P00728,6.594660150474723
M00111_P01020,6.851986280330384
M00111_P01034,5.944908737863639
M00111_P01037,6.08155096190372
M00111_P01038,0.0
M00112_P00625,6.174801342066468
M00112_P00630,5.957742470555406
M00112_P00632,6.223987681098896
M00112_P00635,6.2599667844474265
M00112_P00644,0.0
M00112_P00645,0.0
M00112_P00650,6.19478231549555
M00112_P00965,0.0
M00112_P00966,0.0
M00112_P00975,6.728489827554577
M00112_P00978,6.848626699737234
M00112_P00980,0.0
M00112_P00986,0.0
M00113_P00055,0.0
M00113_P00057,0.0
M00113_P00059,6.329823599353756
M00113_P00064,0.0
M00113_P00066,7.330746163202797
M00113_P00071,0.0
M00113_P00077,6.358833509287673
M00113_P01201,5.877751825717776
M00113_P01209,5.838061455110436
M00113_P01210,5.8361529990475045
M00113_P01211,6.775371759039729
M00113_P01214,5.927452136594223
M00114_P00863,5.871190838998052
M00114_P00880,6.084827103599989
M00114_P00882,0.0
M00114_P00922,6.32953729258502
M00114_P00927,5.956626683567823
M00114_P00931,6.143393674276979
M00114_P00935,0.0
M00115_P00611,5.970171896768248
M00115_P00618,6.305820809414628
M00115_P00619,0.0
M00115_P00622,0.0
M00115_P00732,0.0
M00115_P00738,0.0
M00115_P00742,6.426189310255643
M00115_P00744,0.0
M00115_P00747,7.238526510752308
M00115_P00753,5.982657977423904
M00116_P00529,0.0
M00116_P00535,5.789032137676527
M00116_P00536,5.854141063409009
M00116_P00542,0.0
M00116_P00543,0.0
M00116_P01020,0.0
M00116_P01034,5.838180217258918
M00116_P01037,0.0
M00116_P01038,5.971621901923544
M00117_P00515,0.0
M00117_P01201,5.986731059481904
M00117_P01209,5.945621255900299
M00117_P01210,0.0
M00117_P01211,6.839519797392413
M00117_P01214,0.0
M00118_P00678,0.0
M00118_P00679,0.0
M00118_P00680,5.917334181852652
M00118_P00681,5.9644292228158475
M00118_P00683,6.301488367127909
M00118_P00694,0.0
M00118_P01099,6.24506198713372
M00118_P01107,0.0
M00118_P01108,6.722729232759506
M00118_P01109,0.0
M00118_P01114,0.0
M00118_P01118,0.0
M00119_P00478,0.0
M00119_P00479,0.0
M00119_P00486,6.459398215338928
M00119_P00491,5.8733109614502315
M00119_P01146,7.207673655459777
M00119_P01157,0.0
M00119_P01166,6.562540299438884
M00119_P01169,6.047553519084371
M00120_P00313,6.22973071388499
M00120_P00324,6.386790724166272
M00120_P00329,5.928540027112545
M00120_P00333,6.637660782686174
M00120_P00334,0.0
M00120_P00705,0.0
M00120_P00707,6.265971959837309
M00120_P00716,6.225688488928274
M00120_P00718,0.0
M00120_P00724,5.9368293454968395
M00120_P00728,6.188387299368683
M00121_P00287,0.0
M00121_P00290,0.0
M00121_P00291,5.854382777715253
M00121_P00295,7.212762000162161
M00121_P00297,5.784419636959672
M00121_P00298,0.0
M00121_P00299,0.0
M00121_P00304,0.0
M00121_P00307,6.162906983460867
M00121_P00309,6.291091294050588
M00121_P00310,6.598331184022815
M00121_P01120,0.0
M00122_P00655,0.0
M00122_P00662,5.87524184557804
M00122_P00666,6.158570925200166
M00122_P00668,0.0
M00122_P00669,6.274851610350495
M00122_P00673,0.0
M00122_P00674,0.0
M00122_P00940,5.953793609906217
M00122_P00948,6.3609886669692575
M00122_P00950,0.0
M00122_P00951,6.3332870187434
M00122_P00959,0.0
M00122_P00962,0.0
M00123_P00345,0.0
M00123_P00347,0.0
M00123_P00351,0.0
M00123_P00353,0.0
M00123_P00359,6.216414029612652
M00123_P00362,6.203086851992501
M00123_P00478,6.029125275501231
M00123_P00479,0.0
M00123_P00486,6.364958262681156
M00123_P00491,6.59372180426765
M00124_P00732,5.740770371567989
M00124_P00738,0.0
M00124_P00742,0.0
M00124_P00744,5.947822234435449
M00124_P00747,7.337459238501466
M00124_P00753,6.143142103163729
M00124_P00761,6.379283933812175
M00124_P00772,5.969457460864606
M00125_P00782,0.0
M00125_P00786,5.946057714289218
M00125_P00788,6.7456904011171375
M00125_P00797,6.31710408157846
M00125_P00803,0.0
M00125_P00835,0.0
M00125_P00840,5.9625451021700595
M00125_P00844,5.854636702299134
M00125_P00847,0.0
M00125_P00848,0.0
M00125_P00856,0.0
M00126_P00136,0.0
M00126_P00141,7.143647293626296
M00126_P00148,5.8871487125609985
M00126_P00156,0.0
M00126_P01099,6.385681402981339
M00126_P01107,5.9692690994502975
M00126_P01108,0.0
M00126_P01109,6.369123342477966
M00126_P01114,0.0
M00126_P01118,6.426682286614285
M00127_P00136,0.0
M00127_P00141,7.000244595603866
M00127_P00148,0.0
M00127_P00156,6.292112352241034
M00127_P00423,0.0
M00127_P00424,0.0
M00127_P00425,6.350140443681295
M00127_P00426,5.979568783337238
M00127_P00431,0.0
M00127_P00436,6.448657806226664
M00127_P00440,0.0
M00128_P00313,0.0
M00128_P00324,6.262294124755638
M00128_P00329,5.899813417926635
M00128_P00333,6.174675313360282
M00128_P00334,6.1713938450945705
M00128_P00368,0.0
M00128_P00372,6.877083563730177
M00128_P00378,6.028816390168797
M00128_P00382,6.081901268151923
M00128_P00383,0.0
M00129_P00055,0.0
M00129_P00057,0.0
M00129_P00059,0.0
M00129_P00064,0.0
M00129_P00066,7.282143296004681
M00129_P00071,0.0
M00129_P00077,0.0
M00129_P00423,0.0
M00129_P00424,0.0
M00129_P00425,6.189687446224122
M00129_P00426,0.0
M00129_P00431,5.924039532056771
M00129_P00436,6.315560968756757
M00129_P00440,0.0
M00130_P00678,0.0
M00130_P00679,0.0
M00130_P00680,0.0
M00130_P00681,5.9288389506905155
M00130_P00683,6.160459629383856
M00130_P00694,6.1529013713921685
M00130_P00761,6.402887069076181
M00130_P00772,6.004345269844967
M00131_P01146,0.0
M00131_P01157,6.025937102976037
M00131_P01166,6.629460995934042
M00131_P01169,0.0
M00131_P01177,0.0
M00131_P01182,0.0
M00131_P01184,5.891737220003483
M00131_P01193,5.820584463008464
M00131_P01196,6.234387346571572
M00132_P00391,0.0
M00132_P00399,6.224275195955988
M00132_P00410,0.0
M00132_P00416,0.0
M00132_P00655,0.0
M00132_P00662,5.7629025686011435
M00132_P00666,0.0
M00132_P00668,5.905316924252748
M00132_P00669,6.234787503340408
M00132_P00673,0.0
M00132_P00674,6.007182710596994
M00133_P00157,0.0
M00133_P00159,5.922836852823314
M00133_P00164,6.168647967922127
M00133_P00169,5.928848128805157
M00133_P00171,6.1613548245248095
M00133_P00175,0.0
M00133_P00732,0.0
M00133_P00738,5.962991027575659
M00133_P00742,6.321524683205926
M00133_P00744,6.088173174899036
M00133_P00747,0.0
M00133_P00753,0.0
M00134_P00863,0.0
M00134_P00880,6.314443308310152
M00134_P00882,6.866906747784006
M00134_P01146,0.0
M00134_P01157,5.847761826766536
M00134_P01166,6.602273948063735
M00134_P01169,6.194270549362466
M00135_P00391,0.0
M00135_P00399,0.0
M00135_P00410,6.193469220816362
M00135_P00416,0.0
M00135_P00922,6.229980462850311
M00135_P00927,5.869518971004515
M00135_P00931,6.3033487432861035
M00135_P00935,6.168209154523865
M00136_P00209,0.0
M00136_P00210,0.0
M00136_P00211,5.916059574414377
M00136_P00219,5.897877135611219
M00136_P00221,6.241944247903267
M00136_P00222,6.250737761296499
M00136_P00232,0.0
M00136_P00234,7.198682786211757
M00136_P00782,0.0
M00136_P00786,5.814356235263396
M00136_P00788,6.7536569750369955
M00136_P00797,6.2020385361190575
M00136_P00803,6.186197353670034
M00137_P00732,0.0
M00137_P00738,5.847179825902683
M00137_P00742,0.0
M00137_P00744,0.0
M00137_P00747,7.42344880554143
M00137_P00753,5.986375382124322
M00137_P01041,0.0
M00137_P01042,0.0
M00137_P01048,6.346411120097584
M00137_P01049,7.270488907832909
M00137_P01051,0.0
M00137_P01055,5.923298889519846
M00137_P01063,0.0
M00137_P01064,0.0
M00138_P00732,5.758664645306132
M00138_P00738,0.0
M00138_P00742,6.537146020787226
M00138_P00744,0.0
M00138_P00747,7.163241582247314
M00138_P00753,0.0
M00138_P00922,0.0
M00138_P00927,5.804592681032349
M00138_P00931,5.868434908666789
M00138_P00935,0.0
M00139_P00423,7.118231718237974
M00139_P00424,5.9599672703346
M00139_P00425,6.243672910547085
M00139_P00426,6.0748723490260526
M00139_P00431,0.0
M00139_P00436,0.0
M00139_P00440,6.242484630538168
M00139_P00732,5.779047623245188
M00139_P00738,5.872668464325996
M00139_P00742,0.0
M00139_P00744,5.878490996411467
M00139_P00747,7.206328651175672
M00139_P00753,6.007096707680241
M00140_P00443,0.0
M00140_P00448,0.0
M00140_P00452,5.8858406705862905
M00140_P00462,6.618498359151052
M00140_P00463,0.0
M00140_P00465,6.206600040737376
M00140_P00468,0.0
M00140_P01041,0.0
M00140_P01042,5.9100511665507485
M00140_P01048,6.222343685742839
M00140_P01049,0.0
M00140_P01051,0.0
M00140_P01055,5.744262952875937
M00140_P01063,5.9609439432702525
M00140_P01064,6.019512167926293
M00141_P00391,0.0
M00141_P00399,0.0
M00141_P00410,6.3944012458523805
M00141_P00416,6.444084615006274
M00141_P01041,0.0
M00141_P01042,0.0
M00141_P01048,6.5189052627390485
M00141_P01049,7.072565846817
M00141_P01051,0.0
M00141_P01055,6.108290346076639
M00141_P01063,6.008356629779801
M00141_P01064,0.0
M00142_P00108,5.952555177777494
M00142_P00110,5.939376425648514
M00142_P00114,0.0
M00142_P00124,6.368746255664521
M00142_P00129,6.088182853930842
M00142_P01201,5.864429092857341
M00142_P01209,0.0
M00142_P01210,5.759768126502048
M00142_P01211,0.0
M00142_P01214,5.944134792283947
M00143_P00443,0.0
M00143_P00448,5.823197483951288
M00143_P00452,5.924663791706184
M00143_P00462,6.416502978179144
M00143_P00463,6.490944216105154
M00143_P00465,6.242481038744922
M00143_P00468,0.0
M00143_P00574,0.0
M00143_P00579,6.2286437001968515
M00143_P00582,0.0
M00143_P00584,0.0
M00143_P00586,5.887840998735329
M00143_P00590,6.692304434172865
M00144_P00209,5.919131096383685
M00144_P00210,0.0
M00144_P00211,0.0
M00144_P00219,0.0
M00144_P00221,6.2261243700576365
M00144_P00222,6.279532242812396
M00144_P00232,5.937834738041596
M00144_P00234,7.251333758928205
M00144_P00266,0.0
M00144_P00271,6.427327265315937
M00144_P00278,6.8793394573617235
M00144_P00286,6.860634347322831
M00145_P00241,0.0
M00145_P00244,0.0
M00145_P00245,6.362509987281666
M00145_P00248,6.654534691063162
M00145_P00255,7.29970850919581
M00145_P00260,7.061278761942538
M00145_P01146,0.0
M00145_P01157,5.847119790340495
M00145_P01166,6.190443610857576
M00145_P01169,5.967143069217149
M00146_P00108,5.901078870953532
M00146_P00110,0.0
M00146_P00114,0.0
M00146_P00124,0.0
M00146_P00129,6.0164991701720885
M00146_P00705,0.0
M00146_P00707,6.316229723476628
M00146_P00716,0.0
M00146_P00718,0.0
M00146_P00724,6.079671528841983
M00146_P00728,6.392738996667874
M00147_P00761,0.0
M00147_P00772,5.883495497598219
M00147_P00888,6.068525086006013
M00147_P00889,0.0
M00147_P00893,6.028516342802123
M00147_P00894,0.0
M00147_P00895,0.0
M00147_P00901,0.0
M00147_P00909,6.601907214715121
M00148_P00345,5.892097632445215
M00148_P00347,6.255097089048189
M00148_P00351,0.0
M00148_P00353,5.885418449728878
M00148_P00359,6.180231186512505
M00148_P00362,0.0
M00148_P00705,5.950848674893965
M00148_P00707,6.28050349853957
M00148_P00716,6.226365240583256
M00148_P00718,0.0
M00148_P00724,5.960265139084694
M00148_P00728,0.0
M00149_P00625,6.312555391971954
M00149_P00630,0.0
M00149_P00632,6.494849155694567
M00149_P00635,6.434733512819969
M00149_P00644,6.3908121474487976
M00149_P00645,0.0
M00149_P00650,6.572995156066564
M00149_P00940,0.0
M00149_P00948,0.0
M00149_P00950,6.226659052863297
M00149_P00951,0.0
M00149_P00959,0.0
M00149_P00962,7.306448487696817
M00150_P00515,5.803413210090975
M00150_P00574,0.0
M00150_P00579,6.272037379740029
M00150_P00582,6.368365447884898
M00150_P00584,6.3671775112572275
M00150_P00586,5.987158003225196
M00150_P00590,7.021802739075827
M00151_P00678,0.0
M00151_P00679,0.0
M00151_P00680,5.9696001408765484
M00151_P00681,5.971359131456078
M00151_P00683,6.387756507958376
M00151_P00694,6.3109077317677285
M00151_P00922,0.0
M00151_P00927,5.853677030235261
M00151_P00931,5.990814362031527
M00151_P00935,6.259078006383458
M00152_P00368,0.0
M00152_P00372,6.7317105755879005
M00152_P00378,5.816361392336438
M00152_P00382,0.0
M00152_P00383,5.862435083314507
M00152_P00807,6.407314993208359
M00152_P00812,0.0
M00152_P00819,6.114949909802111
M00152_P00826,6.292505745534759
M00152_P00827,0.0
M00153_P00032,0.0
M00153_P00044,6.778804314411952
M00153_P00045,5.986406042072443
M00153_P00050,6.051851784828777
M00153_P00052,6.617350812303602
M00153_P00807,6.204672040620255
M00153_P00812,7.135805111817398
M00153_P00819,0.0
M00153_P00826,6.422029906108191
M00153_P00827,0.0
M00154_P01099,0.0
M00154_P01107,5.755513779987479
M00154_P01108,6.905279571768429
M00154_P01109,0.0
M00154_P01114,0.0
M00154_P01118,6.2666752110796295
M00154_P01146,0.0
M00154_P01157,6.010798996386632
M00154_P01166,0.0
M00154_P01169,5.948229744710998
M00155_P00209,0.0
M00155_P00210,0.0
M00155_P00211,6.0290849280831385
M00155_P00219,0.0
M00155_P00221,6.58882302026553
M00155_P00222,6.394800400858306
M00155_P00232,6.0857479398609655
M00155_P00234,7.349228129032811
M00155_P00761,0.0
M00155_P00772,5.84135101402908
M00156_P00655,6.378367634535265
M00156_P00662,5.874291497800943
M00156_P00666,6.338548823979428
M00156_P00668,0.0
M00156_P00669,6.62981945587801
M00156_P00673,0.0
M00156_P00674,0.0
M00156_P00991,7.109027764358472
M00156_P00993,0.0
M00156_P00997,5.804442119502149
M00156_P01000,6.515517991985316
M00156_P01010,0.0
M00157_P00136,0.0
M00157_P00141,7.257358377394745
M00157_P00148,5.888631664742061
M00157_P00156,6.245727787419329
M00157_P01099,6.268029964275902
M00157_P01107,0.0
M00157_P01108,6.780865023185847
M00157_P01109,6.553339679335428
M00157_P01114,6.165130305535295
M00157_P01118,6.620119575927601
M00158_P00287,5.919859145271297
M00158_P00290,0.0
M00158_P00291,0.0
M00158_P00295,7.011622538102852
M00158_P00297,5.890096721222904
M00158_P00298,5.8576118531376045
M00158_P00299,0.0
M00158_P00304,5.896654445004199
M00158_P00307,0.0
M00158_P00309,0.0
M00158_P00310,6.24795927082241
M00158_P00761,6.334246299240779
M00158_P00772,5.925947676943061
M00159_P00529,5.892973279623963
M00159_P00535,5.901347168051929
M00159_P00536,5.7800118821286945
M00159_P00542,0.0
M00159_P00543,0.0
M00159_P00625,6.281558553139876
M00159_P00630,0.0
M00159_P00632,6.8996556769380195
M00159_P00635,0.0
M00159_P00644,0.0
M00159_P00645,6.893727899255748
M00159_P00650,0.0
M00160_P00529,0.0
M00160_P00535,0.0
M00160_P00536,0.0
M00160_P00542,5.81625635224708
M00160_P00543,0.0
M00160_P00574,0.0
M00160_P00579,0.0
M00160_P00582,0.0
M00160_P00584,6.340901148795217
M00160_P00586,5.894137649705491
M00160_P00590,6.857418780877896
M00161_P00443,6.182976846517688
M00161_P00448,5.869488536779285
M00161_P00452,5.909510465266468
M00161_P00462,0.0
M00161_P00463,0.0
M00161_P00465,6.183003929353825
M00161_P00468,6.504912507484294
M00161_P00705,0.0
M00161_P00707,6.371135794091522
M00161_P00716,6.342191269277308
M00161_P00718,7.057254909837945
M00161_P00724,0.0
M00161_P00728,6.395646799957206
M00162_P00032,6.60572629175937
M00162_P00044,6.726611783823202
M00162_P00045,0.0
M00162_P00050,6.093106676439243
M00162_P00052,6.169352823425483
M00162_P00782,0.0
M00162_P00786,0.0
M00162_P00788,6.993088878484614
M00162_P00797,6.324324430515697
M00162_P00803,6.340828980474612
M00163_P00368,6.151332057666904
M00163_P00372,6.817272338350867
M00163_P00378,0.0
M00163_P00382,6.0242661818623695
M00163_P00383,6.027866270101545
M00163_P00574,5.794640289266434
M00163_P00579,0.0
M00163_P00582,0.0
M00163_P00584,6.118325868061836
M00163_P00586,5.777698439582052
M00163_P00590,0.0
M00164_P00055,5.848670315128282
M00164_P00057,5.889859717651698
M00164_P00059,0.0
M00164_P00064,0.0
M00164_P00066,7.1946083246395105
M00164_P00071,6.258001228612668
M00164_P00077,6.168756354488454
M00164_P01070,6.138693609522235
M00164_P01074,0.0
M00164_P01082,5.950224768902628
M00165_P00313,6.373656245865367
M00165_P00324,0.0
M00165_P00329,6.228568576898545
M00165_P00333,0.0
M00165_P00334,6.478455104389473
M00165_P00391,5.936261623444639
M00165_P00399,0.0
M00165_P00410,6.528941197758854
M00165_P00416,0.0
M00166_P00209,0.0
M00166_P00210,0.0
M00166_P00211,5.8318149627850016
M00166_P00219,5.914702202696529
M00166_P00221,6.206341679426026
M00166_P00222,6.23585673709176
M00166_P00232,0.0
M00166_P00234,7.6432237353641455
M00166_P00391,0.0
M00166_P00399,0.0
M00166_P00410,6.256994386630227
M00166_P00416,6.6035245426490095
M00167_P00345,5.866268088855355
M00167_P00347,6.328436667672789
M00167_P00351,0.0
M00167_P00353,5.8214535751523115
M00167_P00359,0.0
M00167_P00362,5.791617035996789
M00167_P00940,5.965044195945669
M00167_P00948,6.292634862470532
M00167_P00950,6.519725147930219
M00167_P00951,6.3517972087383825
M00167_P00959,0.0
M00167_P00962,6.804919661987605
M00168_P00266,6.349889945803416
M00168_P00271,0.0
M00168_P00278,6.8186984888876685
M00168_P00286,0.0
M00168_P00611,5.9034082608041185
M00168_P00618,0.0
M00168_P00619,0.0
M00168_P00622,0.0
M00169_P00266,0.0
M00169_P00271,6.35371949273547
M00169_P00278,6.910541019219199
M00169_P00286,0.0
M00169_P00529,5.929346719471873
M00169_P00535,0.0
M00169_P00536,5.883882027243268
M00169_P00542,0.0
M00169_P00543,6.2712768365216185
M00170_P00515,0.0
M00170_P00965,0.0
M00170_P00966,5.964437542853938
M00170_P00975,6.78595524319803
M00170_P00978,6.862151628766239
M00170_P00980,6.4740852243255365
M00170_P00986,0.0
M00171_P00655,6.17109977542836
M00171_P00662,0.0
M00171_P00666,6.198058410587359
M00171_P00668,0.0
M00171_P00669,6.412458201328413
M00171_P00673,0.0
M00171_P00674,5.916704214625964
M00171_P01201,6.024898109608178
M00171_P01209,6.021399303294873
M00171_P01210,0.0
M00171_P01211,0.0
M00171_P01214,0.0
M00172_P00965,0.0
M00172_P00966,5.858698505606734
M00172_P00975,6.8159611346746
M00172_P00978,0.0
M00172_P00980,6.347445685774716
M00172_P00986,7.032098535469041
M00172_P01177,6.221381453275052
M00172_P01182,0.0
M00172_P01184,5.888708311912098
M00172_P01193,0.0
M00172_P01196,6.443605171018055
M00173_P00157,5.8997160044534676
M00173_P00159,0.0
M00173_P00164,6.30746371282099
M00173_P00169,5.941861828772323
M00173_P00171,6.380778285766815
M00173_P00175,0.0
M00173_P01177,0.0
M00173_P01182,5.960473396602767
M00173_P01184,0.0
M00173_P01193,5.990063774747402
M00173_P01196,0.0
M00174_P00991,0.0
M00174_P00993,5.820605582993436
M00174_P00997,0.0
M00174_P01000,0.0
M00174_P01010,6.450072752529324
M00174_P01120,0.0
M00175_P00574,5.834432431024338
M00175_P00579,6.172788579876375
M00175_P00582,6.176735596955575
M00175_P00584,6.183989605103633
M00175_P00586,0.0
M00175_P00590,6.77659390019651
M00175_P00922,0.0
M00175_P00927,0.0
M00175_P00931,6.271692403174199
M00175_P00935,6.3546984563121125
M00176_P00108,0.0
M00176_P00110,5.8358537565986826
M00176_P00114,7.205162629126324
M00176_P00124,6.267321926144221
M00176_P00129,6.128164801060395
M00176_P00863,0.0
M00176_P00880,0.0
M00176_P00882,0.0
M00177_P00011,5.8906843327167415
M00177_P00024,6.085969258110779
M00177_P00705,0.0
M00177_P00707,6.226324446001311
M00177_P00716,6.257297721309437
M00177_P00718,6.79932239999155
M00177_P00724,0.0
M00177_P00728,0.0
M00178_P00611,0.0
M00178_P00618,0.0
M00178_P00619,5.991611876154569
M00178_P00622,5.953513573769844
M00178_P00705,5.986417029111084
M00178_P00707,0.0
M00178_P00716,0.0
M00178_P00718,6.874287182953647
M00178_P00724,0.0
M00178_P00728,0.0
M00179_P00241,0.0
M00179_P00244,0.0
M00179_P00245,0.0
M00179_P00248,6.336779059166027
M00179_P00255,7.108123028293362
M00179_P00260,0.0
M00179_P01177,6.390720837048733
M00179_P01182,5.990872678143612
M00179_P01184,5.899288864027011
M00179_P01193,0.0
M00179_P01196,0.0
M00180_P00863,5.964834650783589
M00180_P00880,0.0
M00180_P00882,0.0
M00180_P01201,0.0
M00180_P01209,5.841351696454744
M00180_P01210,0.0
M00180_P01211,7.051774524769359
M00180_P01214,5.930402634957027
M00181_P00888,0.0
M00181_P00889,6.143626408913196
M00181_P00893,0.0
M00181_P00894,6.349426390376927
M00181_P00895,0.0
M00181_P00901,0.0
M00181_P00909,6.386128621753429
M00181_P01020,6.970132333227178
M00181_P01034,5.79225139069878
M00181_P01037,5.945857963337973
M00181_P01038,6.161590198037497
M00182_P00705,0.0
M00182_P00707,6.153142649084676
M00182_P00716,6.267110536206658
M00182_P00718,6.734352275273935
M00182_P00724,5.93808217322949
M00182_P00728,6.207807509164862
M00182_P00761,0.0
M00182_P00772,6.003234112093299
M00183_P00391,0.0
M00183_P00399,0.0
M00183_P00410,6.205696235705973
M00183_P00416,6.203777976783444
M00183_P00529,0.0
M00183_P00535,0.0
M00183_P00536,0.0
M00183_P00542,0.0
M00183_P00543,6.529183754251577
M00184_P00391,5.954265167765729
M00184_P00399,0.0
M00184_P00410,6.502459219500893
M00184_P00416,6.668532313821624
M00184_P00732,0.0
M00184_P00738,0.0
M00184_P00742,6.279571633225507
M00184_P00744,0.0
M00184_P00747,0.0
M00184_P00753,5.930484697416213
M00185_P00940,0.0
M00185_P00948,0.0
M00185_P00950,6.222128534758963
M00185_P00951,6.357272116153822
M00185_P00959,0.0
M00185_P00962,6.763481057912494
M00185_P01041,0.0
M00185_P01042,0.0
M00185_P01048,6.322483302702519
M00185_P01049,7.25257066244531
M00185_P01051,6.306624308777735
M00185_P01055,0.0
M00185_P01063,0.0
M00185_P01064,6.082299771061657
M00186_P00032,6.609947331990249
M00186_P00044,7.244280736165011
M00186_P00045,0.0
M00186_P00050,0.0
M00186_P00052,0.0
M00186_P00549,5.921995324770326
M00186_P00552,5.837979153464378
M00186_P00554,0.0
M00186_P00561,0.0
M00186_P00562,5.949187917027915
M00186_P00568,5.974321363467069
M00187_P00287,0.0
M00187_P00290,5.98621281436398
M00187_P00291,6.034000010775428
M00187_P00295,7.234182650009353
M00187_P00297,0.0
M00187_P00298,0.0
M00187_P00299,5.856727570697489
M00187_P00304,6.013460581469957
M00187_P00307,0.0
M00187_P00309,0.0
M00187_P00310,6.362310429602598
M00187_P00835,6.0424071156127575
M00187_P00840,5.926463506246495
M00187_P00844,0.0
M00187_P00847,5.873142124729014
M00187_P00848,0.0
M00187_P00856,6.244070857442526
M00188_P00423,0.0
M00188_P00424,0.0
M00188_P00425,6.590091766326127
M00188_P00426,6.071474098513862
M00188_P00431,5.849715584698761
M00188_P00436,6.303885602325135
M00188_P00440,5.91896946674998
M00188_P00574,0.0
M00188_P00579,0.0
M00188_P00582,6.192517399799359
M00188_P00584,6.278011048344406
M00188_P00586,5.779440807083961
M00188_P00590,7.025193481596643
M00189_P00011,0.0
M00189_P00024,5.91930904254951
M00189_P00922,0.0
M00189_P00927,5.852791222499403
M00189_P00931,0.0
M00189_P00935,0.0
M00190_P00136,0.0
M00190_P00141,7.269080859867914
M00190_P00148,6.058260906315825
M00190_P00156,6.394190096595602
M00190_P00423,0.0
M00190_P00424,0.0
M00190_P00425,6.232149274127438
M00190_P00426,5.774914832534801
M00190_P00431,5.8762907015050345
M00190_P00436,0.0
M00190_P00440,0.0
M00191_P00807,0.0
M00191_P00812,7.410955063802865
M00191_P00819,0.0
M00191_P00826,6.235256292363542
M00191_P00827,0.0
M00191_P00940,0.0
M00191_P00948,0.0
M00191_P00950,0.0
M00191_P00951,0.0
M00191_P00959,6.200205595821068
M00191_P00962,0.0
M00192_P00782,6.374814628593323
M00192_P00786,6.068972317264553
M00192_P00788,6.7889407888255375
M00192_P00797,0.0
M00192_P00803,6.603514072749381
M00192_P01146,7.138787817287376
M00192_P01157,5.815453063467502
M00192_P01166,6.785502789576269
M00192_P01169,0.0
M00193_P00032,6.672556783457709
M00193_P00044,6.6723660670685625
M00193_P00045,5.863200487886729
M00193_P00050,6.086472514224094
M00193_P00052,0.0
M00193_P00732,0.0
M00193_P00738,0.0
M00193_P00742,6.46176027217469
M00193_P00744,0.0
M00193_P00747,0.0
M00193_P00753,6.366308733830223
M00194_P00368,5.772845427601702
M00194_P00372,6.715534872750078
M00194_P00378,0.0
M00194_P00382,0.0
M00194_P00383,0.0
M00194_P00678,0.0
M00194_P00679,0.0
M00194_P00680,5.870381195371598
M00194_P00681,5.917931071055502
M00194_P00683,6.249901204186077
M00194_P00694,6.200167842516349
M00195_P00515,0.0
M00195_P01120,6.034371056974928
M00196_P00782,0.0
M00196_P00786,0.0
M00196_P00788,0.0
M00196_P00797,6.3044185888828626
M00196_P00803,6.386115328303089
M00196_P00940,5.804966029186346
M00196_P00948,6.239975123782987
M00196_P00950,0.0
M00196_P00951,0.0
M00196_P00959,0.0
M00196_P00962,7.105307053643809
M00197_P00705,0.0
M00197_P00707,0.0
M00197_P00716,6.224322054935094
M00197_P00718,6.761348546662455
M00197_P00724,0.0
M00197_P00728,0.0
M00197_P00940,5.960993828874457
M00197_P00948,0.0
M00197_P00950,6.3998736389063176
M00197_P00951,6.569911974474744
M00197_P00959,6.056282269373272
M00197_P00962,7.0475672478877955
M00198_P00761,6.348084987371757
M00198_P00772,6.063220659185508
M00198_P01146,0.0
M00198_P01157,0.0
M00198_P01166,6.293651964329621
M00198_P01169,0.0
M00199_P00368,0.0
M00199_P00372,0.0
M00199_P00378,0.0
M00199_P00382,6.155680799965961
M00199_P00383,0.0
M00199_P00423,0.0
M00199_P00424,5.731649489117798
M00199_P00425,6.224327977095789
M00199_P00426,5.845160780489743
M00199_P00431,0.0
M00199_P00436,6.193256754467649
M00199_P00440,0.0
M00200_P00185,0.0
M00200_P00193,0.0
M00200_P00197,5.937408918172562
M00200_P00199,5.822835982209705
M00200_P00200,5.957649480293854
M00200_P00529,0.0
M00200_P00535,5.898021771123759
M00200_P00536,0.0
M00200_P00542,0.0
M00200_P00543,6.135976860629393
M00201_P00313,0.0
M00201_P00324,6.36413339594934
M00201_P00329,0.0
M00201_P00333,0.0
M00201_P00334,6.358114070530966
M00201_P00368,5.850280213213989
M00201_P00372,6.672126583148941
M00201_P00378,5.885334269462245
M00201_P00382,5.970653397017286
M00201_P00383,6.179640336906489
M00202_P00443,6.33571714961455
M00202_P00448,5.927284845420997
M00202_P00452,0.0
M00202_P00462,6.318797283659538
M00202_P00463,0.0
M00202_P00465,6.349383845928963
M00202_P00468,0.0
M00202_P01223,0.0
M00202_P01234,6.5803591297096204
M00202_P01236,5.94153057662625
M00202_P01241,6.255011648001965
M00202_P01242,0.0
M00203_P00157,0.0
M00203_P00159,0.0
M00203_P00164,0.0
M00203_P00169,6.041400386222156
M00203_P00171,0.0
M00203_P00175,6.211623929056529
M00203_P00345,5.867472596193934
M00203_P00347,6.277300222705559
M00203_P00351,6.170062616223486
M00203_P00353,0.0
M00203_P00359,0.0
M00203_P00362,5.878940372029725
M00204_P00287,0.0
M00204_P00290,6.047287634332511
M00204_P00291,0.0
M00204_P00295,7.25682280370999
M00204_P00297,6.010008787658963
M00204_P00298,0.0
M00204_P00299,6.005261168652725
M00204_P00304,6.278235694516569
M00204_P00307,0.0
M00204_P00309,6.407928398611741
M00204_P00310,0.0
M00204_P00611,0.0
M00204_P00618,6.2026788047692225
M00204_P00619,0.0
M00204_P00622,5.987069652225574
M00205_P00888,0.0
M00205_P00889,0.0
M00205_P00893,5.899330845465194
M00205_P00894,6.220278104722456
M00205_P00895,6.186802909504158
M00205_P00901,7.127928504356253
M00205_P00909,0.0
M00205_P01177,0.0
M00205_P01182,6.336904631780122
M00205_P01184,5.926358080774133
M00205_P01193,6.021113311326777
M00205_P01196,0.0
M00206_P00055,0.0
M00206_P00057,5.979524993987775
M00206_P00059,0.0
M00206_P00064,6.005719681149562
M00206_P00066,7.234817547378807
M00206_P00071,6.425124385785712
M00206_P00077,6.423343233324681
M00206_P00108,5.89375856865536
M00206_P00110,5.9838759293178265
M00206_P00114,7.172822304412422
M00206_P00124,0.0
M00206_P00129,6.004664278554919
M00207_P00209,0.0
M00207_P00210,7.290333043910292
M00207_P00211,0.0
M00207_P00219,0.0
M00207_P00221,6.171530483990657
M00207_P00222,6.182571412673596
M00207_P00232,0.0
M00207_P00234,0.0
M00207_P01146,0.0
M00207_P01157,0.0
M00207_P01166,6.7077125622583855
M00207_P01169,6.004743504780407
M00208_P00011,5.856047912012141
M00208_P00024,0.0
M00208_P00157,5.97517234506424
M00208_P00159,0.0
M00208_P00164,6.375202487697811
M00208_P00169,6.042562405072842
M00208_P00171,0.0
M00208_P00175,0.0
M00209_P00782,6.346171334785709
M00209_P00786,0.0
M00209_P00788,0.0
M00209_P00797,6.343441912217565
M00209_P00803,0.0
M00209_P00807,6.301069931187518
M00209_P00812,7.104700489036907
M00209_P00819,6.170664760517984
M00209_P00826,6.192763900076748
M00209_P00827,6.917965152872284
M00210_P00079,0.0
M00210_P00082,6.227320031832457
M00210_P00087,5.937133072794357
M00210_P00097,6.302370644300167
M00210_P00102,0.0
M00210_P00287,0.0
M00210_P00290,5.9774354129590845
M00210_P00291,5.922867568541054
M00210_P00295,7.1988754498798375
M00210_P00297,0.0
M00210_P00298,5.965461168573337
M00210_P00299,5.925564585370138
M00210_P00304,0.0
M00210_P00307,0.0
M00210_P00309,0.0
M00210_P00310,0.0
M00211_P00108,0.0
M00211_P00110,5.997704337318947
M00211_P00114,7.235878826274199
M00211_P00124,0.0
M00211_P00129,6.067916689304641
M00211_P00185,0.0
M00211_P00193,6.3100350981523965
M00211_P00197,0.0
M00211_P00199,0.0
M00211_P00200,5.927956744045458
M00212_P00108,5.830188812052382
M00212_P00110,5.853528265060115
M00212_P00114,0.0
M00212_P00124,6.237967890373568
M00212_P00129,5.972815372924302
M00212_P00965,0.0
M00212_P00966,5.902800319702018
M00212_P00975,0.0
M00212_P00978,6.914013383591879
M00212_P00980,6.439132762375345
M00212_P00986,6.809072947060821
M00213_P00241,5.889383261225506
M00213_P00244,5.844768021649844
M00213_P00245,0.0
M00213_P00248,0.0
M00213_P00255,0.0
M00213_P00260,6.651331921143809
M00213_P00266,6.20867648781995
M00213_P00271,6.33718194495644
M00213_P00278,6.74997608329161
M00213_P00286,0.0
M00214_P00136,7.2694947997902375
M00214_P00141,0.0
M00214_P00148,0.0
M00214_P00156,6.323232842489721
M00214_P00423,0.0
M00214_P00424,5.870399078321245
M00214_P00425,6.233109364535256
M00214_P00426,0.0
M00214_P00431,5.867427079610438
M00214_P00436,0.0
M00214_P00440,5.9755430163715015
M00215_P00991,7.071272337516029
M00215_P00993,0.0
M00215_P00997,5.777941240328163
M00215_P01000,6.145475196868711
M00215_P01010,0.0
M00215_P01020,6.789387444359701
M00215_P01034,0.0
M00215_P01037,0.0
M00215_P01038,5.882846204340181
M00216_P00625,0.0
M00216_P00630,6.042827776743029
M00216_P00632,0.0
M00216_P00635,6.387037999458137
M00216_P00644,6.406524858808966
M00216_P00645,0.0
M00216_P00650,6.59038830822622
M00216_P00863,0.0
M00216_P00880,6.232691675739164
M00216_P00882,0.0
M00217_P00515,0.0
M00217_P00991,7.170164328923698
M00217_P00993,5.677745382515086
M00217_P00997,6.047021947312956
M00217_P01000,6.260810270921606
M00217_P01010,0.0
M00218_P00940,0.0
M00218_P00948,6.258832693987559
M00218_P00950,6.188750597263804
M00218_P00951,6.554486336269939
M00218_P00959,5.885819861022389
M00218_P00962,0.0
M00218_P01041,0.0
M00218_P01042,5.840273410680251
M00218_P01048,0.0
M00218_P01049,7.158958017824003
M00218_P01051,6.162218044281762
M00218_P01055,5.9604613329455125
M00218_P01063,0.0
M00218_P01064,6.1520269290120435
M00219_P00345,5.896652884090154
M00219_P00347,6.073153841396043
M00219_P00351,6.232455832382649
M00219_P00353,0.0
M00219_P00359,6.2807710945415165
M00219_P00362,5.755361161310723
M00219_P01070,0.0
M00219_P01074,0.0
M00219_P01082,0.0
M00220_P00136,0.0
M00220_P00141,7.175701233112887
M00220_P00148,5.855412836004633
M00220_P00156,6.265879537211505
M00220_P01099,6.268001463383913
M00220_P01107,0.0
M00220_P01108,0.0
M00220_P01109,6.239160477440637
M00220_P01114,6.248964353922667
M00220_P01118,0.0
M00221_P00287,0.0
M00221_P00290,6.025361120666402
M00221_P00291,6.135834482862924
M00221_P00295,0.0
M00221_P00297,0.0
M00221_P00298,5.868260430297785
M00221_P00299,5.839338537811639
M00221_P00304,5.836853529846455
M00221_P00307,6.203053021027002
M00221_P00309,6.289461693579581
M00221_P00310,6.250086871273204
M00221_P00940,0.0
M00221_P00948,6.213922653300638
M00221_P00950,6.735296253731552
M00221_P00951,6.333049801014993
M00221_P00959,0.0
M00221_P00962,0.0
M00222_P00011,5.82365687190575
M00222_P00024,0.0
M00222_P00705,5.939853010144367
M00222_P00707,0.0
M00222_P00716,6.173625800235692
M00222_P00718,0.0
M00222_P00724,5.966231636788122
M00222_P00728,6.3452046287702615
M00223_P00055,0.0
M00223_P00057,0.0
M00223_P00059,6.407588770058741
M00223_P00064,5.914883567342425
M00223_P00066,7.250502835377415
M00223_P00071,0.0
M00223_P00077,6.288295868327921
M00223_P00478,5.898878462051258
M00223_P00479,0.0
M00223_P00486,6.237070832833804
M00223_P00491,0.0
M00224_P00478,6.052787213757098
M00224_P00479,0.0
M00224_P00486,0.0
M00224_P00491,0.0
M00224_P01177,6.23036970914993
M00224_P01182,0.0
M00224_P01184,0.0
M00224_P01193,0.0
M00224_P01196,6.417917935416788
M00225_P00108,6.03543692015794
M00225_P00110,5.833307757304514
M00225_P00114,7.0860436155440425
M00225_P00124,6.128718945577261
M00225_P00129,5.941112833477211
M00225_P01146,7.12578007666463
M00225_P01157,6.087975040526401
M00225_P01166,0.0
M00225_P01169,6.016289548127109
M00226_P00965,0.0
M00226_P00966,5.860893143134495
M00226_P00975,6.684949645945256
M00226_P00978,0.0
M00226_P00980,6.3366651787723445
M00226_P00986,0.0
M00226_P01041,5.969281110196709
M00226_P01042,0.0
M00226_P01048,0.0
M00226_P01049,0.0
M00226_P01051,6.2109373010947895
M00226_P01055,5.945993340624465
M00226_P01063,6.0528835314802745
M00226_P01064,0.0
M00227_P00185,0.0
M00227_P00193,0.0
M00227_P00197,6.001210062659635
M00227_P00199,5.845904489280308
M00227_P00200,0.0
M00227_P00705,5.940263409180281
M00227_P00707,0.0
M00227_P00716,6.21806990056925
M00227_P00718,0.0
M00227_P00724,5.91440937587376
M00227_P00728,6.236114464173668
M00228_P00241,0.0
M00228_P00244,5.887578404987093
M00228_P00245,6.210696382511025
M00228_P00248,6.197338014738303
M00228_P00255,0.0
M00228_P00260,6.8130612046954875
M00228_P01070,0.0
M00228_P01074,6.221509622239589
M00228_P01082,0.0
M00229_P00079,0.0
M00229_P00082,0.0
M00229_P00087,5.9426902739842475
M00229_P00097,6.2357809753652145
M00229_P00102,0.0
M00229_P00108,0.0
M00229_P00110,5.860538733986164
M00229_P00114,7.350797320418375
M00229_P00124,6.179285520876064
M00229_P00129,6.241497392444168
M00230_P00940,5.881563521508874
M00230_P00948,6.250328112511622
M00230_P00950,0.0
M00230_P00951,6.365169122317323
M00230_P00959,5.749864853543966
M00230_P00962,6.696699226016938
M00230_P00991,0.0
M00230_P00993,5.801052290076234
M00230_P00997,5.873766604437649
M00230_P01000,6.2354687099766934
M00230_P01010,0.0
M00231_P00185,5.964399272514144
M00231_P00193,0.0
M00231_P00197,6.071964853694341
M00231_P00199,6.023393281207801
M00231_P00200,6.056602755625633
M00231_P00782,6.1977429469049055
M00231_P00786,5.859826829088146
M00231_P00788,0.0
M00231_P00797,6.206563765033399
M00231_P00803,6.183845895452377
M00232_P00655,6.716847485949638
M00232_P00662,0.0
M00232_P00666,0.0
M00232_P00668,0.0
M00232_P00669,0.0
M00232_P00673,6.920264521292928
M00232_P00674,6.098610445712756
M00232_P01146,0.0
M00232_P01157,0.0
M00232_P01166,6.398141124354257
M00232_P01169,6.13149502458291
M00233_P00136,7.168419572011645
M00233_P00141,7.17702028632682
M00233_P00148,6.349346212996295
M00233_P00156,6.559903446823142
M00233_P00732,5.9627358777486865
M00233_P00738,6.009071789708153
M00233_P00742,0.0
M00233_P00744,6.0255733789127275
M00233_P00747,7.430345905011123
M00233_P00753,6.4135589137721984
M00234_P00529,5.997104343297681
M00234_P00535,6.061475429416831
M00234_P00536,6.02162518780019
M00234_P00542,0.0
M00234_P00543,0.0
M00234_P00705,0.0
M00234_P00707,0.0
M00234_P00716,6.336551376477229
M00234_P00718,6.735533224750598
M00234_P00724,5.920241286535261
M00234_P00728,0.0
M00235_P00032,6.871597023871104
M00235_P00044,0.0
M00235_P00045,5.849191554078209
M00235_P00050,5.916040157181165
M00235_P00052,0.0
M00235_P00157,0.0
M00235_P00159,6.207305951613657
M00235_P00164,0.0
M00235_P00169,6.0553269392428986
M00235_P00171,6.2856159355075905
M00235_P00175,0.0
M00236_P00443,0.0
M00236_P00448,0.0
M00236_P00452,5.85332951168142
M00236_P00462,6.339687522625024
M00236_P00463,0.0
M00236_P00465,6.260556210529163
M00236_P00468,6.422209267404272
M00236_P01120,5.862441093856526
M00237_P00287,0.0
M00237_P00290,5.873370065378962
M00237_P00291,5.756680622262514
M00237_P00295,0.0
M00237_P00297,0.0
M00237_P00298,5.838729997854465
M00237_P00299,5.797177011712429
M00237_P00304,5.911142202973401
M00237_P00307,6.499739173698347
M00237_P00309,0.0
M00237_P00310,0.0
M00237_P00807,0.0
M00237_P00812,7.2994144048134295
M00237_P00819,6.072707209444672
M00237_P00826,6.357756024965892
M00237_P00827,0.0
M00238_P00287,6.000717555837166
M00238_P00290,0.0
M00238_P00291,5.780715960621973
M00238_P00295,0.0
M00238_P00297,5.7980926194285605
M00238_P00298,5.910529441093478
M00238_P00299,5.807938390515611
M00238_P00304,5.851648224953118
M00238_P00307,0.0
M00238_P00309,0.0
M00238_P00310,6.213868210063662
M00238_P00443,0.0
M00238_P00448,0.0
M00238_P00452,6.038936303268239
M00238_P00462,0.0
M00238_P00463,6.876498576966825
M00238_P00465,0.0
M00238_P00468,6.334428214674296
M00239_P00807,0.0
M00239_P00812,7.171050381104433
M00239_P00819,5.9538856348274765
M00239_P00826,6.497193072786638
M00239_P00827,6.7347840138095325
M00239_P01041,5.8972216561580435
M00239_P01042,0.0
M00239_P01048,0.0
M00239_P01049,7.168760917387196
M00239_P01051,6.168189066875345
M00239_P01055,0.0
M00239_P01063,0.0
M00239_P01064,5.947897442117462
M00240_P00574,0.0
M00240_P00579,6.2008690685918815
M00240_P00582,6.1640726814323745
M00240_P00584,6.254367336946865
M00240_P00586,0.0
M00240_P00590,6.649254276789552
M00240_P00705,0.0
M00240_P00707,0.0
M00240_P00716,0.0
M00240_P00718,6.881782999110037
M00240_P00724,6.0137009840057445
M00240_P00728,6.327889905182585
M00241_P00157,0.0
M00241_P00159,5.914246163308781
M00241_P00164,6.232082287669404
M00241_P00169,5.8730978470515165
M00241_P00171,6.164585928070125
M00241_P00175,6.165967253443946
M00241_P01099,0.0
M00241_P01107,0.0
M00241_P01108,6.805912086687186
M00241_P01109,0.0
M00241_P01114,6.378575792145581
M00241_P01118,6.892020016885214
M00242_P00678,5.960400038483456
M00242_P00679,0.0
M00242_P00680,5.862225774918177
M00242_P00681,0.0
M00242_P00683,6.265618766691603
M00242_P00694,6.458126972153241
M00242_P01177,6.458490014231556
M00242_P01182,5.89384166393627
M00242_P01184,5.909914327823994
M00242_P01193,5.90891312792188
M00242_P01196,6.24839191116728
M00243_P00655,6.248637696766599
M00243_P00662,0.0
M00243_P00666,6.25531742970038
M00243_P00668,0.0
M00243_P00669,6.2822454848348865
M00243_P00673,0.0
M00243_P00674,0.0
M00243_P01099,0.0
M00243_P01107,5.936821385093772
M00243_P01108,7.103693996929935
M00243_P01109,0.0
M00243_P01114,0.0
M00243_P01118,6.413791512193611
M00244_P00136,0.0
M00244_P00141,7.178869049599353
M00244_P00148,0.0
M00244_P00156,0.0
M00244_P00761,6.266478100173389
M00244_P00772,0.0
M00245_P00185,0.0
M00245_P00193,6.207067067747474
M00245_P00197,0.0
M00245_P00199,0.0
M00245_P00200,5.957838695404909
M00245_P00529,0.0
M00245_P00535,5.993174834696849
M00245_P00536,0.0
M00245_P00542,0.0
M00245_P00543,0.0
M00246_P00011,5.78689091241014
M00246_P00024,6.127495834696953
M00246_P00835,6.254503331432767
M00246_P00840,0.0
M00246_P00844,5.988683933972107
M00246_P00847,0.0
M00246_P00848,6.006034232311727
M00246_P00856,6.53122985194611
M00247_P00079,0.0
M00247_P00082,6.368353795417725
M00247_P00087,6.036407884818711
M00247_P00097,6.660684954145564
M00247_P00102,0.0
M00247_P00678,0.0
M00247_P00679,0.0
M00247_P00680,5.893584801832671
M00247_P00681,5.98687968334306
M00247_P00683,0.0
M00247_P00694,0.0
M00248_P00807,0.0
M00248_P00812,0.0
M00248_P00819,0.0
M00248_P00826,6.464547424208815
M00248_P00827,6.811724689224622
M00248_P01020,6.807883249361804
M00248_P01034,5.899437437296006
M00248_P01037,0.0
M00248_P01038,0.0
M00249_P00079,0.0
M00249_P00082,0.0
M00249_P00087,0.0
M00249_P00097,6.467900121540246
M00249_P00102,5.9205742671710615
M00249_P00368,0.0
M00249_P00372,0.0
M00249_P00378,5.774631785831989
M00249_P00382,5.973498211579397
M00249_P00383,0.0
M00250_P00478,6.0484063243899024
M00250_P00479,6.813180101555547
M00250_P00486,0.0
M00250_P00491,5.94347582234603
M00250_P00761,0.0
M00250_P00772,5.842349193383093
M00251_P00032,0.0
M00251_P00044,0.0
M00251_P00045,0.0
M00251_P00050,6.072260883837253
M00251_P00052,6.2751263349245185
M00251_P00185,0.0
M00251_P00193,0.0
M00251_P00197,5.874635299598745
M00251_P00199,0.0
M00251_P00200,0.0
M00252_P00266,0.0
M00252_P00271,6.2224054789808
M00252_P00278,6.94171648167125
M00252_P00286,6.459171649825951
M00252_P01177,0.0
M00252_P01182,5.8533504996114925
M00252_P01184,5.852808337784543
M00252_P01193,5.858266778697644
M00252_P01196,6.409554140183055
M00253_P00678,0.0
M00253_P00679,0.0
M00253_P00680,6.131175128221592
M00253_P00681,0.0
M00253_P00683,6.377197151719873
M00253_P00694,6.396580410657053
M00253_P00922,6.21414026358683
M00253_P00927,0.0
M00253_P00931,0.0
M00253_P00935,6.408406937716561
M00254_P00185,6.062038085451456
M00254_P00193,6.399497204961708
M00254_P00197,6.123590900826484
M00254_P00199,0.0
M00254_P00200,6.077822517267981
M00254_P00782,0.0
M00254_P00786,5.9928154740766555
M00254_P00788,6.73369180686751
M00254_P00797,6.177677019506385
M00254_P00803,6.262417745392114
M00255_P00807,0.0
M00255_P00812,7.307136473904227
M00255_P00819,6.021722217080867
M00255_P00826,6.615485030061162
M00255_P00827,6.895261192237165
M00255_P01201,0.0
M00255_P01209,5.88287513341309
M00255_P01210,5.922463175999781
M00255_P01211,0.0
M00255_P01214,0.0
M00256_P00678,0.0
M00256_P00679,0.0
M00256_P00680,5.876758670394594
M00256_P00681,5.957909587486653
M00256_P00683,0.0
M00256_P00694,0.0
M00256_P00807,0.0
M00256_P00812,0.0
M00256_P00819,6.089623298310825
M00256_P00826,6.329728579083906
M00256_P00827,6.827929760811083
M00257_P00761,6.319495919364261
M00257_P00772,5.935724202583263
M00257_P00940,5.8315469766105235
M00257_P00948,0.0
M00257_P00950,0.0
M00257_P00951,0.0
M00257_P00959,6.106297768556192
M00257_P00962,6.804808690941195
M00258_P00313,6.239810292752859
M00258_P00324,6.255348132544765
M00258_P00329,5.96279133011944
M00258_P00333,6.50976035387859
M00258_P00334,6.545039793879968
M00258_P01020,7.049200753734311
M00258_P01034,5.848360467121759
M00258_P01037,0.0
M00258_P01038,0.0
M00259_P00108,5.8968339492734145
M00259_P00110,0.0
M00259_P00114,7.168567244980608
M00259_P00124,6.309617729231971
M00259_P00129,6.056403026757742
M00259_P00478,5.919954815087586
M00259_P00479,6.778036395322697
M00259_P00486,0.0
M00259_P00491,0.0
M00260_P00549,0.0
M00260_P00552,0.0
M00260_P00554,6.242673202432204
M00260_P00561,7.071342984496099
M00260_P00562,5.946843955124763
M00260_P00568,5.943443369932562
M00260_P00863,0.0
M00260_P00880,0.0
M00260_P00882,7.3285243711463455
M00261_P00478,0.0
M00261_P00479,0.0
M00261_P00486,6.2515028276183155
M00261_P00491,5.840523084238485
M00261_P01223,0.0
M00261_P01234,6.686518931438207
M00261_P01236,5.888475108986786
M00261_P01241,0.0
M00261_P01242,0.0
M00262_P00241,6.0504163432478135
M00262_P00244,6.019922542103357
M00262_P00245,6.455556486413993
M00262_P00248,6.621701289113404
M00262_P00255,7.454140106999746
M00262_P00260,0.0
M00262_P00761,6.203075933099914
M00262_P00772,5.826971858864396
M00263_P00549,0.0
M00263_P00552,0.0
M00263_P00554,0.0
M00263_P00561,0.0
M00263_P00562,0.0
M00263_P00568,6.031873055839473
M00263_P00574,5.841989871169705
M00263_P00579,6.140238993215168
M00263_P00582,0.0
M00263_P00584,6.234622740704679
M00263_P00586,5.856489338737239
M00263_P00590,6.694552877647635
M00264_P00529,6.081514046212244
M00264_P00535,0.0
M00264_P00536,6.118404571655539
M00264_P00542,0.0
M00264_P00543,0.0
M00264_P00761,6.227075049512787
M00264_P00772,5.71451949641455
M00265_P00625,6.264263704667314
M00265_P00630,5.880424980513502
M00265_P00632,0.0
M00265_P00635,0.0
M00265_P00644,6.191317616903461
M00265_P00645,7.02544443904254
M00265_P00650,0.0
M00265_P00940,5.820650146024737
M00265_P00948,6.208527536071669
M00265_P00950,6.382442463680872
M00265_P00951,6.252038983421453
M00265_P00959,6.320682686005416
M00265_P00962,7.055760342914963
M00266_P00055,5.905107859698025
M00266_P00057,5.874665088085571
M00266_P00059,0.0
M00266_P00064,0.0
M00266_P00066,7.141018226949315
M00266_P00071,6.192190514283961
M00266_P00077,6.284536006726617
M00266_P00549,0.0
M00266_P00552,0.0
M00266_P00554,6.4213644651376525
M00266_P00561,7.220706345388901
M00266_P00562,6.006319427210468
M00266_P00568,0.0
M00267_P00625,0.0
M00267_P00630,0.0
M00267_P00632,6.329123597789994
M00267_P00635,6.135935366315756
M00267_P00644,0.0
M00267_P00645,0.0
M00267_P00650,6.121931977285655
M00267_P01177,0.0
M00267_P01182,5.8404018853393485
M00267_P01184,5.908500329777212
M00267_P01193,5.988481037677628
M00267_P01196,6.418187181277724
M00268_P00055,5.998549092456096
M00268_P00057,5.9589860110709685
M00268_P00059,0.0
M00268_P00064,5.9130597892117835
M00268_P00066,7.211518830134982
M00268_P00071,6.354048259642812
M00268_P00077,6.348541839086549
M00268_P00807,0.0
M00268_P00812,7.308761262070851
M00268_P00819,0.0
M00268_P00826,6.2089127978343415
M00268_P00827,6.652368283154678
M00269_P00157,5.985018989083812
M00269_P00159,0.0
M00269_P00164,0.0
M00269_P00169,6.066959506532832
M00269_P00171,6.681416396523097
M00269_P00175,6.3385801367925705
M00269_P00761,6.303620772834611
M00269_P00772,5.7172024023068895
M00270_P00011,5.84239095119897
M00270_P00024,6.094395273932722
M00270_P01223,5.770741629415302
M00270_P01234,6.695519638577605
M00270_P01236,0.0
M00270_P01241,6.246769843362104
M00270_P01242,6.135252391517692
M00271_P00241,5.9174376295929445
M00271_P00244,6.133466563665315
M00271_P00245,6.275305984846023
M00271_P00248,6.128598109764997
M00271_P00255,7.167809497786807
M00271_P00260,6.752956490284003
M00271_P01070,6.060131629053947
M00271_P01074,6.378796501161725
M00271_P01082,5.961528011703756
M00272_P00423,6.552925223853768
M00272_P00424,5.831421028993433
M00272_P00425,0.0
M00272_P00426,5.790139783683131
M00272_P00431,0.0
M00272_P00436,6.206589415218646
M00272_P00440,5.947063529430695
M00272_P00574,0.0
M00272_P00579,6.356973992091113
M00272_P00582,0.0
M00272_P00584,6.368539711958878
M00272_P00586,0.0
M00272_P00590,6.845087837990377
M00273_P00136,7.131540184383796
M00273_P00141,0.0
M00273_P00148,5.837764452994115
M00273_P00156,0.0
M00273_P01070,6.053101675537171
M00273_P01074,6.40899190605926
M00273_P01082,0.0
M00274_P00529,5.997627452708594
M00274_P00535,0.0
M00274_P00536,0.0
M00274_P00542,6.3720645406172585
M00274_P00543,6.38803345076396
M00274_P01070,5.952084350805858
M00274_P01074,6.168577815068522
M00274_P01082,5.795028245452821
M00275_P00055,0.0
M00275_P00057,5.892964312425349
M00275_P00059,6.178096790139201
M00275_P00064,0.0
M00275_P00066,7.244456691005511
M00275_P00071,6.215536545656208
M00275_P00077,0.0
M00275_P00888,0.0
M00275_P00889,5.840788738919776
M00275_P00893,5.841762851853593
M00275_P00894,6.148182691564268
M00275_P00895,0.0
M00275_P00901,7.210407414670498
M00275_P00909,6.391985720082039
M00276_P00391,0.0
M00276_P00399,6.586485024739531
M00276_P00410,6.828038426018843
M00276_P00416,6.280227198012251
M00276_P01070,0.0
M00276_P01074,0.0
M00276_P01082,5.892509101010447
M00277_P00136,7.235897767819182
M00277_P00141,7.1492866880436665
M00277_P00148,0.0
M00277_P00156,6.28878912698263
M00277_P00368,5.793263620077225
M00277_P00372,6.694709835659669
M00277_P00378,0.0
M00277_P00382,0.0
M00277_P00383,0.0
M00278_P01041,6.003922235451142
M00278_P01042,0.0
M00278_P01048,6.382043311328313
M00278_P01049,7.257210755657258
M00278_P01051,0.0
M00278_P01055,5.953572947569481
M00278_P01063,0.0
M00278_P01064,5.992028521251424
M00278_P01201,5.809994865204247
M00278_P01209,5.858824781363781
M00278_P01210,5.9207929212967825
M00278_P01211,0.0
M00278_P01214,5.872247926910678
M00279_P00266,0.0
M00279_P00271,6.28856172454967
M00279_P00278,6.7223132909181285
M00279_P00286,6.397145569451227
M00279_P01177,0.0
M00279_P01182,0.0
M00279_P01184,5.954535089718505
M00279_P01193,5.974237362246713
M00279_P01196,6.309611210068558
M00280_P00055,0.0
M00280_P00057,5.814202634529903
M00280_P00059,6.258319887167543
M00280_P00064,6.001428096458872
M00280_P00066,7.451846978713682
M00280_P00071,0.0
M00280_P00077,0.0
M00280_P00549,0.0
M00280_P00552,0.0
M00280_P00554,6.357288340506766
M00280_P00561,0.0
M00280_P00562,6.017553089940029
M00280_P00568,0.0
M00281_P00478,6.046931656881447
M00281_P00479,6.895628703669021
M00281_P00486,6.447463131966736
M00281_P00491,6.056979319492849
M00281_P00611,0.0
M00281_P00618,0.0
M00281_P00619,6.102575173901724
M00281_P00622,0.0
M00282_P00241,0.0
M00282_P00244,5.865070161780908
M00282_P00245,6.243837930997653
M00282_P00248,0.0
M00282_P00255,7.058864554815237
M00282_P00260,0.0
M00282_P00423,6.768692154625966
M00282_P00424,5.8576976233947935
M00282_P00425,6.145645869147568
M00282_P00426,5.778247822323126
M00282_P00431,5.88598435352052
M00282_P00436,0.0
M00282_P00440,5.9961829378479266
M00283_P00940,0.0
M00283_P00948,6.282839622388673
M00283_P00950,6.367421050166519
M00283_P00951,0.0
M00283_P00959,5.938432599759311
M00283_P00962,6.808157481069463
M00283_P01146,0.0
M00283_P01157,5.850398716034533
M00283_P01166,6.378771734829351
M00283_P01169,0.0
M00284_P00266,6.226181838556785
M00284_P00271,6.595958304996856
M00284_P00278,6.9486963864129825
M00284_P00286,0.0
M00284_P00313,0.0
M00284_P00324,0.0
M00284_P00329,5.927512055290216
M00284_P00333,6.31164500825186
M00284_P00334,6.174873234981351
M00285_P01020,6.8744094813598196
M00285_P01034,0.0
M00285_P01037,6.062565174986771
M00285_P01038,6.046773303099275
M00285_P01146,0.0
M00285_P01157,5.841375329466389
M00285_P01166,6.503567049856956
M00285_P01169,5.941892669673541
M00286_P00241,5.909163975824075
M00286_P00244,5.922884278620803
M00286_P00245,0.0
M00286_P00248,6.216931398333895
M00286_P00255,0.0
M00286_P00260,7.025883050629056
M00286_P00965,0.0
M00286_P00966,5.8094812064655565
M00286_P00975,6.777769241377986
M00286_P00978,0.0
M00286_P00980,6.418723769701352
M00286_P00986,0.0
M00287_P00423,7.001188986910066
M00287_P00424,5.871936537163975
M00287_P00425,0.0
M00287_P00426,5.871409500041791
M00287_P00431,0.0
M00287_P00436,0.0
M00287_P00440,5.9241092758437475
M00287_P01041,0.0
M00287_P01042,5.933098513037129
M00287_P01048,6.196838366595365
M00287_P01049,7.372438751399225
M00287_P01051,0.0
M00287_P01055,0.0
M00287_P01063,0.0
M00287_P01064,0.0
M00288_P00011,0.0
M00288_P00024,0.0
M00288_P01099,6.13259776224446
M00288_P01107,5.815619867893528
M00288_P01108,6.6961938641342735
M00288_P01109,6.260945119954013
M00288_P01114,0.0
M00288_P01118,6.230315839335183
M00289_P00888,0.0
M00289_P00889,5.896375170704184
M00289_P00893,5.846676089300747
M00289_P00894,6.270662699024465
M00289_P00895,6.276984925732886
M00289_P00901,7.19802303232751
M00289_P00909,0.0
M00289_P01120,5.896669690649681
M00290_P00574,5.840148859659205
M00290_P00579,0.0
M00290_P00582,0.0
M00290_P00584,6.3415099420301955
M00290_P00586,5.9244679697460105
M00290_P00590,6.809786254319119
M00290_P00732,5.7238270864782494
M00290_P00738,5.817362958240739
M00290_P00742,6.193112187748968
M00290_P00744,5.873499146460233
M00290_P00747,0.0
M00290_P00753,5.912038437947077
M00291_P00705,5.92955694515507
M00291_P00707,0.0
M00291_P00716,6.302723656534206
M00291_P00718,6.748107070449526
M00291_P00724,6.0239295859664574
M00291_P00728,0.0
M00291_P01041,0.0
M00291_P01042,5.878378747942035
M00291_P01048,6.241801068187521
M00291_P01049,7.183326468421222
M00291_P01051,6.160615928251725
M00291_P01055,0.0
M00291_P01063,6.211416663434907
M00291_P01064,5.930784055014133
M00292_P00515,5.88359249305498
M00292_P00761,6.586889185856932
M00292_P00772,5.787108959556277
M00293_P00157,0.0
M00293_P00159,6.124455354819982
M00293_P00164,6.4156334845035
M00293_P00169,6.054191178450242
M00293_P00171,0.0
M00293_P00175,6.305478319198908
M00293_P00782,0.0
M00293_P00786,0.0
M00293_P00788,6.708911931396115
M00293_P00797,6.224733810760677
M00293_P00803,6.429945281119421
M00294_P00574,0.0
M00294_P00579,6.292618984747422
M00294_P00582,0.0
M00294_P00584,6.402476613264829
M00294_P00586,0.0
M00294_P00590,6.7407449665143275
M00294_P00940,5.8439315109923236
M00294_P00948,6.135861134459089
M00294_P00950,6.139823846047422
M00294_P00951,6.2645711674278255
M00294_P00959,5.8833843375857295
M00294_P00962,0.0
M00295_P00478,6.049377156263316
M00295_P00479,6.87232358011517
M00295_P00486,6.607049975865635
M00295_P00491,6.143052091752413
M00295_P01146,0.0
M00295_P01157,6.032324011011636
M00295_P01166,6.496996647026619
M00295_P01169,0.0
M00296_P00011,5.877198598600269
M00296_P00024,0.0
M00296_P00443,6.2676112788404215
M00296_P00448,5.768302899053932
M00296_P00452,5.918167115027803
M00296_P00462,6.21396023390599
M00296_P00463,6.245752766109166
M00296_P00465,6.241031375591875
M00296_P00468,0.0
M00297_P00807,0.0
M00297_P00812,7.199656446164141
M00297_P00819,0.0
M00297_P00826,6.367878921441766
M00297_P00827,6.7261656798008325
M00297_P00991,0.0
M00297_P00993,5.865039239032963
M00297_P00997,5.786387456894751
M00297_P01000,6.06175924865437
M00297_P01010,6.274685954620657
M00298_P00574,0.0
M00298_P00579,6.241567943224755
M00298_P00582,0.0
M00298_P00584,6.2236107001810534
M00298_P00586,5.83710627435521
M00298_P00590,0.0
M00298_P00991,0.0
M00298_P00993,0.0
M00298_P00997,6.024458876590281
M00298_P01000,0.0
M00298_P01010,6.3361244163474755
M00299_P00423,6.679404293031992
M00299_P00424,5.851411721020508
M00299_P00425,0.0
M00299_P00426,0.0
M00299_P00431,5.77082339512757
M00299_P00436,6.1258162240402285
M00299_P00440,5.967808527398109
M00299_P01020,6.703116174952936
M00299_P01034,0.0
M00299_P01037,0.0
M00299_P01038,5.952102298041395
M00300_P00157,0.0
M00300_P00159,5.936238422463026
M00300_P00164,0.0
M00300_P00169,5.91800241207057
M00300_P00171,0.0
M00300_P00175,6.237496853254907
M00300_P01041,6.058118991902804
M00300_P01042,0.0
M00300_P01048,6.339416144379961
M00300_P01049,7.2396010418506735
M00300_P01051,6.3462803656622375
M00300_P01055,6.001809520147761
M00300_P01063,5.8771195540617995
M00300_P01064,0.0
M00301_P00515,0.0
M00301_P00761,6.242327632662461
M00301_P00772,0.0
M00302_P00209,0.0
M00302_P00210,7.190501302155804
M00302_P00211,0.0
M00302_P00219,5.992702606568677
M00302_P00221,0.0
M00302_P00222,0.0
M00302_P00232,0.0
M00302_P00234,7.370750230447512
M00302_P01201,5.87697884237453
M00302_P01209,5.806819088940111
M00302_P01210,0.0
M00302_P01211,6.867818963662587
M00302_P01214,5.959024003757839
M00303_P00529,5.913064237208331
M00303_P00535,5.9392386700107185
M00303_P00536,5.876108442302922
M00303_P00542,5.791002948613785
M00303_P00543,6.207983675259412
M00303_P00705,5.955691247350752
M00303_P00707,6.3138702205808706
M00303_P00716,0.0
M00303_P00718,0.0
M00303_P00724,5.992817144485097
M00303_P00728,6.403689174342649
M00304_P00209,5.887756760424995
M00304_P00210,0.0
M00304_P00211,0.0
M00304_P00219,0.0
M00304_P00221,6.148138938153229
M00304_P00222,6.427297143245559
M00304_P00232,0.0
M00304_P00234,0.0
M00304_P00922,6.377820105324093
M00304_P00927,5.985314459572827
M00304_P00931,6.091575045998056
M00304_P00935,0.0
M00305_P00266,6.142234773801727
M00305_P00271,0.0
M00305_P00278,6.809716446114036
M00305_P00286,6.239699287414723
M00305_P00443,0.0
M00305_P00448,6.000597570089924
M00305_P00452,5.981084520604038
M00305_P00462,6.663290568117223
M00305_P00463,0.0
M00305_P00465,0.0
M00305_P00468,6.427058764214047
M00306_P00549,6.000446666096152
M00306_P00552,6.000124430132755
M00306_P00554,6.456498827781571
M00306_P00561,7.423697413860264
M00306_P00562,6.021507329911608
M00306_P00568,0.0
M00306_P01223,0.0
M00306_P01234,0.0
M00306_P01236,5.873750052895922
M00306_P01241,0.0
M00306_P01242,5.817073006122094
M00307_P00108,0.0
M00307_P00110,0.0
M00307_P00114,7.149892244435199
M00307_P00124,0.0
M00307_P00129,0.0
M00307_P00266,0.0
M00307_P00271,0.0
M00307_P00278,6.824499418263724
M00307_P00286,0.0
M00308_P01120,0.0
M00308_P01223,0.0
M00308_P01234,6.7351750005426965
M00308_P01236,0.0
M00308_P01241,6.2166874008233
M00308_P01242,5.913524040747243
M00309_P00611,6.0039518765903335
M00309_P00618,0.0
M00309_P00619,6.258876982014982
M00309_P00622,6.081601463982433
M00309_P00922,0.0
M00309_P00927,5.862823114907649
M00309_P00931,5.896311215001904
M00309_P00935,0.0
M00310_P00011,5.8482143535262985
M00310_P00024,5.962880390331612
M00310_P00443,0.0
M00310_P00448,5.965448376880633
M00310_P00452,5.992451680780068
M00310_P00462,0.0
M00310_P00463,6.742683358256983
M00310_P00465,0.0
M00310_P00468,0.0
M00311_P00611,5.880995748825576
M00311_P00618,6.250202750564936
M00311_P00619,5.8542953229644
M00311_P00622,6.410758446212585
M00311_P00761,6.315852100444879
M00311_P00772,0.0
M00312_P00625,0.0
M00312_P00630,6.015354241827903
M00312_P00632,6.241660089856837
M00312_P00635,6.581448023628369
M00312_P00644,6.189367913716975
M00312_P00645,0.0
M00312_P00650,6.1305297812915125
M00312_P00965,0.0
M00312_P00966,0.0
M00312_P00975,6.725476231056145
M00312_P00978,6.992605556628927
M00312_P00980,6.272247002359145
M00312_P00986,0.0
M00313_P00157,0.0
M00313_P00159,5.939634363889844
M00313_P00164,0.0
M00313_P00169,5.915381527614215
M00313_P00171,6.220380465534286
M00313_P00175,6.241864975530005
M00313_P01146,0.0
M00313_P01157,0.0
M00313_P01166,6.326491552803481
M00313_P01169,0.0
M00314_P00032,0.0
M00314_P00044,0.0
M00314_P00045,5.885391037133225
M00314_P00050,0.0
M00314_P00052,0.0
M00314_P01041,0.0
M00314_P01042,0.0
M00314_P01048,6.208032001118996
M00314_P01049,0.0
M00314_P01051,0.0
M00314_P01055,5.863381779030981
M00314_P01063,0.0
M00314_P01064,0.0
M00315_P00368,5.837384740478439
M00315_P00372,0.0
M00315_P00378,5.826300221702477
M00315_P00382,6.201477861748672
M00315_P00383,5.927941913158197
M00315_P01020,0.0
M00315_P01034,5.9995631360708925
M00315_P01037,0.0
M00315_P01038,0.0
M00316_P00761,0.0
M00316_P00772,6.067856562679973
M00316_P01041,0.0
M00316_P01042,5.861726319757187
M00316_P01048,0.0
M00316_P01049,0.0
M00316_P01051,6.234776441418836
M00316_P01055,5.8606540819292485
M00316_P01063,5.8187749523451675
M00316_P01064,6.375889540172952
M00317_P00678,5.93947286573611
M00317_P00679,0.0
M00317_P00680,0.0
M00317_P00681,5.940540489968166
M00317_P00683,6.204931159242407
M00317_P00694,6.291833151267101
M00317_P01070,0.0
M00317_P01074,6.40896644798908
M00317_P01082,0.0
M00318_P00055,5.817018570495421
M00318_P00057,0.0
M00318_P00059,0.0
M00318_P00064,0.0
M00318_P00066,0.0
M00318_P00071,6.199250748852164
M00318_P00077,6.166944520921573
M00318_P00079,6.833182632144168
M00318_P00082,6.257512621366396
M00318_P00087,5.914667678116613
M00318_P00097,0.0
M00318_P00102,5.897119389318886
M00319_P00157,0.0
M00319_P00159,0.0
M00319_P00164,0.0
M00319_P00169,6.221112825288821
M00319_P00171,0.0
M00319_P00175,6.176608896816347
M00319_P00185,6.014944847378292
M00319_P00193,0.0
M00319_P00197,0.0
M00319_P00199,5.974378935651029
M00319_P00200,6.031029955680089
M00320_P00625,0.0
M00320_P00630,5.9818270116074865
M00320_P00632,6.2963587100701455
M00320_P00635,6.370874780543431
M00320_P00644,6.3675321855774465
M00320_P00645,6.777818559575775
M00320_P00650,6.235385421834073
M00320_P00782,0.0
M00320_P00786,5.867590030330323
M00320_P00788,0.0
M00320_P00797,0.0
M00320_P00803,6.569252188015338
M00321_P00965,0.0
M00321_P00966,0.0
M00321_P00975,0.0
M00321_P00978,0.0
M00321_P00980,0.0
M00321_P00986,0.0
M00321_P01223,5.984300454163969
M00321_P01234,0.0
M00321_P01236,5.88219973326941
M00321_P01241,6.157992489853189
M00321_P01242,5.861015747081098
M00322_P00157,0.0
M00322_P00159,6.0456410754082714
M00322_P00164,0.0
M00322_P00169,5.891529011855709
M00322_P00171,0.0
M00322_P00175,6.32708871979588
M00322_P01070,0.0
M00322_P01074,6.19142683081157
M00322_P01082,5.8875762659584545
M00323_P00055,0.0
M00323_P00057,0.0
M00323_P00059,0.0
M00323_P00064,5.867194669335233
M00323_P00066,7.420841299002209
M00323_P00071,0.0
M00323_P00077,6.165623403273977
M00323_P00443,0.0
M00323_P00448,0.0
M00323_P00452,0.0
M00323_P00462,6.349433184131253
M00323_P00463,6.385484351274779
M00323_P00465,6.439621134307296
M00323_P00468,6.381139803569776
M00324_P00345,5.886733652796527
M00324_P00347,6.239069633249258
M00324_P00351,6.2432237158505295
M00324_P00353,5.871550413067264
M00324_P00359,6.296455352986423
M00324_P00362,5.882500916310008
M00324_P00761,6.35641046808529
M00324_P00772,5.970267190520854
M00325_P00157,5.974649108097932
M00325_P00159,0.0
M00325_P00164,6.389179215208676
M00325_P00169,5.982812976112276
M00325_P00171,0.0
M00325_P00175,6.380509840557129
M00325_P00611,0.0
M00325_P00618,6.20276854855749
M00325_P00619,0.0
M00325_P00622,6.084703756066418
M00326_P00888,0.0
M00326_P00889,5.990144828706155
M00326_P00893,6.065278874259773
M00326_P00894,0.0
M00326_P00895,0.0
M00326_P00901,7.325919771410592
M00326_P00909,6.797811217820445
M00326_P01099,6.2427086018595
M00326_P01107,5.869444908428454
M00326_P01108,6.788515232092709
M00326_P01109,6.253033264604781
M00326_P01114,6.606084913791459
M00326_P01118,0.0
M00327_P00443,0.0
M00327_P00448,5.8336738074985215
M00327_P00452,5.819484532032406
M00327_P00462,6.266198287467885
M00327_P00463,0.0
M00327_P00465,6.276067904941209
M00327_P00468,6.213296697103085
M00327_P00655,0.0
M00327_P00662,0.0
M00327_P00666,0.0
M00327_P00668,6.0743930023029105
M00327_P00669,6.494403849658873
M00327_P00673,6.68676603034764
M00327_P00674,6.13919617829357
M00328_P00136,7.1334253115607416
M00328_P00141,0.0
M00328_P00148,5.795803836152557
M00328_P00156,6.257803078168632
M00328_P00761,6.342247904725366
M00328_P00772,6.004265416020419
M00329_P01041,0.0
M00329_P01042,0.0
M00329_P01048,6.368377610474101
M00329_P01049,7.236986798088596
M00329_P01051,6.356568053748518
M00329_P01055,5.940269682643681
M00329_P01063,6.205235750997626
M00329_P01064,6.062851755318557
M00329_P01070,5.848974657822973
M00329_P01074,6.117292987639663
M00329_P01082,5.841588155101951
M00330_P00079,0.0
M00330_P00082,6.189071323956154
M00330_P00087,5.991463214664772
M00330_P00097,0.0
M00330_P00102,0.0
M00330_P00574,5.855074943355139
M00330_P00579,0.0
M00330_P00582,6.233549476121934
M00330_P00584,6.20360096680278
M00330_P00586,5.886054227508309
M00330_P00590,0.0
M00331_P00345,5.868473429110998
M00331_P00347,6.167798769121581
M00331_P00351,6.205919344841925
M00331_P00353,5.875626914584756
M00331_P00359,6.2686325233629345
M00331_P00362,0.0
M00331_P00940,5.991147289422594
M00331_P00948,0.0
M00331_P00950,0.0
M00331_P00951,0.0
M00331_P00959,0.0
M00331_P00962,6.843868801349789
M00332_P00345,5.987574127089623
M00332_P00347,0.0
M00332_P00351,6.35125794728248
M00332_P00353,0.0
M00332_P00359,6.467152529545394
M00332_P00362,6.236956429309312
M00332_P00965,6.34526481574384
M00332_P00966,0.0
M00332_P00975,0.0
M00332_P00978,0.0
M00332_P00980,0.0
M00332_P00986,0.0
M00333_P00241,0.0
M00333_P00244,5.834863571437722
M00333_P00245,6.279655570888789
M00333_P00248,0.0
M00333_P00255,0.0
M00333_P00260,7.263406053912764
M00333_P01020,6.779743878107023
M00333_P01034,6.186770358760496
M00333_P01037,6.050458870462707
M00333_P01038,0.0
M00334_P00209,5.869370396576559
M00334_P00210,0.0
M00334_P00211,0.0
M00334_P00219,5.9459503755708125
M00334_P00221,6.251371194699546
M00334_P00222,6.269393926308766
M00334_P00232,5.831445414604852
M00334_P00234,7.316966291186812
M00334_P00241,6.2328436425786125
M00334_P00244,0.0
M00334_P00245,6.41166185682086
M00334_P00248,6.455001255978174
M00334_P00255,7.336374132700392
M00334_P00260,0.0
M00335_P00185,0.0
M00335_P00193,6.342356805965984
M00335_P00197,6.032047655042241
M00335_P00199,0.0
M00335_P00200,5.93028871254545
M00335_P00287,0.0
M00335_P00290,0.0
M00335_P00291,5.91192117296374
M00335_P00295,7.16195124074246
M00335_P00297,0.0
M00335_P00298,0.0
M00335_P00299,5.826211420762712
M00335_P00304,5.84149315769674
M00335_P00307,0.0
M00335_P00309,0.0
M00335_P00310,6.144369251165108
M00336_P00011,6.022828269288683
M00336_P00024,0.0
M00336_P00209,5.938974574364176
M00336_P00210,0.0
M00336_P00211,0.0
M00336_P00219,0.0
M00336_P00221,0.0
M00336_P00222,6.267243005650356
M00336_P00232,0.0
M00336_P00234,7.327114709867616
M00337_P00529,5.902572732795103
M00337_P00535,0.0
M00337_P00536,0.0
M00337_P00542,0.0
M00337_P00543,6.23883239905291
M00337_P00965,6.451118987024149
M00337_P00966,0.0
M00337_P00975,0.0
M00337_P00978,0.0
M00337_P00980,6.412563524963701
M00337_P00986,7.306680589701198
M00338_P00079,0.0
M00338_P00082,6.1354467065865155
M00338_P00087,5.8802673898439775
M00338_P00097,6.334697804232495
M00338_P00102,6.08980785368977
M00338_P00423,0.0
M00338_P00424,0.0
M00338_P00425,6.358288400129354
M00338_P00426,5.980623349080896
M00338_P00431,0.0
M00338_P00436,6.378546703896129
M00338_P00440,6.0175683541547835
M00339_P00185,0.0
M00339_P00193,6.207174568305589
M00339_P00197,5.948839947752502
M00339_P00199,5.847056280885978
M00339_P00200,5.972243678221903
M00339_P00863,5.965729090513273
M00339_P00880,0.0
M00339_P00882,0.0
M00340_P00732,5.848788036207849
M00340_P00738,5.784625743412972
M00340_P00742,6.389437177030102
M00340_P00744,5.943174214783088
M00340_P00747,0.0
M00340_P00753,0.0
M00340_P00782,6.163279086078476
M00340_P00786,5.919347895656549
M00340_P00788,0.0
M00340_P00797,6.236961089830793
M00340_P00803,0.0
M00341_P00835,0.0
M00341_P00840,0.0
M00341_P00844,5.964576136238607
M00341_P00847,6.3290386403026595
M00341_P00848,0.0
M00341_P00856,6.916222648868693
M00341_P00991,0.0
M00341_P00993,5.8250440429382
M00341_P00997,0.0
M00341_P01000,0.0
M00341_P01010,6.27801788780761
M00342_P00368,5.921595399403502
M00342_P00372,6.82135026666376
M00342_P00378,5.977423553512044
M00342_P00382,0.0
M00342_P00383,5.995909589620985
M00342_P00835,0.0
M00342_P00840,5.884959631479785
M00342_P00844,5.757909242589116
M00342_P00847,5.766657429955087
M00342_P00848,0.0
M00342_P00856,0.0
M00343_P01099,6.2819754562113905
M00343_P01107,5.854838673650577
M00343_P01108,0.0
M00343_P01109,6.414423734449055
M00343_P01114,6.346594508253703
M00343_P01118,0.0
M00343_P01201,0.0
M00343_P01209,0.0
M00343_P01210,5.873268811363839
M00343_P01211,6.722421880801631
M00343_P01214,6.2141706800854735
M00344_P00761,0.0
M00344_P00772,5.870623196830443
M00344_P01099,6.408691671349625
M00344_P01107,0.0
M00344_P01108,6.813159800855659
M00344_P01109,6.351674549190057
M00344_P01114,0.0
M00344_P01118,6.55818384549697
M00345_P00655,0.0
M00345_P00662,0.0
M00345_P00666,6.543854424632153
M00345_P00668,0.0
M00345_P00669,0.0
M00345_P00673,6.2694999328341545
M00345_P00674,6.511615563845739
M00345_P00782,6.228419477526522
M00345_P00786,0.0
M00345_P00788,0.0
M00345_P00797,0.0
M00345_P00803,6.431027830984706
M00346_P00807,0.0
M00346_P00812,7.230827296593662
M00346_P00819,5.93677106151009
M00346_P00826,6.297025010440839
M00346_P00827,6.701795858966645
M00346_P01201,6.0281392814221935
M00346_P01209,6.046954547183936
M00346_P01210,6.025629255374604
M00346_P01211,6.76001498962833
M00346_P01214,0.0
M00347_P00136,7.228717662598371
M00347_P00141,0.0
M00347_P00148,0.0
M00347_P00156,6.805794668884617
M00347_P00549,5.916069974321302
M00347_P00552,5.99388473419741
M00347_P00554,6.285647607053409
M00347_P00561,7.29893952192062
M00347_P00562,6.052974171619289
M00347_P00568,6.051832778123899
M00348_P00108,0.0
M00348_P00110,0.0
M00348_P00114,0.0
M00348_P00124,6.512524386939811
M00348_P00129,6.097414188409839
M00348_P00241,5.937158945151116
M00348_P00244,5.930269693429549
M00348_P00245,6.272817539937872
M00348_P00248,6.216258089751095
M00348_P00255,7.322429395203133
M00348_P00260,0.0
M00349_P00625,0.0
M00349_P00630,5.967339168462518
M00349_P00632,0.0
M00349_P00635,6.1540862153347655
M00349_P00644,6.292358017835933
M00349_P00645,6.807160889995379
M00349_P00650,0.0
M00349_P01020,0.0
M00349_P01034,0.0
M00349_P01037,5.986550120923546
M00349_P01038,0.0
M00350_P00761,0.0
M00350_P00772,5.850590495392059
M00350_P00863,6.000031536651716
M00350_P00880,6.6481627908015986
M00350_P00882,0.0
M00351_P00157,0.0
M00351_P00159,5.943607895066115
M00351_P00164,0.0
M00351_P00169,0.0
M00351_P00171,0.0
M00351_P00175,6.301027563114508
M00351_P01177,0.0
M00351_P01182,0.0
M00351_P01184,0.0
M00351_P01193,5.899139909511872
M00351_P01196,6.593126418153011
M00352_P00705,5.960140465231676
M00352_P00707,0.0
M00352_P00716,6.365276479621954
M00352_P00718,0.0
M00352_P00724,6.153319027786329
M00352_P00728,6.972798585713588
M00352_P00761,6.240354790401933
M00352_P00772,5.81308138480822
M00353_P00549,0.0
M00353_P00552,5.835889572711918
M00353_P00554,0.0
M00353_P00561,0.0
M00353_P00562,5.916306342665308
M00353_P00568,6.013863287120363
M00353_P00782,6.192561107699522
M00353_P00786,5.894812039283519
M00353_P00788,6.7192578410785835
M00353_P00797,6.262462095322722
M00353_P00803,0.0
M00354_P00157,0.0
M00354_P00159,0.0
M00354_P00164,6.416550467868654
M00354_P00169,0.0
M00354_P00171,6.4044279099465165
M00354_P00175,6.34775581873774
M00354_P01201,0.0
M00354_P01209,5.869899888052487
M00354_P01210,0.0
M00354_P01211,6.716003837735343
M00354_P01214,0.0
M00355_P00529,5.887398167259449
M00355_P00535,5.944041938939368
M00355_P00536,5.95010927275299
M00355_P00542,0.0
M00355_P00543,6.28217355055632
M00355_P01120,5.8295203046747845
M00356_P00241,0.0
M00356_P00244,0.0
M00356_P00245,6.396655730635835
M00356_P00248,0.0
M00356_P00255,7.259184213091796
M00356_P00260,0.0
M00356_P01146,7.162195314959484
M00356_P01157,5.84885794276869
M00356_P01166,6.224520634890863
M00356_P01169,6.1553617212119915
M00357_P00136,0.0
M00357_P00141,7.102557971363279
M00357_P00148,5.842431232709316
M00357_P00156,6.192075637785246
M00357_P00157,0.0
M00357_P00159,5.969003111927804
M00357_P00164,6.324161295945347
M00357_P00169,6.281027650380185
M00357_P00171,6.367763624567681
M00357_P00175,0.0
M00358_P00157,0.0
M00358_P00159,0.0
M00358_P00164,6.457372883721011
M00358_P00169,6.024556999503535
M00358_P00171,0.0
M00358_P00175,0.0
M00358_P00625,6.08468550847718
M00358_P00630,5.901056408093277
M00358_P00632,0.0
M00358_P00635,6.143225199160909
M00358_P00644,0.0
M00358_P00645,6.739536012006239
M00358_P00650,0.0
M00359_P00922,0.0
M00359_P00927,5.992698272974536
M00359_P00931,5.9940397811102395
M00359_P00935,6.330345949225997
M00359_P00965,0.0
M00359_P00966,0.0
M00359_P00975,6.713923373669582
M00359_P00978,0.0
M00359_P00980,6.437234882696935
M00359_P00986,6.667293654083496
M00360_P00185,0.0
M00360_P00193,0.0
M00360_P00197,0.0
M00360_P00199,0.0
M00360_P00200,5.865278197159897
M00360_P01099,6.227675275396709
M00360_P01107,5.811271611530377
M00360_P01108,6.699991621144767
M00360_P01109,6.225456376336873
M00360_P01114,0.0
M00360_P01118,0.0
M00361_P00705,0.0
M00361_P00707,6.263200806072316
M00361_P00716,6.2230769303770685
M00361_P00718,0.0
M00361_P00724,6.084328231076435
M00361_P00728,6.234316415359327
M00361_P01099,6.402878254594941
M00361_P01107,6.023410315426207
M00361_P01108,7.106898099733769
M00361_P01109,6.583110711614962
M00361_P01114,6.915610050558841
M00361_P01118,6.275647598806462
M00362_P00478,0.0
M00362_P00479,0.0
M00362_P00486,0.0
M00362_P00491,6.478217741875919
M00362_P01020,6.778847281737124
M00362_P01034,0.0
M00362_P01037,5.846428427253708
M00362_P01038,0.0
M00363_P00157,0.0
M00363_P00159,0.0
M00363_P00164,6.409368082054397
M00363_P00169,0.0
M00363_P00171,6.357180862207903
M00363_P00175,6.391188169405018
M00363_P00965,0.0
M00363_P00966,5.880278985094846
M00363_P00975,7.075652184661628
M00363_P00978,0.0
M00363_P00980,6.306310796124562
M00363_P00986,0.0
M00364_P00241,5.916709065967442
M00364_P00244,5.88204633359545
M00364_P00245,6.102467888764835
M00364_P00248,6.33533424515493
M00364_P00255,0.0
M00364_P00260,6.754683959165882
M00364_P01120,0.0
M00365_P00157,0.0
M00365_P00159,5.870194784949059
M00365_P00164,6.200920180706481
M00365_P00169,5.901781806263343
M00365_P00171,0.0
M00365_P00175,6.238637295927983
M00365_P00611,0.0
M00365_P00618,6.255266639537906
M00365_P00619,5.889462097925614
M00365_P00622,0.0
M00366_P00185,5.829335150840828
M00366_P00193,6.191601694061677
M00366_P00197,0.0
M00366_P00199,5.851954989951971
M00366_P00200,0.0
M00366_P00478,0.0
M00366_P00479,0.0
M00366_P00486,6.3766379561993745
M00366_P00491,0.0
M00367_P00705,6.036628774487577
M00367_P00707,0.0
M00367_P00716,0.0
M00367_P00718,6.707125327148031
M00367_P00724,6.077420980317001
M00367_P00728,0.0
M00367_P00940,6.244999718998397
M00367_P00948,0.0
M00367_P00950,6.261986691533041
M00367_P00951,6.24044661211437
M00367_P00959,5.895018430013257
M00367_P00962,6.791246080136283
M00368_P00991,7.225881794984826
M00368_P00993,5.9913555507744345
M00368_P00997,0.0
M00368_P01000,0.0
M00368_P01010,6.341317007760861
M00368_P01120,0.0
M00369_P00032,6.611407474495053
M00369_P00044,6.980953685695347
M00369_P00045,0.0
M00369_P00050,6.063790323778697
M00369_P00052,7.017089470297349
M00369_P00313,0.0
M00369_P00324,6.546254028926215
M00369_P00329,0.0
M00369_P00333,6.310026292397038
M00369_P00334,6.225651022683189
M00370_P00549,0.0
M00370_P00552,5.845680121040052
M00370_P00554,6.067704243359155
M00370_P00561,7.193713130820834
M00370_P00562,0.0
M00370_P00568,0.0
M00370_P00611,6.008800990751879
M00370_P00618,0.0
M00370_P00619,5.809400274072546
M00370_P00622,0.0
M00371_P00241,6.0266261383857875
M00371_P00244,6.034389328235374
M00371_P00245,0.0
M00371_P00248,6.660035904809233
M00371_P00255,0.0
M00371_P00260,7.242626741190724
M00371_P00965,0.0
M00371_P00966,0.0
M00371_P00975,6.644958974454981
M00371_P00978,6.803276166097075
M00371_P00980,6.292263180626706
M00371_P00986,6.758776693448742
M00372_P00108,5.993993680057696
M00372_P00110,6.019245301026083
M00372_P00114,7.188793884788685
M00372_P00124,0.0
M00372_P00129,6.1108097447868905
M00372_P00266,6.317188597639446
M00372_P00271,0.0
M00372_P00278,6.814538795560741
M00372_P00286,6.602281564546997
M00373_P00136,7.152348017617151
M00373_P00141,0.0
M00373_P00148,0.0
M00373_P00156,6.094445949787449
M00373_P00888,6.076576675619932
M00373_P00889,6.007030663821156
M00373_P00893,0.0
M00373_P00894,6.308816517606692
M00373_P00895,6.383169568044098
M00373_P00901,0.0
M00373_P00909,6.336280295711173
M00374_P00678,0.0
M00374_P00679,7.1477301386179395
M00374_P00680,0.0
M00374_P00681,0.0
M00374_P00683,6.331332057933669
M00374_P00694,0.0
M00374_P00782,6.2568040816281085
M00374_P00786,5.823184876601301
M00374_P00788,0.0
M00374_P00797,6.192685381495126
M00374_P00803,6.606237272222119
M00375_P00515,5.786433778508465
M00375_P00611,0.0
M00375_P00618,6.27887797237247
M00375_P00619,5.984496930875043
M00375_P00622,6.524951322063624
M00376_P00940,6.163253506421988
M00376_P00948,6.183757755952136
M00376_P00950,6.252903421779718
M00376_P00951,6.406362250209907
M00376_P00959,6.125185181409327
M00376_P00962,6.778676875193157
M00376_P01020,0.0
M00376_P01034,5.822041651090322
M00376_P01037,5.88950611030015
M00376_P01038,5.957250851441634
M00377_P00241,5.9050465750418235
M00377_P00244,5.974643723794727
M00377_P00245,0.0
M00377_P00248,0.0
M00377_P00255,0.0
M00377_P00260,7.261980440211816
M00377_P00287,0.0
M00377_P00290,0.0
M00377_P00291,5.835784144442142
M00377_P00295,0.0
M00377_P00297,5.9079622662702285
M00377_P00298,5.888118240180196
M00377_P00299,5.853026878369094
M00377_P00304,5.824706086501813
M00377_P00307,0.0
M00377_P00309,0.0
M00377_P00310,0.0
M00378_P00136,7.1483750808537625
M00378_P00141,0.0
M00378_P00148,0.0
M00378_P00156,0.0
M00378_P01120,0.0
M00379_P00705,0.0
M00379_P00707,6.282092558777261
M00379_P00716,0.0
M00379_P00718,6.970932475002604
M00379_P00724,6.04416799476145
M00379_P00728,0.0
M00379_P01099,6.384174902167005
M00379_P01107,6.001407867000094
M00379_P01108,6.82645429916532
M00379_P01109,0.0
M00379_P01114,6.725936534702641
M00379_P01118,6.591158495030121
M00380_P00443,6.290280836620198
M00380_P00448,5.8834783037555844
M00380_P00452,5.867767490418071
M00380_P00462,0.0
M00380_P00463,6.341203774506056
M00380_P00465,6.323456515924015
M00380_P00468,0.0
M00380_P00678,0.0
M00380_P00679,7.143981546133265
M00380_P00680,5.878490368833643
M00380_P00681,0.0
M00380_P00683,0.0
M00380_P00694,0.0
M00381_P00574,5.911441959300709
M00381_P00579,6.370602588798564
M00381_P00582,6.3109197798417265
M00381_P00584,0.0
M00381_P00586,0.0
M00381_P00590,7.1174837540589655
M00381_P00732,5.734419074184942
M00381_P00738,0.0
M00381_P00742,0.0
M00381_P00744,0.0
M00381_P00747,7.148194258056505
M00381_P00753,5.9644159445826554
M00382_P01120,0.0
M00382_P01146,0.0
M00382_P01157,5.828389224485468
M00382_P01166,0.0
M00382_P01169,5.943097286902208
M00383_P00863,0.0
M00383_P00880,6.271224420712828
M00383_P00882,6.77327202466532
M00383_P01120,0.0
M00384_P00368,5.726412853699406
M00384_P00372,0.0
M00384_P00378,5.84855934836206
M00384_P00382,0.0
M00384_P00383,5.941851612113325
M00384_P00678,0.0
M00384_P00679,7.1810417705308165
M00384_P00680,5.995217911376287
M00384_P00681,6.049959761903523
M00384_P00683,6.337254765382098
M00384_P00694,6.347891320711851
M00385_P00011,5.794591380304983
M00385_P00024,0.0
M00385_P00368,5.914232917338944
M00385_P00372,6.852160771583829
M00385_P00378,0.0
M00385_P00382,6.205132967402382
M00385_P00383,0.0
M00386_P00209,0.0
M00386_P00210,7.234116643853668
M00386_P00211,0.0
M00386_P00219,6.045087166425764
M00386_P00221,6.369293754534158
M00386_P00222,6.352352992638897
M00386_P00232,5.961814542580788
M00386_P00234,7.248560197527648
M00386_P00443,0.0
M00386_P00448,5.796750153940972
M00386_P00452,5.82882046695133
M00386_P00462,6.4350619288176
M00386_P00463,6.493105635911318
M00386_P00465,0.0
M00386_P00468,0.0
M00387_P00011,0.0
M00387_P00024,6.054003787770276
M00387_P00185,5.824525702734495
M00387_P00193,6.195064552480042
M00387_P00197,0.0
M00387_P00199,0.0
M00387_P00200,5.938479162450012
M00388_P00209,0.0
M00388_P00210,7.1653900412197995
M00388_P00211,0.0
M00388_P00219,0.0
M00388_P00221,6.424530746916971
M00388_P00222,0.0
M00388_P00232,0.0
M00388_P00234,0.0
M00388_P00287,0.0
M00388_P00290,5.944023140838835
M00388_P00291,0.0
M00388_P00295,7.204480022886541
M00388_P00297,5.839458804461653
M00388_P00298,0.0
M00388_P00299,6.143389990641734
M00388_P00304,5.855522826008171
M00388_P00307,6.188663165671691
M00388_P00309,0.0
M00388_P00310,0.0
M00389_P00835,0.0
M00389_P00840,0.0
M00389_P00844,0.0
M00389_P00847,5.790160894805057
M00389_P00848,5.808155086516821
M00389_P00856,6.199387784515412
M00389_P00940,0.0
M00389_P00948,6.35713294618199
M00389_P00950,6.417506154823468
M00389_P00951,0.0
M00389_P00959,0.0
M00389_P00962,0.0
M00390_P00108,0.0
M00390_P00110,5.964889426080136
M00390_P00114,7.277765841915439
M00390_P00124,6.390704065490893
M00390_P00129,0.0
M00390_P00678,0.0
M00390_P00679,0.0
M00390_P00680,6.085886914901668
M00390_P00681,6.196956476758503
M00390_P00683,0.0
M00390_P00694,6.4155551559467865
M00391_P00032,6.6175477313709035
M00391_P00044,6.570852471784357
M00391_P00045,0.0
M00391_P00050,5.920702483856356
M00391_P00052,6.251655495269713
M00391_P00705,6.084255168205241
M00391_P00707,0.0
M00391_P00716,0.0
M00391_P00718,0.0
M00391_P00724,0.0
M00391_P00728,6.372466983626631
M00392_P00529,5.992849340657767
M00392_P00535,0.0
M00392_P00536,5.931802803611321
M00392_P00542,5.9576948602394175
M00392_P00543,6.395015407051085
M00392_P00965,0.0
M00392_P00966,5.816450419784017
M00392_P00975,6.795966741679575
M00392_P00978,6.771948513700106
M00392_P00980,0.0
M00392_P00986,6.7945469804251095
M00393_P01041,5.987825766763624
M00393_P01042,0.0
M00393_P01048,0.0
M00393_P01049,7.224663784279699
M00393_P01051,6.3318412622523885
M00393_P01055,6.084820258073766
M00393_P01063,6.0872701455731
M00393_P01064,6.058803167223786
M00393_P01177,0.0
M00393_P01182,5.880043395616306
M00393_P01184,5.806721934614246
M00393_P01193,0.0
M00393_P01196,6.564910784760863
M00394_P00185,0.0
M00394_P00193,6.295000386964089
M00394_P00197,5.944032572563324
M00394_P00199,0.0
M00394_P00200,6.02412803752847
M00394_P00678,0.0
M00394_P00679,0.0
M00394_P00680,5.971768193046134
M00394_P00681,0.0
M00394_P00683,0.0
M00394_P00694,0.0
M00395_P00266,6.374974868964523
M00395_P00271,6.285063969246697
M00395_P00278,0.0
M00395_P00286,0.0
M00395_P01041,0.0
M00395_P01042,0.0
M00395_P01048,6.423805122252463
M00395_P01049,0.0
M00395_P01051,6.331633612785254
M00395_P01055,6.291270096461985
M00395_P01063,6.0649515305003625
M00395_P01064,0.0
M00396_P00136,7.268923335890415
M00396_P00141,7.240599453121948
M00396_P00148,5.988871607178316
M00396_P00156,6.359868156003435
M00396_P00732,5.876280678904893
M00396_P00738,5.847002729860023
M00396_P00742,6.233338854539186
M00396_P00744,5.920830923230656
M00396_P00747,7.079141736053883
M00396_P00753,5.960333943908237
M00397_P00705,0.0
M00397_P00707,6.23133192234998
M00397_P00716,0.0
M00397_P00718,6.8752435774185665
M00397_P00724,0.0
M00397_P00728,6.735993530104232
M00397_P00991,7.161834478483487
M00397_P00993,5.954481202095947
M00397_P00997,5.930100576982413
M00397_P01000,6.56628517490932
M00397_P01010,6.681730849195704
M00398_P00515,6.167625919838656
M00398_P00655,6.254234926262486
M00398_P00662,5.873487725892723
M00398_P00666,0.0
M00398_P00668,0.0
M00398_P00669,6.171144334861507
M00398_P00673,6.218695320377335
M00398_P00674,0.0
M00399_P00368,5.992972890770719
M00399_P00372,6.848959511911554
M00399_P00378,0.0
M00399_P00382,6.011359614033335
M00399_P00383,6.276527533628614
M00399_P00574,5.861277411315976
M00399_P00579,0.0
M00399_P00582,0.0
M00399_P00584,0.0
M00399_P00586,5.854186907335469
M00399_P00590,6.711561073977593
M00400_P00108,6.029186805488291
M00400_P00110,5.999658313599278
M00400_P00114,7.244534789061869
M00400_P00124,6.322449659428805
M00400_P00129,0.0
M00400_P00863,5.8207011345706405
M00400_P00880,6.262210518334589
M00400_P00882,0.0
M00401_P00835,0.0
M00401_P00840,6.033305206594699
M00401_P00844,5.999540548219855
M00401_P00847,0.0
M00401_P00848,6.083936922163664
M00401_P00856,0.0
M00401_P00863,5.871748393830053
M00401_P00880,6.195508389997762
M00401_P00882,7.073282532631923
M00402_P00574,0.0
M00402_P00579,6.279352613266545
M00402_P00582,0.0
M00402_P00584,0.0
M00402_P00586,5.9689263758611375
M00402_P00590,0.0
M00402_P01223,5.807102159032768
M00402_P01234,6.741900317466303
M00402_P01236,0.0
M00402_P01241,6.27913966773475
M00402_P01242,5.813691654145074
M00403_P00157,0.0
M00403_P00159,0.0
M00403_P00164,0.0
M00403_P00169,5.893825509449277
M00403_P00171,6.176215975351439
M00403_P00175,6.237302696222993
M00403_P00391,0.0
M00403_P00399,6.423525561324965
M00403_P00410,6.330593042604844
M00403_P00416,0.0
M00404_P00287,5.984777545994899
M00404_P00290,5.913979740913323
M00404_P00291,5.878540241950925
M00404_P00295,7.247241904050397
M00404_P00297,5.86575549801956
M00404_P00298,0.0
M00404_P00299,0.0
M00404_P00304,0.0
M00404_P00307,6.596679661756488
M00404_P00309,6.270962128780316
M00404_P00310,6.261611396578261
M00404_P00313,0.0
M00404_P00324,0.0
M00404_P00329,0.0
M00404_P00333,6.3219090933383075
M00404_P00334,6.491372027202778
M00405_P00108,5.861215783353722
M00405_P00110,5.857627924539256
M00405_P00114,0.0
M00405_P00124,0.0
M00405_P00129,5.984993371637799
M00405_P01070,0.0
M00405_P01074,6.644954820223062
M00405_P01082,6.012809505992162
M00406_P00761,6.181361386305033
M00406_P00772,5.819491362455012
M00406_P00965,0.0
M00406_P00966,5.8239314202324195
M00406_P00975,0.0
M00406_P00978,6.822319786732299
M00406_P00980,6.277197501696108
M00406_P00986,0.0
M00407_P00940,5.863162674494589
M00407_P00948,6.19490515766863
M00407_P00950,0.0
M00407_P00951,0.0
M00407_P00959,5.771063102116512
M00407_P00962,6.736333943871328
M00407_P01120,6.075964344501797
M00408_P00529,0.0
M00408_P00535,5.885762776130257
M00408_P00536,5.80561752889606
M00408_P00542,5.970851819174706
M00408_P00543,6.232406188628668
M00408_P01041,0.0
M00408_P01042,0.0
M00408_P01048,0.0
M00408_P01049,0.0
M00408_P01051,0.0
M00408_P01055,0.0
M00408_P01063,6.039659390353613
M00408_P01064,6.067782186396466
M00409_P00108,0.0
M00409_P00110,5.799751066812972
M00409_P00114,7.158860143471323
M00409_P00124,6.214226513557466
M00409_P00129,5.923622763198693
M00409_P00807,6.3433107845723
M00409_P00812,0.0
M00409_P00819,5.968800368264404
M00409_P00826,0.0
M00409_P00827,6.799743682755959
M00410_P00443,6.379029883542241
M00410_P00448,6.016084085935119
M00410_P00452,6.054327473209389
M00410_P00462,0.0
M00410_P00463,0.0
M00410_P00465,6.29682246178057
M00410_P00468,6.3646294976831115
M00410_P00991,0.0
M00410_P00993,5.807314206730706
M00410_P00997,5.8481719236252445
M00410_P01000,6.171147520270994
M00410_P01010,0.0
M00411_P00108,5.878653580111475
M00411_P00110,5.900232809540379
M00411_P00114,7.221307943790251
M00411_P00124,0.0
M00411_P00129,6.201603215076174
M00411_P00835,0.0
M00411_P00840,5.961108182048111
M00411_P00844,5.820087560928695
M00411_P00847,5.857702515824034
M00411_P00848,5.914626877310534
M00411_P00856,0.0
M00412_P00055,0.0
M00412_P00057,5.884373516288939
M00412_P00059,6.328571899991292
M00412_P00064,0.0
M00412_P00066,7.108812007492568
M00412_P00071,0.0
M00412_P00077,6.316078321295596
M00412_P00732,6.0333032756686995
M00412_P00738,5.982617740376663
M00412_P00742,6.329684255087844
M00412_P00744,0.0
M00412_P00747,7.262393724686828
M00412_P00753,0.0
M00413_P00108,5.840954583254016
M00413_P00110,5.864607973013668
M00413_P00114,0.0
M00413_P00124,0.0
M00413_P00129,5.937141483925094
M00413_P00478,5.984072283654529
M00413_P00479,6.760207761128675
M00413_P00486,0.0
M00413_P00491,0.0
M00414_P00991,0.0
M00414_P00993,0.0
M00414_P00997,5.768568703399407
M00414_P01000,6.259559903010602
M00414_P01010,6.538539398027348
M00414_P01020,6.756804914754515
M00414_P01034,0.0
M00414_P01037,5.971156019043379
M00414_P01038,5.944821346569879
M00415_P00761,6.35696934478349
M00415_P00772,5.966046677973016
M00415_P00991,0.0
M00415_P00993,5.795634008655085
M00415_P00997,5.797201859561794
M00415_P01000,0.0
M00415_P01010,0.0
M00416_P00732,6.013532299084063
M00416_P00738,6.022302560688029
M00416_P00742,0.0
M00416_P00744,0.0
M00416_P00747,7.479338271287053
M00416_P00753,0.0
M00416_P00965,0.0
M00416_P00966,5.8118749640917
M00416_P00975,7.059216533552203
M00416_P00978,6.722311219381998
M00416_P00980,0.0
M00416_P00986,0.0
M00417_P00529,6.035060329993918
M00417_P00535,6.052361373731236
M00417_P00536,0.0
M00417_P00542,5.98157035213596
M00417_P00543,6.350777677471212
M00417_P01020,7.113098045505123
M00417_P01034,5.773617964796543
M00417_P01037,0.0
M00417_P01038,0.0
M00418_P00079,0.0
M00418_P00082,0.0
M00418_P00087,0.0
M00418_P00097,6.4391713494039
M00418_P00102,0.0
M00418_P00761,0.0
M00418_P00772,5.93152351660098
M00419_P00136,7.233002362390421
M00419_P00141,0.0
M00419_P00148,5.817901985484892
M00419_P00156,6.169409712908884
M00419_P01177,0.0
M00419_P01182,5.912995940795013
M00419_P01184,0.0
M00419_P01193,6.091870106078565
M00419_P01196,6.334083561737678
M00420_P00055,0.0
M00420_P00057,6.015882874315427
M00420_P00059,6.293355760334822
M00420_P00064,5.952550334843098
M00420_P00066,7.18562406547678
M00420_P00071,6.295452045012322
M00420_P00077,6.411026174754886
M00420_P00423,6.765045212581671
M00420_P00424,0.0
M00420_P00425,6.142320390446825
M00420_P00426,5.795669879265185
M00420_P00431,0.0
M00420_P00436,6.211547374915367
M00420_P00440,5.906366677273258
M00421_P00732,5.847183338125388
M00421_P00738,5.920231177283968
M00421_P00742,0.0
M00421_P00744,0.0
M00421_P00747,7.18910616464358
M00421_P00753,0.0
M00421_P00888,0.0
M00421_P00889,0.0
M00421_P00893,0.0
M00421_P00894,6.418774592296856
M00421_P00895,6.408775498376639
M00421_P00901,7.2810221987291035
M00421_P00909,0.0
M00422_P00611,5.843210161354854
M00422_P00618,0.0
M00422_P00619,5.83048496367713
M00422_P00622,5.928785171866675
M00422_P00625,0.0
M00422_P00630,5.867777421846993
M00422_P00632,6.136338039666937
M00422_P00635,6.225625327146374
M00422_P00644,6.257339319676175
M00422_P00645,6.971477697270252
M00422_P00650,6.173587113880948
M00423_P00549,0.0
M00423_P00552,5.808414040917845
M00423_P00554,0.0
M00423_P00561,7.4101225885020945
M00423_P00562,6.1633112236544605
M00423_P00568,5.9657285818664825
M00423_P00678,5.888319670480663
M00423_P00679,0.0
M00423_P00680,5.92464889224803
M00423_P00681,0.0
M00423_P00683,6.302405168845915
M00423_P00694,0.0
M00424_P01041,0.0
M00424_P01042,0.0
M00424_P01048,0.0
M00424_P01049,7.137476127972749
M00424_P01051,6.154918808869322
M00424_P01055,0.0
M00424_P01063,5.97505451918524
M00424_P01064,5.941212626543731
M00424_P01099,0.0
M00424_P01107,5.993977741545692
M00424_P01108,6.821204339955997
M00424_P01109,0.0
M00424_P01114,6.418001447691552
M00424_P01118,0.0
M00425_P00157,0.0
M00425_P00159,0.0
M00425_P00164,6.253422322102002
M00425_P00169,5.840759165250116
M00425_P00171,6.25496200496599
M00425_P00175,6.345227862055052
M00425_P00549,0.0
M00425_P00552,5.829548298469941
M00425_P00554,6.2809966144497436
M00425_P00561,7.333191201882126
M00425_P00562,5.924714123085499
M00425_P00568,0.0
M00426_P00423,6.844548804205873
M00426_P00424,6.016920912821053
M00426_P00425,0.0
M00426_P00426,5.898517407932681
M00426_P00431,5.952236416960886
M00426_P00436,0.0
M00426_P00440,0.0
M00426_P00478,0.0
M00426_P00479,0.0
M00426_P00486,6.164243126188561
M00426_P00491,0.0
M00427_P00136,7.116446942539884
M00427_P00141,7.301531692808862
M00427_P00148,0.0
M00427_P00156,0.0
M00427_P00549,0.0
M00427_P00552,5.798012543780677
M00427_P00554,0.0
M00427_P00561,0.0
M00427_P00562,5.923059013207048
M00427_P00568,6.151633258514556
M00428_P00515,0.0
M00428_P00574,5.9659799958486746
M00428_P00579,0.0
M00428_P00582,6.328900850442526
M00428_P00584,6.710928646973979
M00428_P00586,0.0
M00428_P00590,6.926353980723396
M00429_P00209,0.0
M00429_P00210,7.249808797102966
M00429_P00211,0.0
M00429_P00219,0.0
M00429_P00221,6.320761820181964
M00429_P00222,6.2992980022302465
M00429_P00232,6.10769109135872
M00429_P00234,0.0
M00429_P01020,6.774853494631284
M00429_P01034,0.0
M00429_P01037,0.0
M00429_P01038,5.958717510459213
M00430_P00515,5.883998728387063
M00430_P00940,5.953825343196168
M00430_P00948,6.572848833117155
M00430_P00950,6.817312896556066
M00430_P00951,0.0
M00430_P00959,6.03922280895949
M00430_P00962,6.8132325702198235
M00431_P00209,0.0
M00431_P00210,7.227693947748994
M00431_P00211,0.0
M00431_P00219,5.8942084672982125
M00431_P00221,6.487841152851956
M00431_P00222,0.0
M00431_P00232,0.0
M00431_P00234,7.136278997087676
M00431_P01120,0.0
M00432_P01070,5.897955673404898
M00432_P01074,0.0
M00432_P01082,5.827735934219885
M00432_P01120,5.903749758459975
M00433_P00032,0.0
M00433_P00044,6.683606937779709
M00433_P00045,6.16656207496429
M00433_P00050,5.9834536112157375
M00433_P00052,6.2734846228399315
M00433_P00625,0.0
M00433_P00630,6.006553805402768
M00433_P00632,6.320590477815953
M00433_P00635,0.0
M00433_P00644,6.430660915873384
M00433_P00645,7.298434210728189
M00433_P00650,6.3032357185984615
M00434_P00345,6.032932373048256
M00434_P00347,6.379720205819504
M00434_P00351,6.323475223247637
M00434_P00353,5.922375905450865
M00434_P00359,6.345196783308223
M00434_P00362,6.477549820189098
M00434_P00574,0.0
M00434_P00579,6.173610179015358
M00434_P00582,6.177624460576946
M00434_P00584,0.0
M00434_P00586,5.843335722248635
M00434_P00590,7.230838614870828
M00435_P00313,0.0
M00435_P00324,0.0
M00435_P00329,5.898545364634296
M00435_P00333,0.0
M00435_P00334,0.0
M00435_P00391,5.819916052286876
M00435_P00399,6.189918846824475
M00435_P00410,6.191448919673509
M00435_P00416,6.233266658466336
M00436_P00108,0.0
M00436_P00110,0.0
M00436_P00114,0.0
M00436_P00124,6.124646021400239
M00436_P00129,5.969754867658404
M00436_P00515,6.071278094133972
M00437_P00835,0.0
M00437_P00840,0.0
M00437_P00844,6.06051249944729
M00437_P00847,6.00406725353888
M00437_P00848,0.0
M00437_P00856,6.327765413586342
M00437_P00922,6.23633124495309
M00437_P00927,0.0
M00437_P00931,5.9249170358630625
M00437_P00935,0.0
M00438_P00549,0.0
M00438_P00552,5.862251478554334
M00438_P00554,6.3161992551204165
M00438_P00561,0.0
M00438_P00562,0.0
M00438_P00568,0.0
M00438_P01099,6.196808997976674
M00438_P01107,0.0
M00438_P01108,6.709717770641479
M00438_P01109,6.2272429920374135
M00438_P01114,6.136577956239015
M00438_P01118,6.361328315391617
M00439_P00625,0.0
M00439_P00630,0.0
M00439_P00632,6.263366459423314
M00439_P00635,6.142006857716791
M00439_P00644,6.3826037258729125
M00439_P00645,0.0
M00439_P00650,6.407028752287957
M00439_P00991,0.0
M00439_P00993,5.820930626769445
M00439_P00997,5.864407021371127
M00439_P01000,0.0
M00439_P01010,6.1772975100292875
M00440_P00287,0.0
M00440_P00290,6.042278249235798
M00440_P00291,6.011155665676618
M00440_P00295,0.0
M00440_P00297,6.0260857435800474
M00440_P00298,0.0
M00440_P00299,6.059324570666549
M00440_P00304,6.000950905606121
M00440_P00307,0.0
M00440_P00309,0.0
M00440_P00310,6.71269789661427
M00440_P01177,0.0
M00440_P01182,5.848965769106504
M00440_P01184,5.762695318573167
M00440_P01193,5.842527132370803
M00440_P01196,0.0
M00441_P00732,0.0
M00441_P00738,6.010407736373233
M00441_P00742,6.313768387694824
M00441_P00744,0.0
M00441_P00747,7.515604774064559
M00441_P00753,6.091379062319854
M00441_P01201,0.0
M00441_P01209,5.802596391035093
M00441_P01210,0.0
M00441_P01211,6.708786559010386
M00441_P01214,5.909583579522015
M00442_P00611,5.963099115110642
M00442_P00618,6.38910957471772
M00442_P00619,0.0
M00442_P00622,6.1085539849206665
M00442_P01146,7.171534724505877
M00442_P01157,5.877241376918327
M00442_P01166,6.588606795611467
M00442_P01169,5.982194225148768
M00443_P00732,0.0
M00443_P00738,5.840417513431837
M00443_P00742,6.196253703441842
M00443_P00744,5.971273096400017
M00443_P00747,7.218412183566957
M00443_P00753,0.0
M00443_P01041,0.0
M00443_P01042,6.0811816708490944
M00443_P01048,6.371571648539097
M00443_P01049,0.0
M00443_P01051,6.348306402232234
M00443_P01055,5.990441362364111
M00443_P01063,6.096894028773002
M00443_P01064,6.047024622146042
M00444_P00368,0.0
M00444_P00372,6.73715833514924
M00444_P00378,0.0
M00444_P00382,5.948253198687447
M00444_P00383,0.0
M00444_P00922,0.0
M00444_P00927,5.984754795625726
M00444_P00931,6.078145200452866
M00444_P00935,0.0
M00445_P00313,6.3580109001793
M00445_P00324,6.33016002159729
M00445_P00329,6.009886360480538
M00445_P00333,6.607725214124775
M00445_P00334,6.275559418358817
M00445_P00782,0.0
M00445_P00786,5.8696281954649665
M00445_P00788,6.6959912767328715
M00445_P00797,0.0
M00445_P00803,6.99546614782223
M00446_P00478,0.0
M00446_P00479,6.6434874438336164
M00446_P00486,6.243084718097794
M00446_P00491,5.8017942516617005
M00446_P00761,0.0
M00446_P00772,5.81008705620507
M00447_P00835,0.0
M00447_P00840,5.870812943792712
M00447_P00844,6.015057096425874
M00447_P00847,5.891217216121956
M00447_P00848,6.062697843240262
M00447_P00856,6.192142305428408
M00447_P00888,6.029492624037239
M00447_P00889,5.9801003704139974
M00447_P00893,5.987315819536448
M00447_P00894,6.20232805661713
M00447_P00895,6.286925615395262
M00447_P00901,0.0
M00447_P00909,6.591060657459296
M00448_P00313,0.0
M00448_P00324,0.0
M00448_P00329,5.9251018641400695
M00448_P00333,6.216874883798262
M00448_P00334,6.5943396632181495
M00448_P01020,6.927500282240023
M00448_P01034,5.895420434028969
M00448_P01037,6.053435051675865
M00448_P01038,5.9079440843646935
M00449_P00079,0.0
M00449_P00082,0.0
M00449_P00087,0.0
M00449_P00097,0.0
M00449_P00102,6.067605965915783
M00449_P01099,6.255167065198554
M00449_P01107,0.0
M00449_P01108,6.774653162637518
M00449_P01109,0.0
M00449_P01114,0.0
M00449_P01118,0.0
M00450_P00157,6.007242745657225
M00450_P00159,0.0
M00450_P00164,0.0
M00450_P00169,6.005441292507657
M00450_P00171,6.40522755685608
M00450_P00175,0.0
M00450_P00922,0.0
M00450_P00927,5.836380106962005
M00450_P00931,0.0
M00450_P00935,6.37615122828439
M00451_P00136,0.0
M00451_P00141,0.0
M00451_P00148,0.0
M00451_P00156,6.240717141079758
M00451_P00478,6.06994697783611
M00451_P00479,6.827849586001707
M00451_P00486,0.0
M00451_P00491,5.983892653588373
M00452_P00443,6.377154719937967
M00452_P00448,5.982839462425741
M00452_P00452,6.006432125649434
M00452_P00462,0.0
M00452_P00463,0.0
M00452_P00465,6.361238514549333
M00452_P00468,6.267954414417044
M00452_P00761,0.0
M00452_P00772,5.829761690672678
M00453_P00136,7.2074094526092205
M00453_P00141,0.0
M00453_P00148,6.273009698587611
M00453_P00156,0.0
M00453_P00705,5.956878489800108
M00453_P00707,6.172565877343723
M00453_P00716,6.292323833347678
M00453_P00718,6.979625222289394
M00453_P00724,0.0
M00453_P00728,0.0
M00454_P00032,0.0
M00454_P00044,0.0
M00454_P00045,5.795410356549544
M00454_P00050,5.950970697531604
M00454_P00052,0.0
M00454_P00574,0.0
M00454_P00579,6.664817082910096
M00454_P00582,6.3780732732088925
M00454_P00584,6.343360600873672
M00454_P00586,0.0
M00454_P00590,6.859080371780092
M00455_P00655,0.0
M00455_P00662,0.0
M00455_P00666,6.433783595314588
M00455_P00668,6.0509411211140876
M00455_P00669,6.309526447788718
M00455_P00673,6.311319822240881
M00455_P00674,6.061331123878238
M00455_P00863,5.810674097455911
M00455_P00880,6.580863275635724
M00455_P00882,7.405466245740776
M00456_P00136,7.177623750304551
M00456_P00141,7.1855006650310305
M00456_P00148,5.77927379819846
M00456_P00156,0.0
M00456_P00625,6.30447306751356
M00456_P00630,6.208002474694018
M00456_P00632,0.0
M00456_P00635,6.333843403325517
M00456_P00644,6.278617878764794
M00456_P00645,0.0
M00456_P00650,6.496895429987976
M00457_P00032,0.0
M00457_P00044,7.053337242619971
M00457_P00045,6.27473713856385
M00457_P00050,6.309816973843749
M00457_P00052,0.0
M00457_P00549,0.0
M00457_P00552,5.790504235945585
M00457_P00554,6.212040215408153
M00457_P00561,7.09560593966529
M00457_P00562,0.0
M00457_P00568,5.880957917925683
M00458_P00209,0.0
M00458_P00210,7.140097038332382
M00458_P00211,0.0
M00458_P00219,0.0
M00458_P00221,6.15807259213066
M00458_P00222,6.358750050041784
M00458_P00232,5.939937703853623
M00458_P00234,7.323093777406349
M00458_P00241,6.066316003868311
M00458_P00244,6.092646657767209
M00458_P00245,6.219265225610683
M00458_P00248,6.499239192742453
M00458_P00255,0.0
M00458_P00260,6.760895267557434
M00459_P00782,6.302197702417876
M00459_P00786,0.0
M00459_P00788,6.802223879505455
M00459_P00797,6.378874538684033
M00459_P00803,6.756248015723529
M00459_P01177,0.0
M00459_P01182,5.757641083826608
M00459_P01184,5.835518202988138
M00459_P01193,5.773360587927351
M00459_P01196,0.0
M00460_P00732,0.0
M00460_P00738,0.0
M00460_P00742,0.0
M00460_P00744,0.0
M00460_P00747,7.46798767299056
M00460_P00753,5.933916067539035
M00460_P01041,0.0
M00460_P01042,0.0
M00460_P01048,0.0
M00460_P01049,0.0
M00460_P01051,6.247651072099796
M00460_P01055,5.854589670328765
M00460_P01063,5.948686743542521
M00460_P01064,0.0
M00461_P00032,6.694632583877936
M00461_P00044,6.724627743549753
M00461_P00045,6.0507607213069425
M00461_P00050,0.0
M00461_P00052,6.204386352234178
M00461_P00443,0.0
M00461_P00448,0.0
M00461_P00452,5.927844099525324
M00461_P00462,6.822798454190515
M00461_P00463,0.0
M00461_P00465,6.710972752586756
M00461_P00468,6.2072009138969015
M00462_P00922,6.184105898325993
M00462_P00927,5.725756959561126
M00462_P00931,5.897279555733803
M00462_P00935,6.581476113575268
M00462_P01223,5.8371523553906774
M00462_P01234,6.710482357769101
M00462_P01236,0.0
M00462_P01241,6.395567134480839
M00462_P01242,5.896701452948248
M00463_P00185,0.0
M00463_P00193,6.28094799846649
M00463_P00197,0.0
M00463_P00199,0.0
M00463_P00200,6.0990331930406985
M00463_P00515,0.0
M00464_P00079,6.79641585043548
M00464_P00082,6.3948439185024695
M00464_P00087,0.0
M00464_P00097,0.0
M00464_P00102,6.074964206446509
M00464_P00185,0.0
M00464_P00193,0.0
M00464_P00197,5.963693364862415
M00464_P00199,6.070747892380676
M00464_P00200,0.0
M00465_P01020,6.739762824324875
M00465_P01034,0.0
M00465_P01037,0.0
M00465_P01038,6.195751581527463
M00465_P01041,0.0
M00465_P01042,6.067089467101702
M00465_P01048,0.0
M00465_P01049,0.0
M00465_P01051,6.354644021694364
M00465_P01055,6.0096271968118735
M00465_P01063,0.0
M00465_P01064,6.325857413027173
M00466_P00185,0.0
M00466_P00193,6.367145812529149
M00466_P00197,0.0
M00466_P00199,5.9369762929080885
M00466_P00200,6.08911187294161
M00466_P00835,0.0
M00466_P00840,5.940082865172425
M00466_P00844,5.835557723305234
M00466_P00847,5.900502767155272
M00466_P00848,0.0
M00466_P00856,0.0
M00467_P00835,0.0
M00467_P00840,6.031411929581666
M00467_P00844,5.9998716671346575
M00467_P00847,6.033101176657734
M00467_P00848,0.0
M00467_P00856,6.761541227544676
M00467_P01041,0.0
M00467_P01042,0.0
M00467_P01048,0.0
M00467_P01049,7.133244767776774
M00467_P01051,6.159341900683051
M00467_P01055,5.893343280202089
M00467_P01063,5.8735285666232135
M00467_P01064,0.0
M00468_P00241,5.813665716430142
M00468_P00244,0.0
M00468_P00245,0.0
M00468_P00248,6.244355215773665
M00468_P00255,7.0623619699697056
M00468_P00260,0.0
M00468_P01177,6.284576490320052
M00468_P01182,0.0
M00468_P01184,0.0
M00468_P01193,0.0
M00468_P01196,6.377119038627773
M00469_P00011,5.831351168972272
M00469_P00024,6.052748742169397
M00469_P01041,0.0
M00469_P01042,0.0
M00469_P01048,0.0
M00469_P01049,7.301904327284159
M00469_P01051,0.0
M00469_P01055,5.82070866662205
M00469_P01063,6.001956082684883
M00469_P01064,0.0
M00470_P00678,5.862991900685635
M00470_P00679,0.0
M00470_P00680,0.0
M00470_P00681,5.928758656495036
M00470_P00683,0.0
M00470_P00694,6.481553692688636
M00470_P00940,5.909767741056134
M00470_P00948,6.308722846912679
M00470_P00950,0.0
M00470_P00951,0.0
M00470_P00959,0.0
M00470_P00962,0.0
M00471_P00611,0.0
M00471_P00618,6.220035723660583
M00471_P00619,0.0
M00471_P00622,0.0
M00471_P00863,0.0
M00471_P00880,6.2287892815246355
M00471_P00882,6.6996593664388975
M00472_P00625,0.0
M00472_P00630,0.0
M00472_P00632,6.298495395536032
M00472_P00635,0.0
M00472_P00644,6.112974581623833
M00472_P00645,6.998310387639004
M00472_P00650,6.113734214389128
M00472_P00807,0.0
M00472_P00812,0.0
M00472_P00819,6.164708736956646
M00472_P00826,0.0
M00472_P00827,6.849768133842516
M00473_P00423,6.678238962314095
M00473_P00424,5.8035905879146785
M00473_P00425,6.178323807145929
M00473_P00426,0.0
M00473_P00431,0.0
M00473_P00436,0.0
M00473_P00440,6.007047022850767
M00473_P00611,0.0
M00473_P00618,0.0
M00473_P00619,5.817956433908748
M00473_P00622,0.0
M00474_P00108,0.0
M00474_P00110,5.835599369668362
M00474_P00114,7.158329234795999
M00474_P00124,6.075742527103012
M00474_P00129,6.012828973485472
M00474_P00574,0.0
M00474_P00579,6.226058524982921
M00474_P00582,0.0
M00474_P00584,6.27416317133867
M00474_P00586,0.0
M00474_P00590,0.0
M00475_P01099,0.0
M00475_P01107,0.0
M00475_P01108,6.712628601431011
M00475_P01109,6.30723086233649
M00475_P01114,6.266865955957527
M00475_P01118,0.0
M00475_P01201,6.0287784888732485
M00475_P01209,0.0
M00475_P01210,5.991636003303861
M00475_P01211,6.831220343177217
M00475_P01214,0.0
M00476_P00549,0.0
M00476_P00552,0.0
M00476_P00554,0.0
M00476_P00561,7.046971193108403
M00476_P00562,5.920845673088687
M00476_P00568,5.921844862294429
M00476_P00965,0.0
M00476_P00966,5.872907172170994
M00476_P00975,6.7824014273577315
M00476_P00978,0.0
M00476_P00980,0.0
M00476_P00986,7.1851341699863704
M00477_P00574,0.0
M00477_P00579,6.235502982175346
M00477_P00582,6.2119227026652295
M00477_P00584,6.25107820397453
M00477_P00586,0.0
M00477_P00590,6.674673985840339
M00477_P00922,6.334084424074538
M00477_P00927,5.9694087780809415
M00477_P00931,0.0
M00477_P00935,0.0
M00478_P00761,6.315502749703353
M00478_P00772,6.263280370305986
M00478_P01120,0.0
M00479_P00287,0.0
M00479_P00290,5.899033477806637
M00479_P00291,0.0
M00479_P00295,0.0
M00479_P00297,5.7930203640245415
M00479_P00298,0.0
M00479_P00299,0.0
M00479_P00304,5.829247854538966
M00479_P00307,6.501854252877969
M00479_P00309,6.201072121618952
M00479_P00310,6.219587099953205
M00479_P01041,0.0
M00479_P01042,5.800259213440499
M00479_P01048,6.164678768911411
M00479_P01049,0.0
M00479_P01051,0.0
M00479_P01055,5.774772798919413
M00479_P01063,0.0
M00479_P01064,5.918074147805161
M00480_P00761,6.225262349847479
M00480_P00772,0.0
M00480_P01177,6.390642234627814
M00480_P01182,6.000609494124558
M00480_P01184,6.211998331038354
M00480_P01193,0.0
M00480_P01196,6.488390265071429
M00481_P00055,0.0
M00481_P00057,0.0
M00481_P00059,0.0
M00481_P00064,5.850406399797018
M00481_P00066,7.169758998467252
M00481_P00071,0.0
M00481_P00077,6.561851354243139
M00481_P00313,6.251353377906509
M00481_P00324,6.2118552151020765
M00481_P00329,6.00285124994636
M00481_P00333,6.242166497549668
M00481_P00334,0.0
M00482_P00055,5.869676628072568
M00482_P00057,5.89373629832526
M00482_P00059,6.243405234543753
M00482_P00064,5.833519919433715
M00482_P00066,7.182472025018341
M00482_P00071,6.169598634857232
M00482_P00077,6.2446590802606465
M00482_P00549,0.0
M00482_P00552,0.0
M00482_P00554,6.311455598861742
M00482_P00561,7.455120475172974
M00482_P00562,5.9813420646682625
M00482_P00568,6.020946970215992
M00483_P00782,0.0
M00483_P00786,5.748532869513732
M00483_P00788,6.555683721614959
M00483_P00797,6.277266564735018
M00483_P00803,0.0
M00483_P00888,0.0
M00483_P00889,0.0
M00483_P00893,5.848121992610497
M00483_P00894,6.24152973288148
M00483_P00895,0.0
M00483_P00901,7.2131678421869205
M00483_P00909,6.207999823197035
M00484_P00313,0.0
M00484_P00324,6.320167317543961
M00484_P00329,5.933450039716267
M00484_P00333,6.463492417895081
M00484_P00334,0.0
M00484_P01070,5.886880083150401
M00484_P01074,0.0
M00484_P01082,5.81530955244569
M00485_P00079,6.780818475098696
M00485_P00082,0.0
M00485_P00087,0.0
M00485_P00097,6.381097726712589
M00485_P00102,0.0
M00485_P01099,6.185523994947708
M00485_P01107,0.0
M00485_P01108,6.7359559024637
M00485_P01109,0.0
M00485_P01114,0.0
M00485_P01118,0.0
M00486_P00185,0.0
M00486_P00193,6.449728099780018
M00486_P00197,5.9853207129574955
M00486_P00199,0.0
M00486_P00200,6.2707429273364435
M00486_P00625,0.0
M00486_P00630,5.916752127729844
M00486_P00632,6.226810051666074
M00486_P00635,0.0
M00486_P00644,6.256512335085144
M00486_P00645,7.067396714730238
M00486_P00650,0.0
M00487_P00732,0.0
M00487_P00738,0.0
M00487_P00742,6.258241672581174
M00487_P00744,6.092735756047141
M00487_P00747,0.0
M00487_P00753,5.8801120018427575
M00487_P01223,5.8591979789080195
M00487_P01234,0.0
M00487_P01236,0.0
M00487_P01241,6.402891171449319
M00487_P01242,5.867799284239193
M00488_P00287,0.0
M00488_P00290,0.0
M00488_P00291,5.847659050322134
M00488_P00295,7.1246749391296635
M00488_P00297,5.8432291962700935
M00488_P00298,5.84222836377082
M00488_P00299,0.0
M00488_P00304,0.0
M00488_P00307,6.2130145732610575
M00488_P00309,6.510312442721619
M00488_P00310,6.166110668496154
M00488_P00835,0.0
M00488_P00840,0.0
M00488_P00844,5.98792671254397
M00488_P00847,6.204862664022824
M00488_P00848,6.054464244401897
M00488_P00856,0.0
M00489_P00611,0.0
M00489_P00618,6.229346593948939
M00489_P00619,5.888764323938985
M00489_P00622,6.084422523852567
M00489_P00888,0.0
M00489_P00889,0.0
M00489_P00893,5.968506644039729
M00489_P00894,6.329610706247479
M00489_P00895,0.0
M00489_P00901,7.266444000088742
M00489_P00909,6.288063533754682
M00490_P00705,6.063082155090342
M00490_P00707,6.370353486381969
M00490_P00716,0.0
M00490_P00718,6.790096444827188
M00490_P00724,6.23319458418078
M00490_P00728,6.450858073280849
M00490_P01201,5.770362712281357
M00490_P01209,6.0752082097910245
M00490_P01210,0.0
M00490_P01211,7.04658917233132
M00490_P01214,6.054745842775577
M00491_P00287,0.0
M00491_P00290,0.0
M00491_P00291,5.854141469460599
M00491_P00295,0.0
M00491_P00297,0.0
M00491_P00298,5.939065983232425
M00491_P00299,5.837631757538519
M00491_P00304,6.172420835867727
M00491_P00307,0.0
M00491_P00309,0.0
M00491_P00310,0.0
M00491_P00991,0.0
M00491_P00993,5.796542402746764
M00491_P00997,0.0
M00491_P01000,0.0
M00491_P01010,6.2597749752129115
M00492_P00157,0.0
M00492_P00159,0.0
M00492_P00164,0.0
M00492_P00169,5.88675695037667
M00492_P00171,0.0
M00492_P00175,0.0
M00492_P00529,5.887705791395372
M00492_P00535,0.0
M00492_P00536,5.8989671734613855
M00492_P00542,0.0
M00492_P00543,0.0
M00493_P00478,0.0
M00493_P00479,6.812570208753332
M00493_P00486,6.41668764799127
M00493_P00491,0.0
M00493_P01099,6.231809174872749
M00493_P01107,5.860127334060717
M00493_P01108,6.937666925668303
M00493_P01109,0.0
M00493_P01114,0.0
M00493_P01118,0.0
M00494_P00991,7.289523182863444
M00494_P00993,5.892522274176963
M00494_P00997,5.9926201464697755
M00494_P01000,6.285515537700058
M00494_P01010,6.422166132852608
M00494_P01201,5.886293260395141
M00494_P01209,5.928987435629504
M00494_P01210,5.946174698976562
M00494_P01211,6.586671401464302
M00494_P01214,5.983910987003489
M00495_P00732,5.847426048823699
M00495_P00738,0.0
M00495_P00742,6.246239485380842
M00495_P00744,5.956248804055633
M00495_P00747,0.0
M00495_P00753,0.0
M00495_P01146,0.0
M00495_P01157,0.0
M00495_P01166,6.244385208860416
M00495_P01169,0.0
M00496_P00055,5.89546112387797
M00496_P00057,5.8339040931641035
M00496_P00059,6.229430720132063
M00496_P00064,5.814609341751773
M00496_P00066,0.0
M00496_P00071,6.222783622445989
M00496_P00077,0.0
M00496_P01223,0.0
M00496_P01234,0.0
M00496_P01236,6.094356457223212
M00496_P01241,6.336076708825807
M00496_P01242,6.035574048020752
M00497_P00443,0.0
M00497_P00448,0.0
M00497_P00452,0.0
M00497_P00462,6.250139617886495
M00497_P00463,6.60568212768597
M00497_P00465,0.0
M00497_P00468,6.26704930668847
M00497_P01070,0.0
M00497_P01074,6.411754664412523
M00497_P01082,0.0
M00498_P00108,6.0101359029745485
M00498_P00110,6.034288572683602
M00498_P00114,7.44593516769676
M00498_P00124,6.441519387171752
M00498_P00129,6.325473563309888
M00498_P01120,0.0
M00499_P00611,0.0
M00499_P00618,6.210510651303738
M00499_P00619,5.834233685619022
M00499_P00622,5.966750820578566
M00499_P00863,5.979545650741716
M00499_P00880,0.0
M00499_P00882,6.896401393310226
M00500_P00032,6.682637394463302
M00500_P00044,6.685619774169318
M00500_P00045,6.310127781359188
M00500_P00050,5.911955406786336
M00500_P00052,6.2626179748677595
M00500_P00266,6.330519129916148
M00500_P00271,6.298884090948677
M00500_P00278,0.0
M00500_P00286,0.0
M00501_P00055,6.087980307864181
M00501_P00057,0.0
M00501_P00059,0.0
M00501_P00064,5.973341125511839
M00501_P00066,0.0
M00501_P00071,6.533878837722563
M00501_P00077,0.0
M00501_P00241,5.896721401905934
M00501_P00244,5.808709604699812
M00501_P00245,6.233579145574057
M00501_P00248,0.0
M00501_P00255,7.155922563559024
M00501_P00260,0.0
M00502_P00611,5.848043289571807
M00502_P00618,6.188168258488581
M00502_P00619,0.0
M00502_P00622,0.0
M00502_P01070,0.0
M00502_P01074,6.199377695084232
M00502_P01082,0.0
M00503_P00055,5.961535164926348
M00503_P00057,5.83024269761834
M00503_P00059,6.260905382117839
M00503_P00064,0.0
M00503_P00066,0.0
M00503_P00071,6.317060339177775
M00503_P00077,6.291440598138054
M00503_P00940,0.0
M00503_P00948,0.0
M00503_P00950,6.459387587394741
M00503_P00951,6.327170895835378
M00503_P00959,0.0
M00503_P00962,0.0
M00504_P00732,5.768112887908108
M00504_P00738,5.751796337669188
M00504_P00742,6.1646457391709975
M00504_P00744,5.931466156141418
M00504_P00747,7.347162190108072
M00504_P00753,0.0
M00504_P01120,0.0
M00505_P00108,0.0
M00505_P00110,0.0
M00505_P00114,7.232976229318268
M00505_P00124,6.260166053018553
M00505_P00129,6.5264606711147914
M00505_P00732,0.0
M00505_P00738,5.885929253554946
M00505_P00742,6.550856712838008
M00505_P00744,6.000340548818674
M00505_P00747,7.1107133733099275
M00505_P00753,0.0
M00506_P00611,5.79949840231921
M00506_P00618,6.270145800465433
M00506_P00619,6.1211359492887105
M00506_P00622,5.9826778753926275
M00506_P00863,5.886643555278889
M00506_P00880,6.188479277542631
M00506_P00882,0.0
M00507_P00443,6.205321408628995
M00507_P00448,5.815907914404308
M00507_P00452,6.1461862827103
M00507_P00462,6.283901825825663
M00507_P00463,0.0
M00507_P00465,0.0
M00507_P00468,6.2992113033474135
M00507_P01070,6.080689422604205
M00507_P01074,6.283360101110052
M00507_P01082,6.0414585521294555
M00508_P00032,0.0
M00508_P00044,0.0
M00508_P00045,0.0
M00508_P00050,6.08334363225633
M00508_P00052,6.400908055359351
M00508_P00313,0.0
M00508_P00324,6.253378472449075
M00508_P00329,5.863695061925827
M00508_P00333,0.0
M00508_P00334,6.717179984557482
M00509_P00185,0.0
M00509_P00193,6.261102898426345
M00509_P00197,5.854021214232519
M00509_P00199,5.875297992393645
M00509_P00200,6.076782656480026
M00509_P00922,6.1796147564304835
M00509_P00927,0.0
M00509_P00931,0.0
M00509_P00935,6.454261563238614
M00510_P00732,5.909952091930994
M00510_P00738,0.0
M00510_P00742,6.3236888997159175
M00510_P00744,6.262781898926239
M00510_P00747,0.0
M00510_P00753,6.283652709638015
M00510_P01177,6.389056861098459
M00510_P01182,5.8059711400063305
M00510_P01184,5.852641010036521
M00510_P01193,5.897658683680719
M00510_P01196,0.0
M00511_P00807,0.0
M00511_P00812,7.345650854797918
M00511_P00819,6.072462811711145
M00511_P00826,6.4327459334579205
M00511_P00827,6.881284955892909
M00511_P01146,7.062581753751391
M00511_P01157,5.884728863771642
M00511_P01166,0.0
M00511_P01169,6.175159553337641
M00512_P00108,5.901348471068734
M00512_P00110,5.828066846217483
M00512_P00114,0.0
M00512_P00124,0.0
M00512_P00129,6.004339892283863
M00512_P00209,5.925886447050789
M00512_P00210,0.0
M00512_P00211,0.0
M00512_P00219,5.928722024649911
M00512_P00221,0.0
M00512_P00222,6.276101985891876
M00512_P00232,5.950597687626182
M00512_P00234,7.392329403868971
M00513_P00732,5.87215840756601
M00513_P00738,5.816301174843291
M00513_P00742,0.0
M00513_P00744,5.945394450133018
M00513_P00747,7.4178972000331695
M00513_P00753,6.158614947081932
M00513_P01177,6.843643248488611
M00513_P01182,5.982608380509668
M00513_P01184,0.0
M00513_P01193,0.0
M00513_P01196,6.353956881827429
M00514_P00574,0.0
M00514_P00579,6.258947997696235
M00514_P00582,0.0
M00514_P00584,6.211655582925057
M00514_P00586,5.8524208755366764
M00514_P00590,0.0
M00514_P01099,6.4107417877111095
M00514_P01107,0.0
M00514_P01108,0.0
M00514_P01109,6.42122603183767
M00514_P01114,6.400390842619991
M00514_P01118,0.0
M00515_P00888,6.016854578012245
M00515_P00889,5.913935542360776
M00515_P00893,0.0
M00515_P00894,6.251436927708135
M00515_P00895,6.219582955911941
M00515_P00901,7.150178989130676
M00515_P00909,0.0
M00515_P00922,0.0
M00515_P00927,0.0
M00515_P00931,0.0
M00515_P00935,0.0
M00516_P00266,0.0
M00516_P00271,0.0
M00516_P00278,6.74006795253103
M00516_P00286,6.269686075112182
M00516_P01201,0.0
M00516_P01209,5.846704781546919
M00516_P01210,0.0
M00516_P01211,6.899213674993626
M00516_P01214,5.8916285149606935
M00517_P00611,5.794141134460225
M00517_P00618,6.2327068462002995
M00517_P00619,5.86954251299943
M00517_P00622,0.0
M00517_P00863,5.961100500827049
M00517_P00880,0.0
M00517_P00882,6.80332967408879
M00518_P00209,0.0
M00518_P00210,7.069071801672397
M00518_P00211,0.0
M00518_P00219,6.040831086078833
M00518_P00221,0.0
M00518_P00222,6.192472462404349
M00518_P00232,0.0
M00518_P00234,7.200501451707179
M00518_P00313,0.0
M00518_P00324,0.0
M00518_P00329,6.223934797052183
M00518_P00333,0.0
M00518_P00334,6.3622237048322
M00519_P00032,6.764187385319302
M00519_P00044,0.0
M00519_P00045,5.948000135042062
M00519_P00050,0.0
M00519_P00052,6.643271690097249
M00519_P00625,0.0
M00519_P00630,5.873794585680784
M00519_P00632,0.0
M00519_P00635,6.193528690978591
M00519_P00644,0.0
M00519_P00645,0.0
M00519_P00650,0.0
M00520_P00761,0.0
M00520_P00772,5.8482752577627295
M00520_P00940,6.041564431156762
M00520_P00948,6.4276051735888124
M00520_P00950,6.342113303207104
M00520_P00951,6.53240453361582
M00520_P00959,6.25677469022225
M00520_P00962,7.108480118002119
M00521_P00108,5.846278611559551
M00521_P00110,5.9463305720850395
M00521_P00114,7.205143372382836
M00521_P00124,6.3408619662077825
M00521_P00129,0.0
M00521_P00529,6.0023327992862905
M00521_P00535,6.025350584895853
M00521_P00536,5.920949598009578
M00521_P00542,6.001062617782936
M00521_P00543,0.0
M00522_P00678,0.0
M00522_P00679,7.162814755789283
M00522_P00680,6.045622877704182
M00522_P00681,0.0
M00522_P00683,6.340748084644231
M00522_P00694,6.353958665976859
M00522_P00863,0.0
M00522_P00880,6.51952438483398
M00522_P00882,6.97863789729188
M00523_P00108,5.888884439237253
M00523_P00110,0.0
M00523_P00114,7.1399734267455575
M00523_P00124,6.163518487259557
M00523_P00129,5.954069597393887
M00523_P00940,0.0
M00523_P00948,6.399910671843021
M00523_P00950,0.0
M00523_P00951,0.0
M00523_P00959,6.042434859176129
M00523_P00962,0.0
M00524_P00108,5.875350165740713
M00524_P00110,5.83635569720653
M00524_P00114,0.0
M00524_P00124,6.441701579969651
M00524_P00129,0.0
M00524_P01070,6.051517228246974
M00524_P01074,6.389064261845039
M00524_P01082,0.0
M00525_P00863,0.0
M00525_P00880,6.528255044259434
M00525_P00882,7.362967889856304
M00525_P01120,0.0
M00526_P00922,6.113059149846508
M00526_P00927,5.8804426490738075
M00526_P00931,0.0
M00526_P00935,0.0
M00526_P01070,6.060972773538288
M00526_P01074,6.642932097205866
M00526_P01082,5.96252437874865
M00527_P00209,6.001961916796423
M00527_P00210,0.0
M00527_P00211,0.0
M00527_P00219,5.997374652470004
M00527_P00221,6.35028291441358
M00527_P00222,0.0
M00527_P00232,6.142923291753332
M00527_P00234,0.0
M00527_P00732,5.827283147084207
M00527_P00738,5.874117368924688
M00527_P00742,0.0
M00527_P00744,0.0
M00527_P00747,0.0
M00527_P00753,0.0
M00528_P00185,0.0
M00528_P00193,6.410861251757903
M00528_P00197,0.0
M00528_P00199,0.0
M00528_P00200,0.0
M00528_P00888,5.963975208221013
M00528_P00889,0.0
M00528_P00893,0.0
M00528_P00894,6.271246456174519
M00528_P00895,6.209063399670408
M00528_P00901,7.134018533212016
M00528_P00909,6.287176273428206
M00529_P00266,6.391819845031381
M00529_P00271,6.413451993500033
M00529_P00278,7.109608301077274
M00529_P00286,6.354403885996854
M00529_P00287,0.0
M00529_P00290,5.9064560550551475
M00529_P00291,5.842814923372515
M00529_P00295,0.0
M00529_P00297,0.0
M00529_P00298,0.0
M00529_P00299,5.757833353578716
M00529_P00304,5.8709776425071585
M00529_P00307,6.244034632930698
M00529_P00309,0.0
M00529_P00310,6.367647543517595
M00530_P00574,0.0
M00530_P00579,6.216077381175489
M00530_P00582,6.262739429137198
M00530_P00584,0.0
M00530_P00586,5.882113562416221
M00530_P00590,6.760846928695395
M00530_P00888,0.0
M00530_P00889,5.826026422401881
M00530_P00893,5.781427068828965
M00530_P00894,0.0
M00530_P00895,6.347355946693653
M00530_P00901,7.21967329434325
M00530_P00909,0.0
M00531_P00313,6.377251842630633
M00531_P00324,6.55165938376005
M00531_P00329,0.0
M00531_P00333,6.480137532093689
M00531_P00334,6.290927015035309
M00531_P00423,6.652728578765541
M00531_P00424,5.836108147202464
M00531_P00425,6.210820630580874
M00531_P00426,0.0
M00531_P00431,5.87315828224299
M00531_P00436,6.153304011826904
M00531_P00440,5.923163175851933
M00532_P00209,0.0
M00532_P00210,7.209532407066699
M00532_P00211,0.0
M00532_P00219,5.942814168469692
M00532_P00221,0.0
M00532_P00222,0.0
M00532_P00232,0.0
M00532_P00234,7.151193222796991
M00532_P01070,0.0
M00532_P01074,6.3394428218045595
M00532_P01082,0.0
M00533_P00835,0.0
M00533_P00840,6.040787610350402
M00533_P00844,6.028743677202845
M00533_P00847,6.059265034412027
M00533_P00848,6.110247982654653
M00533_P00856,6.645867734006112
M00533_P01099,6.2609826227422
M00533_P01107,0.0
M00533_P01108,6.712214650156751
M00533_P01109,6.157481178560334
M00533_P01114,6.8288442231983035
M00533_P01118,0.0
M00534_P00266,6.356773358080414
M00534_P00271,0.0
M00534_P00278,6.77723242653406
M00534_P00286,6.249451192219286
M00534_P01120,0.0
M00535_P00055,0.0
M00535_P00057,6.043687543634181
M00535_P00059,6.182444759676595
M00535_P00064,0.0
M00535_P00066,0.0
M00535_P00071,0.0
M00535_P00077,0.0
M00535_P00940,0.0
M00535_P00948,6.1862676749689856
M00535_P00950,0.0
M00535_P00951,6.276387642422843
M00535_P00959,5.97873984629968
M00535_P00962,7.013632123600432
M00536_P00055,0.0
M00536_P00057,5.855946662795439
M00536_P00059,0.0
M00536_P00064,0.0
M00536_P00066,7.3818209675849715
M00536_P00071,6.2079594267102935
M00536_P00077,0.0
M00536_P01099,0.0
M00536_P01107,0.0
M00536_P01108,0.0
M00536_P01109,6.631328474883725
M00536_P01114,6.583489223598289
M00536_P01118,6.440673303079041
M00537_P00345,0.0
M00537_P00347,6.369728130888415
M00537_P00351,6.388694046545117
M00537_P00353,0.0
M00537_P00359,0.0
M00537_P00362,5.982058403942444
M00537_P01070,5.930293451659594
M00537_P01074,6.256774311735587
M00537_P01082,5.935547171186619
M00538_P01020,6.870304606355905
M00538_P01034,0.0
M00538_P01037,5.977549594223254
M00538_P01038,5.947709229739663
M00538_P01070,5.964331792952806
M00538_P01074,0.0
M00538_P01082,6.138066827260224
M00539_P00888,5.98204347838266
M00539_P00889,0.0
M00539_P00893,5.918981856764476
M00539_P00894,0.0
M00539_P00895,0.0
M00539_P00901,7.158819932723109
M00539_P00909,0.0
M00539_P01041,5.887937424081939
M00539_P01042,0.0
M00539_P01048,0.0
M00539_P01049,0.0
M00539_P01051,6.267768701029289
M00539_P01055,5.817778173975845
M00539_P01063,5.930855868985493
M00539_P01064,5.883450466834766
M00540_P00391,0.0
M00540_P00399,6.25757486973853
M00540_P00410,6.218720535948075
M00540_P00416,6.234655378339635
M00540_P00782,6.31555328402057
M00540_P00786,5.829301800053542
M00540_P00788,0.0
M00540_P00797,0.0
M00540_P00803,6.508327708930497
M00541_P00515,0.0
M00541_P00782,6.344095782820403
M00541_P00786,6.001563444850637
M00541_P00788,0.0
M00541_P00797,0.0
M00541_P00803,6.45294175837622
M00542_P00266,6.165144873524861
M00542_P00271,6.265253860745475
M00542_P00278,6.705322866061084
M00542_P00286,0.0
M00542_P00761,6.326893473080807
M00542_P00772,0.0
M00543_P00345,0.0
M00543_P00347,6.24962151943635
M00543_P00351,6.185877079285903
M00543_P00353,5.787542886076658
M00543_P00359,0.0
M00543_P00362,5.877408412678081
M00543_P00761,6.369238919299266
M00543_P00772,6.028084395623364
M00544_P00529,5.863402552739624
M00544_P00535,0.0
M00544_P00536,0.0
M00544_P00542,0.0
M00544_P00543,0.0
M00544_P01201,5.828763936871869
M00544_P01209,5.96724438578891
M00544_P01210,5.948724283925513
M00544_P01211,7.110418257323704
M00544_P01214,6.046868549904241
M00545_P00209,0.0
M00545_P00210,7.10769829670446
M00545_P00211,0.0
M00545_P00219,0.0
M00545_P00221,6.354439280652962
M00545_P00222,6.436772123974713
M00545_P00232,6.281995935799389
M00545_P00234,7.4099298624361545
M00545_P00655,0.0
M00545_P00662,5.930679299453425
M00545_P00666,6.16824390770746
M00545_P00668,5.933884146479892
M00545_P00669,6.3595499910465785
M00545_P00673,6.608685269202848
M00545_P00674,5.9923926138677235
M00546_P00835,6.176314543501069
M00546_P00840,5.8907043072674625
M00546_P00844,0.0
M00546_P00847,5.86684396762206
M00546_P00848,5.977647717915365
M00546_P00856,0.0
M00546_P00940,5.990641522184602
M00546_P00948,0.0
M00546_P00950,6.394116134816521
M00546_P00951,6.352760963269142
M00546_P00959,0.0
M00546_P00962,6.813662779468545
M00547_P00391,0.0
M00547_P00399,6.286003974298342
M00547_P00410,0.0
M00547_P00416,6.2377904921479015
M00547_P00782,6.256910234048443
M00547_P00786,5.828845577017468
M00547_P00788,0.0
M00547_P00797,0.0
M00547_P00803,0.0
M00548_P00391,0.0
M00548_P00399,0.0
M00548_P00410,0.0
M00548_P00416,0.0
M00548_P00732,0.0
M00548_P00738,0.0
M00548_P00742,0.0
M00548_P00744,5.958036731901015
M00548_P00747,7.31761488353143
M00548_P00753,6.051361991216671
M00549_P00079,6.588628355515145
M00549_P00082,6.249447204618406
M00549_P00087,5.936472808248693
M00549_P00097,0.0
M00549_P00102,0.0
M00549_P00515,5.817951611408554
M00550_P00266,6.2192221287776475
M00550_P00271,0.0
M00550_P00278,6.80969397108882
M00550_P00286,6.228238037797914
M00550_P00391,0.0
M00550_P00399,6.401834396539194
M00550_P00410,6.637629152894688
M00550_P00416,6.44268184131659
M00551_P00266,0.0
M00551_P00271,6.295796224222391
M00551_P00278,6.775068702072085
M00551_P00286,0.0
M00551_P00313,0.0
M00551_P00324,6.443015873462177
M00551_P00329,0.0
M00551_P00333,6.31670297292985
M00551_P00334,6.3568647963505756
M00552_P00515,0.0
M00552_P00807,0.0
M00552_P00812,0.0
M00552_P00819,0.0
M00552_P00826,6.3894126951102335
M00552_P00827,7.039387762326211
M00553_P00136,0.0
M00553_P00141,7.270907309749671
M00553_P00148,5.937557657690126
M00553_P00156,0.0
M00553_P00678,5.940035985551745
M00553_P00679,0.0
M00553_P00680,5.820134798391183
M00553_P00681,0.0
M00553_P00683,6.319965812322951
M00553_P00694,6.967784209036417
M00554_P00345,5.839036341860895
M00554_P00347,0.0
M00554_P00351,6.591362232085081
M00554_P00353,5.893930168191875
M00554_P00359,0.0
M00554_P00362,0.0
M00554_P00391,0.0
M00554_P00399,0.0
M00554_P00410,0.0
M00554_P00416,6.259192020818272
M00555_P00079,0.0
M00555_P00082,0.0
M00555_P00087,0.0
M00555_P00097,0.0
M00555_P00102,6.021266112013383
M00555_P00108,5.833691488624926
M00555_P00110,5.906453236675238
M00555_P00114,0.0
M00555_P00124,0.0
M00555_P00129,0.0
M00556_P00991,0.0
M00556_P00993,0.0
M00556_P00997,0.0
M00556_P01000,0.0
M00556_P01010,6.373291417069764
M00556_P01099,6.242147716360113
M00556_P01107,5.879344306327708
M00556_P01108,0.0
M00556_P01109,0.0
M00556_P01114,0.0
M00556_P01118,6.245726278710501
M00557_P00478,0.0
M00557_P00479,6.685850797059091
M00557_P00486,6.27245480487917
M00557_P00491,5.876401471023806
M00557_P00922,6.193568214419183
M00557_P00927,5.909538662016122
M00557_P00931,6.064952930525921
M00557_P00935,6.519024558653498
M00558_P00209,0.0
M00558_P00210,7.16069245360334
M00558_P00211,0.0
M00558_P00219,0.0
M00558_P00221,0.0
M00558_P00222,6.195794876540177
M00558_P00232,5.9855223001013576
M00558_P00234,7.661596078677141
M00558_P00705,0.0
M00558_P00707,6.339493460142188
M00558_P00716,0.0
M00558_P00718,6.804288092554006
M00558_P00724,0.0
M00558_P00728,6.256010741037279
M00559_P00611,5.850718244041156
M00559_P00618,6.1896917081563245
M00559_P00619,0.0
M00559_P00622,0.0
M00559_P00655,6.232157012674587
M00559_P00662,5.858276029367236
M00559_P00666,6.409352861629186
M00559_P00668,5.946670044601239
M00559_P00669,6.258270381573826
M00559_P00673,0.0
M00559_P00674,0.0
M00560_P00079,0.0
M00560_P00082,6.9004410889226255
M00560_P00087,0.0
M00560_P00097,6.3828099463770815
M00560_P00102,0.0
M00560_P00965,6.296187223700304
M00560_P00966,5.917369769544991
M00560_P00975,6.681377343244778
M00560_P00978,0.0
M00560_P00980,0.0
M00560_P00986,0.0
M00561_P00611,5.793172735248224
M00561_P00618,6.156740222786568
M00561_P00619,5.748439307949847
M00561_P00622,6.151924672303088
M00561_P00940,6.14221964175115
M00561_P00948,6.692620289655962
M00561_P00950,0.0
M00561_P00951,6.605714803542443
M00561_P00959,0.0
M00561_P00962,0.0
M00562_P00625,0.0
M00562_P00630,0.0
M00562_P00632,6.22559752588116
M00562_P00635,0.0
M00562_P00644,6.249007014858367
M00562_P00645,7.012033848004683
M00562_P00650,6.061430992421766
M00562_P00863,0.0
M00562_P00880,0.0
M00562_P00882,6.881683957277646
M00563_P01020,6.62177110391407
M00563_P01034,0.0
M00563_P01037,5.97079966404416
M00563_P01038,5.887552382826469
M00563_P01146,7.056411221197913
M00563_P01157,5.83591231711653
M00563_P01166,6.167898351474913
M00563_P01169,5.96029531208872
M00564_P00157,0.0
M00564_P00159,6.065967400496851
M00564_P00164,0.0
M00564_P00169,6.2215557191733675
M00564_P00171,6.357506203217966
M00564_P00175,6.339413066475287
M00564_P00209,5.927732812825099
M00564_P00210,0.0
M00564_P00211,0.0
M00564_P00219,0.0
M00564_P00221,6.2513597813998505
M00564_P00222,6.188277882157577
M00564_P00232,5.981396222045625
M00564_P00234,0.0
M00565_P00549,5.819591800302743
M00565_P00552,0.0
M00565_P00554,6.185636688626419
M00565_P00561,0.0
M00565_P00562,5.943635535112185
M00565_P00568,0.0
M00565_P00940,5.813268235963373
M00565_P00948,0.0
M00565_P00950,6.163739439784167
M00565_P00951,0.0
M00565_P00959,5.911029378746744
M00565_P00962,6.701991486210042
M00566_P00313,0.0
M00566_P00324,6.244608666207177
M00566_P00329,5.861824417746064
M00566_P00333,6.330211849436868
M00566_P00334,0.0
M00566_P01020,7.0942500219172775
M00566_P01034,0.0
M00566_P01037,6.066613331397283
M00566_P01038,0.0
M00567_P00055,0.0
M00567_P00057,6.0118931071371655
M00567_P00059,6.370495524616855
M00567_P00064,5.932382305545308
M00567_P00066,0.0
M00567_P00071,6.563930977530592
M00567_P00077,6.395045251829805
M00567_P00835,0.0
M00567_P00840,6.071503551802143
M00567_P00844,5.913963594568746
M00567_P00847,5.857111118568001
M00567_P00848,0.0
M00567_P00856,0.0
M00568_P00209,5.965026130173051
M00568_P00210,0.0
M00568_P00211,0.0
M00568_P00219,5.903703258830815
M00568_P00221,6.218441728367779
M00568_P00222,0.0
M00568_P00232,5.982108626384531
M00568_P00234,0.0
M00568_P01201,0.0
M00568_P01209,5.801927595545257
M00568_P01210,0.0
M00568_P01211,0.0
M00568_P01214,5.921154159121194
M00569_P00761,0.0
M00569_P00772,5.828528916786285
M00569_P00863,0.0
M00569_P00880,0.0
M00569_P00882,0.0
M00570_P00529,5.916378618536342
M00570_P00535,6.159821306482098
M00570_P00536,0.0
M00570_P00542,5.887028467529377
M00570_P00543,6.270150970326753
M00570_P01041,0.0
M00570_P01042,0.0
M00570_P01048,6.316840067779754
M00570_P01049,7.09642705051326
M00570_P01051,6.2352814292207075
M00570_P01055,0.0
M00570_P01063,6.035027158395701
M00570_P01064,0.0
M00571_P00655,6.2059303338420655
M00571_P00662,0.0
M00571_P00666,0.0
M00571_P00668,5.9589578878419145
M00571_P00669,6.322456211320853
M00571_P00673,6.2893551946940605
M00571_P00674,0.0
M00571_P01041,5.857917202647144
M00571_P01042,0.0
M00571_P01048,0.0
M00571_P01049,7.363964278205019
M00571_P01051,0.0
M00571_P01055,5.791639033674725
M00571_P01063,5.8834948672966405
M00571_P01064,5.920663651308245
M00572_P00549,0.0
M00572_P00552,5.893516259295165
M00572_P00554,0.0
M00572_P00561,0.0
M00572_P00562,0.0
M00572_P00568,0.0
M00572_P00965,6.142502075185991
M00572_P00966,5.830459328997021
M00572_P00975,6.727848521937784
M00572_P00978,6.963475056203383
M00572_P00980,6.408035823622514
M00572_P00986,6.706135529312162
M00573_P00940,5.753033520367829
M00573_P00948,6.181626066168616
M00573_P00950,6.169651085552119
M00573_P00951,6.74227316177179
M00573_P00959,5.864693102274407
M00573_P00962,7.263974090707716
M00573_P01177,6.28345784971319
M00573_P01182,5.95636957726431
M00573_P01184,5.941373470741613
M00573_P01193,0.0
M00573_P01196,0.0
M00574_P00032,0.0
M00574_P00044,7.02137509916521
M00574_P00045,0.0
M00574_P00050,6.1269716805282854
M00574_P00052,6.43507029638671
M00574_P00625,0.0
M00574_P00630,5.827815862086017
M00574_P00632,6.259292867111238
M00574_P00635,0.0
M00574_P00644,6.1569611710399395
M00574_P00645,0.0
M00574_P00650,0.0
M00575_P00678,6.059786901003282
M00575_P00679,0.0
M00575_P00680,0.0
M00575_P00681,5.9831933057465125
M00575_P00683,6.3714277466841365
M00575_P00694,6.431568096614733
M00575_P00991,7.123873084465017
M00575_P00993,5.772590984962124
M00575_P00997,5.81499786514401
M00575_P01000,0.0
M00575_P01010,6.268909240042277
M00576_P00782,0.0
M00576_P00786,0.0
M00576_P00788,6.881180066019909
M00576_P00797,6.378549124755468
M00576_P00803,6.634785706410641
M00576_P00991,0.0
M00576_P00993,5.875004931741072
M00576_P00997,5.8625131159797474
M00576_P01000,0.0
M00576_P01010,0.0
M00577_P00079,6.707282688249058
M00577_P00082,0.0
M00577_P00087,5.945115903927278
M00577_P00097,6.51599749270493
M00577_P00102,5.868442891760896
M00577_P01201,0.0
M00577_P01209,5.923480952546168
M00577_P01210,6.030022324993507
M00577_P01211,7.072884638094168
M00577_P01214,6.069392350184289
M00578_P00266,0.0
M00578_P00271,0.0
M00578_P00278,6.772073043750898
M00578_P00286,6.62243372984258
M00578_P00888,6.227748999365646
M00578_P00889,0.0
M00578_P00893,5.92053929029386
M00578_P00894,0.0
M00578_P00895,6.159454255125085
M00578_P00901,7.119894626057706
M00578_P00909,0.0
M00579_P00241,5.86774829390084
M00579_P00244,5.809789771685552
M00579_P00245,6.087336746364325
M00579_P00248,6.382568411154939
M00579_P00255,7.316163833065904
M00579_P00260,7.043092675458988
M00579_P01146,7.114791549951411
M00579_P01157,5.986389100764362
M00579_P01166,6.511841138347952
M00579_P01169,0.0
M00580_P00940,5.846284189502045
M00580_P00948,0.0
M00580_P00950,6.255411605408502
M00580_P00951,6.210822889839692
M00580_P00959,0.0
M00580_P00962,0.0
M00580_P01177,0.0
M00580_P01182,5.999985090723628
M00580_P01184,0.0
M00580_P01193,6.16230994984517
M00580_P01196,6.291008989226671
M00581_P00032,6.756486009308123
M00581_P00044,6.885559675153249
M00581_P00045,5.973247790070642
M00581_P00050,6.526772111996798
M00581_P00052,6.38304790858992
M00581_P00761,0.0
M00581_P00772,5.807546659730272
M00582_P00241,0.0
M00582_P00244,5.864065801499406
M00582_P00245,6.174408405060751
M00582_P00248,6.258320503368269
M00582_P00255,0.0
M00582_P00260,6.701927366459827
M00582_P00705,0.0
M00582_P00707,6.3400423602954
M00582_P00716,6.347860948900347
M00582_P00718,0.0
M00582_P00724,6.048211455737305
M00582_P00728,0.0
M00583_P00678,5.941973907538743
M00583_P00679,0.0
M00583_P00680,0.0
M00583_P00681,5.8575265625988635
M00583_P00683,6.1830117041518395
M00583_P00694,6.385810295509944
M00583_P00863,0.0
M00583_P00880,0.0
M00583_P00882,7.420796362765322
M00584_P01201,5.755519630317886
M00584_P01209,5.840432262591619
M00584_P01210,0.0
M00584_P01211,6.743050181907258
M00584_P01214,5.9098330514791195
M00584_P01223,0.0
M00584_P01234,6.63651994396268
M00584_P01236,0.0
M00584_P01241,6.204047534575594
M00584_P01242,5.838631656655568
M00585_P00345,0.0
M00585_P00347,6.353539787123555
M00585_P00351,6.412901914633799
M00585_P00353,5.992322338145771
M00585_P00359,0.0
M00585_P00362,5.861257220918708
M00585_P00863,5.79019759116672
M00585_P00880,6.482826577321004
M00585_P00882,7.024769165620045
M00586_P00782,0.0
M00586_P00786,5.8281059842861795
M00586_P00788,0.0
M00586_P00797,0.0
M00586_P00803,0.0
M00586_P01099,6.376937053322137
M00586_P01107,5.9841667745096965
M00586_P01108,6.807729597449595
M00586_P01109,6.391131878142389
M00586_P01114,6.3383956852757946
M00586_P01118,6.370098297148136
M00587_P00287,5.936368553504515
M00587_P00290,0.0
M00587_P00291,5.87179708345518
M00587_P00295,0.0
M00587_P00297,0.0
M00587_P00298,0.0
M00587_P00299,0.0
M00587_P00304,5.879328845765904
M00587_P00307,6.175086818513443
M00587_P00309,6.511291842728516
M00587_P00310,6.139271413777545
M00587_P00529,0.0
M00587_P00535,6.016546321667575
M00587_P00536,5.951675785044081
M00587_P00542,6.021224627958879
M00587_P00543,0.0
M00588_P00574,0.0
M00588_P00579,6.154439563697522
M00588_P00582,0.0
M00588_P00584,0.0
M00588_P00586,0.0
M00588_P00590,6.7364692822986765
M00588_P00888,0.0
M00588_P00889,5.903654160148955
M00588_P00893,5.803204586878892
M00588_P00894,0.0
M00588_P00895,0.0
M00588_P00901,7.218526118142848
M00588_P00909,0.0
M00589_P00782,0.0
M00589_P00786,5.894012312526545
M00589_P00788,6.802516183313317
M00589_P00797,6.099103465455796
M00589_P00803,6.237967896448953
M00589_P01020,6.771594203236694
M00589_P01034,5.829511145883041
M00589_P01037,6.060072709159134
M00589_P01038,0.0
M00590_P00443,0.0
M00590_P00448,5.886320420032419
M00590_P00452,0.0
M00590_P00462,6.279369050689729
M00590_P00463,6.642204965359693
M00590_P00465,6.275183629788392
M00590_P00468,6.189444089037636
M00590_P00940,0.0
M00590_P00948,0.0
M00590_P00950,6.233850449438494
M00590_P00951,6.256835028983873
M00590_P00959,5.923055154070793
M00590_P00962,7.101622288558792
M00591_P00478,5.921425027394483
M00591_P00479,0.0
M00591_P00486,6.191579149674203
M00591_P00491,5.88891064618665
M00591_P00515,6.198722648251739
M00592_P01146,7.10301090821976
M00592_P01157,5.90889355897894
M00592_P01166,6.226580769124494
M00592_P01169,5.915461021209
M00592_P01201,5.8466164339280775
M00592_P01209,5.821767045360421
M00592_P01210,0.0
M00592_P01211,0.0
M00592_P01214,5.939734541393484
M00593_P00574,5.894532159483975
M00593_P00579,6.256948163591715
M00593_P00582,0.0
M00593_P00584,0.0
M00593_P00586,5.8240691265436295
M00593_P00590,0.0
M00593_P00782,0.0
M00593_P00786,5.787241105588287
M00593_P00788,6.612305123008278
M00593_P00797,0.0
M00593_P00803,6.241197884360936
M00594_P00185,5.934009765404656
M00594_P00193,6.281155672813076
M00594_P00197,5.844474985562951
M00594_P00199,5.856647453483262
M00594_P00200,5.949006583083829
M00594_P00478,0.0
M00594_P00479,6.913704157137911
M00594_P00486,6.348262204155702
M00594_P00491,0.0
M00595_P00574,0.0
M00595_P00579,0.0
M00595_P00582,6.332066711696017
M00595_P00584,6.301103378254989
M00595_P00586,6.116561666397725
M00595_P00590,0.0
M00595_P00655,0.0
M00595_P00662,5.81621077540614
M00595_P00666,6.286716183762504
M00595_P00668,0.0
M00595_P00669,6.268271621703866
M00595_P00673,6.2568812812289325
M00595_P00674,5.918326226623531
M00596_P00055,6.021546209541016
M00596_P00057,5.974044709394043
M00596_P00059,6.2851908004888655
M00596_P00064,0.0
M00596_P00066,7.289300732843035
M00596_P00071,6.261206824687127
M00596_P00077,6.271400902521886
M00596_P00478,0.0
M00596_P00479,0.0
M00596_P00486,0.0
M00596_P00491,0.0
M00597_P00574,0.0
M00597_P00579,6.276567963022217
M00597_P00582,0.0
M00597_P00584,6.228898079845554
M00597_P00586,5.872013997861207
M00597_P00590,6.667234213136515
M00597_P00761,0.0
M00597_P00772,0.0
M00598_P00782,0.0
M00598_P00786,0.0
M00598_P00788,6.670194130288984
M00598_P00797,0.0
M00598_P00803,6.248856181928587
M00598_P01223,6.072744905463613
M00598_P01234,0.0
M00598_P01236,6.0149970375464985
M00598_P01241,6.398602577260934
M00598_P01242,0.0
M00599_P00443,0.0
M00599_P00448,5.866556610974428
M00599_P00452,5.946482246429832
M00599_P00462,0.0
M00599_P00463,6.686098205726902
M00599_P00465,0.0
M00599_P00468,6.247760129102613
M00599_P00888,6.019166311711848
M00599_P00889,5.980279146347609
M00599_P00893,5.963793040665446
M00599_P00894,6.321442325371349
M00599_P00895,6.311759324284261
M00599_P00901,0.0
M00599_P00909,6.599788114354471
M00600_P00157,0.0
M00600_P00159,0.0
M00600_P00164,6.314705362733612
M00600_P00169,0.0
M00600_P00171,6.554184977928082
M00600_P00175,6.650295059443841
M00600_P00209,5.971850674392787
M00600_P00210,0.0
M00600_P00211,0.0
M00600_P00219,5.949577648670119
M00600_P00221,6.268856151422001
M00600_P00222,0.0
M00600_P00232,5.797056388400373
M00600_P00234,7.153130310000431
M00601_P00079,0.0
M00601_P00082,6.326381439522278
M00601_P00087,0.0
M00601_P00097,0.0
M00601_P00102,6.173107473930004
M00601_P00391,0.0
M00601_P00399,6.233492829331846
M00601_P00410,6.222207564835185
M00601_P00416,6.314028774424064
M00602_P00368,5.97800418196429
M00602_P00372,0.0
M00602_P00378,5.987256347114375
M00602_P00382,0.0
M00602_P00383,5.984910593716929
M00602_P01041,5.824227045299749
M00602_P01042,0.0
M00602_P01048,6.2728117587412315
M00602_P01049,0.0
M00602_P01051,6.142262190599435
M00602_P01055,0.0
M00602_P01063,5.96661966021714
M00602_P01064,0.0
M00603_P00549,5.825881037315346
M00603_P00552,5.868566629243627
M00603_P00554,0.0
M00603_P00561,7.318597859885316
M00603_P00562,5.945413543770481
M00603_P00568,0.0
M00603_P00678,0.0
M00603_P00679,7.094364921876157
M00603_P00680,5.828930947664239
M00603_P00681,5.955384710513163
M00603_P00683,0.0
M00603_P00694,0.0
M00604_P00157,5.981861436434593
M00604_P00159,0.0
M00604_P00164,6.349225569630809
M00604_P00169,5.934347363234092
M00604_P00171,6.414401268265895
M00604_P00175,6.390311929405487
M00604_P01146,0.0
M00604_P01157,5.860275306276624
M00604_P01166,6.111376502530639
M00604_P01169,0.0
M00605_P00011,0.0
M00605_P00024,5.971100171510176
M00605_P00940,0.0
M00605_P00948,6.251397536679674
M00605_P00950,6.314668735799557
M00605_P00951,6.219787881489125
M00605_P00959,0.0
M00605_P00962,7.030988551572155
M00606_P00782,6.202531159493791
M00606_P00786,0.0
M00606_P00788,6.697757235157452
M00606_P00797,6.24921218724264
M00606_P00803,6.271745390826961
M00606_P01070,5.998091359633765
M00606_P01074,6.571896032680521
M00606_P01082,0.0
M00607_P00478,6.0531711012914045
M00607_P00479,0.0
M00607_P00486,6.331817821312892
M00607_P00491,0.0
M00607_P00549,0.0
M00607_P00552,6.161102380210112
M00607_P00554,6.236744881796254
M00607_P00561,7.209958385179329
M00607_P00562,0.0
M00607_P00568,0.0
M00608_P00136,0.0
M00608_P00141,7.021097731631324
M00608_P00148,5.759303235823636
M00608_P00156,0.0
M00608_P01099,6.3082549558469525
M00608_P01107,5.97279626341767
M00608_P01108,0.0
M00608_P01109,6.464892739324676
M00608_P01114,6.6281449121569525
M00608_P01118,6.373490184638311
M00609_P00888,5.885099554565785
M00609_P00889,0.0
M00609_P00893,5.86634338355378
M00609_P00894,0.0
M00609_P00895,6.203296363938689
M00609_P00901,0.0
M00609_P00909,6.271000706666271
M00609_P01223,0.0
M00609_P01234,6.766732357896263
M00609_P01236,5.95028295293114
M00609_P01241,6.3341443750409425
M00609_P01242,5.955105711932033
M00610_P00287,0.0
M00610_P00290,6.051636412488632
M00610_P00291,0.0
M00610_P00295,7.3861910506415445
M00610_P00297,5.961277824864144
M00610_P00298,0.0
M00610_P00299,5.984268371085376
M00610_P00304,6.16961810008956
M00610_P00307,6.328404135781221
M00610_P00309,6.441165494145834
M00610_P00310,0.0
M00610_P00678,5.940244058420123
M00610_P00679,0.0
M00610_P00680,5.809969473849051
M00610_P00681,0.0
M00610_P00683,0.0
M00610_P00694,0.0
M00611_P00287,0.0
M00611_P00290,6.082639073694889
M00611_P00291,5.970659131599613
M00611_P00295,0.0
M00611_P00297,0.0
M00611_P00298,0.0
M00611_P00299,0.0
M00611_P00304,6.0420170291429915
M00611_P00307,6.700066996391047
M00611_P00309,6.639135357340845
M00611_P00310,6.408565800079633
M00611_P00807,0.0
M00611_P00812,7.192717833393097
M00611_P00819,5.898939464658742
M00611_P00826,0.0
M00611_P00827,6.715629756896315
M00612_P00011,0.0
M00612_P00024,6.047755560007521
M00612_P00055,0.0
M00612_P00057,5.824346855834796
M00612_P00059,6.201411464935988
M00612_P00064,5.729492208506807
M00612_P00066,7.161759641631618
M00612_P00071,0.0
M00612_P00077,6.483604738114522
M00613_P00478,0.0
M00613_P00479,0.0
M00613_P00486,6.161120544569249
M00613_P00491,5.763534771787734
M00613_P00549,0.0
M00613_P00552,0.0
M00613_P00554,0.0
M00613_P00561,7.112326412908802
M00613_P00562,0.0
M00613_P00568,5.933155028025265
M00614_P00209,0.0
M00614_P00210,0.0
M00614_P00211,5.860192802296526
M00614_P00219,5.95308827850646
M00614_P00221,0.0
M00614_P00222,6.484475520870097
M00614_P00232,0.0
M00614_P00234,7.127072153812934
M00614_P00863,5.954430563373959
M00614_P00880,6.380536190783141
M00614_P00882,0.0
M00615_P00185,0.0
M00615_P00193,6.255219089438587
M00615_P00197,0.0
M00615_P00199,5.872268047589468
M00615_P00200,5.958577948387298
M00615_P00313,0.0
M00615_P00324,0.0
M00615_P00329,5.950060905896208
M00615_P00333,6.169900166530873
M00615_P00334,6.287885674533927
M00616_P00761,6.6598593256942955
M00616_P00772,6.01234693056386
M00616_P01201,0.0
M00616_P01209,0.0
M00616_P01210,5.905701358562705
M00616_P01211,6.7465432415783635
M00616_P01214,0.0
M00617_P00287,0.0
M00617_P00290,6.11942405987673
M00617_P00291,0.0
M00617_P00295,7.273257850040391
M00617_P00297,5.997719704200532
M00617_P00298,5.997205626991078
M00617_P00299,0.0
M00617_P00304,6.0315080285732465
M00617_P00307,0.0
M00617_P00309,6.651971844508636
M00617_P00310,0.0
M00617_P01177,0.0
M00617_P01182,5.85579896959031
M00617_P01184,0.0
M00617_P01193,0.0
M00617_P01196,6.252853308944295
M00618_P00478,6.084748730853409
M00618_P00479,6.798529840476166
M00618_P00486,0.0
M00618_P00491,6.19319732607641
M00618_P00965,6.3424516004863625
M00618_P00966,0.0
M00618_P00975,6.7973395448899545
M00618_P00978,0.0
M00618_P00980,0.0
M00618_P00986,6.938377876993528
M00619_P00287,0.0
M00619_P00290,5.8986467608450175
M00619_P00291,0.0
M00619_P00295,0.0
M00619_P00297,0.0
M00619_P00298,5.832470306761894
M00619_P00299,0.0
M00619_P00304,0.0
M00619_P00307,6.2985361774468895
M00619_P00309,6.358050524284969
M00619_P00310,0.0
M00619_P01041,0.0
M00619_P01042,0.0
M00619_P01048,0.0
M00619_P01049,0.0
M00619_P01051,0.0
M00619_P01055,5.896863833447052
M00619_P01063,0.0
M00619_P01064,5.950792290374303
M00620_P00705,6.0110889537603684
M00620_P00707,6.223017411475306
M00620_P00716,6.319338986062958
M00620_P00718,0.0
M00620_P00724,5.950870059191955
M00620_P00728,0.0
M00620_P00863,0.0
M00620_P00880,0.0
M00620_P00882,0.0
M00621_P00655,6.422845327345221
M00621_P00662,0.0
M00621_P00666,6.367031793842237
M00621_P00668,0.0
M00621_P00669,6.4087182398298745
M00621_P00673,6.337981353241069
M00621_P00674,0.0
M00621_P01120,5.9276500867714566
M00622_P00209,0.0
M00622_P00210,7.184214981652209
M00622_P00211,0.0
M00622_P00219,5.989119411881652
M00622_P00221,6.311478006034656
M00622_P00222,0.0
M00622_P00232,6.044148127509653
M00622_P00234,0.0
M00622_P00807,0.0
M00622_P00812,0.0
M00622_P00819,5.962252399894936
M00622_P00826,6.241706859093099
M00622_P00827,7.067116072004345
M00623_P00011,0.0
M00623_P00024,6.115332182699828
M00623_P00443,0.0
M00623_P00448,5.892761052883248
M00623_P00452,0.0
M00623_P00462,0.0
M00623_P00463,6.265825261032557
M00623_P00465,6.258601203104406
M00623_P00468,0.0
M00624_P00443,6.2098408809119015
M00624_P00448,0.0
M00624_P00452,0.0
M00624_P00462,6.221775345412206
M00624_P00463,6.226496519854335
M00624_P00465,0.0
M00624_P00468,6.2263349139179285
M00624_P00732,0.0
M00624_P00738,6.280370447210773
M00624_P00742,6.3763708361108975
M00624_P00744,6.02987609193189
M00624_P00747,0.0
M00624_P00753,0.0
M00625_P00965,0.0
M00625_P00966,0.0
M00625_P00975,6.655127272842352
M00625_P00978,0.0
M00625_P00980,0.0
M00625_P00986,6.768906232264761
M00625_P01223,0.0
M00625_P01234,6.682984791277027
M00625_P01236,5.925607316168744
M00625_P01241,0.0
M00625_P01242,5.804512556345173
M00626_P00423,6.688874241963501
M00626_P00424,5.846209800632716
M00626_P00425,6.301609670022474
M00626_P00426,0.0
M00626_P00431,5.8781070840364515
M00626_P00436,6.311900330911264
M00626_P00440,0.0
M00626_P01099,6.372490623737479
M00626_P01107,0.0
M00626_P01108,7.03773277770874
M00626_P01109,6.588075174754416
M00626_P01114,6.315276630176694
M00626_P01118,0.0
M00627_P00079,6.871576781519673
M00627_P00082,6.3636726195690425
M00627_P00087,5.963938922502261
M00627_P00097,6.432506635115698
M00627_P00102,0.0
M00627_P01120,5.961547373094248
M00628_P00266,0.0
M00628_P00271,6.280895473430886
M00628_P00278,6.9924121853087415
M00628_P00286,6.666734946557918
M00628_P00515,0.0
M00629_P00185,5.88288157946546
M00629_P00193,6.311360219501801
M00629_P00197,5.932789271605144
M00629_P00199,0.0
M00629_P00200,0.0
M00629_P01146,0.0
M00629_P01157,0.0
M00629_P01166,6.3892624938839155
M00629_P01169,5.983217383811443
M00630_P00611,0.0
M00630_P00618,6.201601925305057
M00630_P00619,5.80830918329157
M00630_P00622,5.904968911401401
M00630_P01041,5.995128887027297
M00630_P01042,0.0
M00630_P01048,6.3328323727429865
M00630_P01049,0.0
M00630_P01051,6.362893677878833
M00630_P01055,5.958529972353847
M00630_P01063,6.068253190140797
M00630_P01064,0.0
M00631_P00209,0.0
M00631_P00210,7.185373115475057
M00631_P00211,0.0
M00631_P00219,0.0
M00631_P00221,6.361069513907529
M00631_P00222,6.328172573795791
M00631_P00232,0.0
M00631_P00234,7.496126863152763
M00631_P00807,0.0
M00631_P00812,7.217351438197339
M00631_P00819,0.0
M00631_P00826,0.0
M00631_P00827,6.7665602607668
M00632_P00991,7.214254515584328
M00632_P00993,5.807315845625242
M00632_P00997,6.088084644600558
M00632_P01000,0.0
M00632_P01010,6.256202631048781
M00632_P01223,0.0
M00632_P01234,0.0
M00632_P01236,5.946594536527878
M00632_P01241,6.239051862496294
M00632_P01242,0.0
M00633_P00922,6.256666519530395
M00633_P00927,0.0
M00633_P00931,5.876335463765708
M00633_P00935,6.21937733099807
M00633_P01146,0.0
M00633_P01157,0.0
M00633_P01166,0.0
M00633_P01169,0.0
M00634_P00391,0.0
M00634_P00399,6.451428963399803
M00634_P00410,0.0
M00634_P00416,6.63659752721399
M00634_P01146,7.108949088630578
M00634_P01157,5.794134877330023
M00634_P01166,6.200368842476864
M00634_P01169,0.0
M00635_P00732,0.0
M00635_P00738,0.0
M00635_P00742,6.2334679581546615
M00635_P00744,5.923626169784707
M00635_P00747,7.429089932269938
M00635_P00753,5.951834665697479
M00635_P00863,5.821264419648571
M00635_P00880,0.0
M00635_P00882,0.0
M00636_P00108,0.0
M00636_P00110,5.81974665327737
M00636_P00114,7.181124234580537
M00636_P00124,6.132361813311556
M00636_P00129,6.010772952880025
M00636_P00965,0.0
M00636_P00966,0.0
M00636_P00975,7.017761423967475
M00636_P00978,6.95723061204012
M00636_P00980,6.456838852918081
M00636_P00986,0.0
M00637_P00835,6.135057046693387
M00637_P00840,5.923522965037812
M00637_P00844,5.870395900422065
M00637_P00847,0.0
M00637_P00848,5.980950993895087
M00637_P00856,6.194422522709531
M00637_P00922,6.30079382327397
M00637_P00927,0.0
M00637_P00931,0.0
M00637_P00935,6.646240282828823
M00638_P00266,6.319695931388023
M00638_P00271,6.313204025554629
M00638_P00278,6.729895803928186
M00638_P00286,6.19576397240505
M00638_P00549,0.0
M00638_P00552,5.84792227753813
M00638_P00554,0.0
M00638_P00561,7.243552922271461
M00638_P00562,0.0
M00638_P00568,5.983332394598834
M00639_P00185,0.0
M00639_P00193,0.0
M00639_P00197,5.928610330369621
M00639_P00199,6.024979741873928
M00639_P00200,0.0
M00639_P01146,0.0
M00639_P01157,5.876102529772082
M00639_P01166,0.0
M00639_P01169,5.991181594275035
M00640_P00136,7.267587150871504
M00640_P00141,7.18791503923891
M00640_P00148,0.0
M00640_P00156,6.379533808110321
M00640_P00863,5.804248430483239
M00640_P00880,0.0
M00640_P00882,6.758972624670258
M00641_P00209,6.06864139177116
M00641_P00210,0.0
M00641_P00211,0.0
M00641_P00219,0.0
M00641_P00221,6.638450952615599
M00641_P00222,6.374073767612679
M00641_P00232,0.0
M00641_P00234,7.187662597262967
M00641_P00761,0.0
M00641_P00772,5.7325979036933905
M00642_P00761,6.392629317896379
M00642_P00772,5.813614848099489
M00642_P00965,6.32307667075896
M00642_P00966,0.0
M00642_P00975,0.0
M00642_P00978,6.660348178756517
M00642_P00980,0.0
M00642_P00986,6.761070292041074
M00643_P00515,0.0
M00643_P01120,0.0
M00644_P00423,6.918276373023993
M00644_P00424,6.031154739518797
M00644_P00425,6.401407548325434
M00644_P00426,0.0
M00644_P00431,0.0
M00644_P00436,0.0
M00644_P00440,6.094459070796883
M00644_P00655,6.173018258023793
M00644_P00662,5.839150617194223
M00644_P00666,6.254852713404377
M00644_P00668,5.989790681931537
M00644_P00669,0.0
M00644_P00673,6.264875262300736
M00644_P00674,0.0
M00645_P00108,0.0
M00645_P00110,5.785051361124087
M00645_P00114,7.213342843447848
M00645_P00124,0.0
M00645_P00129,0.0
M00645_P00965,6.349436586317328
M00645_P00966,0.0
M00645_P00975,7.277414760277981
M00645_P00978,6.915403433604672
M00645_P00980,0.0
M00645_P00986,7.083949141095086
M00646_P00574,0.0
M00646_P00579,0.0
M00646_P00582,0.0
M00646_P00584,0.0
M00646_P00586,5.848059647046059
M00646_P00590,6.773584829257917
M00646_P01177,0.0
M00646_P01182,0.0
M00646_P01184,6.041323135732784
M00646_P01193,6.013086328198238
M00646_P01196,0.0
M00647_P00108,0.0
M00647_P00110,0.0
M00647_P00114,0.0
M00647_P00124,6.390677869996269
M00647_P00129,6.068989197674179
M00647_P00807,0.0
M00647_P00812,0.0
M00647_P00819,0.0
M00647_P00826,6.254873500637682
M00647_P00827,6.547092521134586
M00648_P00287,6.044145311560749
M00648_P00290,6.0223196786299695
M00648_P00291,6.022323547363188
M00648_P00295,0.0
M00648_P00297,0.0
M00648_P00298,0.0
M00648_P00299,0.0
M00648_P00304,6.046085524202669
M00648_P00307,6.304563803375316
M00648_P00309,6.3607940451074185
M00648_P00310,6.343941406522285
M00648_P00678,0.0
M00648_P00679,7.097412584221337
M00648_P00680,5.835271407114141
M00648_P00681,5.958504148007711
M00648_P00683,6.175875425393742
M00648_P00694,6.389256537775109
M00649_P01070,5.923749119868364
M00649_P01074,6.300330938407119
M00649_P01082,5.997268693308679
M00649_P01223,5.9181717832131175
M00649_P01234,6.735545069421773
M00649_P01236,5.9475156144915395
M00649_P01241,6.284934660763879
M00649_P01242,5.7660158815251545
M00650_P00611,0.0
M00650_P00618,6.5702690639198815
M00650_P00619,0.0
M00650_P00622,0.0
M00650_P00655,0.0
M00650_P00662,0.0
M00650_P00666,6.254700256631298
M00650_P00668,5.962865695673107
M00650_P00669,6.336493826260911
M00650_P00673,6.227542336197473
M00650_P00674,5.978933972324106
M00651_P00136,7.31448409202063
M00651_P00141,0.0
M00651_P00148,0.0
M00651_P00156,0.0
M00651_P00625,0.0
M00651_P00630,0.0
M00651_P00632,6.225594581445018
M00651_P00635,6.201787134283604
M00651_P00644,6.196153226734373
M00651_P00645,6.636183121355085
M00651_P00650,0.0
M00652_P00574,0.0
M00652_P00579,6.309781668428436
M00652_P00582,6.393329563357877
M00652_P00584,0.0
M00652_P00586,5.999791720224394
M00652_P00590,0.0
M00652_P01070,0.0
M00652_P01074,6.2047963465615705
M00652_P01082,0.0
M00653_P00655,6.202712925618027
M00653_P00662,5.7535115406033555
M00653_P00666,0.0
M00653_P00668,5.938549470180194
M00653_P00669,0.0
M00653_P00673,6.25425333942004
M00653_P00674,6.022215857986517
M00653_P00888,5.893299315954943
M00653_P00889,5.826651774743311
M00653_P00893,5.836728633735262
M00653_P00894,0.0
M00653_P00895,0.0
M00653_P00901,0.0
M00653_P00909,0.0
M00654_P00368,0.0
M00654_P00372,6.705428610973033
M00654_P00378,5.795672868090297
M00654_P00382,5.960436107483127
M00654_P00383,5.9283205077800645
M00654_P01201,0.0
M00654_P01209,5.971129893248639
M00654_P01210,6.234271537058611
M00654_P01211,6.882550937296172
M00654_P01214,6.068349422572504
M00655_P00515,0.0
M00655_P00782,0.0
M00655_P00786,0.0
M00655_P00788,0.0
M00655_P00797,0.0
M00655_P00803,6.439758349880901
M00656_P00625,6.388354449269586
M00656_P00630,0.0
M00656_P00632,6.569991957123961
M00656_P00635,6.412240410509467
M00656_P00644,6.359694707808728
M00656_P00645,7.071353914957947
M00656_P00650,6.512522407258152
M00656_P00888,5.9882000026139455
M00656_P00889,5.791677706263187
M00656_P00893,6.062819303126487
M00656_P00894,6.202465065136977
M00656_P00895,0.0
M00656_P00901,7.147396288285103
M00656_P00909,0.0
M00657_P00574,0.0
M00657_P00579,6.290713776635362
M00657_P00582,6.34774967865536
M00657_P00584,0.0
M00657_P00586,5.929725179104776
M00657_P00590,0.0
M00657_P00761,0.0
M00657_P00772,5.813799930025325
M00658_P00313,0.0
M00658_P00324,0.0
M00658_P00329,5.893928199946249
M00658_P00333,0.0
M00658_P00334,6.229132310898608
M00658_P01223,6.0142838078427525
M00658_P01234,0.0
M00658_P01236,6.047854806759004
M00658_P01241,6.357405700293188
M00658_P01242,5.9854119015203455
M00659_P00055,0.0
M00659_P00057,0.0
M00659_P00059,6.401883115563734
M00659_P00064,0.0
M00659_P00066,0.0
M00659_P00071,6.583932211506706
M00659_P00077,6.330919750211124
M00659_P01120,0.0
M00660_P00345,0.0
M00660_P00347,0.0
M00660_P00351,6.6809033424323
M00660_P00353,5.9509970108087575
M00660_P00359,6.389648362405068
M00660_P00362,6.007047344973754
M00660_P00391,0.0
M00660_P00399,0.0
M00660_P00410,6.238555400830402
M00660_P00416,6.271876727756197
M00661_P00055,0.0
M00661_P00057,5.8344853657684705
M00661_P00059,0.0
M00661_P00064,0.0
M00661_P00066,0.0
M00661_P00071,6.267556953076892
M00661_P00077,6.241025615757401
M00661_P00991,7.24486980584561
M00661_P00993,0.0
M00661_P00997,5.990990878001266
M00661_P01000,0.0
M00661_P01010,6.345504082141704
M00662_P00055,6.015264323682143
M00662_P00057,5.9702212792930665
M00662_P00059,0.0
M00662_P00064,5.965261260237375
M00662_P00066,0.0
M00662_P00071,6.373820591451026
M00662_P00077,6.3850178051681565
M00662_P00391,0.0
M00662_P00399,6.229825825754005
M00662_P00410,6.250539388778622
M00662_P00416,0.0
M00663_P00368,5.991353680548755
M00663_P00372,0.0
M00663_P00378,5.943665427112314
M00663_P00382,0.0
M00663_P00383,0.0
M00663_P00922,6.227574730799224
M00663_P00927,0.0
M00663_P00931,5.860638813715283
M00663_P00935,0.0
M00664_P00209,5.859552389434075
M00664_P00210,0.0
M00664_P00211,0.0
M00664_P00219,0.0
M00664_P00221,0.0
M00664_P00222,0.0
M00664_P00232,0.0
M00664_P00234,7.146464867050399
M00664_P00863,0.0
M00664_P00880,0.0
M00664_P00882,0.0
M00665_P00940,0.0
M00665_P00948,0.0
M00665_P00950,6.170896657321826
M00665_P00951,6.219313272880071
M00665_P00959,0.0
M00665_P00962,0.0
M00665_P01201,5.96856631004553
M00665_P01209,5.812172976170304
M00665_P01210,6.049493861719948
M00665_P01211,7.1239534635693085
M00665_P01214,0.0
M00666_P00391,0.0
M00666_P00399,6.415133404779473
M00666_P00410,0.0
M00666_P00416,0.0
M00666_P00529,0.0
M00666_P00535,5.95624388136152
M00666_P00536,0.0
M00666_P00542,5.8368950623927605
M00666_P00543,6.259967120456551
M00667_P00515,5.954435518433367
M00667_P00678,0.0
M00667_P00679,7.101987526197764
M00667_P00680,0.0
M00667_P00681,6.128264645199002
M00667_P00683,0.0
M00667_P00694,0.0
M00668_P00922,6.305532320500904
M00668_P00927,0.0
M00668_P00931,5.917103988838681
M00668_P00935,6.400184131738159
M00668_P00991,0.0
M00668_P00993,5.9408071874214645
M00668_P00997,0.0
M00668_P01000,6.574538322744882
M00668_P01010,0.0
M00669_P01041,0.0
M00669_P01042,6.030731772222817
M00669_P01048,0.0
M00669_P01049,7.27011948003227
M00669_P01051,6.325705091471026
M00669_P01055,5.928571457490086
M00669_P01063,6.0314095103003975
M00669_P01064,6.087861624485841
M00669_P01146,0.0
M00669_P01157,5.805157202511514
M00669_P01166,6.256996751229222
M00669_P01169,0.0
M00670_P00079,6.835191384811669
M00670_P00082,0.0
M00670_P00087,6.042513260936744
M00670_P00097,0.0
M00670_P00102,6.052309043452705
M00670_P00611,0.0
M00670_P00618,6.179642887344892
M00670_P00619,5.82641369024095
M00670_P00622,5.9442304901967145
M00671_P00529,0.0
M00671_P00535,0.0
M00671_P00536,5.827757005123526
M00671_P00542,0.0
M00671_P00543,6.290954124837174
M00671_P00863,6.040191023743494
M00671_P00880,6.4464505855828955
M00671_P00882,7.07812047467699
M00672_P00241,6.040383727518546
M00672_P00244,6.078015868543044
M00672_P00245,6.378241995756079
M00672_P00248,6.376496162446829
M00672_P00255,0.0
M00672_P00260,7.023484186659376
M00672_P00678,0.0
M00672_P00679,0.0
M00672_P00680,5.81548532121681
M00672_P00681,5.908493219907008
M00672_P00683,6.614849326064049
M00672_P00694,6.197341149344437
M00673_P00287,6.052097096597236
M00673_P00290,0.0
M00673_P00291,0.0
M00673_P00295,0.0
M00673_P00297,0.0
M00673_P00298,0.0
M00673_P00299,6.029227138555353
M00673_P00304,6.081230394859963
M00673_P00307,6.985026272244985
M00673_P00309,0.0
M00673_P00310,6.333200434361346
M00673_P00922,6.373174224341166
M00673_P00927,0.0
M00673_P00931,5.994072542135593
M00673_P00935,6.828225227534224
M00674_P00368,0.0
M00674_P00372,6.736324137244327
M00674_P00378,5.849901836194183
M00674_P00382,0.0
M00674_P00383,5.887677418748981
M00674_P00529,5.972641119305095
M00674_P00535,6.031591721672553
M00674_P00536,5.95952489357966
M00674_P00542,0.0
M00674_P00543,6.661956877074245
M00675_P00079,6.819564212431926
M00675_P00082,6.165705849606627
M00675_P00087,5.950374350179013
M00675_P00097,0.0
M00675_P00102,6.3518493802615
M00675_P00761,0.0
M00675_P00772,0.0
M00676_P00678,0.0
M00676_P00679,7.168076131367305
M00676_P00680,5.8007172874084345
M00676_P00681,0.0
M00676_P00683,6.297630940275486
M00676_P00694,0.0
M00676_P00940,0.0
M00676_P00948,6.364104772241839
M00676_P00950,6.63619605490512
M00676_P00951,6.39159845936628
M00676_P00959,6.051158320499852
M00676_P00962,7.017660249876043
M00677_P00391,0.0
M00677_P00399,0.0
M00677_P00410,6.700658500206028
M00677_P00416,6.41305523972845
M00677_P00625,0.0
M00677_P00630,5.899120834360345
M00677_P00632,6.210399405768676
M00677_P00635,6.223888183226341
M00677_P00644,6.256136154653337
M00677_P00645,6.912113039105469
M00677_P00650,6.149149115497073
M00678_P00549,0.0
M00678_P00552,0.0
M00678_P00554,6.346269852830783
M00678_P00561,7.140496644746485
M00678_P00562,0.0
M00678_P00568,6.083749946599016
M00678_P01099,0.0
M00678_P01107,5.7482764225125305
M00678_P01108,6.64845222859371
M00678_P01109,6.197563229027761
M00678_P01114,0.0
M00678_P01118,6.590339726421711
M00679_P00136,7.151845001916619
M00679_P00141,0.0
M00679_P00148,5.800070676939034
M00679_P00156,0.0
M00679_P00611,0.0
M00679_P00618,6.415850795479373
M00679_P00619,6.016236243242288
M00679_P00622,6.231230306150783
M00680_P00079,6.734478662760033
M00680_P00082,6.188696226863858
M00680_P00087,5.922978856327542
M00680_P00097,0.0
M00680_P00102,5.8855834161190135
M00680_P00478,5.907842803278422
M00680_P00479,6.7271871154776814
M00680_P00486,6.135439170344371
M00680_P00491,5.859786311357523
M00681_P00108,5.801396866144138
M00681_P00110,5.806149941760661
M00681_P00114,0.0
M00681_P00124,6.362581678077986
M00681_P00129,6.000843706367491
M00681_P00345,0.0
M00681_P00347,6.3807858245433415
M00681_P00351,6.6940050844607475
M00681_P00353,0.0
M00681_P00359,6.387603592424918
M00681_P00362,5.968490490375162
M00682_P00345,5.966240056264334
M00682_P00347,6.357166829206543
M00682_P00351,6.427893426897957
M00682_P00353,5.9536466429106065
M00682_P00359,0.0
M00682_P00362,0.0
M00682_P00782,0.0
M00682_P00786,0.0
M00682_P00788,6.609322012174486
M00682_P00797,6.203424707521061
M00682_P00803,0.0
M00683_P00011,5.874816318189899
M00683_P00024,0.0
M00683_P00368,5.830197106802692
M00683_P00372,6.729258908290042
M00683_P00378,0.0
M00683_P00382,5.935010374685296
M00683_P00383,5.87718509147961
M00684_P00782,0.0
M00684_P00786,5.872327456111688
M00684_P00788,0.0
M00684_P00797,0.0
M00684_P00803,0.0
M00684_P01223,5.898904024083683
M00684_P01234,0.0
M00684_P01236,5.869826785406768
M00684_P01241,0.0
M00684_P01242,5.882749279675877
M00685_P00391,0.0
M00685_P00399,6.371450623502628
M00685_P00410,6.399786711357634
M00685_P00416,6.645155894325545
M00685_P00655,6.134350785342042
M00685_P00662,0.0
M00685_P00666,0.0
M00685_P00668,0.0
M00685_P00669,0.0
M00685_P00673,0.0
M00685_P00674,5.9603282524782015
M00686_P00478,5.995236273008571
M00686_P00479,0.0
M00686_P00486,6.31720026174569
M00686_P00491,6.022000883693526
M00686_P00655,6.27558463418526
M00686_P00662,6.110422174288947
M00686_P00666,6.246320253842693
M00686_P00668,5.940824486216177
M00686_P00669,6.2414643028521155
M00686_P00673,6.414242204618477
M00686_P00674,0.0
M00687_P00423,6.992707982986551
M00687_P00424,0.0
M00687_P00425,6.396339488008795
M00687_P00426,0.0
M00687_P00431,0.0
M00687_P00436,6.735151074700449
M00687_P00440,0.0
M00687_P00515,0.0
M00688_P00157,0.0
M00688_P00159,5.974476396535069
M00688_P00164,6.283804992454948
M00688_P00169,5.929372160805176
M00688_P00171,6.358909270796634
M00688_P00175,0.0
M00688_P00761,6.40708218232221
M00688_P00772,0.0
M00689_P00345,5.825875341316655
M00689_P00347,6.143039848705257
M00689_P00351,6.267284928888591
M00689_P00353,0.0
M00689_P00359,0.0
M00689_P00362,5.817501127933891
M00689_P00529,5.951043070953559
M00689_P00535,6.0345265874721825
M00689_P00536,0.0
M00689_P00542,5.926554077890042
M00689_P00543,6.431651837108565
M00690_P00055,6.007145028421491
M00690_P00057,0.0
M00690_P00059,6.352398178524424
M00690_P00064,6.084586053295203
M00690_P00066,7.447828532276709
M00690_P00071,0.0
M00690_P00077,0.0
M00690_P00678,0.0
M00690_P00679,7.151437315295702
M00690_P00680,5.957980416454359
M00690_P00681,0.0
M00690_P00683,6.235464855818762
M00690_P00694,6.5155951507315395
M00691_P00241,5.965607249702291
M00691_P00244,5.985926134640071
M00691_P00245,6.376684077996594
M00691_P00248,0.0
M00691_P00255,7.260435378537688
M00691_P00260,6.659817538935234
M00691_P01223,0.0
M00691_P01234,6.92573430741743
M00691_P01236,0.0
M00691_P01241,6.2181411672777545
M00691_P01242,0.0
M00692_P00922,0.0
M00692_P00927,5.869053584252135
M00692_P00931,5.895734386759543
M00692_P00935,0.0
M00692_P00991,0.0
M00692_P00993,5.834421212702506
M00692_P00997,5.7960053392416055
M00692_P01000,0.0
M00692_P01010,6.194200656760987
M00693_P00241,5.926286626127563
M00693_P00244,5.92555172234041
M00693_P00245,6.264380807820936
M00693_P00248,0.0
M00693_P00255,7.154639091637619
M00693_P00260,0.0
M00693_P00478,6.028609550038967
M00693_P00479,0.0
M00693_P00486,6.2754366879863985
M00693_P00491,0.0
M00694_P00368,0.0
M00694_P00372,0.0
M00694_P00378,5.877906962615597
M00694_P00382,0.0
M00694_P00383,5.886534158297287
M00694_P00655,6.3115592648867995
M00694_P00662,0.0
M00694_P00666,6.21219070832645
M00694_P00668,5.945170908361275
M00694_P00669,0.0
M00694_P00673,6.2666537592916525
M00694_P00674,5.9407504528098345
M00695_P00807,0.0
M00695_P00812,0.0
M00695_P00819,0.0
M00695_P00826,6.6318976809534345
M00695_P00827,7.0150795477030865
M00695_P00940,5.873855016036605
M00695_P00948,6.47431973725556
M00695_P00950,6.355714099882568
M00695_P00951,6.1203252185431305
M00695_P00959,0.0
M00695_P00962,0.0
M00696_P00423,6.7036837724331075
M00696_P00424,0.0
M00696_P00425,6.3097784571578455
M00696_P00426,5.8543153796866285
M00696_P00431,5.85733878485742
M00696_P00436,6.3234083174422535
M00696_P00440,5.909107942361407
M00696_P00835,0.0
M00696_P00840,0.0
M00696_P00844,5.868255017885325
M00696_P00847,0.0
M00696_P00848,0.0
M00696_P00856,6.254717460840501
M00697_P00266,6.159146500545612
M00697_P00271,0.0
M00697_P00278,6.732071749966633
M00697_P00286,6.2156475482575315
M00697_P00761,6.2769055571817765
M00697_P00772,5.8645407246493075
M00698_P00209,0.0
M00698_P00210,7.123518357939444
M00698_P00211,0.0
M00698_P00219,0.0
M00698_P00221,6.285393389561298
M00698_P00222,0.0
M00698_P00232,0.0
M00698_P00234,7.112304559326999
M00698_P00266,0.0
M00698_P00271,0.0
M00698_P00278,0.0
M00698_P00286,0.0
M00699_P00287,5.855035469386282
M00699_P00290,5.949149872143641
M00699_P00291,0.0
M00699_P00295,0.0
M00699_P00297,5.871439267398033
M00699_P00298,5.841560451891629
M00699_P00299,5.669017021082749
M00699_P00304,0.0
M00699_P00307,6.591326356557948
M00699_P00309,6.450660364422492
M00699_P00310,6.231115659529287
M00699_P00922,0.0
M00699_P00927,0.0
M00699_P00931,6.067399084078859
M00699_P00935,6.412927542991046
M00700_P00055,5.947577028250382
M00700_P00057,0.0
M00700_P00059,6.227327024874583
M00700_P00064,5.896475056070356
M00700_P00066,7.409835888990519
M00700_P00071,0.0
M00700_P00077,6.432281716355772
M00700_P00863,5.812661761150688
M00700_P00880,0.0
M00700_P00882,6.7188125696249505
M00701_P00011,5.897360207583956
M00701_P00024,6.138117781029893
M00701_P00705,0.0
M00701_P00707,6.149196341337636
M00701_P00716,0.0
M00701_P00718,7.034748283148482
M00701_P00724,5.931511079053774
M00701_P00728,0.0
M00702_P00108,5.805072512745394
M00702_P00110,5.8222053722734906
M00702_P00114,7.045373247590109
M00702_P00124,6.128687492014296
M00702_P00129,5.974740561576988
M00702_P01201,0.0
M00702_P01209,0.0
M00702_P01210,0.0
M00702_P01211,0.0
M00702_P01214,5.988293030656807
M00703_P00345,0.0
M00703_P00347,6.403042349844337
M00703_P00351,6.466920847507842
M00703_P00353,6.0030281962415355
M00703_P00359,0.0
M00703_P00362,0.0
M00703_P00863,5.881218816122661
M00703_P00880,6.164082643525576
M00703_P00882,0.0
M00704_P00079,6.899622502939429
M00704_P00082,0.0
M00704_P00087,6.080330156500413
M00704_P00097,6.415833354288717
M00704_P00102,0.0
M00704_P01041,0.0
M00704_P01042,0.0
M00704_P01048,0.0
M00704_P01049,7.260981412424909
M00704_P01051,6.189761272627729
M00704_P01055,5.798392979559196
M00704_P01063,5.92306641170199
M00704_P01064,6.160055992142079
M00705_P00807,0.0
M00705_P00812,7.32535478924314
M00705_P00819,0.0
M00705_P00826,6.442908926937608
M00705_P00827,7.049802271562039
M00705_P01099,0.0
M00705_P01107,5.768210953760919
M00705_P01108,7.1993691686200965
M00705_P01109,6.2322948542643655
M00705_P01114,6.243668988155211
M00705_P01118,0.0
M00706_P00888,6.096892072475811
M00706_P00889,5.984008601087849
M00706_P00893,5.993015073804536
M00706_P00894,6.353520897736104
M00706_P00895,0.0
M00706_P00901,0.0
M00706_P00909,0.0
M00706_P00940,0.0
M00706_P00948,6.193659056628296
M00706_P00950,6.45775870030563
M00706_P00951,6.12177792615495
M00706_P00959,5.833642155947468
M00706_P00962,0.0
M00707_P00032,0.0
M00707_P00044,6.694654591412581
M00707_P00045,5.8218186514469235
M00707_P00050,5.975008903757658
M00707_P00052,0.0
M00707_P00888,0.0
M00707_P00889,0.0
M00707_P00893,5.914173122482701
M00707_P00894,0.0
M00707_P00895,6.556841803058106
M00707_P00901,0.0
M00707_P00909,6.367461786642063
M00708_P00478,0.0
M00708_P00479,6.731668413753281
M00708_P00486,6.248562424770091
M00708_P00491,5.934645290098633
M00708_P00888,0.0
M00708_P00889,5.785148125617017
M00708_P00893,5.916434713037867
M00708_P00894,6.202394641504208
M00708_P00895,0.0
M00708_P00901,0.0
M00708_P00909,6.65440708098978
M00709_P00157,5.738787033886968
M00709_P00159,0.0
M00709_P00164,6.165867378471404
M00709_P00169,0.0
M00709_P00171,6.18526415027489
M00709_P00175,6.2349045291306755
M00709_P00287,6.033255751989529
M00709_P00290,0.0
M00709_P00291,0.0
M00709_P00295,7.313067147892834
M00709_P00297,5.892083858344913
M00709_P00298,5.977049310743399
M00709_P00299,5.93334660327774
M00709_P00304,6.014244317834541
M00709_P00307,6.4028240591139385
M00709_P00309,6.390340138450613
M00709_P00310,0.0
M00710_P00313,0.0
M00710_P00324,6.149872141473228
M00710_P00329,6.403922980042987
M00710_P00333,6.4322300581611165
M00710_P00334,0.0
M00710_P00391,6.032316903698302
M00710_P00399,6.41958655465095
M00710_P00410,6.324082323427973
M00710_P00416,6.38033308387444
M00711_P00443,6.19122123707287
M00711_P00448,5.84926843381348
M00711_P00452,5.931113873607146
M00711_P00462,0.0
M00711_P00463,6.263924457180704
M00711_P00465,6.271991674659996
M00711_P00468,0.0
M00711_P00574,0.0
M00711_P00579,0.0
M00711_P00582,6.238017935860292
M00711_P00584,0.0
M00711_P00586,0.0
M00711_P00590,0.0
M00712_P00136,0.0
M00712_P00141,7.182967856621103
M00712_P00148,0.0
M00712_P00156,6.2976638742368545
M00712_P00625,0.0
M00712_P00630,6.00421997347134
M00712_P00632,0.0
M00712_P00635,6.863904452001589
M00712_P00644,0.0
M00712_P00645,7.091877583284548
M00712_P00650,6.324467809919356
M00713_P00391,5.8755234423479425
M00713_P00399,0.0
M00713_P00410,6.186295034652019
M00713_P00416,6.171944241909063
M00713_P00940,6.001683292440663
M00713_P00948,6.388443777650195
M00713_P00950,6.308725346538616
M00713_P00951,6.396410929120173
M00713_P00959,0.0
M00713_P00962,0.0
M00714_P00515,6.1123211174408985
M00714_P01146,7.137638570150488
M00714_P01157,0.0
M00714_P01166,0.0
M00714_P01169,0.0
M00715_P00136,0.0
M00715_P00141,0.0
M00715_P00148,5.808442434825007
M00715_P00156,6.8154511278207375
M00715_P00678,6.030976936057087
M00715_P00679,0.0
M00715_P00680,6.0404334307097205
M00715_P00681,0.0
M00715_P00683,0.0
M00715_P00694,6.523627059019272
M00716_P00782,6.222730558407358
M00716_P00786,0.0
M00716_P00788,0.0
M00716_P00797,6.18972994854624
M00716_P00803,0.0
M00716_P00922,0.0
M00716_P00927,6.112330639287019
M00716_P00931,0.0
M00716_P00935,6.389973658594597
M00717_P00266,6.370702525710775
M00717_P00271,0.0
M00717_P00278,6.902484778435264
M00717_P00286,6.35030739405766
M00717_P01146,0.0
M00717_P01157,5.8233558457940315
M00717_P01166,6.581608718124648
M00717_P01169,5.953896566958915
M00718_P00705,5.922163967450729
M00718_P00707,6.244691465308451
M00718_P00716,0.0
M00718_P00718,6.723669915528946
M00718_P00724,5.9610341190542995
M00718_P00728,0.0
M00718_P01099,0.0
M00718_P01107,5.930322988221215
M00718_P01108,0.0
M00718_P01109,6.291523650427863
M00718_P01114,6.252025928905383
M00718_P01118,6.187118619186683
M00719_P00157,5.7582214280540995
M00719_P00159,0.0
M00719_P00164,0.0
M00719_P00169,0.0
M00719_P00171,6.147815739249795
M00719_P00175,0.0
M00719_P00940,5.859492224591039
M00719_P00948,6.178714485621625
M00719_P00950,6.210525399894499
M00719_P00951,0.0
M00719_P00959,0.0
M00719_P00962,6.764342351282624
M00720_P00345,5.867224169314635
M00720_P00347,0.0
M00720_P00351,6.245097784824554
M00720_P00353,6.142214401729632
M00720_P00359,0.0
M00720_P00362,5.839969053200669
M00720_P00368,0.0
M00720_P00372,0.0
M00720_P00378,0.0
M00720_P00382,5.8293946019563965
M00720_P00383,5.880076979795086
M00721_P00055,0.0
M00721_P00057,5.825716010216659
M00721_P00059,6.2659984990749
M00721_P00064,5.852290351683366
M00721_P00066,0.0
M00721_P00071,6.190332373171973
M00721_P00077,6.478573988159577
M00721_P00443,6.317272029085102
M00721_P00448,5.906406675259439
M00721_P00452,0.0
M00721_P00462,6.630196333242073
M00721_P00463,6.3572850641544765
M00721_P00465,0.0
M00721_P00468,6.3389228389837236
M00722_P00888,0.0
M00722_P00889,6.03277252209498
M00722_P00893,0.0
M00722_P00894,6.332591003738606
M00722_P00895,6.342045796195289
M00722_P00901,7.442327613697612
M00722_P00909,0.0
M00722_P00965,6.328932692319633
M00722_P00966,5.86099499709031
M00722_P00975,6.706541508431021
M00722_P00978,6.766076096981962
M00722_P00980,6.260530532255428
M00722_P00986,7.236688804925461
M00723_P00287,5.843776809531573
M00723_P00290,5.872605285002133
M00723_P00291,0.0
M00723_P00295,0.0
M00723_P00297,0.0
M00723_P00298,0.0
M00723_P00299,0.0
M00723_P00304,5.845906318610273
M00723_P00307,0.0
M00723_P00309,6.276668259318759
M00723_P00310,0.0
M00723_P00549,5.81769204747596
M00723_P00552,5.76643589729335
M00723_P00554,6.226511377400144
M00723_P00561,7.068442812876776
M00723_P00562,5.8763951567850095
M00723_P00568,0.0
M00724_P00241,6.316103358469646
M00724_P00244,0.0
M00724_P00245,0.0
M00724_P00248,6.3499015617885615
M00724_P00255,0.0
M00724_P00260,0.0
M00724_P00965,0.0
M00724_P00966,0.0
M00724_P00975,6.946510527428974
M00724_P00978,0.0
M00724_P00980,6.340036193387364
M00724_P00986,6.773680967766096
M00725_P00108,0.0
M00725_P00110,0.0
M00725_P00114,7.179050151919884
M00725_P00124,6.179517159652482
M00725_P00129,5.968987382174548
M00725_P00529,6.107772462459527
M00725_P00535,6.061710905028195
M00725_P00536,5.930069745968468
M00725_P00542,5.964242402781648
M00725_P00543,0.0
M00726_P00625,0.0
M00726_P00630,0.0
M00726_P00632,6.20666905084475
M00726_P00635,6.134488085321628
M00726_P00644,6.310771500000183
M00726_P00645,7.006275937007883
M00726_P00650,0.0
M00726_P00940,0.0
M00726_P00948,6.1748167670986565
M00726_P00950,6.285992899109465
M00726_P00951,0.0
M00726_P00959,0.0
M00726_P00962,6.972390122099513
M00727_P00209,0.0
M00727_P00210,0.0
M00727_P00211,5.85052796803962
M00727_P00219,0.0
M00727_P00221,6.5123826763353225
M00727_P00222,0.0
M00727_P00232,6.029381708986117
M00727_P00234,7.208756102671119
M00727_P00625,0.0
M00727_P00630,0.0
M00727_P00632,6.313126043369314
M00727_P00635,0.0
M00727_P00644,6.2813910391554275
M00727_P00645,6.815495065866953
M00727_P00650,0.0
M00728_P00574,0.0
M00728_P00579,0.0
M00728_P00582,6.232255479184865
M00728_P00584,6.200358259817727
M00728_P00586,5.884465737970686
M00728_P00590,0.0
M00728_P00835,0.0
M00728_P00840,6.028381808887648
M00728_P00844,0.0
M00728_P00847,0.0
M00728_P00848,0.0
M00728_P00856,6.430105765242416
M00729_P00368,5.795534940131801
M00729_P00372,6.678259964511509
M00729_P00378,5.836867421805789
M00729_P00382,0.0
M00729_P00383,5.867707591123635
M00729_P00705,0.0
M00729_P00707,6.375754529340101
M00729_P00716,6.342555038359956
M00729_P00718,6.853454583530619
M00729_P00724,6.083702512446145
M00729_P00728,0.0
M00730_P00991,0.0
M00730_P00993,5.962140209259617
M00730_P00997,5.974609202550922
M00730_P01000,0.0
M00730_P01010,6.4786127616748335
M00730_P01041,0.0
M00730_P01042,5.9058264712684645
M00730_P01048,6.157850289838486
M00730_P01049,0.0
M00730_P01051,6.184210050337805
M00730_P01055,0.0
M00730_P01063,5.88667329859562
M00730_P01064,0.0
M00731_P00032,0.0
M00731_P00044,0.0
M00731_P00045,6.173279190207975
M00731_P00050,5.923496299575697
M00731_P00052,0.0
M00731_P00529,6.000844450138997
M00731_P00535,0.0
M00731_P00536,0.0
M00731_P00542,0.0
M00731_P00543,6.381853495217508
M00732_P00732,5.871683967422562
M00732_P00738,5.83400082631384
M00732_P00742,6.226547626985898
M00732_P00744,0.0
M00732_P00747,7.355392189055186
M00732_P00753,0.0
M00732_P00835,0.0
M00732_P00840,0.0
M00732_P00844,0.0
M00732_P00847,5.971273155361918
M00732_P00848,6.065592159660166
M00732_P00856,6.44655480213078
M00733_P00625,0.0
M00733_P00630,5.993061776866781
M00733_P00632,0.0
M00733_P00635,0.0
M00733_P00644,0.0
M00733_P00645,6.766171452480391
M00733_P00650,6.154553493185359
M00733_P00922,0.0
M00733_P00927,0.0
M00733_P00931,0.0
M00733_P00935,6.590644575037187
M00734_P00965,0.0
M00734_P00966,0.0
M00734_P00975,6.686590083663432
M00734_P00978,6.777229305033035
M00734_P00980,0.0
M00734_P00986,6.773670701366338
M00734_P01120,5.953315896758847
M00735_P00136,7.17332561125775
M00735_P00141,7.274976275884912
M00735_P00148,5.887658650163714
M00735_P00156,0.0
M00735_P01041,0.0
M00735_P01042,0.0
M00735_P01048,0.0
M00735_P01049,0.0
M00735_P01051,6.555296400853289
M00735_P01055,0.0
M00735_P01063,5.943663546747493
M00735_P01064,0.0
M00736_P00108,0.0
M00736_P00110,5.96403538756498
M00736_P00114,7.2754372359566934
M00736_P00124,6.367318975638049
M00736_P00129,0.0
M00736_P01177,6.587543352461571
M00736_P01182,5.854814351987595
M00736_P01184,0.0
M00736_P01193,6.142051172549633
M00736_P01196,6.274531736159295
M00737_P00241,0.0
M00737_P00244,5.881737954685888
M00737_P00245,6.241332841184604
M00737_P00248,6.219315183456798
M00737_P00255,7.260966317012223
M00737_P00260,0.0
M00737_P00655,6.038165851500028
M00737_P00662,0.0
M00737_P00666,6.27480273209366
M00737_P00668,5.937634720823024
M00737_P00669,0.0
M00737_P00673,6.205142425919592
M00737_P00674,6.01380935122939
M00738_P00625,0.0
M00738_P00630,6.0513002302385415
M00738_P00632,6.3480357444249
M00738_P00635,6.370580233751054
M00738_P00644,6.360952642916041
M00738_P00645,7.077036848440632
M00738_P00650,0.0
M00738_P01223,0.0
M00738_P01234,6.765628292085578
M00738_P01236,5.8081078101847545
M00738_P01241,0.0
M00738_P01242,5.8066669819688705
M00739_P00136,7.111688978389523
M00739_P00141,7.251242904757725
M00739_P00148,5.824528179330773
M00739_P00156,0.0
M00739_P00157,0.0
M00739_P00159,0.0
M00739_P00164,0.0
M00739_P00169,5.972505854702213
M00739_P00171,6.309888130775592
M00739_P00175,0.0
M00740_P00611,0.0
M00740_P00618,0.0
M00740_P00619,5.877410845833288
M00740_P00622,0.0
M00740_P00732,5.875172532660298
M00740_P00738,5.819309687680164
M00740_P00742,6.220153958667525
M00740_P00744,0.0
M00740_P00747,0.0
M00740_P00753,0.0
M00741_P00157,0.0
M00741_P00159,0.0
M00741_P00164,6.224938514506524
M00741_P00169,0.0
M00741_P00171,6.1311526717262135
M00741_P00175,6.158110633409704
M00741_P00241,6.078736934586045
M00741_P00244,6.0878391663747
M00741_P00245,6.397267915269437
M00741_P00248,0.0
M00741_P00255,7.419702197009476
M00741_P00260,0.0
M00742_P00705,6.049737411338026
M00742_P00707,6.404814218785336
M00742_P00716,6.406967498619948
M00742_P00718,0.0
M00742_P00724,0.0
M00742_P00728,0.0
M00742_P00761,6.1802384738969325
M00742_P00772,5.846599198075858
M00743_P00032,0.0
M00743_P00044,0.0
M00743_P00045,5.8512768720445605
M00743_P00050,5.937368357780515
M00743_P00052,6.12800432498863
M00743_P00157,0.0
M00743_P00159,0.0
M00743_P00164,0.0
M00743_P00169,0.0
M00743_P00171,0.0
M00743_P00175,0.0
M00744_P00136,0.0
M00744_P00141,0.0
M00744_P00148,0.0
M00744_P00156,0.0
M00744_P00922,0.0
M00744_P00927,5.860323807508264
M00744_P00931,5.886899465632013
M00744_P00935,6.299741057672292
M00745_P00011,5.885247172466718
M00745_P00024,0.0
M00745_P00625,6.2645851777909725
M00745_P00630,6.037564978681774
M00745_P00632,6.26808352786863
M00745_P00635,0.0
M00745_P00644,0.0
M00745_P00645,7.016763130459996
M00745_P00650,6.246765325995583
M00746_P00136,0.0
M00746_P00141,7.339239221551243
M00746_P00148,5.941273976029182
M00746_P00156,6.3150107853242385
M00746_P00625,0.0
M00746_P00630,5.875630221664565
M00746_P00632,6.25941090791472
M00746_P00635,6.137005372679035
M00746_P00644,0.0
M00746_P00645,6.7244969646576696
M00746_P00650,6.129742905289403
M00747_P00863,5.864980947753538
M00747_P00880,6.207049798181856
M00747_P00882,0.0
M00747_P00940,5.944721852783141
M00747_P00948,6.3868183369894
M00747_P00950,0.0
M00747_P00951,0.0
M00747_P00959,0.0
M00747_P00962,6.888845460097301
M00748_P00209,0.0
M00748_P00210,7.095141718217007
M00748_P00211,0.0
M00748_P00219,6.107617773738134
M00748_P00221,0.0
M00748_P00222,0.0
M00748_P00232,6.456950080194036
M00748_P00234,7.5415587939436515
M00748_P00266,6.304960704980553
M00748_P00271,6.247453523799961
M00748_P00278,6.964436101932214
M00748_P00286,6.580815741883933
M00749_P00443,0.0
M00749_P00448,0.0
M00749_P00452,0.0
M00749_P00462,0.0
M00749_P00463,0.0
M00749_P00465,0.0
M00749_P00468,6.771924267621191
M00749_P00835,0.0
M00749_P00840,5.899727357834421
M00749_P00844,0.0
M00749_P00847,6.069113755175727
M00749_P00848,0.0
M00749_P00856,6.2402196776112335
M00750_P00266,6.204568465857741
M00750_P00271,6.17458490276357
M00750_P00278,6.7821369680773556
M00750_P00286,0.0
M00750_P00732,0.0
M00750_P00738,6.004233159087974
M00750_P00742,6.397495029247556
M00750_P00744,5.99966991393562
M00750_P00747,7.494448802595558
M00750_P00753,0.0
M00751_P00515,5.963639853500176
M00751_P00807,0.0
M00751_P00812,7.224655400661744
M00751_P00819,6.344928106595201
M00751_P00826,6.59968207313114
M00751_P00827,6.797126354472301
M00752_P00423,0.0
M00752_P00424,5.841736179660968
M00752_P00425,6.09968656866031
M00752_P00426,0.0
M00752_P00431,5.85014021268951
M00752_P00436,0.0
M00752_P00440,0.0
M00752_P00611,0.0
M00752_P00618,6.373291793293966
M00752_P00619,5.977166256310331
M00752_P00622,5.9735511829518195
M00753_P00991,0.0
M00753_P00993,5.942858417612476
M00753_P00997,0.0
M00753_P01000,6.2891792559012165
M00753_P01010,6.558554580387509
M00753_P01041,0.0
M00753_P01042,5.818182099903907
M00753_P01048,0.0
M00753_P01049,7.189239154523731
M00753_P01051,6.240307007412717
M00753_P01055,6.185418661154051
M00753_P01063,0.0
M00753_P01064,5.859862588970497
M00754_P00157,5.888035582368309
M00754_P00159,0.0
M00754_P00164,0.0
M00754_P00169,0.0
M00754_P00171,6.405210268368752
M00754_P00175,6.638742392267043
M00754_P00241,5.956404949072698
M00754_P00244,0.0
M00754_P00245,6.43017865914286
M00754_P00248,6.239567869414184
M00754_P00255,7.081630309462041
M00754_P00260,6.830408742392835
M00755_P00549,0.0
M00755_P00552,5.769222465246306
M00755_P00554,6.283414704793286
M00755_P00561,0.0
M00755_P00562,5.870121811116653
M00755_P00568,5.984862839527333
M00755_P00655,6.392961185420923
M00755_P00662,6.211453590528824
M00755_P00666,6.455577673257556
M00755_P00668,6.031642627717995
M00755_P00669,6.373114698766421
M00755_P00673,6.96658832129685
M00755_P00674,0.0
M00756_P00549,0.0
M00756_P00552,0.0
M00756_P00554,0.0
M00756_P00561,7.401880608083411
M00756_P00562,5.875857041270334
M00756_P00568,0.0
M00756_P00761,6.370215670365759
M00756_P00772,6.013255194544472
M00757_P00991,0.0
M00757_P00993,0.0
M00757_P00997,0.0
M00757_P01000,0.0
M00757_P01010,6.222192993914512
M00757_P01070,0.0
M00757_P01074,0.0
M00757_P01082,0.0
M00758_P00529,6.055791647253461
M00758_P00535,0.0
M00758_P00536,5.953812557858505
M00758_P00542,0.0
M00758_P00543,0.0
M00758_P01020,0.0
M00758_P01034,5.827928626475817
M00758_P01037,0.0
M00758_P01038,6.115973480644623
M00759_P00529,6.0099074574571585
M00759_P00535,6.060478204265925
M00759_P00536,5.969014974143659
M00759_P00542,0.0
M00759_P00543,0.0
M00759_P00782,0.0
M00759_P00786,0.0
M00759_P00788,6.602952037117509
M00759_P00797,0.0
M00759_P00803,0.0
M00760_P00478,0.0
M00760_P00479,6.82444383082593
M00760_P00486,6.412303182524775
M00760_P00491,5.9548034645474885
M00760_P00529,0.0
M00760_P00535,5.8682626198329855
M00760_P00536,5.7779080288587465
M00760_P00542,5.889490677922977
M00760_P00543,6.173091228001316
M00761_P00391,0.0
M00761_P00399,6.136842127367054
M00761_P00410,0.0
M00761_P00416,0.0
M00761_P00940,5.970970123892454
M00761_P00948,0.0
M00761_P00950,6.3202378490514715
M00761_P00951,0.0
M00761_P00959,6.021819403132463
M00761_P00962,0.0
M00762_P00443,0.0
M00762_P00448,0.0
M00762_P00452,6.042876124684734
M00762_P00462,6.468505950715215
M00762_P00463,6.640489135422958
M00762_P00465,6.393762440122602
M00762_P00468,6.572580702585766
M00762_P00678,0.0
M00762_P00679,6.999388671053902
M00762_P00680,5.871058836532459
M00762_P00681,5.968451934271235
M00762_P00683,0.0
M00762_P00694,0.0
M00763_P00313,0.0
M00763_P00324,6.162649992262016
M00763_P00329,5.899446028990097
M00763_P00333,0.0
M00763_P00334,0.0
M00763_P00940,0.0
M00763_P00948,0.0
M00763_P00950,6.160309975121715
M00763_P00951,0.0
M00763_P00959,5.945712906577347
M00763_P00962,6.706461629340975
M00764_P00922,0.0
M00764_P00927,5.864299611001908
M00764_P00931,5.973165680978946
M00764_P00935,6.2013933570812165
M00764_P01120,6.001849402622749
M00765_P00345,6.044221236473527
M00765_P00347,0.0
M00765_P00351,0.0
M00765_P00353,5.838388397620136
M00765_P00359,6.269315615118938
M00765_P00362,0.0
M00765_P01177,6.292080346062863
M00765_P01182,5.779240143328755
M00765_P01184,0.0
M00765_P01193,6.48541412574896
M00765_P01196,6.186463728871918
M00766_P00108,0.0
M00766_P00110,0.0
M00766_P00114,7.206095229927632
M00766_P00124,6.763093681225765
M00766_P00129,5.897729828294463
M00766_P01146,7.195195186065906
M00766_P01157,6.032281553635309
M00766_P01166,6.575065479027846
M00766_P01169,6.295243090958682
M00767_P00807,0.0
M00767_P00812,7.321602573076666
M00767_P00819,0.0
M00767_P00826,6.184216617139432
M00767_P00827,7.078789128005841
M00767_P01120,0.0
M00768_P00391,0.0
M00768_P00399,6.161717635007209
M00768_P00410,6.298734649640309
M00768_P00416,0.0
M00768_P00443,0.0
M00768_P00448,5.788587581346077
M00768_P00452,0.0
M00768_P00462,6.598759571452747
M00768_P00463,6.289151355425393
M00768_P00465,6.1443303472859165
M00768_P00468,6.2853545878444965
M00769_P00705,0.0
M00769_P00707,6.373039975329867
M00769_P00716,6.4127176109989295
M00769_P00718,0.0
M00769_P00724,6.079195316322761
M00769_P00728,6.638750566442043
M00769_P01177,0.0
M00769_P01182,5.861497004019449
M00769_P01184,5.873414380289842
M00769_P01193,5.917666353163446
M00769_P01196,6.212016759386914
M00770_P00108,0.0
M00770_P00110,5.968999090324038
M00770_P00114,0.0
M00770_P00124,0.0
M00770_P00129,6.058152909843864
M00770_P00761,0.0
M00770_P00772,5.792199068859968
M00771_P00655,0.0
M00771_P00662,0.0
M00771_P00666,6.56552391867736
M00771_P00668,6.342215529899249
M00771_P00669,6.560988627352014
M00771_P00673,6.449523673943672
M00771_P00674,6.249074230942723
M00771_P00965,0.0
M00771_P00966,5.899112710930384
M00771_P00975,6.7265363483740765
M00771_P00978,6.8382789469956755
M00771_P00980,0.0
M00771_P00986,0.0
M00772_P00055,0.0
M00772_P00057,5.889610183918949
M00772_P00059,6.255627010165035
M00772_P00064,0.0
M00772_P00066,0.0
M00772_P00071,6.432397570084041
M00772_P00077,0.0
M00772_P00888,0.0
M00772_P00889,0.0
M00772_P00893,5.8421701621520405
M00772_P00894,6.2694948165392965
M00772_P00895,6.23282558294416
M00772_P00901,7.128566780577953
M00772_P00909,6.151486236549302
M00773_P00888,6.014111066790878
M00773_P00889,5.834729438198835
M00773_P00893,5.8254937945229885
M00773_P00894,6.159723020883687
M00773_P00895,6.184773618030038
M00773_P00901,0.0
M00773_P00909,6.296359149177058
M00773_P01146,0.0
M00773_P01157,6.007169942982314
M00773_P01166,0.0
M00773_P01169,0.0
M00774_P00157,0.0
M00774_P00159,5.966998425743957
M00774_P00164,0.0
M00774_P00169,6.176879743029032
M00774_P00171,0.0
M00774_P00175,6.258053182168576
M00774_P00423,6.733475277389948
M00774_P00424,5.804893579640715
M00774_P00425,0.0
M00774_P00426,0.0
M00774_P00431,5.884353073371476
M00774_P00436,6.3243669784701835
M00774_P00440,5.9479425733865785
M00775_P00266,0.0
M00775_P00271,6.396619952649877
M00775_P00278,6.945479480703053
M00775_P00286,0.0
M00775_P01099,6.2263150629066315
M00775_P01107,0.0
M00775_P01108,6.706747060852005
M00775_P01109,6.036274460558154
M00775_P01114,6.232256782217361
M00775_P01118,6.245175255055346
M00776_P00940,5.901510594882567
M00776_P00948,6.166505742048763
M00776_P00950,6.402627481606676
M00776_P00951,6.227825493028724
M00776_P00959,0.0
M00776_P00962,6.960734663755872
M00776_P01099,0.0
M00776_P01107,5.7894603035381635
M00776_P01108,0.0
M00776_P01109,0.0
M00776_P01114,0.0
M00776_P01118,6.58506887912037
M00777_P00549,5.974824803765264
M00777_P00552,5.949838862798891
M00777_P00554,0.0
M00777_P00561,0.0
M00777_P00562,6.045433594633474
M00777_P00568,6.095945615814612
M00777_P00732,5.799343539319973
M00777_P00738,0.0
M00777_P00742,0.0
M00777_P00744,5.710545205758201
M00777_P00747,7.122494475596102
M00777_P00753,6.184655003942128
M00778_P00157,0.0
M00778_P00159,5.978521346521212
M00778_P00164,6.304851950890894
M00778_P00169,0.0
M00778_P00171,0.0
M00778_P00175,6.23130728067615
M00778_P00443,6.364351158301828
M00778_P00448,5.929279073371505
M00778_P00452,0.0
M00778_P00462,0.0
M00778_P00463,6.6735980777888875
M00778_P00465,0.0
M00778_P00468,6.418868417254397
M00779_P00611,5.889680353837241
M00779_P00618,0.0
M00779_P00619,5.881910009044718
M00779_P00622,6.197059131622645
M00779_P00732,5.968122061709086
M00779_P00738,5.952096795273375
M00779_P00742,0.0
M00779_P00744,0.0
M00779_P00747,7.661958002757269
M00779_P00753,6.075017278808315
M00780_P00965,6.26786744561594
M00780_P00966,0.0
M00780_P00975,6.725270375343033
M00780_P00978,0.0
M00780_P00980,0.0
M00780_P00986,6.928618123535118
M00780_P01120,0.0
M00781_P00032,6.702594269281556
M00781_P00044,0.0
M00781_P00045,5.828673346509525
M00781_P00050,5.864227083968675
M00781_P00052,6.268150611446972
M00781_P00574,0.0
M00781_P00579,0.0
M00781_P00582,6.413858830361166
M00781_P00584,6.336766126739355
M00781_P00586,0.0
M00781_P00590,6.890009487486382
M00782_P00478,0.0
M00782_P00479,6.75305246824795
M00782_P00486,0.0
M00782_P00491,0.0
M00782_P00705,0.0
M00782_P00707,0.0
M00782_P00716,6.4352943250910535
M00782_P00718,6.7822979650634085
M00782_P00724,0.0
M00782_P00728,0.0
M00783_P00241,0.0
M00783_P00244,5.860214619456965
M00783_P00245,6.1412551840183
M00783_P00248,0.0
M00783_P00255,7.4494325829288535
M00783_P00260,6.658751022034404
M00783_P01201,5.975032397749084
M00783_P01209,5.975514420445602
M00783_P01210,0.0
M00783_P01211,6.938742926762773
M00783_P01214,6.026747710449418
M00784_P00549,0.0
M00784_P00552,5.806091595997516
M00784_P00554,0.0
M00784_P00561,7.4434323837831515
M00784_P00562,5.9297438335443475
M00784_P00568,5.9902974593427984
M00784_P00782,6.340905820424042
M00784_P00786,5.984810231023472
M00784_P00788,0.0
M00784_P00797,6.306002887346537
M00784_P00803,0.0
M00785_P00782,6.179232504260619
M00785_P00786,5.827657919841473
M00785_P00788,6.68982733977961
M00785_P00797,6.2818430256372615
M00785_P00803,0.0
M00785_P00863,5.974155391117037
M00785_P00880,6.426753874013948
M00785_P00882,0.0
M00786_P00157,0.0
M00786_P00159,6.01700739967976
M00786_P00164,0.0
M00786_P00169,6.030485924661793
M00786_P00171,6.6472594496736805
M00786_P00175,0.0
M00786_P00761,6.5366429734434925
M00786_P00772,5.8343384527645314
M00787_P00108,0.0
M00787_P00110,6.035530507335174
M00787_P00114,0.0
M00787_P00124,0.0
M00787_P00129,0.0
M00787_P00529,5.919132775689776
M00787_P00535,6.018572090333683
M00787_P00536,0.0
M00787_P00542,0.0
M00787_P00543,6.363384284347907
M00788_P00185,5.903744384517146
M00788_P00193,0.0
M00788_P00197,0.0
M00788_P00199,5.888723931786481
M00788_P00200,6.006062152082261
M00788_P01177,0.0
M00788_P01182,0.0
M00788_P01184,0.0
M00788_P01193,6.313274397458495
M00788_P01196,6.364508800629531
M00789_P00157,0.0
M00789_P00159,5.886911596684586
M00789_P00164,0.0
M00789_P00169,0.0
M00789_P00171,6.515485610646747
M00789_P00175,0.0
M00789_P01070,6.020213206617397
M00789_P01074,6.366082095934922
M00789_P01082,0.0
M00790_P00391,0.0
M00790_P00399,6.3667169617056
M00790_P00410,0.0
M00790_P00416,0.0
M00790_P01223,0.0
M00790_P01234,6.695722996579944
M00790_P01236,0.0
M00790_P01241,0.0
M00790_P01242,5.818772509174272
M00791_P00266,0.0
M00791_P00271,0.0
M00791_P00278,6.911101836781514
M00791_P00286,0.0
M00791_P00922,6.189296929626663
M00791_P00927,5.835206934727033
M00791_P00931,5.885243907970371
M00791_P00935,6.250179915643657
M00792_P00368,5.785215884907749
M00792_P00372,6.714187539460149
M00792_P00378,0.0
M00792_P00382,0.0
M00792_P00383,0.0
M00792_P00761,6.397927016288169
M00792_P00772,5.874216296525002
M00793_P00287,0.0
M00793_P00290,0.0
M00793_P00291,5.818653315143296
M00793_P00295,7.1925664884810585
M00793_P00297,0.0
M00793_P00298,5.892630290442016
M00793_P00299,0.0
M00793_P00304,5.95622265849344
M00793_P00307,6.17270130447013
M00793_P00309,0.0
M00793_P00310,6.210497683734085
M00793_P01070,6.023960223060842
M00793_P01074,6.4327800008142795
M00793_P01082,0.0
M00794_P00032,6.812415399124486
M00794_P00044,6.769783990400254
M00794_P00045,0.0
M00794_P00050,0.0
M00794_P00052,6.196311137999931
M00794_P00655,0.0
M00794_P00662,0.0
M00794_P00666,0.0
M00794_P00668,5.927844694833708
M00794_P00669,0.0
M00794_P00673,0.0
M00794_P00674,5.923639541999286
M00795_P00732,6.07469214382905
M00795_P00738,6.038170378457108
M00795_P00742,6.3360161485851005
M00795_P00744,6.093232765131093
M00795_P00747,0.0
M00795_P00753,6.055402603764831
M00795_P00991,0.0
M00795_P00993,5.846809139695101
M00795_P00997,0.0
M00795_P01000,6.249901994145793
M00795_P01010,6.2793030629852264
M00796_P00011,5.9123383394576745
M00796_P00024,6.051035140853364
M00796_P01201,5.874370645724142
M00796_P01209,5.881049351409934
M00796_P01210,0.0
M00796_P01211,0.0
M00796_P01214,5.938471807202431
M00797_P00443,0.0
M00797_P00448,0.0
M00797_P00452,6.057352755500515
M00797_P00462,6.346461378517775
M00797_P00463,6.645013117562478
M00797_P00465,6.638744171908653
M00797_P00468,6.459100084305017
M00797_P01201,5.855034627925006
M00797_P01209,6.004625732999329
M00797_P01210,5.938444924545626
M00797_P01211,7.071727889690173
M00797_P01214,6.157606077743542
M00798_P00157,0.0
M00798_P00159,6.082587315359457
M00798_P00164,6.304511368743915
M00798_P00169,0.0
M00798_P00171,6.7084065608111985
M00798_P00175,0.0
M00798_P00940,5.872507603108237
M00798_P00948,0.0
M00798_P00950,0.0
M00798_P00951,6.28790120483518
M00798_P00959,5.962766608012499
M00798_P00962,0.0
M00799_P00529,0.0
M00799_P00535,6.015673473325528
M00799_P00536,5.973462181839608
M00799_P00542,6.063589517046809
M00799_P00543,6.438285696678907
M00799_P00611,6.027215722537935
M00799_P00618,0.0
M00799_P00619,0.0
M00799_P00622,6.156611523599367
M00800_P00185,0.0
M00800_P00193,6.210835155714967
M00800_P00197,0.0
M00800_P00199,5.9192660691757455
M00800_P00200,6.053750848210102
M00800_P00443,0.0
M00800_P00448,5.831962103038818
M00800_P00452,0.0
M00800_P00462,6.216749273540586
M00800_P00463,6.89817230067061
M00800_P00465,0.0
M00800_P00468,6.168936718147625
M00801_P00863,5.874181253655408
M00801_P00880,6.308659642770981
M00801_P00882,0.0
M00801_P01070,0.0
M00801_P01074,6.399942470580633
M00801_P01082,5.992995423664031
M00802_P00655,6.250121548012445
M00802_P00662,5.859844382733266
M00802_P00666,0.0
M00802_P00668,0.0
M00802_P00669,6.237476449417014
M00802_P00673,6.448484977784369
M00802_P00674,5.9823337608696585
M00802_P01020,6.7207361243368435
M00802_P01034,5.871788949665095
M00802_P01037,5.957230320706131
M00802_P01038,5.96803625584234
M00803_P00574,0.0
M00803_P00579,0.0
M00803_P00582,6.271997952497185
M00803_P00584,0.0
M00803_P00586,0.0
M00803_P00590,6.916670049926676
M00803_P00611,6.024653538978313
M00803_P00618,0.0
M00803_P00619,5.913205456513456
M00803_P00622,6.267009619813295
M00804_P01120,6.022512002391451
M00804_P01201,0.0
M00804_P01209,5.651742922632129
M00804_P01210,5.86345129206618
M00804_P01211,6.749883958809607
M00804_P01214,5.93209514763561
M00805_P00209,0.0
M00805_P00210,7.175273276021352
M00805_P00211,0.0
M00805_P00219,5.9055294465606565
M00805_P00221,0.0
M00805_P00222,0.0
M00805_P00232,0.0
M00805_P00234,0.0
M00805_P01120,5.971502124938796
M00806_P00391,0.0
M00806_P00399,6.325984882405683
M00806_P00410,0.0
M00806_P00416,6.434877215884854
M00806_P00529,0.0
M00806_P00535,5.932191071228091
M00806_P00536,5.864707026047192
M00806_P00542,0.0
M00806_P00543,6.280171745484717
M00807_P00611,0.0
M00807_P00618,0.0
M00807_P00619,0.0
M00807_P00622,6.107466981059323
M00807_P01177,6.399204081902754
M00807_P01182,5.87970868175583
M00807_P01184,5.8390602068372335
M00807_P01193,0.0
M00807_P01196,6.5694366830031035
M00808_P00678,0.0
M00808_P00679,7.092185634035237
M00808_P00680,0.0
M00808_P00681,5.957107293770788
M00808_P00683,6.245928329676493
M00808_P00694,6.258049122227684
M00808_P01020,0.0
M00808_P01034,5.832713487508927
M00808_P01037,0.0
M00808_P01038,0.0
M00809_P00287,0.0
M00809_P00290,5.889697628106489
M00809_P00291,5.8543021370663855
M00809_P00295,0.0
M00809_P00297,0.0
M00809_P00298,5.997690735909632
M00809_P00299,5.8731397690153635
M00809_P00304,5.917617885044363
M00809_P00307,6.7783651518488
M00809_P00309,0.0
M00809_P00310,6.344205522358628
M00809_P00705,0.0
M00809_P00707,6.193862096268084
M00809_P00716,0.0
M00809_P00718,6.908657947777123
M00809_P00724,6.207468245283105
M00809_P00728,0.0
M00810_P00266,0.0
M00810_P00271,0.0
M00810_P00278,7.077095396371713
M00810_P00286,6.3184298463234265
M00810_P00922,6.181794675303378
M00810_P00927,5.877278032537555
M00810_P00931,5.836604410240076
M00810_P00935,0.0
M00811_P00209,0.0
M00811_P00210,0.0
M00811_P00211,6.0231458312621164
M00811_P00219,0.0
M00811_P00221,6.387908614936119
M00811_P00222,6.312871031093775
M00811_P00232,6.0426130677070935
M00811_P00234,7.385425431612645
M00811_P00313,0.0
M00811_P00324,6.169117026505384
M00811_P00329,5.959616634658457
M00811_P00333,6.514470757348949
M00811_P00334,6.518783347339115
M00812_P00079,6.7340567673430085
M00812_P00082,6.161884165267295
M00812_P00087,5.843359323807881
M00812_P00097,6.291952400070878
M00812_P00102,6.171740281529262
M00812_P01020,0.0
M00812_P01034,0.0
M00812_P01037,5.982126970405572
M00812_P01038,5.92555101729013
M00813_P00209,0.0
M00813_P00210,7.06526857182164
M00813_P00211,0.0
M00813_P00219,0.0
M00813_P00221,6.301058745984053
M00813_P00222,6.177759331504248
M00813_P00232,5.969559808155905
M00813_P00234,0.0
M00813_P00807,0.0
M00813_P00812,0.0
M00813_P00819,6.119457845085274
M00813_P00826,6.465573022829677
M00813_P00827,0.0
M00814_P00835,0.0
M00814_P00840,0.0
M00814_P00844,0.0
M00814_P00847,5.855628351702428
M00814_P00848,5.944129298854499
M00814_P00856,0.0
M00814_P00922,0.0
M00814_P00927,5.917935693320307
M00814_P00931,0.0
M00814_P00935,6.375990217527663
M00815_P00678,0.0
M00815_P00679,6.976093948145771
M00815_P00680,0.0
M00815_P00681,6.188382579480319
M00815_P00683,0.0
M00815_P00694,6.205593378960722
M00815_P01146,6.939289457171072
M00815_P01157,0.0
M00815_P01166,0.0
M00815_P01169,5.995542519626337
M00816_P00732,5.838296884956355
M00816_P00738,5.801586844818545
M00816_P00742,6.274327674402682
M00816_P00744,6.113586568186958
M00816_P00747,0.0
M00816_P00753,0.0
M00816_P01177,6.335123390760977
M00816_P01182,6.005060945264146
M00816_P01184,0.0
M00816_P01193,0.0
M00816_P01196,6.423451427192369
M00817_P00136,7.156453096957625
M00817_P00141,7.205336417603992
M00817_P00148,0.0
M00817_P00156,6.511355044863416
M00817_P00965,6.401022953882702
M00817_P00966,0.0
M00817_P00975,6.801417806592893
M00817_P00978,7.119357133038349
M00817_P00980,0.0
M00817_P00986,0.0
M00818_P00055,0.0
M00818_P00057,0.0
M00818_P00059,0.0
M00818_P00064,5.945518390246466
M00818_P00066,7.190612012402525
M00818_P00071,6.3956167798660974
M00818_P00077,6.480447990094431
M00818_P00478,5.844606178157143
M00818_P00479,0.0
M00818_P00486,0.0
M00818_P00491,5.786861023254024
M00819_P00478,6.023536681508991
M00819_P00479,0.0
M00819_P00486,0.0
M00819_P00491,5.895892548083583
M00819_P00888,0.0
M00819_P00889,5.751950404295805
M00819_P00893,5.801477972547433
M00819_P00894,6.1817920352769375
M00819_P00895,6.164820877169763
M00819_P00901,7.030399172551543
M00819_P00909,6.141131050393513
M00820_P00807,0.0
M00820_P00812,7.197622670398081
M00820_P00819,5.982623053180681
M00820_P00826,6.210291326067367
M00820_P00827,0.0
M00820_P00940,5.849583126973901
M00820_P00948,6.235776885410209
M00820_P00950,0.0
M00820_P00951,6.264593909268468
M00820_P00959,0.0
M00820_P00962,7.081855792729365
M00821_P00185,6.000331253936136
M00821_P00193,6.349829253949665
M00821_P00197,6.029325021125921
M00821_P00199,0.0
M00821_P00200,0.0
M00821_P00940,0.0
M00821_P00948,0.0
M00821_P00950,6.333967269677229
M00821_P00951,0.0
M00821_P00959,5.919578090186975
M00821_P00962,6.700186942752409
M00822_P00055,0.0
M00822_P00057,5.874196011394718
M00822_P00059,6.25285890750905
M00822_P00064,5.861705986517012
M00822_P00066,7.0965735828081025
M00822_P00071,6.29476618791446
M00822_P00077,6.651239868962406
M00822_P00888,6.048303317204313
M00822_P00889,6.035040944105841
M00822_P00893,5.986835741002983
M00822_P00894,0.0
M00822_P00895,6.323650443651005
M00822_P00901,7.629323799942786
M00822_P00909,6.636654273059438
M00823_P00345,0.0
M00823_P00347,6.264500693345092
M00823_P00351,6.25240966380941
M00823_P00353,0.0
M00823_P00359,6.265121179402416
M00823_P00362,5.790751726296195
M00823_P00888,0.0
M00823_P00889,5.92204477485546
M00823_P00893,6.074020184970701
M00823_P00894,6.62412659642762
M00823_P00895,0.0
M00823_P00901,7.18954709257925
M00823_P00909,0.0
M00824_P01070,5.9552855394741
M00824_P01074,6.180541899176991
M00824_P01082,5.842263346091133
M00824_P01223,0.0
M00824_P01234,6.730420606574257
M00824_P01236,5.974077146616876
M00824_P01241,0.0
M00824_P01242,0.0
M00825_P00055,5.994584821898617
M00825_P00057,0.0
M00825_P00059,0.0
M00825_P00064,0.0
M00825_P00066,7.189678751030262
M00825_P00071,0.0
M00825_P00077,6.697955101295123
M00825_P00515,0.0
M00826_P00136,7.116967066017196
M00826_P00141,7.203120623138138
M00826_P00148,6.150828001411608
M00826_P00156,0.0
M00826_P00574,0.0
M00826_P00579,6.24681491605765
M00826_P00582,0.0
M00826_P00584,6.184971408937631
M00826_P00586,5.827409076488984
M00826_P00590,6.714817241553291
M00827_P00345,0.0
M00827_P00347,6.315948784719806
M00827_P00351,6.352390867854845
M00827_P00353,0.0
M00827_P00359,0.0
M00827_P00362,5.916533306468514
M00827_P00391,5.8509455220641495
M00827_P00399,6.251794791542221
M00827_P00410,6.266392768914769
M00827_P00416,6.197713603859554
M00828_P01020,0.0
M00828_P01034,0.0
M00828_P01037,5.903985125191753
M00828_P01038,0.0
M00828_P01177,0.0
M00828_P01182,0.0
M00828_P01184,5.974265360093868
M00828_P01193,6.264314001632835
M00828_P01196,6.378365220248002
M00829_P00266,0.0
M00829_P00271,6.699300821633534
M00829_P00278,0.0
M00829_P00286,0.0
M00829_P01041,0.0
M00829_P01042,5.772310953483631
M00829_P01048,0.0
M00829_P01049,0.0
M00829_P01051,6.222416222396295
M00829_P01055,5.892484601057125
M00829_P01063,0.0
M00829_P01064,0.0
M00830_P00079,0.0
M00830_P00082,6.235663887785433
M00830_P00087,0.0
M00830_P00097,0.0
M00830_P00102,5.933878616572048
M00830_P00345,0.0
M00830_P00347,0.0
M00830_P00351,6.287468117670549
M00830_P00353,0.0
M00830_P00359,6.257683771731958
M00830_P00362,0.0
M00831_P00443,6.1959571341604
M00831_P00448,0.0
M00831_P00452,5.883189373987616
M00831_P00462,6.246247907900546
M00831_P00463,6.495124893226886
M00831_P00465,0.0
M00831_P00468,0.0
M00831_P00888,0.0
M00831_P00889,5.9867852858497
M00831_P00893,0.0
M00831_P00894,6.448673274923413
M00831_P00895,6.362234942608408
M00831_P00901,7.216570367421098
M00831_P00909,0.0
M00832_P00529,0.0
M00832_P00535,5.931405950198533
M00832_P00536,5.790302746991905
M00832_P00542,0.0
M00832_P00543,6.511851397145823
M00832_P01201,5.999918999296863
M00832_P01209,5.982517079196503
M00832_P01210,0.0
M00832_P01211,0.0
M00832_P01214,6.003492261862852
M00833_P00443,6.255521180753897
M00833_P00448,5.794873383627106
M00833_P00452,5.954238482907894
M00833_P00462,6.289820218332565
M00833_P00463,0.0
M00833_P00465,6.313158283594764
M00833_P00468,6.625925277026639
M00833_P00940,5.844901301827343
M00833_P00948,6.229144989893655
M00833_P00950,6.299466658858236
M00833_P00951,0.0
M00833_P00959,5.914896572612004
M00833_P00962,6.602062115746322
M00834_P00209,6.07139153700458
M00834_P00210,0.0
M00834_P00211,0.0
M00834_P00219,5.902025841810939
M00834_P00221,6.2772614609620545
M00834_P00222,0.0
M00834_P00232,5.8934949895141395
M00834_P00234,7.408105644070192
M00834_P00705,6.070485405420182
M00834_P00707,6.3677938985178315
M00834_P00716,0.0
M00834_P00718,0.0
M00834_P00724,5.994300167624651
M00834_P00728,0.0
M00835_P00209,0.0
M00835_P00210,7.145220827730536
M00835_P00211,0.0
M00835_P00219,5.931935917256152
M00835_P00221,6.260631764685428
M00835_P00222,6.188390237021807
M00835_P00232,5.954703624917731
M00835_P00234,7.351138154926014
M00835_P01070,5.963592237255414
M00835_P01074,0.0
M00835_P01082,5.887737042793543
M00836_P00241,0.0
M00836_P00244,5.80891957424234
M00836_P00245,6.150587971994047
M00836_P00248,0.0
M00836_P00255,7.159225993569452
M00836_P00260,6.681125723215311
M00836_P00391,0.0
M00836_P00399,0.0
M00836_P00410,6.298421554120891
M00836_P00416,6.66254394982744
M00837_P00391,0.0
M00837_P00399,6.345438241168928
M00837_P00410,6.373025197054327
M00837_P00416,6.419084225990442
M00837_P01146,7.022319153697223
M00837_P01157,5.751845157553133
M00837_P01166,0.0
M00837_P01169,5.892115314862094
M00838_P00241,6.0255360725721
M00838_P00244,6.020298673845425
M00838_P00245,6.471004923083077
M00838_P00248,0.0
M00838_P00255,0.0
M00838_P00260,6.969447217563064
M00838_P00965,0.0
M00838_P00966,5.787729174525675
M00838_P00975,6.787590846295798
M00838_P00978,0.0
M00838_P00980,6.317908269308605
M00838_P00986,0.0
M00839_P00678,0.0
M00839_P00679,7.122996498260131
M00839_P00680,0.0
M00839_P00681,0.0
M00839_P00683,6.210155515691192
M00839_P00694,6.162312017044257
M00839_P01041,0.0
M00839_P01042,0.0
M00839_P01048,0.0
M00839_P01049,7.287276681626542
M00839_P01051,6.360079139362831
M00839_P01055,5.937781077635018
M00839_P01063,0.0
M00839_P01064,0.0
M00840_P00108,5.862899369663859
M00840_P00110,5.889877747856223
M00840_P00114,7.193604798488653
M00840_P00124,6.205665076296943
M00840_P00129,5.944699338413865
M00840_P01070,6.066968974186648
M00840_P01074,6.322157349579095
M00840_P01082,5.974817322950393
M00841_P00655,6.260305232971409
M00841_P00662,0.0
M00841_P00666,0.0
M00841_P00668,5.918410680274151
M00841_P00669,6.220130593839575
M00841_P00673,6.839024369496348
M00841_P00674,5.995063247399917
M00841_P00863,0.0
M00841_P00880,6.2440189372701145
M00841_P00882,0.0
M00842_P00611,0.0
M00842_P00618,0.0
M00842_P00619,6.117030514960592
M00842_P00622,0.0
M00842_P01146,7.24363255568646
M00842_P01157,0.0
M00842_P01166,6.330398550906207
M00842_P01169,0.0
M00843_P00529,0.0
M00843_P00535,6.04374000571411
M00843_P00536,6.006643022271413
M00843_P00542,5.952091312225438
M00843_P00543,6.412036786534961
M00843_P00991,7.126909171621653
M00843_P00993,5.853948495560807
M00843_P00997,0.0
M00843_P01000,6.273812509328033
M00843_P01010,6.310444635343174
M00844_P00761,6.198931856243399
M00844_P00772,0.0
M00844_P01201,5.924994928192574
M00844_P01209,5.967134911847165
M00844_P01210,6.0345281864298945
M00844_P01211,0.0
M00844_P01214,5.959009924982453
M00845_P00108,5.8645819454835575
M00845_P00110,5.834695937817693
M00845_P00114,7.074042481838046
M00845_P00124,6.22893221405642
M00845_P00129,6.128186854898134
M00845_P00922,6.276479710159297
M00845_P00927,6.111826936546922
M00845_P00931,6.021984955384625
M00845_P00935,6.387915548939349
M00846_P00345,5.8611648550785365
M00846_P00347,6.184506402890436
M00846_P00351,6.510274700581482
M00846_P00353,5.847128706223913
M00846_P00359,6.208311824367282
M00846_P00362,5.799073542081482
M00846_P00705,6.03795835147681
M00846_P00707,0.0
M00846_P00716,0.0
M00846_P00718,0.0
M00846_P00724,0.0
M00846_P00728,6.570406059700236
M00847_P00478,5.877682658176849
M00847_P00479,6.757992926244995
M00847_P00486,0.0
M00847_P00491,6.106582061007731
M00847_P00529,0.0
M00847_P00535,0.0
M00847_P00536,0.0
M00847_P00542,0.0
M00847_P00543,6.4638336597388
M00848_P00807,6.237776638205085
M00848_P00812,7.127748464767581
M00848_P00819,0.0
M00848_P00826,0.0
M00848_P00827,7.017648829882041
M00848_P00940,6.002917578342012
M00848_P00948,6.324854765796095
M00848_P00950,6.277042792597586
M00848_P00951,6.391179801919019
M00848_P00959,0.0
M00848_P00962,7.073815978309793
M00849_P00079,6.598121863011211
M00849_P00082,0.0
M00849_P00087,5.989275097837788
M00849_P00097,6.359190161999963
M00849_P00102,0.0
M00849_P01120,6.03475996923826
M00850_P00761,6.3925957686805495
M00850_P00772,0.0
M00850_P01041,0.0
M00850_P01042,0.0
M00850_P01048,6.207347811724455
M00850_P01049,7.37559842187045
M00850_P01051,0.0
M00850_P01055,5.793115693838456
M00850_P01063,0.0
M00850_P01064,5.924510219749204
M00851_P00266,6.254623216848383
M00851_P00271,6.179448121777593
M00851_P00278,6.989343631134364
M00851_P00286,6.406719084128434
M00851_P00761,6.163245657054768
M00851_P00772,5.926206754661223
M00852_P00313,0.0
M00852_P00324,0.0
M00852_P00329,6.008662437346485
M00852_P00333,0.0
M00852_P00334,0.0
M00852_P00705,5.971694122569643
M00852_P00707,6.270990125158962
M00852_P00716,6.313854422325883
M00852_P00718,7.340747816150867
M00852_P00724,0.0
M00852_P00728,6.173673022045216
M00853_P00515,5.799156476939142
M00853_P01070,5.946919523007824
M00853_P01074,6.226522452383215
M00853_P01082,5.777611768602783
M00854_P00136,7.149121735623275
M00854_P00141,7.1792118146508095
M00854_P00148,0.0
M00854_P00156,6.582371347573485
M00854_P01099,6.290783431950875
M00854_P01107,0.0
M00854_P01108,6.7157516771279875
M00854_P01109,6.175206173743295
M00854_P01114,6.537338156931888
M00854_P01118,0.0
M00855_P00136,7.145369503508953
M00855_P00141,7.08369467750877
M00855_P00148,5.892327778605814
M00855_P00156,0.0
M00855_P00625,0.0
M00855_P00630,5.9930978821428145
M00855_P00632,6.2333377709512865
M00855_P00635,0.0
M00855_P00644,6.398863845010267
M00855_P00645,0.0
M00855_P00650,6.1174935914900495
M00856_P00079,0.0
M00856_P00082,6.3052465434174945
M00856_P00087,5.948689467346232
M00856_P00097,6.4197886266965245
M00856_P00102,5.962861912654587
M00856_P00678,5.995666179591039
M00856_P00679,0.0
M00856_P00680,0.0
M00856_P00681,6.135684342976661
M00856_P00683,0.0
M00856_P00694,6.3516600961754595
M00857_P01146,7.239107459538778
M00857_P01157,5.971168286275426
M00857_P01166,6.362652404818693
M00857_P01169,6.224681088148845
M00857_P01201,0.0
M00857_P01209,0.0
M00857_P01210,0.0
M00857_P01211,0.0
M00857_P01214,0.0
M00858_P00705,0.0
M00858_P00707,6.411184571802245
M00858_P00716,0.0
M00858_P00718,0.0
M00858_P00724,0.0
M00858_P00728,6.201501302388403
M00858_P01099,0.0
M00858_P01107,0.0
M00858_P01108,6.826341631172987
M00858_P01109,0.0
M00858_P01114,6.425657505332957
M00858_P01118,0.0
M00859_P00011,0.0
M00859_P00024,0.0
M00859_P00368,0.0
M00859_P00372,0.0
M00859_P00378,6.0169536207725915
M00859_P00382,5.935401277480414
M00859_P00383,0.0
M00860_P00209,6.093618334837714
M00860_P00210,0.0
M00860_P00211,0.0
M00860_P00219,6.034169104425682
M00860_P00221,0.0
M00860_P00222,6.379014921105535
M00860_P00232,6.088099940323708
M00860_P00234,0.0
M00860_P00991,7.247229536495405
M00860_P00993,0.0
M00860_P00997,5.783704707373742
M00860_P01000,6.241543318397921
M00860_P01010,0.0
M00861_P00011,0.0
M00861_P00024,0.0
M00861_P00032,0.0
M00861_P00044,6.890632468215616
M00861_P00045,0.0
M00861_P00050,0.0
M00861_P00052,6.373882753611676
M00862_P00185,0.0
M00862_P00193,6.375355343117266
M00862_P00197,6.058154488157181
M00862_P00199,6.006556551512912
M00862_P00200,5.998064378932771
M00862_P00732,0.0
M00862_P00738,5.837725235412095
M00862_P00742,0.0
M00862_P00744,5.995506260218495
M00862_P00747,0.0
M00862_P00753,5.956933492416669
M00863_P00108,0.0
M00863_P00110,5.938281747895839
M00863_P00114,7.1479803097741215
M00863_P00124,0.0
M00863_P00129,6.103715975412756
M00863_P00782,0.0
M00863_P00786,0.0
M00863_P00788,0.0
M00863_P00797,6.386895012713782
M00863_P00803,0.0
M00864_P00136,7.190897868008817
M00864_P00141,0.0
M00864_P00148,5.838562792919046
M00864_P00156,0.0
M00864_P01223,0.0
M00864_P01234,0.0
M00864_P01236,0.0
M00864_P01241,6.596574519487099
M00864_P01242,6.204217612394625
M00865_P00529,0.0
M00865_P00535,0.0
M00865_P00536,5.967618912895557
M00865_P00542,5.8013813227427375
M00865_P00543,6.647659362471538
M00865_P00625,6.054438013307914
M00865_P00630,0.0
M00865_P00632,6.175356494761369
M00865_P00635,6.230270470176326
M00865_P00644,0.0
M00865_P00645,0.0
M00865_P00650,6.426212854439352
M00866_P00209,0.0
M00866_P00210,7.175681759565936
M00866_P00211,0.0
M00866_P00219,6.025721145325379
M00866_P00221,6.284385675504441
M00866_P00222,0.0
M00866_P00232,0.0
M00866_P00234,7.428826051676605
M00866_P00625,0.0
M00866_P00630,5.8752261176134954
M00866_P00632,6.25720315301665
M00866_P00635,0.0
M00866_P00644,0.0
M00866_P00645,6.818044157475102
M00866_P00650,0.0
M00867_P00108,0.0
M00867_P00110,5.858336078117768
M00867_P00114,7.276693507669506
M00867_P00124,6.216039465575321
M00867_P00129,6.006651224306839
M00867_P00888,6.065454399891149
M00867_P00889,0.0
M00867_P00893,5.994638964547056
M00867_P00894,6.33651291409813
M00867_P00895,6.423432695243589
M00867_P00901,0.0
M00867_P00909,0.0
M00868_P01020,0.0
M00868_P01034,5.958436356703424
M00868_P01037,0.0
M00868_P01038,6.308263982942455
M00868_P01099,0.0
M00868_P01107,5.848886423753955
M00868_P01108,0.0
M00868_P01109,6.589254919002367
M00868_P01114,6.196457222873683
M00868_P01118,0.0
M00869_P00574,0.0
M00869_P00579,6.216250137594419
M00869_P00582,6.222960767021131
M00869_P00584,6.572151188210992
M00869_P00586,5.8186369433458545
M00869_P00590,6.802853472163125
M00869_P01223,0.0
M00869_P01234,0.0
M00869_P01236,5.930897443580245
M00869_P01241,6.190087169017356
M00869_P01242,5.869326195381598
M00870_P00678,0.0
M00870_P00679,7.048679430239216
M00870_P00680,5.841813426163047
M00870_P00681,5.9321526577558465
M00870_P00683,0.0
M00870_P00694,0.0
M00870_P01041,0.0
M00870_P01042,5.836572764206431
M00870_P01048,0.0
M00870_P01049,7.16257266149369
M00870_P01051,0.0
M00870_P01055,0.0
M00870_P01063,5.888587864808299
M00870_P01064,5.8578727517929785
M00871_P00136,7.1782946085485895
M00871_P00141,7.236359000170403
M00871_P00148,5.806626195420561
M00871_P00156,6.483246916088312
M00871_P00345,0.0
M00871_P00347,0.0
M00871_P00351,0.0
M00871_P00353,0.0
M00871_P00359,6.356839271476554
M00871_P00362,0.0
M00872_P00185,0.0
M00872_P00193,0.0
M00872_P00197,6.03300220130897
M00872_P00199,0.0
M00872_P00200,6.1068810641557185
M00872_P00991,7.175156441669938
M00872_P00993,0.0
M00872_P00997,5.820123714322784
M00872_P01000,6.226213171765794
M00872_P01010,6.191176797597417
M00873_P00574,0.0
M00873_P00579,0.0
M00873_P00582,0.0
M00873_P00584,6.3952743403131525
M00873_P00586,6.408204329558181
M00873_P00590,7.111713634985427
M00873_P00732,5.838037131985205
M00873_P00738,5.643808874756525
M00873_P00742,0.0
M00873_P00744,5.8836163936965775
M00873_P00747,7.164716139305366
M00873_P00753,6.16153425214882
M00874_P00391,0.0
M00874_P00399,0.0
M00874_P00410,0.0
M00874_P00416,6.399161398912347
M00874_P00478,5.85737612910178
M00874_P00479,0.0
M00874_P00486,6.200640722039465
M00874_P00491,0.0
M00875_P00391,0.0
M00875_P00399,0.0
M00875_P00410,6.583306979330643
M00875_P00416,0.0
M00875_P00940,5.934505110699359
M00875_P00948,0.0
M00875_P00950,6.342082011107468
M00875_P00951,6.194563701522675
M00875_P00959,5.846483196386851
M00875_P00962,0.0
M00876_P00032,6.68695042339532
M00876_P00044,6.529950887218618
M00876_P00045,5.865311153287227
M00876_P00050,0.0
M00876_P00052,0.0
M00876_P01146,0.0
M00876_P01157,5.972862862869734
M00876_P01166,0.0
M00876_P01169,6.0686014570509785
M00877_P00345,0.0
M00877_P00347,0.0
M00877_P00351,6.441282359764314
M00877_P00353,6.013565513976829
M00877_P00359,0.0
M00877_P00362,0.0
M00877_P00888,0.0
M00877_P00889,5.914913140473866
M00877_P00893,6.2444666810970695
M00877_P00894,6.201009641650001
M00877_P00895,0.0
M00877_P00901,7.127641204315929
M00877_P00909,0.0
M00878_P00655,6.169979345276745
M00878_P00662,0.0
M00878_P00666,0.0
M00878_P00668,5.922879118430942
M00878_P00669,6.132957437254784
M00878_P00673,0.0
M00878_P00674,0.0
M00878_P01223,5.962134834871765
M00878_P01234,0.0
M00878_P01236,0.0
M00878_P01241,6.345158222856054
M00878_P01242,6.167783667251866
M00879_P00391,0.0
M00879_P00399,0.0
M00879_P00410,0.0
M00879_P00416,6.424643614465485
M00879_P00835,0.0
M00879_P00840,6.096245213765432
M00879_P00844,5.85800567314029
M00879_P00847,6.013677531720281
M00879_P00848,5.884004057463847
M00879_P00856,6.6160812783261145
M00880_P00391,5.885732467702912
M00880_P00399,0.0
M00880_P00410,6.269240034071633
M00880_P00416,0.0
M00880_P00835,0.0
M00880_P00840,0.0
M00880_P00844,5.8249355581730295
M00880_P00847,5.854486149104406
M00880_P00848,0.0
M00880_P00856,0.0
M00881_P00011,0.0
M00881_P00024,6.003436655542106
M00881_P00863,0.0
M00881_P00880,6.294395616159686
M00881_P00882,0.0
M00882_P00209,0.0
M00882_P00210,7.05850625349156
M00882_P00211,0.0
M00882_P00219,5.912094153882865
M00882_P00221,6.331921415927458
M00882_P00222,6.248322265253499
M00882_P00232,0.0
M00882_P00234,7.0900382662403665
M00882_P00655,0.0
M00882_P00662,5.848727677310656
M00882_P00666,6.257910149758938
M00882_P00668,0.0
M00882_P00669,6.204196934899906
M00882_P00673,6.4915623313952375
M00882_P00674,5.975389285821878
M00883_P00611,5.9300035581880515
M00883_P00618,6.335414229851853
M00883_P00619,0.0
M00883_P00622,6.065273929030207
M00883_P00922,6.654566800876514
M00883_P00927,0.0
M00883_P00931,5.957637734457924
M00883_P00935,6.247017811647657
M00884_P00108,5.811982943023152
M00884_P00110,0.0
M00884_P00114,7.079434958064118
M00884_P00124,0.0
M00884_P00129,5.887761200747671
M00884_P00782,0.0
M00884_P00786,0.0
M00884_P00788,6.772287867946427
M00884_P00797,0.0
M00884_P00803,6.936429229221876
M00885_P00011,5.847859532359535
M00885_P00024,5.890933493692659
M00885_P00443,0.0
M00885_P00448,0.0
M00885_P00452,0.0
M00885_P00462,6.319015637321261
M00885_P00463,0.0
M00885_P00465,0.0
M00885_P00468,0.0
M00886_P00079,0.0
M00886_P00082,0.0
M00886_P00087,6.201752476839781
M00886_P00097,6.465192446087775
M00886_P00102,5.998736658093594
M00886_P00678,5.91767188423951
M00886_P00679,0.0
M00886_P00680,5.878176182130643
M00886_P00681,0.0
M00886_P00683,0.0
M00886_P00694,0.0
M00887_P01041,0.0
M00887_P01042,5.969418501361467
M00887_P01048,6.305985781874732
M00887_P01049,7.262302880658815
M00887_P01051,0.0
M00887_P01055,5.979360299709698
M00887_P01063,0.0
M00887_P01064,6.070876192405367
M00887_P01201,0.0
M00887_P01209,5.7835314484904385
M00887_P01210,0.0
M00887_P01211,6.734538424397359
M00887_P01214,5.9792318808281975
M00888_P00705,0.0
M00888_P00707,6.364552852193168
M00888_P00716,0.0
M00888_P00718,6.827727489301959
M00888_P00724,6.072462977605103
M00888_P00728,6.538906585896234
M00888_P01177,6.160686351344116
M00888_P01182,0.0
M00888_P01184,0.0
M00888_P01193,5.7997773271754385
M00888_P01196,0.0
M00889_P00888,0.0
M00889_P00889,0.0
M00889_P00893,5.925358819804937
M00889_P00894,6.200926240733114
M00889_P00895,6.283334701163211
M00889_P00901,6.966635481121579
M00889_P00909,6.156113289223744
M00889_P01041,0.0
M00889_P01042,0.0
M00889_P01048,0.0
M00889_P01049,0.0
M00889_P01051,6.199076038102456
M00889_P01055,0.0
M00889_P01063,6.064964282646587
M00889_P01064,0.0
M00890_P00136,7.292342532266684
M00890_P00141,7.248268048553557
M00890_P00148,5.922783897054819
M00890_P00156,6.336656369674419
M00890_P00443,0.0
M00890_P00448,0.0
M00890_P00452,5.911260017145131
M00890_P00462,0.0
M00890_P00463,6.240240349828381
M00890_P00465,6.21396539430776
M00890_P00468,6.2352652463827365
M00891_P00345,0.0
M00891_P00347,0.0
M00891_P00351,6.372732631451491
M00891_P00353,5.917386055632615
M00891_P00359,6.267746690583358
M00891_P00362,0.0
M00891_P00835,6.1975800225093876
M00891_P00840,0.0
M00891_P00844,5.872348355755036
M00891_P00847,6.076610688771828
M00891_P00848,0.0
M00891_P00856,6.237150042926972
M00892_P00655,6.3735027483101145
M00892_P00662,6.0201585122244206
M00892_P00666,6.258072370930713
M00892_P00668,6.287721597586769
M00892_P00669,6.265504455753384
M00892_P00673,6.4405549503233726
M00892_P00674,0.0
M00892_P00991,0.0
M00892_P00993,0.0
M00892_P00997,0.0
M00892_P01000,6.2345512340720415
M00892_P01010,0.0
M00893_P00515,0.0
M00893_P01177,6.274367461241465
M00893_P01182,5.8351508883526915
M00893_P01184,0.0
M00893_P01193,0.0
M00893_P01196,6.294525229108114
M00894_P00079,0.0
M00894_P00082,6.332607969776255
M00894_P00087,6.093467455773867
M00894_P00097,6.475371142953068
M00894_P00102,0.0
M00894_P00423,6.672007876372911
M00894_P00424,5.850860453018921
M00894_P00425,0.0
M00894_P00426,6.194395608431795
M00894_P00431,5.832329961076179
M00894_P00436,0.0
M00894_P00440,5.967633031336961
M00895_P00185,0.0
M00895_P00193,0.0
M00895_P00197,0.0
M00895_P00199,6.153303260311031
M00895_P00200,6.0298087152838935
M00895_P00782,0.0
M00895_P00786,0.0
M00895_P00788,0.0
M00895_P00797,6.245336318062837
M00895_P00803,6.472867171273453
M00896_P00515,5.901268728847536
M00896_P01120,0.0
M00897_P00011,5.834098065357224
M00897_P00024,0.0
M00897_P00185,0.0
M00897_P00193,6.355680881239586
M00897_P00197,6.002959409442944
M00897_P00199,5.972546952386972
M00897_P00200,6.061630515726679
M00898_P00011,0.0
M00898_P00024,5.9692564449142225
M00898_P01146,7.148293460576441
M00898_P01157,0.0
M00898_P01166,6.284067594519518
M00898_P01169,0.0
M00899_P00574,5.767161149456171
M00899_P00579,0.0
M00899_P00582,6.246771279346552
M00899_P00584,0.0
M00899_P00586,5.91796521512684
M00899_P00590,6.686361110335383
M00899_P00888,0.0
M00899_P00889,6.09529832740192
M00899_P00893,0.0
M00899_P00894,6.242412991442976
M00899_P00895,6.227085581074034
M00899_P00901,7.2729846560675036
M00899_P00909,0.0
M00900_P00266,0.0
M00900_P00271,0.0
M00900_P00278,6.74764745945527
M00900_P00286,0.0
M00900_P00625,0.0
M00900_P00630,0.0
M00900_P00632,6.437686808080858
M00900_P00635,6.458932920417951
M00900_P00644,0.0
M00900_P00645,0.0
M00900_P00650,6.284176523122961
M00901_P00185,0.0
M00901_P00193,6.406004739526438
M00901_P00197,6.018828288571315
M00901_P00199,0.0
M00901_P00200,6.081342037096084
M00901_P01201,5.83388022141992
M00901_P01209,5.86249025657058
M00901_P01210,0.0
M00901_P01211,0.0
M00901_P01214,0.0
M00902_P00549,5.847827501461833
M00902_P00552,5.919624523072981
M00902_P00554,0.0
M00902_P00561,0.0
M00902_P00562,0.0
M00902_P00568,5.954627490598081
M00902_P00732,5.841380379651664
M00902_P00738,0.0
M00902_P00742,0.0
M00902_P00744,5.925063573283299
M00902_P00747,7.362130397362635
M00902_P00753,5.958115587704215
M00903_P00423,6.911276822295895
M00903_P00424,0.0
M00903_P00425,6.376846676318048
M00903_P00426,0.0
M00903_P00431,0.0
M00903_P00436,0.0
M00903_P00440,6.021152482090456
M00903_P01201,5.865937450558167
M00903_P01209,0.0
M00903_P01210,0.0
M00903_P01211,0.0
M00903_P01214,5.9077148537118545
M00904_P00761,0.0
M00904_P00772,5.949732907098943
M00904_P00807,0.0
M00904_P00812,7.281608831137511
M00904_P00819,5.975487669809825
M00904_P00826,6.380905226126066
M00904_P00827,0.0
M00905_P00079,0.0
M00905_P00082,0.0
M00905_P00087,5.9774657975728855
M00905_P00097,6.524283971884257
M00905_P00102,6.035978836280519
M00905_P00835,6.2896801833801925
M00905_P00840,0.0
M00905_P00844,5.8635295869009925
M00905_P00847,5.890990172796845
M00905_P00848,5.98784010904105
M00905_P00856,0.0
M00906_P00266,6.385824493259742
M00906_P00271,0.0
M00906_P00278,7.01034602279865
M00906_P00286,6.400609560699859
M00906_P00611,5.905198133343379
M00906_P00618,6.350983890443764
M00906_P00619,0.0
M00906_P00622,5.9723914438547325
M00907_P00940,0.0
M00907_P00948,6.325732818517578
M00907_P00950,0.0
M00907_P00951,6.403356659180751
M00907_P00959,0.0
M00907_P00962,6.700843650379115
M00907_P01146,0.0
M00907_P01157,5.958002865600066
M00907_P01166,6.202068159758653
M00907_P01169,5.964650310859176
M00908_P00368,5.946877807729871
M00908_P00372,0.0
M00908_P00378,0.0
M00908_P00382,0.0
M00908_P00383,6.074778593717334
M00908_P00863,5.7719569703196045
M00908_P00880,6.4162735465592124
M00908_P00882,6.717630899969484
M00909_P00011,0.0
M00909_P00024,0.0
M00909_P00423,6.816234687548131
M00909_P00424,0.0
M00909_P00425,0.0
M00909_P00426,0.0
M00909_P00431,5.784350695397292
M00909_P00436,6.192440834078018
M00909_P00440,6.03745171889252
M00910_P00611,0.0
M00910_P00618,0.0
M00910_P00619,0.0
M00910_P00622,0.0
M00910_P00655,0.0
M00910_P00662,5.871231959206525
M00910_P00666,0.0
M00910_P00668,0.0
M00910_P00669,6.628476415260637
M00910_P00673,6.652431126066785
M00910_P00674,6.037024255669334
M00911_P00055,0.0
M00911_P00057,5.860697385328264
M00911_P00059,6.229204858190272
M00911_P00064,0.0
M00911_P00066,7.115665387441692
M00911_P00071,6.180394893648524
M00911_P00077,0.0
M00911_P00940,5.893952629972441
M00911_P00948,0.0
M00911_P00950,6.237110074063209
M00911_P00951,6.317581942139895
M00911_P00959,5.858227361994175
M00911_P00962,7.0846485965277335
M00912_P00368,5.854163198979582
M00912_P00372,6.951022342766166
M00912_P00378,5.8298138673802855
M00912_P00382,5.932651808785491
M00912_P00383,0.0
M00912_P00549,5.770399527583481
M00912_P00552,5.873169173697969
M00912_P00554,6.14380492808258
M00912_P00561,7.4710194272827835
M00912_P00562,5.900536794461294
M00912_P00568,0.0
M00913_P00529,5.988581937808078
M00913_P00535,0.0
M00913_P00536,5.915679906278583
M00913_P00542,5.959143622011889
M00913_P00543,0.0
M00913_P01201,5.8449475586119775
M00913_P01209,6.002778915547785
M00913_P01210,5.899334237108972
M00913_P01211,0.0
M00913_P01214,5.88153189657827
M00914_P00611,0.0
M00914_P00618,6.56945033047505
M00914_P00619,5.907724960370675
M00914_P00622,5.929925445713733
M00914_P00940,5.914612530222216
M00914_P00948,6.349903323207313
M00914_P00950,6.3182680330417895
M00914_P00951,6.353251045715737
M00914_P00959,5.934936005267787
M00914_P00962,6.846199666857535
M00915_P00287,0.0
M00915_P00290,6.13447796882852
M00915_P00291,0.0
M00915_P00295,7.1881136054271835
M00915_P00297,0.0
M00915_P00298,5.847526631906526
M00915_P00299,5.8100952823617265
M00915_P00304,0.0
M00915_P00307,0.0
M00915_P00309,6.290018006502319
M00915_P00310,6.181136602502472
M00915_P00391,0.0
M00915_P00399,0.0
M00915_P00410,0.0
M00915_P00416,6.226519661015124
M00916_P00108,5.9108429987885165
M00916_P00110,5.828753540617459
M00916_P00114,7.266534978772291
M00916_P00124,6.151255934073032
M00916_P00129,0.0
M00916_P00655,0.0
M00916_P00662,5.948052159222927
M00916_P00666,6.593318281649394
M00916_P00668,0.0
M00916_P00669,0.0
M00916_P00673,6.2915484347882105
M00916_P00674,0.0
M00917_P00515,0.0
M00917_P00549,0.0
M00917_P00552,0.0
M00917_P00554,0.0
M00917_P00561,7.3493299645067705
M00917_P00562,6.041448521065531
M00917_P00568,0.0
M00918_P00011,5.962832070080469
M00918_P00024,6.038812528390768
M00918_P00625,6.167342940819667
M00918_P00630,5.869896667826897
M00918_P00632,6.232769689123544
M00918_P00635,6.233135810954442
M00918_P00644,6.240511271718226
M00918_P00645,0.0
M00918_P00650,6.080451881788087
M00919_P00515,5.705361980129143
M00919_P00940,5.814320889322521
M00919_P00948,0.0
M00919_P00950,0.0
M00919_P00951,6.2082297414711505
M00919_P00959,0.0
M00919_P00962,6.629428016814462
M00920_P00611,5.953399518301694
M00920_P00618,6.369279088665492
M00920_P00619,0.0
M00920_P00622,0.0
M00920_P00761,6.171378543129076
M00920_P00772,5.816979257154815
M00921_P00313,0.0
M00921_P00324,6.342731440053171
M00921_P00329,5.879863593830153
M00921_P00333,6.488468539256288
M00921_P00334,0.0
M00921_P01223,5.813741213616479
M00921_P01234,6.666125456996921
M00921_P01236,5.849961324949485
M00921_P01241,0.0
M00921_P01242,5.749898248131539
M00922_P00011,0.0
M00922_P00024,6.171305830221906
M00922_P00241,6.01814760312746
M00922_P00244,0.0
M00922_P00245,6.380656893217995
M00922_P00248,6.505206356550323
M00922_P00255,0.0
M00922_P00260,6.791494867647153
M00923_P00368,5.927496732784641
M00923_P00372,6.981407813045858
M00923_P00378,6.487890801669876
M00923_P00382,6.022620997659844
M00923_P00383,5.955905240893443
M00923_P00922,6.202114328395465
M00923_P00927,5.8369489385739435
M00923_P00931,5.895953650497548
M00923_P00935,0.0
M00924_P00011,5.838406561042832
M00924_P00024,6.05549234148715
M00924_P00549,5.984263903158416
M00924_P00552,0.0
M00924_P00554,6.366448261802223
M00924_P00561,7.228928428813394
M00924_P00562,5.948126050061344
M00924_P00568,0.0
M00925_P01201,5.849900280758084
M00925_P01209,5.811246490921208
M00925_P01210,5.918696867397349
M00925_P01211,6.923227120590028
M00925_P01214,0.0
M00925_P01223,5.8895924400736925
M00925_P01234,6.6915212667329
M00925_P01236,5.893223628785274
M00925_P01241,6.3335321738164225
M00925_P01242,5.822021810955459
M00926_P00345,6.00810444900619
M00926_P00347,6.58205942056747
M00926_P00351,6.315345640802963
M00926_P00353,0.0
M00926_P00359,6.557976356237591
M00926_P00362,6.017280703575118
M00926_P00888,0.0
M00926_P00889,5.884634423584064
M00926_P00893,5.799184024439579
M00926_P00894,0.0
M00926_P00895,0.0
M00926_P00901,0.0
M00926_P00909,6.199980562529382
M00927_P00079,6.663200598170159
M00927_P00082,0.0
M00927_P00087,0.0
M00927_P00097,0.0
M00927_P00102,0.0
M00927_P00807,0.0
M00927_P00812,0.0
M00927_P00819,0.0
M00927_P00826,6.401580884959167
M00927_P00827,6.940276828583342
M00928_P00055,0.0
M00928_P00057,5.8866428359007426
M00928_P00059,6.225256083513857
M00928_P00064,5.899746753499735
M00928_P00066,7.153172846478947
M00928_P00071,0.0
M00928_P00077,6.24826623319024
M00928_P00136,7.206743831445186
M00928_P00141,7.2493464890363795
M00928_P00148,6.3584989058533266
M00928_P00156,0.0
M00929_P00611,0.0
M00929_P00618,0.0
M00929_P00619,5.811473244074207
M00929_P00622,0.0
M00929_P01146,7.218047729605751
M00929_P01157,5.9588701809310844
M00929_P01166,0.0
M00929_P01169,5.998237406973885
M00930_P00157,5.888148016747268
M00930_P00159,0.0
M00930_P00164,0.0
M00930_P00169,0.0
M00930_P00171,6.265462364763699
M00930_P00175,0.0
M00930_P00965,6.484655703676244
M00930_P00966,0.0
M00930_P00975,6.820004491368542
M00930_P00978,0.0
M00930_P00980,0.0
M00930_P00986,0.0
M00931_P00655,6.271330425104443
M00931_P00662,5.777433506504398
M00931_P00666,0.0
M00931_P00668,0.0
M00931_P00669,6.1596221427875815
M00931_P00673,6.29270710884915
M00931_P00674,0.0
M00931_P01041,0.0
M00931_P01042,5.962711792894656
M00931_P01048,6.221694198505679
M00931_P01049,7.244315762065826
M00931_P01051,6.191860219483397
M00931_P01055,0.0
M00931_P01063,6.018334834891735
M00931_P01064,0.0
M00932_P00705,0.0
M00932_P00707,6.407436545562931
M00932_P00716,6.548310572861223
M00932_P00718,7.12276423715622
M00932_P00724,0.0
M00932_P00728,0.0
M00932_P01120,5.8702982213494375
M00933_P00423,0.0
M00933_P00424,5.843975469698011
M00933_P00425,6.15865453703746
M00933_P00426,5.684499536500861
M00933_P00431,5.818578506105643
M00933_P00436,6.167532215282678
M00933_P00440,0.0
M00933_P00478,6.069074218043576
M00933_P00479,0.0
M00933_P00486,6.633150173378728
M00933_P00491,5.9718601070680375
M00934_P00529,0.0
M00934_P00535,5.867402294572131
M00934_P00536,0.0
M00934_P00542,6.0650042297246545
M00934_P00543,0.0
M00934_P01146,0.0
M00934_P01157,5.9307595009617655
M00934_P01166,0.0
M00934_P01169,6.11884792872257
M00935_P00368,5.837438400190637
M00935_P00372,0.0
M00935_P00378,5.887317086399
M00935_P00382,0.0
M00935_P00383,6.071148819321097
M00935_P00443,0.0
M00935_P00448,5.83191906562446
M00935_P00452,5.997702872047615
M00935_P00462,6.3973159476212675
M00935_P00463,6.363715432334569
M00935_P00465,6.541426345774892
M00935_P00468,6.361152094724626
M00936_P00209,5.905488192190779
M00936_P00210,0.0
M00936_P00211,0.0
M00936_P00219,5.897940178242707
M00936_P00221,6.245035432601288
M00936_P00222,6.433388561411791
M00936_P00232,0.0
M00936_P00234,7.442827384105509
M00936_P00991,7.154187939226902
M00936_P00993,5.8457539107808785
M00936_P00997,0.0
M00936_P01000,6.291294211296806
M00936_P01010,0.0
M00937_P00157,5.851168476038551
M00937_P00159,0.0
M00937_P00164,6.40208035601724
M00937_P00169,6.014041344032084
M00937_P00171,6.61580120627603
M00937_P00175,0.0
M00937_P00287,0.0
M00937_P00290,5.83628967262037
M00937_P00291,5.762196331948079
M00937_P00295,0.0
M00937_P00297,5.8679885212112675
M00937_P00298,5.928654928643368
M00937_P00299,0.0
M00937_P00304,5.902912948023116
M00937_P00307,6.296911305910754
M00937_P00309,6.866442363976698
M00937_P00310,6.240091153442832
M00938_P00529,5.942400459877718
M00938_P00535,5.952905223876773
M00938_P00536,5.8203838449576075
M00938_P00542,0.0
M00938_P00543,6.522222506186674
M00938_P00705,0.0
M00938_P00707,0.0
M00938_P00716,6.303123438704966
M00938_P00718,0.0
M00938_P00724,0.0
M00938_P00728,0.0
M00939_P00345,5.86786844447817
M00939_P00347,0.0
M00939_P00351,0.0
M00939_P00353,5.948039673759936
M00939_P00359,6.28024738123131
M00939_P00362,6.1192032350682855
M00939_P00761,0.0
M00939_P00772,6.008430238027043
M00940_P00185,5.910616141682507
M00940_P00193,6.2466003354900606
M00940_P00197,0.0
M00940_P00199,5.863650148912714
M00940_P00200,0.0
M00940_P00423,0.0
M00940_P00424,5.855325717586833
M00940_P00425,6.261129204850143
M00940_P00426,5.852045411006448
M00940_P00431,5.8167031971840935
M00940_P00436,0.0
M00940_P00440,5.897834156602917
M00941_P00515,6.02882447290282
M00941_P01120,0.0
M00942_P00345,0.0
M00942_P00347,6.257764106424735
M00942_P00351,6.88649679324439
M00942_P00353,5.87008648074349
M00942_P00359,0.0
M00942_P00362,5.892261737734594
M00942_P00549,0.0
M00942_P00552,0.0
M00942_P00554,0.0
M00942_P00561,7.358236306782626
M00942_P00562,5.842948061363265
M00942_P00568,5.940340779361186
M00943_P00391,0.0
M00943_P00399,6.2939204952873045
M00943_P00410,0.0
M00943_P00416,0.0
M00943_P01177,6.410222065125698
M00943_P01182,0.0
M00943_P01184,6.012216307767856
M00943_P01193,5.989141556261268
M00943_P01196,0.0
M00944_P00079,0.0
M00944_P00082,0.0
M00944_P00087,6.038786812983885
M00944_P00097,6.475189762736383
M00944_P00102,6.1003696346784295
M00944_P00835,6.192830642558299
M00944_P00840,5.819963253444913
M00944_P00844,5.942407636391191
M00944_P00847,0.0
M00944_P00848,5.915332410201965
M00944_P00856,6.193543737177085
M00945_P00287,0.0
M00945_P00290,6.011563168672793
M00945_P00291,6.02417695387868
M00945_P00295,0.0
M00945_P00297,5.9750390980141095
M00945_P00298,5.986944052631236
M00945_P00299,0.0
M00945_P00304,0.0
M00945_P00307,6.528905807358849
M00945_P00309,6.5872646497627025
M00945_P00310,0.0
M00945_P00423,6.7634085448970325
M00945_P00424,0.0
M00945_P00425,0.0
M00945_P00426,5.8239270249276665
M00945_P00431,0.0
M00945_P00436,0.0
M00945_P00440,5.8283694778713055
M00946_P00732,5.997891914043147
M00946_P00738,0.0
M00946_P00742,0.0
M00946_P00744,5.991937155032156
M00946_P00747,7.481801041778621
M00946_P00753,6.0925046573985995
M00946_P00940,0.0
M00946_P00948,6.310436083382902
M00946_P00950,6.144972129385609
M00946_P00951,6.238291670233472
M00946_P00959,0.0
M00946_P00962,7.009386970998684
M00947_P00157,0.0
M00947_P00159,0.0
M00947_P00164,0.0
M00947_P00169,5.804873054471076
M00947_P00171,0.0
M00947_P00175,6.18744703846005
M00947_P00782,0.0
M00947_P00786,5.803733600036151
M00947_P00788,0.0
M00947_P00797,6.10788060490103
M00947_P00803,0.0
M00948_P00011,0.0
M00948_P00024,5.825770063015906
M00948_P00185,0.0
M00948_P00193,6.3790232960095
M00948_P00197,5.985337721052076
M00948_P00199,0.0
M00948_P00200,0.0
M00949_P00209,0.0
M00949_P00210,7.0417086314855855
M00949_P00211,0.0
M00949_P00219,0.0
M00949_P00221,6.154645776152723
M00949_P00222,0.0
M00949_P00232,0.0
M00949_P00234,7.143817446078652
M00949_P00345,5.987569265764204
M00949_P00347,6.372853891462079
M00949_P00351,6.472757809262216
M00949_P00353,5.952354129482903
M00949_P00359,6.385857912591571
M00949_P00362,5.940566854735901
M00950_P01041,0.0
M00950_P01042,6.013956923759555
M00950_P01048,6.322896790078048
M00950_P01049,0.0
M00950_P01051,6.227590332158522
M00950_P01055,5.96534986188903
M00950_P01063,6.033643276669756
M00950_P01064,6.197000573094348
M00950_P01120,0.0
M00951_P00965,0.0
M00951_P00966,5.952686846351391
M00951_P00975,6.94952627021999
M00951_P00978,6.870145559613584
M00951_P00980,0.0
M00951_P00986,6.885756095020259
M00951_P00991,7.139895422550794
M00951_P00993,5.780044181603785
M00951_P00997,5.8136798214113705
M00951_P01000,0.0
M00951_P01010,6.215896580714175
M00952_P00032,6.9165765329695565
M00952_P00044,7.139425960903994
M00952_P00045,6.0151229357491385
M00952_P00050,6.450968513756873
M00952_P00052,0.0
M00952_P00136,0.0
M00952_P00141,7.243398356801653
M00952_P00148,5.7932287015007065
M00952_P00156,6.354904724285987
M00953_P00136,7.195320403107491
M00953_P00141,0.0
M00953_P00148,6.022668267234343
M00953_P00156,0.0
M00953_P00209,0.0
M00953_P00210,0.0
M00953_P00211,5.835019530701605
M00953_P00219,0.0
M00953_P00221,6.195136852060815
M00953_P00222,6.304392080160731
M00953_P00232,5.873705469931732
M00953_P00234,0.0
M00954_P00055,5.912684094889011
M00954_P00057,0.0
M00954_P00059,6.27713017327604
M00954_P00064,5.924840638960227
M00954_P00066,0.0
M00954_P00071,6.802751174525805
M00954_P00077,0.0
M00954_P00782,0.0
M00954_P00786,5.8303800752006625
M00954_P00788,0.0
M00954_P00797,6.518433968986344
M00954_P00803,6.278190990045499
M00955_P00705,0.0
M00955_P00707,0.0
M00955_P00716,6.258335085110562
M00955_P00718,0.0
M00955_P00724,5.941649701281961
M00955_P00728,6.732568280442824
M00955_P00940,5.834473363970273
M00955_P00948,6.193044305819621
M00955_P00950,6.249993276202626
M00955_P00951,6.176229584427789
M00955_P00959,0.0
M00955_P00962,6.693202286409834
M00956_P00032,6.721319010305926
M00956_P00044,6.667678092278931
M00956_P00045,0.0
M00956_P00050,5.810435987284688
M00956_P00052,0.0
M00956_P00807,6.206720848814985
M00956_P00812,7.1984263775774
M00956_P00819,0.0
M00956_P00826,6.489991481161454
M00956_P00827,6.674023792232138
M00957_P00287,0.0
M00957_P00290,6.02066446519776
M00957_P00291,6.033911429951861
M00957_P00295,7.23965831496858
M00957_P00297,0.0
M00957_P00298,5.977137655819646
M00957_P00299,5.982935507766995
M00957_P00304,6.0239849448933125
M00957_P00307,6.426660030752114
M00957_P00309,6.411415002217838
M00957_P00310,0.0
M00957_P00611,0.0
M00957_P00618,0.0
M00957_P00619,0.0
M00957_P00622,0.0
M00958_P00443,0.0
M00958_P00448,0.0
M00958_P00452,5.978434863225049
M00958_P00462,0.0
M00958_P00463,6.602697630850912
M00958_P00465,6.309234790974396
M00958_P00468,6.70037259759598
M00958_P00478,5.907519337490099
M00958_P00479,6.693834976004255
M00958_P00486,6.211593820168066
M00958_P00491,5.855782199999886
M00959_P00055,0.0
M00959_P00057,6.297529348173663
M00959_P00059,6.383004662779607
M00959_P00064,0.0
M00959_P00066,7.111909102278789
M00959_P00071,6.339985827406841
M00959_P00077,6.368041768887498
M00959_P01041,0.0
M00959_P01042,5.793524492003844
M00959_P01048,6.152304313790921
M00959_P01049,7.266411770543304
M00959_P01051,6.116680921649847
M00959_P01055,0.0
M00959_P01063,5.984741057608677
M00959_P01064,5.755885542699373
M00960_P00478,5.8966559575130635
M00960_P00479,6.640107457322327
M00960_P00486,0.0
M00960_P00491,0.0
M00960_P01070,6.280783285381589
M00960_P01074,0.0
M00960_P01082,0.0
M00961_P00782,6.214624260167402
M00961_P00786,5.808759683103202
M00961_P00788,6.688334180566074
M00961_P00797,6.310072920087023
M00961_P00803,6.2693267228917655
M00961_P00922,0.0
M00961_P00927,5.8863423568040565
M00961_P00931,6.0013536756635375
M00961_P00935,0.0
M00962_P00443,0.0
M00962_P00448,5.734846105400157
M00962_P00452,5.963058005957573
M00962_P00462,0.0
M00962_P00463,0.0
M00962_P00465,6.841408860566524
M00962_P00468,6.228006500207524
M00962_P00655,0.0
M00962_P00662,6.034193767456179
M00962_P00666,6.849576930288555
M00962_P00668,6.0219292251881535
M00962_P00669,6.313359513103622
M00962_P00673,0.0
M00962_P00674,0.0
M00963_P00313,0.0
M00963_P00324,6.32689838139459
M00963_P00329,5.999039085071554
M00963_P00333,6.610010282203286
M00963_P00334,0.0
M00963_P01099,0.0
M00963_P01107,0.0
M00963_P01108,6.613649161588118
M00963_P01109,6.236403074698127
M00963_P01114,0.0
M00963_P01118,6.2778155249190934
M00964_P00888,0.0
M00964_P00889,5.891514734128221
M00964_P00893,5.788205773590526
M00964_P00894,6.256637414437182
M00964_P00895,6.134361487026504
M00964_P00901,0.0
M00964_P00909,6.210349061322045
M00964_P01041,0.0
M00964_P01042,0.0
M00964_P01048,0.0
M00964_P01049,0.0
M00964_P01051,6.300368823932611
M00964_P01055,0.0
M00964_P01063,5.943760907799991
M00964_P01064,6.043512775655727
M00965_P00625,0.0
M00965_P00630,5.956193007456985
M00965_P00632,6.183977855357806
M00965_P00635,0.0
M00965_P00644,6.888254746251301
M00965_P00645,0.0
M00965_P00650,0.0
M00965_P01201,0.0
M00965_P01209,0.0
M00965_P01210,0.0
M00965_P01211,6.854549924863312
M00965_P01214,6.088781086295258
M00966_P00807,6.212783888492453
M00966_P00812,0.0
M00966_P00819,5.918196958034612
M00966_P00826,6.208510316685127
M00966_P00827,0.0
M00966_P00888,6.076657074536836
M00966_P00889,5.877043496306337
M00966_P00893,0.0
M00966_P00894,0.0
M00966_P00895,0.0
M00966_P00901,7.666300470151266
M00966_P00909,0.0
M00967_P00443,6.429548234948541
M00967_P00448,5.7674013887478255
M00967_P00452,5.893588236593415
M00967_P00462,0.0
M00967_P00463,6.178133872659014
M00967_P00465,6.297691449602292
M00967_P00468,6.209592367907755
M00967_P00625,0.0
M00967_P00630,6.009090011621349
M00967_P00632,6.400860127195663
M00967_P00635,0.0
M00967_P00644,6.399634103060976
M00967_P00645,7.279717604586248
M00967_P00650,6.274478152342311
M00968_P00529,6.155282811117006
M00968_P00535,0.0
M00968_P00536,5.886746343455158
M00968_P00542,6.058890662056461
M00968_P00543,0.0
M00968_P01020,0.0
M00968_P01034,5.823622903007207
M00968_P01037,5.974563672752643
M00968_P01038,5.906450934466931
M00969_P00079,6.706270967334704
M00969_P00082,0.0
M00969_P00087,0.0
M00969_P00097,6.197385730093283
M00969_P00102,5.874068028118539
M00969_P00443,0.0
M00969_P00448,0.0
M00969_P00452,0.0
M00969_P00462,0.0
M00969_P00463,6.3586264648976725
M00969_P00465,0.0
M00969_P00468,6.369626410967453
M00970_P00368,5.949656546821701
M00970_P00372,6.813347318506883
M00970_P00378,6.011333282990142
M00970_P00382,6.018800361352334
M00970_P00383,5.93164360319904
M00970_P00965,0.0
M00970_P00966,0.0
M00970_P00975,0.0
M00970_P00978,0.0
M00970_P00980,6.929903871002796
M00970_P00986,6.77958300463377
M00971_P00391,0.0
M00971_P00399,6.405853125526313
M00971_P00410,0.0
M00971_P00416,0.0
M00971_P01120,5.854872382662289
M00972_P00079,0.0
M00972_P00082,6.2927127952338235
M00972_P00087,6.0817674284849295
M00972_P00097,6.465310717447213
M00972_P00102,0.0
M00972_P00888,0.0
M00972_P00889,5.819931006935871
M00972_P00893,5.885273322165502
M00972_P00894,0.0
M00972_P00895,6.2422612996145626
M00972_P00901,0.0
M00972_P00909,6.842098418222698
M00973_P00625,0.0
M00973_P00630,6.074974981150091
M00973_P00632,6.32380076306377
M00973_P00635,6.326378543664328
M00973_P00644,0.0
M00973_P00645,6.905603632316237
M00973_P00650,0.0
M00973_P00940,5.808832139908049
M00973_P00948,6.196924913724123
M00973_P00950,6.2681608724215705
M00973_P00951,0.0
M00973_P00959,5.985329564795286
M00973_P00962,0.0
M00974_P00287,0.0
M00974_P00290,6.026953096402264
M00974_P00291,6.015523324614637
M00974_P00295,7.289329262705149
M00974_P00297,0.0
M00974_P00298,6.04218951231171
M00974_P00299,6.022456866065297
M00974_P00304,6.030856260001771
M00974_P00307,6.462207617240552
M00974_P00309,0.0
M00974_P00310,0.0
M00974_P00423,6.7381675311250095
M00974_P00424,0.0
M00974_P00425,6.18447331733411
M00974_P00426,0.0
M00974_P00431,5.7954916148279505
M00974_P00436,6.212751009037367
M00974_P00440,0.0
M00975_P01146,7.108079765036499
M00975_P01157,0.0
M00975_P01166,6.3008822859142875
M00975_P01169,6.02113024766225
M00975_P01223,5.937744557291709
M00975_P01234,0.0
M00975_P01236,0.0
M00975_P01241,0.0
M00975_P01242,5.951871156733751
M00976_P01146,0.0
M00976_P01157,0.0
M00976_P01166,6.217151571247772
M00976_P01169,5.936670220578377
M00976_P01177,6.218073921994236
M00976_P01182,0.0
M00976_P01184,5.765328152277916
M00976_P01193,5.77642072839376
M00976_P01196,0.0
M00977_P00313,0.0
M00977_P00324,6.341842606581759
M00977_P00329,5.940253896302403
M00977_P00333,6.360445387767605
M00977_P00334,6.33032711693134
M00977_P00940,5.789888411229243
M00977_P00948,6.166515610578022
M00977_P00950,6.795213473551539
M00977_P00951,6.148549136176548
M00977_P00959,0.0
M00977_P00962,6.549905824709812
M00978_P00287,5.851051428547426
M00978_P00290,5.844883272507518
M00978_P00291,5.797121399250024
M00978_P00295,7.152733229368261
M00978_P00297,5.801086732491937
M00978_P00298,0.0
M00978_P00299,5.790638170810477
M00978_P00304,6.001685772545209
M00978_P00307,6.08042226344137
M00978_P00309,0.0
M00978_P00310,6.445784770592356
M00978_P00835,6.17693368546445
M00978_P00840,5.823575749954765
M00978_P00844,5.8196048652701835
M00978_P00847,0.0
M00978_P00848,0.0
M00978_P00856,0.0
M00979_P00079,6.791427382487629
M00979_P00082,6.379523453267656
M00979_P00087,6.026265121378186
M00979_P00097,6.544117466287073
M00979_P00102,6.036815415077502
M00979_P00391,0.0
M00979_P00399,6.242378623190098
M00979_P00410,6.26248104304694
M00979_P00416,6.222719172228364
M00980_P00032,0.0
M00980_P00044,6.728207113808393
M00980_P00045,5.923273092255183
M00980_P00050,0.0
M00980_P00052,6.667874097387886
M00980_P00888,0.0
M00980_P00889,5.807792246882625
M00980_P00893,5.812032220339621
M00980_P00894,6.262054919920161
M00980_P00895,0.0
M00980_P00901,0.0
M00980_P00909,0.0
M00981_P00549,0.0
M00981_P00552,5.7858597605935875
M00981_P00554,0.0
M00981_P00561,7.1653343837198475
M00981_P00562,5.955305277738997
M00981_P00568,6.012672799940266
M00981_P01041,0.0
M00981_P01042,0.0
M00981_P01048,6.258872667758447
M00981_P01049,7.387451614842961
M00981_P01051,0.0
M00981_P01055,5.926106540062781
M00981_P01063,0.0
M00981_P01064,6.049091830513735
M00982_P00549,0.0
M00982_P00552,5.940635543205307
M00982_P00554,6.435668716260389
M00982_P00561,0.0
M00982_P00562,6.024376245032007
M00982_P00568,6.056540024123754
M00982_P01201,0.0
M00982_P01209,6.065996454453011
M00982_P01210,5.9121977976431435
M00982_P01211,0.0
M00982_P01214,5.744597328605084
M00983_P00032,6.699585219900736
M00983_P00044,6.701330744234072
M00983_P00045,0.0
M00983_P00050,0.0
M00983_P00052,0.0
M00983_P00079,6.904879845214348
M00983_P00082,0.0
M00983_P00087,0.0
M00983_P00097,0.0
M00983_P00102,6.066516880292255
M00984_P00185,6.025108335180194
M00984_P00193,0.0
M00984_P00197,6.0731316959914485
M00984_P00199,6.192690551894421
M00984_P00200,0.0
M00984_P00888,5.847989212022725
M00984_P00889,0.0
M00984_P00893,0.0
M00984_P00894,6.173053810165292
M00984_P00895,6.259460766337079
M00984_P00901,7.153442151843486
M00984_P00909,6.2379414744809685
M00985_P00611,6.065419305115009
M00985_P00618,0.0
M00985_P00619,0.0
M00985_P00622,0.0
M00985_P01201,5.835830716569644
M00985_P01209,5.897147493986376
M00985_P01210,5.748813196303471
M00985_P01211,6.946456044162058
M00985_P01214,5.954079665067476
M00986_P00157,5.760227541926132
M00986_P00159,0.0
M00986_P00164,0.0
M00986_P00169,5.876838672232539
M00986_P00171,0.0
M00986_P00175,6.197565460177154
M00986_P00965,0.0
M00986_P00966,5.939162158183539
M00986_P00975,7.128692844440833
M00986_P00978,0.0
M00986_P00980,0.0
M00986_P00986,0.0
M00987_P00209,0.0
M00987_P00210,7.058285757935129
M00987_P00211,0.0
M00987_P00219,0.0
M00987_P00221,0.0
M00987_P00222,6.28903074067068
M00987_P00232,6.052545227105389
M00987_P00234,0.0
M00987_P00529,6.0546499741027855
M00987_P00535,6.293782361451315
M00987_P00536,6.416757054816553
M00987_P00542,0.0
M00987_P00543,0.0
M00988_P00807,6.0969949895322735
M00988_P00812,7.216011139609112
M00988_P00819,5.913568777395568
M00988_P00826,6.185686278435088
M00988_P00827,6.667124900155516
M00988_P01041,6.035362215555075
M00988_P01042,0.0
M00988_P01048,6.398281644567252
M00988_P01049,7.305740441084497
M00988_P01051,6.3797622863820145
M00988_P01055,5.933038876576614
M00988_P01063,0.0
M00988_P01064,0.0
M00989_P00287,0.0
M00989_P00290,5.871011595562958
M00989_P00291,5.8541319722609035
M00989_P00295,7.298747301549354
M00989_P00297,5.837842799283555
M00989_P00298,0.0
M00989_P00299,5.820363491129794
M00989_P00304,0.0
M00989_P00307,6.172255705856578
M00989_P00309,6.414349408101498
M00989_P00310,0.0
M00989_P01201,5.837681299735351
M00989_P01209,0.0
M00989_P01210,5.725930417980042
M00989_P01211,0.0
M00989_P01214,0.0
M00990_P00368,6.027685073503683
M00990_P00372,6.901846932335021
M00990_P00378,6.165769975431763
M00990_P00382,0.0
M00990_P00383,6.0702079478625794
M00990_P01120,0.0
M00991_P00515,5.805018568583775
M00991_P00625,6.393518682464068
M00991_P00630,5.9126236186181425
M00991_P00632,6.368510093441191
M00991_P00635,0.0
M00991_P00644,0.0
M00991_P00645,6.925189817693861
M00991_P00650,6.348414601881342
M00992_P00209,5.884162824084202
M00992_P00210,0.0
M00992_P00211,0.0
M00992_P00219,0.0
M00992_P00221,6.262929268291552
M00992_P00222,0.0
M00992_P00232,6.155895719295595
M00992_P00234,7.294616395600559
M00992_P00313,0.0
M00992_P00324,6.196468497637847
M00992_P00329,5.908256777589412
M00992_P00333,6.2748090140613835
M00992_P00334,6.207024550110655
M00993_P00940,5.9740654709557885
M00993_P00948,6.154658679762346
M00993_P00950,6.228028881594905
M00993_P00951,6.177567633251926
M00993_P00959,0.0
M00993_P00962,6.730752328383304
M00993_P01146,0.0
M00993_P01157,6.26679848998983
M00993_P01166,0.0
M00993_P01169,6.126503168417644
M00994_P00287,0.0
M00994_P00290,6.019244193606492
M00994_P00291,0.0
M00994_P00295,7.184625272914838
M00994_P00297,6.144620541463862
M00994_P00298,0.0
M00994_P00299,6.033027306901037
M00994_P00304,5.942216664511688
M00994_P00307,0.0
M00994_P00309,6.646681849566158
M00994_P00310,0.0
M00994_P01020,6.813336041873382
M00994_P01034,5.867015679974892
M00994_P01037,6.109206772743539
M00994_P01038,5.998861736419423
M00995_P00940,5.824444067603551
M00995_P00948,6.293191281748004
M00995_P00950,0.0
M00995_P00951,6.297904163930919
M00995_P00959,6.006856276042739
M00995_P00962,0.0
M00995_P01041,0.0
M00995_P01042,0.0
M00995_P01048,6.18944301947935
M00995_P01049,0.0
M00995_P01051,6.230022576834211
M00995_P01055,5.8501648576486796
M00995_P01063,5.87224798530241
M00995_P01064,5.869160937375888
M00996_P00241,0.0
M00996_P00244,5.89425355393763
M00996_P00245,6.188596759440692
M00996_P00248,0.0
M00996_P00255,6.989475055850724
M00996_P00260,0.0
M00996_P00574,0.0
M00996_P00579,0.0
M00996_P00582,6.384620306876444
M00996_P00584,6.375141837287819
M00996_P00586,0.0
M00996_P00590,0.0
M00997_P00391,0.0
M00997_P00399,0.0
M00997_P00410,6.203286541433983
M00997_P00416,0.0
M00997_P00611,0.0
M00997_P00618,6.3171414904121095
M00997_P00619,5.981753926950928
M00997_P00622,6.536457925195599
M00998_P00136,7.023153945034745
M00998_P00141,0.0
M00998_P00148,0.0
M00998_P00156,0.0
M00998_P01041,0.0
M00998_P01042,5.951244970394449
M00998_P01048,6.351779644828428
M00998_P01049,7.2692126656739555
M00998_P01051,6.39543115850688
M00998_P01055,5.981931758848563
M00998_P01063,6.046273922899699
M00998_P01064,5.892039833252256
M00999_P00011,5.814754051222642
M00999_P00024,6.253592994380766
M00999_P00732,5.971128382275916
M00999_P00738,0.0
M00999_P00742,6.366053630357526
M00999_P00744,0.0
M00999_P00747,7.304854793384001
M00999_P00753,6.017956715712831
M01000_P00391,0.0
M01000_P00399,6.388220528121099
M01000_P00410,0.0
M01000_P00416,6.295788203641587
M01000_P01177,6.216064986092771
M01000_P01182,5.856142619092685
M01000_P01184,0.0
M01000_P01193,0.0
M01000_P01196,6.4937780303255765
M01001_P00157,5.849989182987699
M01001_P00159,0.0
M01001_P00164,6.314688346191479
M01001_P00169,5.901085577537736
M01001_P00171,6.184719037256968
M01001_P00175,6.279399418110242
M01001_P00423,0.0
M01001_P00424,5.868549472542515
M01001_P00425,6.171735383325867
M01001_P00426,0.0
M01001_P00431,5.831191147355172
M01001_P00436,0.0
M01001_P00440,5.963831117170768
M01002_P00079,0.0
M01002_P00082,0.0
M01002_P00087,6.030076059708255
M01002_P00097,6.443650505720117
M01002_P00102,6.330219549925026
M01002_P00655,6.182601752368472
M01002_P00662,5.857670129373055
M01002_P00666,6.289159488495522
M01002_P00668,0.0
M01002_P00669,0.0
M01002_P00673,6.279005811705407
M01002_P00674,5.915756076634544
M01003_P00266,6.331003224873026
M01003_P00271,6.393608973500276
M01003_P00278,6.906107119537213
M01003_P00286,0.0
M01003_P00705,5.826577205758287
M01003_P00707,6.214611755305493
M01003_P00716,6.2274939785972805
M01003_P00718,6.897881598172164
M01003_P00724,5.823926721230425
M01003_P00728,0.0
M01004_P00574,0.0
M01004_P00579,0.0
M01004_P00582,0.0
M01004_P00584,6.718561460624864
M01004_P00586,0.0
M01004_P00590,6.8672217647213545
M01004_P00922,6.196591078407211
M01004_P00927,5.8657605184787025
M01004_P00931,0.0
M01004_P00935,6.340747831253204
M01005_P00782,0.0
M01005_P00786,0.0
M01005_P00788,6.763799497188254
M01005_P00797,0.0
M01005_P00803,6.286882289421115
M01005_P00965,6.354344525111939
M01005_P00966,5.912087025909825
M01005_P00975,6.72703523665222
M01005_P00978,0.0
M01005_P00980,0.0
M01005_P00986,0.0
M01006_P00266,0.0
M01006_P00271,0.0
M01006_P00278,0.0
M01006_P00286,0.0
M01006_P00761,6.283042414136359
M01006_P00772,5.796307896662222
M01007_P00032,0.0
M01007_P00044,7.118185141497057
M01007_P00045,0.0
M01007_P00050,5.888343391080374
M01007_P00052,6.4120408361320935
M01007_P00478,0.0
M01007_P00479,6.851722398409091
M01007_P00486,6.632413649686621
M01007_P00491,6.2786672915002155
M01008_P00108,5.878520945537154
M01008_P00110,0.0
M01008_P00114,7.186616994462776
M01008_P00124,6.257532653198552
M01008_P00129,5.978963629113314
M01008_P00157,5.903661831864381
M01008_P00159,0.0
M01008_P00164,0.0
M01008_P00169,0.0
M01008_P00171,6.279425278181906
M01008_P00175,6.247987267404086
M01009_P00266,0.0
M01009_P00271,6.323917976587768
M01009_P00278,0.0
M01009_P00286,0.0
M01009_P00625,0.0
M01009_P00630,5.9532212852369
M01009_P00632,6.314860715557226
M01009_P00635,6.19834331548063
M01009_P00644,0.0
M01009_P00645,7.066136070945653
M01009_P00650,0.0
M01010_P00136,7.183561679621355
M01010_P00141,7.251561737222411
M01010_P00148,0.0
M01010_P00156,6.643942560963943
M01010_P00922,0.0
M01010_P00927,5.774842098443843
M01010_P00931,0.0
M01010_P00935,6.238297229766812
M01011_P00032,6.782019079596555
M01011_P00044,6.897959926522403
M01011_P00045,5.989180171110948
M01011_P00050,0.0
M01011_P00052,0.0
M01011_P01177,6.146893172041956
M01011_P01182,5.8870552458022125
M01011_P01184,5.8362471388433885
M01011_P01193,5.7993878408368245
M01011_P01196,6.598907161295385
M01012_P00705,0.0
M01012_P00707,6.39664478598018
M01012_P00716,6.952552342244889
M01012_P00718,6.853319764523913
M01012_P00724,6.064078509935134
M01012_P00728,0.0
M01012_P00991,7.159425453693411
M01012_P00993,5.875278463364234
M01012_P00997,5.892616802098883
M01012_P01000,0.0
M01012_P01010,0.0
M01013_P00157,0.0
M01013_P00159,6.039172650127172
M01013_P00164,6.3736742923737975
M01013_P00169,0.0
M01013_P00171,6.407169471557191
M01013_P00175,6.3554097091823785
M01013_P00574,5.891410752419594
M01013_P00579,0.0
M01013_P00582,0.0
M01013_P00584,6.231884703632875
M01013_P00586,5.840534345145093
M01013_P00590,0.0
M01014_P00678,0.0
M01014_P00679,0.0
M01014_P00680,5.83621999605288
M01014_P00681,0.0
M01014_P00683,6.238115642692211
M01014_P00694,6.222784567024312
M01014_P01177,0.0
M01014_P01182,0.0
M01014_P01184,5.989089237687024
M01014_P01193,0.0
M01014_P01196,6.685144851790214
M01015_P00478,6.008834562593582
M01015_P00479,6.797905364500336
M01015_P00486,6.321411099952825
M01015_P00491,6.242275481279943
M01015_P01099,0.0
M01015_P01107,0.0
M01015_P01108,7.042900067329999
M01015_P01109,0.0
M01015_P01114,6.233865363458665
M01015_P01118,6.932225364652407
M01016_P00079,0.0
M01016_P00082,6.219152453447462
M01016_P00087,5.959275961515751
M01016_P00097,6.372939203748571
M01016_P00102,5.982705066104348
M01016_P00157,0.0
M01016_P00159,0.0
M01016_P00164,0.0
M01016_P00169,5.993216162409777
M01016_P00171,0.0
M01016_P00175,6.341029437979492
M01017_P00079,6.82542686233619
M01017_P00082,6.400220413466337
M01017_P00087,0.0
M01017_P00097,6.650777160198208
M01017_P00102,0.0
M01017_P00241,0.0
M01017_P00244,5.811322072464544
M01017_P00245,6.2563012544047565
M01017_P00248,0.0
M01017_P00255,0.0
M01017_P00260,6.819125541927583
M01018_P00136,7.133707423210458
M01018_P00141,7.166976442207923
M01018_P00148,5.809240118594775
M01018_P00156,6.404200518236533
M01018_P00705,0.0
M01018_P00707,6.238450780053661
M01018_P00716,0.0
M01018_P00718,6.69182830790373
M01018_P00724,6.089499556162218
M01018_P00728,0.0
M01019_P00157,0.0
M01019_P00159,5.988834917150412
M01019_P00164,0.0
M01019_P00169,6.0315690797593655
M01019_P00171,6.709701885573062
M01019_P00175,0.0
M01019_P00313,0.0
M01019_P00324,6.247170369178198
M01019_P00329,0.0
M01019_P00333,6.447371363809696
M01019_P00334,6.161090543005992
M01020_P00266,6.402678520938808
M01020_P00271,0.0
M01020_P00278,6.87177638667615
M01020_P00286,6.456352615005923
M01020_P01070,5.975893373649233
M01020_P01074,0.0
M01020_P01082,0.0
M01021_P00185,0.0
M01021_P00193,6.190387938600498
M01021_P00197,0.0
M01021_P00199,0.0
M01021_P00200,6.0030452798600775
M01021_P00782,0.0
M01021_P00786,6.014120890508137
M01021_P00788,0.0
M01021_P00797,6.306981026307533
M01021_P00803,0.0
M01022_P00782,6.306590644235173
M01022_P00786,0.0
M01022_P00788,6.831814628151152
M01022_P00797,6.558902872713514
M01022_P00803,0.0
M01022_P00835,6.242376294793482
M01022_P00840,0.0
M01022_P00844,5.924795536265666
M01022_P00847,6.07297363077588
M01022_P00848,5.906462990707204
M01022_P00856,0.0
M01023_P00136,0.0
M01023_P00141,0.0
M01023_P00148,0.0
M01023_P00156,6.18927955572912
M01023_P01099,6.254208529165194
M01023_P01107,5.835572568767674
M01023_P01108,6.738628579051507
M01023_P01109,0.0
M01023_P01114,0.0
M01023_P01118,6.625688404442837
M01024_P00287,6.05059652635837
M01024_P00290,5.990026977838815
M01024_P00291,6.00879689694515
M01024_P00295,7.281683991207121
M01024_P00297,5.952198887504213
M01024_P00298,5.995904847160137
M01024_P00299,0.0
M01024_P00304,0.0
M01024_P00307,6.2902496580886815
M01024_P00309,0.0
M01024_P00310,6.632448755859342
M01024_P00625,0.0
M01024_P00630,5.929561420350643
M01024_P00632,6.219401262267276
M01024_P00635,6.074218495754537
M01024_P00644,6.757011849610802
M01024_P00645,0.0
M01024_P00650,0.0
M01025_P00287,0.0
M01025_P00290,0.0
M01025_P00291,5.785538306695766
M01025_P00295,0.0
M01025_P00297,5.8163379483445965
M01025_P00298,5.825733033224675
M01025_P00299,5.899403791147428
M01025_P00304,5.817125053708487
M01025_P00307,6.193673667151064
M01025_P00309,0.0
M01025_P00310,0.0
M01025_P00761,6.317731338187121
M01025_P00772,5.990865657655338
M01026_P00732,5.827594428307855
M01026_P00738,5.909828417413897
M01026_P00742,6.223252415162151
M01026_P00744,0.0
M01026_P00747,0.0
M01026_P00753,0.0
M01026_P00782,0.0
M01026_P00786,5.863149869979657
M01026_P00788,0.0
M01026_P00797,6.190682018257391
M01026_P00803,0.0
M01027_P00443,0.0
M01027_P00448,6.0322525484550065
M01027_P00452,5.997111456079902
M01027_P00462,6.421803554514484
M01027_P00463,0.0
M01027_P00465,6.3946290686417635
M01027_P00468,6.461305259144686
M01027_P00965,6.195699647552397
M01027_P00966,0.0
M01027_P00975,6.6662808902274815
M01027_P00978,6.785905287257955
M01027_P00980,0.0
M01027_P00986,6.982238147356297
M01028_P01099,0.0
M01028_P01107,0.0
M01028_P01108,6.746620551491406
M01028_P01109,6.324103381293641
M01028_P01114,0.0
M01028_P01118,0.0
M01028_P01146,0.0
M01028_P01157,0.0
M01028_P01166,6.1039580111866645
M01028_P01169,0.0
M01029_P00574,0.0
M01029_P00579,6.245452774597898
M01029_P00582,0.0
M01029_P00584,6.233898757718067
M01029_P00586,5.974515289294777
M01029_P00590,6.9187133434370605
M01029_P01099,6.181966379543722
M01029_P01107,5.858042052949671
M01029_P01108,6.793845934177531
M01029_P01109,0.0
M01029_P01114,0.0
M01029_P01118,6.247672234937362
M01030_P00368,5.8312710733533155
M01030_P00372,6.764828490691498
M01030_P00378,0.0
M01030_P00382,5.92063934830411
M01030_P00383,5.872035505384118
M01030_P00965,0.0
M01030_P00966,0.0
M01030_P00975,6.841238865917442
M01030_P00978,0.0
M01030_P00980,6.402459529145961
M01030_P00986,7.126513845278451
M01031_P00625,0.0
M01031_P00630,6.131285016445628
M01031_P00632,0.0
M01031_P00635,6.712549805512167
M01031_P00644,6.45760986789506
M01031_P00645,6.889218474278224
M01031_P00650,0.0
M01031_P00888,0.0
M01031_P00889,5.826146619673227
M01031_P00893,5.8972617072955265
M01031_P00894,6.17547373882682
M01031_P00895,6.169111207974356
M01031_P00901,0.0
M01031_P00909,0.0
M01032_P00391,0.0
M01032_P00399,0.0
M01032_P00410,6.456845525370891
M01032_P00416,6.3565441655981925
M01032_P00940,5.859899330057512
M01032_P00948,6.193886483243803
M01032_P00950,6.2008774344397795
M01032_P00951,0.0
M01032_P00959,0.0
M01032_P00962,0.0
M01033_P00136,0.0
M01033_P00141,0.0
M01033_P00148,5.786056767177745
M01033_P00156,6.547696235118922
M01033_P00678,0.0
M01033_P00679,7.21938941129426
M01033_P00680,0.0
M01033_P00681,6.126216070016147
M01033_P00683,6.376309078800274
M01033_P00694,6.346670335355678
M01034_P00835,0.0
M01034_P00840,5.854946353561738
M01034_P00844,0.0
M01034_P00847,5.785260327815717
M01034_P00848,5.911096431076956
M01034_P00856,6.256689609032008
M01034_P00965,6.202157309667249
M01034_P00966,0.0
M01034_P00975,6.726560261901411
M01034_P00978,7.081159808639807
M01034_P00980,6.255318782747006
M01034_P00986,0.0
M01035_P00185,0.0
M01035_P00193,0.0
M01035_P00197,0.0
M01035_P00199,6.057150366135636
M01035_P00200,6.353465425324106
M01035_P00761,6.254541227806855
M01035_P00772,0.0
M01036_P00313,6.328952344216855
M01036_P00324,6.309315614181874
M01036_P00329,5.991909969418245
M01036_P00333,0.0
M01036_P00334,0.0
M01036_P00345,0.0
M01036_P00347,6.133771639767245
M01036_P00351,0.0
M01036_P00353,0.0
M01036_P00359,0.0
M01036_P00362,5.827666050906365
M01037_P00136,0.0
M01037_P00141,7.4751706686679675
M01037_P00148,5.829786125021125
M01037_P00156,6.267920521450914
M01037_P00705,0.0
M01037_P00707,6.3902864702907385
M01037_P00716,0.0
M01037_P00718,7.1255455634752956
M01037_P00724,0.0
M01037_P00728,0.0
M01038_P00313,6.237725550770072
M01038_P00324,0.0
M01038_P00329,5.775333700769345
M01038_P00333,6.284509176346989
M01038_P00334,6.212580170928111
M01038_P01070,6.044488355684938
M01038_P01074,6.30754030736816
M01038_P01082,5.860854197483921
M01039_P00529,5.990515570379312
M01039_P00535,6.069225832077901
M01039_P00536,5.86382116964302
M01039_P00542,5.951981406366859
M01039_P00543,0.0
M01039_P01223,0.0
M01039_P01234,0.0
M01039_P01236,0.0
M01039_P01241,6.166749854216712
M01039_P01242,5.759240412288367
M01040_P00625,0.0
M01040_P00630,5.989852153270133
M01040_P00632,0.0
M01040_P00635,6.456824439970004
M01040_P00644,6.391380823037329
M01040_P00645,6.906791607836238
M01040_P00650,6.520512339541773
M01040_P00940,0.0
M01040_P00948,6.211013508116613
M01040_P00950,6.426354657309136
M01040_P00951,0.0
M01040_P00959,5.901182667087065
M01040_P00962,6.6479665123140474
M01041_P00443,6.25562951468817
M01041_P00448,5.903323043663798
M01041_P00452,5.909151556294521
M01041_P00462,6.700735152381102
M01041_P00463,6.861263096060384
M01041_P00465,0.0
M01041_P00468,0.0
M01041_P00888,0.0
M01041_P00889,0.0
M01041_P00893,6.144156113060229
M01041_P00894,0.0
M01041_P00895,0.0
M01041_P00901,7.099670452859226
M01041_P00909,0.0
M01042_P01020,0.0
M01042_P01034,0.0
M01042_P01037,5.925315689204684
M01042_P01038,0.0
M01042_P01146,0.0
M01042_P01157,0.0
M01042_P01166,0.0
M01042_P01169,0.0
M01043_P00185,5.88826635112365
M01043_P00193,0.0
M01043_P00197,6.026615194427458
M01043_P00199,5.782349088912701
M01043_P00200,0.0
M01043_P00705,5.847795829062023
M01043_P00707,0.0
M01043_P00716,6.355027971706964
M01043_P00718,0.0
M01043_P00724,0.0
M01043_P00728,6.361668986460859
M01044_P00940,5.981763272626213
M01044_P00948,6.37111119396757
M01044_P00950,6.341649217954469
M01044_P00951,0.0
M01044_P00959,0.0
M01044_P00962,6.8841412786074825
M01044_P00991,0.0
M01044_P00993,5.822742709745582
M01044_P00997,5.952705046032248
M01044_P01000,0.0
M01044_P01010,6.218742528857379
M01045_P00157,5.818114580825615
M01045_P00159,0.0
M01045_P00164,6.242251261968763
M01045_P00169,5.885823843865772
M01045_P00171,0.0
M01045_P00175,6.188484249244128
M01045_P00965,6.316525329320197
M01045_P00966,5.952010562543493
M01045_P00975,0.0
M01045_P00978,7.2252468543021635
M01045_P00980,0.0
M01045_P00986,0.0
M01046_P00478,6.165804883852131
M01046_P00479,6.933861161169286
M01046_P00486,6.778210175101705
M01046_P00491,0.0
M01046_P00922,6.170780037021572
M01046_P00927,5.859499604701703
M01046_P00931,5.880383733866715
M01046_P00935,6.270391874093179
M01047_P00423,6.611900076053667
M01047_P00424,5.8126186942253835
M01047_P00425,0.0
M01047_P00426,0.0
M01047_P00431,5.996125997375831
M01047_P00436,6.11490848406825
M01047_P00440,5.976091842562108
M01047_P00655,6.321954402109725
M01047_P00662,6.009082809307399
M01047_P00666,6.368183213004629
M01047_P00668,0.0
M01047_P00669,6.32680362175129
M01047_P00673,6.572404048273835
M01047_P00674,6.142044204374354
M01048_P00940,5.945920722560212
M01048_P00948,0.0
M01048_P00950,6.590284558263715
M01048_P00951,0.0
M01048_P00959,0.0
M01048_P00962,6.846084035215707
M01048_P01020,7.061933147982209
M01048_P01034,6.027023403244473
M01048_P01037,0.0
M01048_P01038,5.875633020559938
M01049_P00287,0.0
M01049_P00290,0.0
M01049_P00291,5.838013701192597
M01049_P00295,0.0
M01049_P00297,5.794152924164676
M01049_P00298,5.810767492108303
M01049_P00299,5.859275303231402
M01049_P00304,5.812251597312471
M01049_P00307,6.205505723471221
M01049_P00309,0.0
M01049_P00310,6.18334800417294
M01049_P00478,0.0
M01049_P00479,6.848264383583288
M01049_P00486,0.0
M01049_P00491,6.028008456452589
M01050_P00991,0.0
M01050_P00993,5.86171514126058
M01050_P00997,6.032856310878918
M01050_P01000,6.609517291412968
M01050_P01010,6.3685218658272555
M01050_P01020,6.753264040478688
M01050_P01034,0.0
M01050_P01037,5.997800407565632
M01050_P01038,0.0
