Name,Position,PC1,PC2
L. Messi,RF,6.121773676765432,-4.360773310058457
Cristiano Ronaldo,ST,5.44077272663794,-3.052127333812349
Neymar Jr,LW,6.430654611171715,-4.3352944898145855
De Gea,GK,-0.788990467418438,-0.4135066758926432
K. De Bruyne,RCM,6.817379156101666,-1.4330164718404226
E. Hazard,LF,5.976873389369802,-3.26542838261183
L. Modri?,RCM,5.982116503105582,-0.45143827751699167
L. Suárez,RS,5.60866102866816,-1.9805944002330804
Sergio Ramos,RCB,4.699369737697597,1.6068093919669273
J. Oblak,GK,-1.8858990067219377,-0.291175983593638
R. Lewandowski,ST,5.1562102931236495,-2.0814327350617416
T. Kroos,LCM,5.664755522648617,0.15187680793702565
D. Godín,CB,3.3157987380627563,2.296953221199211
David Silva,LCM,4.477799594786039,-1.8736723140521303
N. Kanté,LDM,6.100915478919843,0.9450007850214959
P. Dybala,LF,5.29135319040553,-3.5089891267703535
H. Kane,ST,5.217497140209563,-2.20050340296296
A. Griezmann,CAM,5.357464296342032,-2.893111015152239
M. ter Stegen,GK,-2.151744759864286,-0.05093197512889276
T. Courtois,GK,-2.4554319120134696,-0.3077565346625701
Sergio Busquets,CDM,4.882260780018127,1.2503276636665837
E. Cavani,LS,4.775663643935931,-1.5974980311585
M. Neuer,GK,-1.4022682347882418,-0.07768508217370743
S. Agüero,ST,4.20451717092856,-3.3265333596631788
G. Chiellini,LCB,2.345114462905789,2.6052895700034893
K. Mbappé,RM,5.629071648562584,-3.0686257639252155
M. Salah,RM,5.555504273915697,-2.295969388176976
Casemiro,CDM,5.118606503276289,1.7262328227013066
J. Rodríguez,LAM,4.583107163506394,-1.799089923627291
L. Insigne,LW,3.951877168383778,-3.862591701271451
Isco,LW,5.263051794962185,-1.442434514515411
C. Eriksen,CAM,5.569905636789735,-1.702113934985798
Coutinho,LW,5.0784467236346424,-1.9772838541243174
P. Aubameyang,LM,4.400013735515495,-2.5183528619701927
M. Hummels,LCB,3.937634553257846,1.8578234521521977
Marcelo,LB,5.538449002596691,0.5232234255151175
G. Bale,ST,5.401491859657568,-1.5318757717186613
H. Lloris,GK,-2.478102617495254,-0.9717547168320525
G. Higuaín,LS,3.410072326387997,-2.717960775050446
Thiago Silva,RCB,3.124190817432997,2.232184925106153
S. Handanovi?,GK,-3.0398167698800025,-0.027049363974599665
G. Buffon,GK,-3.6731219641649515,0.24147442530867685
S. Umtiti,CB,4.677637391937488,1.556857691533247
M. Icardi,ST,3.560852078415656,-2.9368441656247697
K. Koulibaly,LCB,3.3817064616184522,2.6228451187191513
P. Pogba,RDM,5.696351717059767,-0.12142937039716234
K. Navas,GK,-3.070376402846678,0.016798051259178912
R. Lukaku,ST,4.525858263455159,-2.2491342224693818
C. Immobile,ST,4.081036955333475,-2.342366942564198
Jordi Alba,LB,5.292206491652865,-0.14732366282257045
D. Mertens,RF,3.8316895461428118,-3.334907490050388
J. Vertonghen,LCB,3.7204262162271817,1.629803264799493
M. Hamšík,LCM,4.867578571862647,-0.3471691289845789
I. Rakiti?,RCM,4.699171529424212,-0.16015969272155203
Piqué,RCB,3.270002167288608,1.75376993600269
L. Sané,LW,4.550897021692432,-2.8901076795757654
Bernardo Silva,RW,4.332000192095588,-2.425472880765515
Ederson,GK,-1.4916181157865565,-0.4821660331632131
S. Mané,LM,4.487943414221173,-2.61460515688781
V. van Dijk,LCB,4.137150113520708,1.7632251994868595
R. Sterling,RW,4.52255822745019,-2.7537181909475605
Roberto Firmino,CAM,5.266420717495054,-1.0746939608229569
R. Varane,RCB,3.8855937092185453,1.6382053253040418
M. Verratti,LCM,4.824806902546409,0.07187087362491232
Alex Sandro,LB,4.839938507526411,0.9146196855759532
Douglas Costa,LM,4.234319418651316,-2.2029926448071424
T. Müller,CAM,4.16144340954903,-1.517415719961429
Thiago,CM,4.483884107866771,-0.5739948999294563
M. Reus,LM,4.140942055813454,-2.2784023106335924
Azpilicueta,RB,4.14727060191246,1.5152176392493426
L. Bonucci,RCB,3.2849398413284225,1.9807188754443472
T. Alderweireld,RCB,3.513451235194521,1.9676244090487052
M. Pjani?,CDM,4.387815219934482,0.23677266805603894
M. Benatia,CB,2.9992412145694147,2.0682660923478853
M. Özil,CAM,2.707249682716824,-3.051118690270765
Fernandinho,CDM,3.838253785600664,1.2119150475982605
Iniesta,LF,2.9069218120368556,-0.883218835752238
M. Škriniar,LCB,3.580380596084691,1.9311756266942353
S. Milinkovi?-Savi?,CM,5.31407596962782,0.4573314336096855
Marco Asensio,RW,4.241170265156466,-2.343841631030887
N. Fekir,CAM,4.102575976903732,-2.1663382944423777
Alisson,GK,-2.6281747222165976,-0.06759639546649333
J. Kimmich,RCM,4.459975520490613,0.3787731054782376
Saúl,RCM,5.243989957246074,0.19257065342790575
R. Mahrez,RW,3.591246641265609,-2.8825662168774824
D. Alaba,LB,4.82977096659219,0.47265297575599124
Koke,LM,4.791585471449289,0.02830533461732794
A. Lacazette,ST,4.132495724318293,-2.096984008538134
K. Manolas,LCB,2.580320241353166,2.5036589999823526
N. Otamendi,CB,2.549234605156594,1.9215391342912438
Parejo,RCM,3.8141816225108003,0.575451581696145
Paulinho,LDM,5.084672020291878,0.5379244985472152
W. Szcz?sny,GK,-3.278660140153337,-0.1784977781782957
A. Sánchez,RW,3.785482869021246,-1.6475063687060947
Y. Brahimi,LM,3.4959477168763136,-2.6713241256496927
J. Boateng,RCB,2.9384016436838287,2.263009162930174
A. Vidal,CAM,3.927373723396495,1.322636540850265
I. Periši?,LM,4.68874992703858,-0.8112792303756368
E. Džeko,ST,2.887391065237628,-1.420349946791123
S. Khedira,RCM,4.293719803062251,1.3327511828159144
Diego Costa,LS,3.1072471291526407,-1.251746942525407
R. Nainggolan,CAM,5.027143298164557,0.8275491371479957
Naldo,CB,2.20865121082087,1.9413941124134155
B. Matuidi,LM,4.554292895323439,1.031187798005594
Miranda,CB,2.3753829663779635,2.008466731240772
K. Benzema,ST,2.910551235390346,-2.6066763710335037
Filipe Luís,LB,3.9917522238652525,1.1088938896008034
V. Kompany,CB,2.360747179379236,2.2154629488795377
Pepe,RCB,1.9020955984441559,2.1906789686095913
Z. Ibrahimovi?,RS,1.6252416847434117,-1.5145597677599512
D. Sánchez,RCB,3.4695364467474286,1.7273717998500644
J. Giménez,RCB,2.4166122322013224,2.3357666858959636
Alex Telles,LB,4.784460016371719,0.2671945409219294
A. Laporte,LCB,2.9412951220742936,1.9615416373033157
Bruno Fernandes,LCM,4.614831070150073,-0.46066146612902825
N. Süle,CB,2.6901900126670486,2.62542987452275
A. Martial,LW,3.927864700048008,-2.1317315185318435
D. Alli,LCM,5.019694326726048,-0.3763136059072036
Fabinho,CDM,4.6474483344085575,1.1230416085118013
Marquinhos,LDM,3.313437793785248,1.7824842254717264
William Carvalho,CDM,3.8782803984211434,2.0492090146504633
Jorginho,CM,4.212313235556618,0.45081312779747057
F. Thauvin,RM,3.690538692705484,-2.319756025392086
Carvajal,RB,4.058566872439501,1.1709096673943056
M. Depay,ST,3.6599898477464543,-2.3136525138410833
H. Son,LM,3.8584623458348735,-2.600986946996586
A. Lopes,GK,-2.9071356062980724,-0.13436179689182454
S. de Vrij,CB,2.536195534136619,2.318491229221469
M. Perin,GK,-3.4179172490409515,-0.8189510065103189
J. Cuadrado,RAM,4.169394666964143,-0.9878862457335279
Iago Aspas,ST,2.9645713092275208,-2.8322385358558013
B. Leno,GK,-2.763460142677159,0.035524256768995274
N. Mati?,CDM,3.958243570566269,1.611227433720256
L. Hrádecký,GK,-4.585524102602891,-0.3055885513280305
Illarramendi,RDM,3.9506657500265914,0.8805457478403965
K. Walker,RB,4.320384968811665,0.8331585438939767
I. Gündo?an,CM,3.9400277502031162,0.02810474986089266
José Callejón,RM,3.4642665689764787,-2.5643125899684494
A. Di María,RM,3.369656841788989,-1.7603856774026814
M. Mandžuki?,ST,3.6957781626526236,0.01451406720324425
Willian,RW,4.05496028951415,-1.5203124053924004
Sergio Asenjo,GK,-2.9397871006734877,0.09033843274584998
E. Banega,CDM,3.7022811115503256,0.16470308479396206
A. Witsel,LCM,4.401656259175892,0.8335681270024871
D. Payet,CAM,2.9566049233333502,-1.8238435684561582
Jonas,ST,2.0030851850938696,-2.116581627168205
Sokratis,RCB,2.2247951254220406,1.9577291256747025
S. Ruffier,GK,-3.5654747124761657,0.41619388042060423
Falcao,RS,2.510906598937287,-1.3804947519638782
K. Schmeichel,GK,-3.2117200879315355,-0.28932422788835926
Raúl Albiol,RCB,1.4861262090582696,2.7555962719057536
A. Gómez,LS,3.1443835677708645,-2.9196588473200284
A. Barzagli,CB,1.4110396960711113,2.6792074571622604
Quaresma,RM,1.7370794253949604,-3.022993812979997
A. Robben,RM,2.3798587820783257,-2.405954318420713
O. Dembélé,RW,3.4041339987877763,-3.34663815871316
Gabriel Jesus,ST,3.5462505339686823,-2.8165739344833
Ronaldo Cabrais,RW,3.5600296802719447,-1.9782429934046202
Josué Chiamulera,LCB,2.778275778775044,1.7863911999573185
Louri Beretta,ST,2.2642088522613877,-1.9584656375642657
P. Kimpembe,LCB,3.2352313014665395,2.0656781996208777
N. Keïta,CM,4.012964999440614,-0.46346806808207863
C. Tolisso,CM,4.333707990246484,0.5664756426711284
T. Lemar,LM,4.238965369816587,-1.0679747804314692
K. Coman,LM,2.9683538153891673,-3.3777262414090443
J. Tah,CB,2.4299420418843143,2.63555907623358
Anderson Talisca,CAM,3.931921444978643,-0.8377131086344646
T. Werner,RW,3.471443022862781,-3.1703389471232177
A. Rabiot,CM,4.456205532584838,0.7561803312812058
L. Goretzka,CM,4.706301247240631,0.2912590362890648
Q. Promes,RM,3.43265538108504,-2.8929176154974083
H. Ziyech,RAM,3.99982798577977,-0.6984218590478556
Lucas Vázquez,RW,3.5201074905206697,-1.6889367430628737
Y. Carrasco,LM,3.009486488936742,-2.998395452540445
Gerard Moreno,LS,3.1120081811913223,-1.7579287578846448
Felipe,RCB,2.5747143670838106,2.2832718680755657
M. Kova?i?,LCM,4.422841388863856,0.10431778278133082
Kepa,GK,-3.9278488648282597,-0.040600547997880605
Manu Trigueros,RCM,3.689800556530215,-0.10134678857729915
S. Gnabry,ST,3.532220265941729,-2.1540013045612807
J. Pickford,GK,-2.420339155046268,0.23604314234335416
S. Savi?,CB,1.6637454688234334,2.2621166641862525
J. Stones,RCB,3.194784681838672,1.8820066579703385
Suso,RW,2.7569257152600275,-3.0293821701139034
J. Draxler,CM,3.929298360398555,-0.8428159840787793
Felipe Anderson,LM,3.94235476518788,-1.3481345517863108
Lucas Moura,RM,3.549800244177914,-2.138453807436325
Danilo Pereira,CDM,4.040149718604891,1.6027170373726438
Nacho Fernández,CB,2.967575916056744,1.97636007699022
T. Horn,GK,-3.3785790079179745,-0.1650398008196651
Allan,RCM,4.83283626443541,0.9105328189166221
F. Acerbi,CB,2.5192504178091504,2.525988822608046
Sergi Roberto,RB,4.304947996378449,0.600827786203543
Rodrigo,ST,3.337831893482269,-2.1659138406290004
Pizzi,LCM,3.8516785514591043,-0.5423378293398335
K. Kampl,LCM,3.778695102197128,-0.6060443769843923
Neto,GK,-3.3881541878263435,-0.36751027949021936
O. Baumann,GK,-3.3948201443451884,0.11885710463458347
I. Gueye,RDM,3.7893798640019334,1.46015886446136
H. Mkhitaryan,RM,3.6122070951523177,-1.0143586409682774
Marcos Alonso,LB,4.3520433609989615,0.7321459185237923
D. Subaši?,GK,-4.113161305271064,0.4760386250513958
K. Glik,RCB,1.2988030903785244,3.083722659344994
K. Strootman,CDM,3.862771930119274,1.2589513159181613
B. Dost,ST,2.4699112743001286,-0.4544133265046932
Oscar,LCM,3.0268903175066995,-2.1772731272569796
M. Balotelli,LS,2.6522356158652536,-2.178588623465337
Luiz Gustavo,LCB,3.179597261351633,1.8913214407613461
Giuliano,CAM,3.4105879501633187,-1.5523330426838664
David Luiz,LCB,2.593521960226758,1.7089628349664883
R. Fährmann,GK,-3.913677943340055,0.46544109368934045
Juan Mata,RM,2.1793539447319383,-2.7069914046939436
Adán,GK,-3.720837637538902,0.30110755343795553
Rui Patrício,GK,-3.153908317194397,0.1865647711127275
Y. Sommer,GK,-2.9471744589084703,0.07645417331313986
Javi Martínez,CDM,2.4511815550783513,2.514680567979912
L. Bender,RB,3.6106931222836574,1.4976894716162057
Lucas Leiva,LDM,3.508686556504911,1.0056048784304827
S. Mandanda,GK,-3.9694702609679497,0.04435190832290844
Cesc Fàbregas,CM,2.252454321701366,-0.7673255671817281
M. Dembélé,CM,4.133514896138648,1.1009710653074376
F. Ribéry,LM,1.744010315466411,-2.4666744493340635
R. Jarstein,GK,-4.116619218737526,0.1373543487257599
D. De Rossi,RDM,2.649144823857318,1.9466540805683628
Pepe Reina,GK,-4.102303375248493,0.29643500363166836
J. Pavlenka,GK,-4.64108013389281,-0.08871958780442751
M. de Ligt,RCB,3.2137983334380897,1.644849958570957
Rodri,CM,4.005368310869724,0.9302661901265283
Arthur,LCM,4.063370896539783,-0.08112317806013773
G. Donnarumma,GK,-2.825695385827459,-0.06995813145174597
Rosberto Dourado,RCM,3.988316600084968,0.9897702492863156
Juiano Mestres,RCB,2.3605356544575398,1.6749455075940078
Raphaelito Anjos,GK,-4.623099244512292,0.8877320380583434
Gelson Martins,RM,3.5213921643943844,-2.2965635783222633
Gonçalo Guedes,LM,3.4518705299497006,-2.116810138480822
L. Torreira,LCM,3.9090155139070815,1.0777619664267188
Malcom,RW,2.8687879500858964,-2.6727620961023364
Pau López,GK,-3.1138791829835735,-0.6736785397743497
L. Hernández,LB,3.546244891872798,1.3662738991206347
C. Lenglet,LCB,2.6103550310159838,2.151286566870229
A. Kramari?,LCM,2.5060271148901454,-2.8583613907210443
A. Robertson,LB,3.997827775466787,0.5151016400489338
Dani García,RCM,2.7225984844392057,2.133967093123746
F. Bernardeschi,RM,3.7527191253544316,-1.1910898443817441
J. Brandt,LM,2.92828952619189,-2.756840943726524
D. Rugani,CB,2.236747259727788,2.175046196142175
Samu Castillejo,RM,2.793582417547943,-2.3487067355300413
João Cancelo,RB,4.330192576283163,0.1489083455695834
A. Romagnoli,LCB,2.6687276578498147,2.2048773879619916
T. Partey,CDM,4.299478712192706,1.0037209347903033
Fred,CM,4.383054587996166,-0.02865239117098979
J. Vardy,ST,3.187317760283935,-1.532520956697221
A. Belotti,LS,2.805078604025506,-2.084218187835325
E. Forsberg,LM,2.559708514909101,-1.9348774120963406
J. Lingard,CAM,3.5485698396103857,-1.7709996647350161
F. Vázquez,LCM,2.5140567727794294,-0.8103477549586668
E. Viš?a,RM,3.3639455493523696,-2.0882078355249147
A. Rüdiger,CB,2.2570725993254332,2.0468603042619677
A. Florenzi,RB,4.097377276037133,0.2202591722691515
H. Maguire,LCB,2.508733374158297,2.2052433700483234
T. Meunier,RM,4.445283882125699,0.7637663982857003
S. Sané,CB,2.3981574597255726,2.5097285995260616
G. Kondogbia,CM,4.447618783288406,1.2890748758258188
Rafinha,CAM,3.7701163032284857,-0.23878422716080872
Gabriel Paulista,LCB,2.6806669031243286,1.8573974455109454
Morata,ST,2.5239877842365948,-2.7585828693975563
J. Cillessen,GK,-3.1898001956126056,0.14804077847196756
W. Ben Yedder,RS,2.8165178136416387,-2.3795688334782845
C. Bakambu,ST,3.104083456694573,-2.113667840293547
Pablo Sarabia,RCM,3.1976851609771395,-1.7067636999884654
W. Zaha,LS,3.0600676278922347,-2.6399015659371816
Luis Alberto,CF,2.8150821644994024,-2.5154225381157844
Jonathan Viera,LF,3.9352055917161897,-0.337368011811793
Bartra,CB,3.0589403969657014,1.198874820863033
S. Coates,RCB,2.81593825116108,2.4113201720851265
Willian José,ST,2.594108942764799,-1.2765459463634063
Mário Fernandes,RB,3.860872068537903,0.8382590364742005
Víctor Ruiz,LCB,2.1141544349336834,2.5764276616290562
T. Delaney,LCM,4.216312750809981,0.9650165327447608
K. Casteels,GK,-3.3540482122632174,0.21899994785476773
M. Götze,CM,3.3602591054570228,-0.621534273538438
S. Mustafi,RCB,2.56578918507539,1.6025978088924668
J. Pastore,CAM,3.1246767072209733,-0.6003970621418435
Pedro,RW,2.462970271115222,-2.3542367836943447
G. Bonaventura,CM,3.9510315534073803,-0.1072121188193529
R. Bürki,GK,-3.549903983494423,0.18316467035019707
Taison,LM,3.4602262535290023,-1.6914861495491136
S. Nzonzi,CDM,3.3446110646559988,1.963018301596723
Marlos,RM,3.368133308453035,-1.635944476484767
A. Ramsey,CAM,3.949988943461914,-0.10266929370355157
K. Trippier,RB,3.434608487686368,0.9524220273521777
A. Kolarov,LB,3.3027575312566975,1.3079781286226717
G. Sigurðsson,CAM,3.1174111354936094,-0.47908990713603944
S. Giovinco,CF,2.4153428308204647,-3.291869247669394
M. Arnautovi?,LS,3.319472678360167,-1.1054209249037954
N. Gaitán,CAM,2.4642297691971127,-2.327726931645798
J. Henderson,RCM,3.7456285783236387,0.9257582718025101
M. Kruse,ST,2.680046809924119,-1.586089824772793
M. Parolo,RDM,3.486202179841829,1.0314774196459806
L. Fejsa,CDM,3.0301338785417906,2.0450345756432955
A. Rami,RCB,2.3813264947441617,2.4386419998344637
V. ?orluka,LCB,2.4034277239326607,2.0450365063143003
G. Wijnaldum,CAM,4.1589229362585165,0.24701002178079134
F. Fazio,LCB,1.3850913386124226,3.1452693263535187
O. Giroud,ST,1.7158809748174157,-0.5968499582352801
Marcano,CB,2.4494407816963184,1.9629213396510323
A. Guardado,CM,3.538600580961799,0.06975547260143822
E. Garay,RCB,1.5257741539307634,2.4964956937662723
Jardel,LCB,1.699185288632049,2.5889888081375214
S. Sirigu,GK,-4.215622837720063,-0.01892210491402084
E. Viviano,GK,-4.451890526792861,-0.41522038573632847
L. Koscielny,CB,1.8839416895951493,2.089097990602878
A. Consigli,GK,-4.68066733822452,-0.09346022340417028
L. Biglia,CDM,3.0136088912300285,1.000815669075238
Dani Alves,RB,3.0821055135579547,0.14835195962230488
David Villa,ST,1.6989964469706182,-2.2374360173569543
Aduriz,ST,1.353498517885718,-1.367238234831476
P. ?ech,GK,-4.526895791613097,0.32362615427637514
Casillas,GK,-3.9514451434474336,0.005501611080648331
M. Rashford,LW,3.372245174747888,-1.961298820436163
Laure Santeiro,CAM,1.6581695723714722,-3.0978441536309766
L. Bailey,LM,2.6347449753454892,-3.0745076687481157
M. Akanji,LCB,3.2298471232922843,1.6715544766922712
F. de Jong,LDM,3.7697912523488264,0.4358584861584476
Nélson Semedo,RB,3.856439289533302,0.3549906728367021
Pablo Fornals,CAM,3.709633359175899,0.06473386484410106
Fabián,LM,3.7191331369733303,0.20362038438557756
E. Bailly,CB,2.5229836663577516,2.0079658324446634
Dani Ceballos,LCM,3.6201710090074544,0.08460161442002145
H. Lozano,LS,3.15303108051377,-2.334530788763826
Morales,LS,3.4948310797367577,-1.458963324153056
J. Seri,LDM,3.451263215000381,0.072634508837489
M. Politano,RM,2.635006305736768,-2.8364969808710625
M. Brozovi?,LDM,3.7875947784642383,0.4509545285341357
Williams,LW,3.0768682346276695,-2.0735390380960066
A. Correa,RM,3.2015743571802364,-1.6812438986166167
A. Christensen,LCB,2.6571006395950123,1.71921935968301
João Mário,CAM,3.5059862583315153,0.17247257859861587
T. Strakosha,GK,-4.241828561713079,-0.21563655658684866
E. Hysaj,RB,3.5761296619010188,0.947936017596324
P. Zieli?ski,RCM,3.6945354202855416,-0.5200404506214072
Ricardo Pereira,RB,3.981418191627076,0.09687996950035938
Grimaldo,LB,3.7060945865515778,0.4689503618272189
R. Guerreiro,LM,3.5726015211697537,-0.3879065028665257
A. Doucouré,RDM,4.2526615270427035,1.0671375945669002
J. Martínez,LS,2.1521867484164043,-2.8695967544467655
C. Bacca,LS,1.6631041542351443,-2.289424993133602
A. Plea,LW,2.914705093860429,-1.4922638449576546
B. Davies,LB,3.569974507253707,0.8766334788053665
M. Nastasi?,LCB,1.702745352234643,2.057327560695073
A. Milik,CF,2.2175292146719072,-1.7282074011259125
M. Sabitzer,LM,3.4788208733724297,-0.7371771173837346
B. Mendy,LB,3.5371339421040897,1.3705637658995886
C. Kramer,CDM,2.9093327718100657,1.6867916791717934
S. Vrsaljko,RB,3.4697845746084712,1.2169333476366908
T. Hazard,RW,2.854024510547136,-1.592750163054843
K. Bellarabi,RM,2.7416872645570725,-2.2203613423288915
S. Zaza,RS,2.7007259695634374,-1.0669417075584369
F. Ghoulam,LB,3.693538065585878,0.6435504557519635
B. Lecomte,GK,-4.71352172385106,-0.010991528359489775
J. Ili?i?,CAM,2.3090929443569252,-1.4895791658753057
K. Volland,ST,3.4984462416696744,-0.9373120972376816
Paco Alcácer,ST,2.0674087282166616,-2.863676905702546
Vitolo,LM,2.4432252501343696,-2.1050884909982592
G. Xhaka,LDM,2.640038964711023,1.3173187610986465
D. Tadi?,LAM,2.064627535294099,-2.065784684163059
C. Aránguiz,LDM,3.3043117916873355,0.3630801020510749
S. Verdi,RW,2.7442895961757463,-2.239144642222958
D. Lovren,RCB,1.7263674315664346,2.4006982948438123
G. Medel,RCB,2.739728573412859,2.3481155300735166
X. Shaqiri,CAM,3.104740342103048,-0.905429068180462
J. Corona,RM,2.6886569957132034,-2.6473809425431174
A. Areola,GK,-3.372730800971844,0.3844345062798009
K. Vogt,CB,3.236200244678041,1.4812328244825232
Ander Herrera,CM,3.856380989627665,0.7481424590787905
E. Salvio,RW,3.6260359669127133,-1.0908723550333055
S. El Shaarawy,LM,2.3747045785904417,-2.752127839072918
C. Smalling,RCB,2.3605020219648294,1.787072020267646
Hulk,RCM,3.293411439074827,-0.8049063104161711
S. Kagawa,CAM,2.815723089533342,-1.5042824693253547
M. Lanzini,CAM,2.297051401804569,-3.001716257570074
F. Smolov,ST,2.535473283035368,-2.1943473319090168
L. Stindl,CF,3.200577025341164,-0.4798876146246998
O. Toprak,CB,2.371515362386117,1.740683265591374
D. Perotti,LW,2.304564604151311,-2.085281483669243
F. Muslera,GK,-2.791635893411534,-0.09476081924154436
B. Höwedes,RCB,1.6459595150554363,1.994023033368084
S. Kjær,RCB,2.158014122321684,1.87619394392698
S. Bender,LCB,2.6107233711688402,2.015319145351476
M. Valbuena,LM,1.9297293421617587,-3.068127561541004
Pedro León,RM,2.201041778376953,-1.3972567369606985
K. Boateng,CM,3.1835905006342635,0.5010919389740509
L. Piszczek,RB,3.2674656885943034,1.0370503572245742
A. Candreva,RM,3.4995651125224936,-0.33287856186076
D. Wass,RB,3.9759509728906393,0.18832747457286753
E. Lamela,RM,3.126324797682787,-1.2747252632911308
D. Rose,LB,3.3901311802390097,0.9191528174018512
C. Vela,RW,2.5136410118616577,-2.380324460159545
Renato Augusto,LCM,3.3687615452320654,0.5906558269468739
A. Valencia,RM,3.7002145692992716,0.9690547288990135
L. Fabia?ski,GK,-4.803345918291214,-0.08628982561569884
João Moutinho,RCM,3.0754173279006536,0.16591901696727407
Borja Valero,CAM,2.6588195972002797,0.26099604916233576
F. Quagliarella,RS,1.3467594187444236,-2.037762052045219
B. Gomis,ST,2.059391149573641,-1.404223925327467
Manuel Fernandes,LM,3.3551241710778306,-0.09269198424202107
H. Herrera,CM,3.9134498752242792,0.8337321123506349
Raffael,CF,2.1169270072248816,-1.5878688522391229
Nani,LM,2.0257318152453423,-2.359382363645204
J. Milner,CM,3.4856690924400615,1.079669770521147
J. Mathieu,LCB,2.6785717622078202,1.9822623307288108
Joaquín,LS,1.5410723388994896,-1.7743472594543837
M. Gómez,ST,1.7870968074612046,-2.1350763989782844
K. Havertz,CAM,2.7550713738215222,-2.1696299907488483
T. Ndombele,CM,3.7371792086480973,0.5026436673943615
H. Aouar,LM,3.7268963590440665,-0.7261537139633001
Carlos Soler,RM,3.5743359830461476,-0.44458552905884446
Odriozola,RB,3.0239588960045913,0.7047503072087532
M. Almirón,CAM,3.3474546645163077,-1.7757668413361791
Welington Dano,LB,3.319825725300785,0.7696465297748271
Everton Andrão,CDM,3.035372309515106,1.1732410128294288
Oyarzabal,CAM,2.3225500596583584,-2.486039080241552
F. Balbuena,RCB,1.8127687411219995,2.5200592637418024
M. Marega,RS,2.4273780068069084,-1.3821773503203405
B. Pavard,RB,2.7707063464548507,1.676147488024162
W. Ndidi,LDM,3.4938564979998255,1.4841047619846184
A. Onana,GK,-3.1823168664287946,-0.373936479555041
G. Lo Celso,RCM,3.4881739684965565,-0.35192575941317245
M. Acuña,LB,3.869481366541881,0.9809420946017716
Rúben Neves,LCM,3.1723882657707776,0.7164353716986682
Mariano,ST,2.822668917909242,-1.347214827367048
Raúl,CB,1.8038981426957417,2.3496879524351666
M. Caldara,CB,1.9239577603899838,2.0239587959492544
M. Vecino,LM,3.496057533208167,0.7826641037223936
T. Bakayoko,LCM,3.092764406103707,1.8257174378596117
M. Dahoud,CM,3.514094113892679,-0.01581003551452329
Rafa,RW,2.6690890038310644,-2.654426667806303
K. Baldé,RM,2.7304440356640116,-2.273193981186942
G. Rulli,GK,-3.62404562131488,0.2430172843320746
F. Armani,GK,-4.156519449823754,0.6783487518778145
Rony Lopes,RM,2.149104637543255,-2.677733858662036
Santi Mina,LS,2.855979661331189,-1.2760181192299949
K. Demirbay,RCM,2.934726798105223,-0.5905383197201328
Gayà,LB,3.680177379182384,0.060238013969820176
André Gomes,LDM,3.3406074686126175,1.071856786906434
N. Tagliafico,LB,3.5681821398584592,0.4056806841284933
M. Sanson,RDM,3.6549732566318616,0.4167730546189713
Pacheco,GK,-3.908607357324512,0.5464157860016694
E. Can,CM,3.792124157040291,1.2765581944969484
H. Çalhano?lu,CAM,2.9203943700471355,-0.8900372649723077
M. Ginter,RWB,2.7144573669650676,1.6471891726266936
M. Keane,RCB,2.3538134441656884,1.8394937955773314
L. Paredes,CM,2.647665802787594,0.7891438183953082
T. Stepanenko,RDM,2.809380622483141,1.5912518585129545
L. Shaw,LB,3.451831655259369,0.8675723783616421
Z. Feddal,CB,1.8213010125309042,2.1824399530565395
S. Haller,RS,2.3915393126949818,-0.9630657052313147
Bernard,LM,2.182191166072576,-2.791292682006135
T. Inui,LM,2.366256963771799,-2.0335062835078963
Portu,RM,3.8177011114842627,-0.5476743978504717
M. Batshuayi,ST,1.6091292862595419,-2.1740333610225067
E. Zahavi,LS,2.4184863773162144,-1.7075995788378464
T. Vaclík,GK,-4.574576134909677,0.6892131522528375
N. Pope,GK,-3.7778045452719153,0.30455737274383315
Héctor Bellerín,RB,3.4721342115285028,0.1998619767166822
P. Kade?ábek,RWB,2.912535766234998,1.5429483784451692
J. Butland,GK,-2.9610855348167773,0.29087948947844056
J. Vestergaard,CB,0.5743405924354738,3.3619692872822946
J. Tarkowski,RCB,2.110038192508867,2.0324174572532088
Deulofeu,RS,2.2708101430159955,-2.88021964606589
E. Dier,CDM,2.9463415365891326,1.8960893699420114
J. Murillo,LCB,2.1887918357625704,1.8580242844481758
M. Badelj,CDM,2.6680243887169888,1.3772810983394033
Ismaily,LB,3.7473853055624042,0.6672185187779152
N. Schulz,LWB,3.324473923571051,0.7604583061828483
L. Digne,LB,3.2615399074039995,0.8894201280883844
M. Uth,ST,2.313316700318267,-1.9889354964264148
Cristian Tello,LM,2.2636963083027943,-2.7368747377287774
D. Vida,LCB,2.1032142844127275,1.709800104017919
L. Muriel,ST,2.3690504204554688,-2.5707597735826457
V. Aboubakar,ST,2.704340610793794,-1.8580635281434943
A. Oxlade-Chamberlain,CM,3.9151978937294074,-0.09374865767932325
S. Aurier,RB,3.2750685690237273,0.9890115766524314
J. Matip,CB,2.4903810143706955,1.9603838207324666
Y. Rakitskyi,LCB,3.2084723421919246,1.6246201928296282
Sergi Enrich,RS,2.5852875025681747,-0.7627611635588212
A. Yarmolenko,RM,2.38624391820303,-1.290754858221247
Hugo Mallo,RB,2.6032929966854343,1.7750168504785129
André Almeida,RB,3.126008310585765,1.498081994905847
D. Didavi,CAM,2.622767491133356,-0.6044730843720476
R. Rodríguez,LB,3.2239185107952375,0.9656673240342664
R. Pereyra,LM,3.4028642604559307,-0.48043745469857563
Mario Gaspar,RB,3.4073481053918915,0.9035222444517428
Maicon,CB,1.6586086766797643,2.49423062743234
D. Blind,LB,2.748731969125756,1.8412693787720333
J. Zoet,GK,-3.6703233130166355,0.21413495724682932
A. Ljaji?,CAM,1.8778496887725566,-2.2516485084973445
Canales,RCM,1.6162087613415068,-1.9805258038622644
Iago Falqué,RW,2.208223964487562,-2.5445009300563415
L. de Jong,ST,2.0545635520974126,-0.5422535065416579
Guaita,GK,-3.5036150948948435,0.09954672904116989
Muniain,CAM,2.5123130562778786,-1.9576402976148757
Susaeta,RW,1.9336577343523704,-2.076782365755599
S. Rudy,CDM,3.085074006808291,0.7551620525119551
K. Trapp,GK,-3.834400096387907,0.3631011627057334
V. Wanyama,CDM,3.049077454972935,2.0506593675545814
N. Nkoulou,CB,2.0612004653047915,1.7008061001656631
R. Boudebouz,CAM,2.057415567269807,-2.1376625484883247
Camacho,CDM,2.6983991379177206,1.749552138828178
S. Ulreich,GK,-4.387565724415824,-0.6082958257094246
M. Musacchio,RCB,2.15926237922999,1.8481565412197014
C. Stuani,ST,2.4317340596637633,-1.0464018541819449
P. Gulácsi,GK,-4.046084295078806,0.3322032700180387
Bruno,CM,1.5483316580912303,1.5717457399593584
F. Delph,LB,3.523768141397236,0.6924729686412876
A. Lallana,CM,3.1244135264014723,-0.400921426922194
Marcelo,RCB,2.033474464399309,2.615580452042366
S. Coleman,RWB,3.2629018215557495,0.834948960772748
Alexandre Pato,ST,2.0798257062501615,-2.443894969982045
Antunes,LB,3.2452719104641994,0.8839942249611881
Nacho Monreal,LB,2.604587541431555,1.1010727862135443
Beñat,LCM,2.3843871273884116,0.9355565790776922
A. Fernández,LDM,3.1979362035848284,0.6052902840907554
K. Gameiro,ST,2.3837731450628636,-2.0699550184383213
I. Piatti,LW,3.39800328807791,-0.6421061311440963
V. Birsa,CAM,2.5898062228492216,-0.5364528759126037
S. Romero,GK,-3.9210621602054982,0.3876192567289485
D. Criscito,LCB,3.378160310811443,1.0620992230723532
D. Valeri,RF,2.0837226713794226,-1.531770732233276
D. Sturridge,ST,1.374478309859153,-2.7208277147461017
Raúl García,CAM,2.9470580529311077,0.6849405114061667
S. Defour,LCM,3.116091601683199,0.7785048477898037
M. Škrtel,LCB,1.4029382324047484,2.6390443270669173
S. Radu,LCB,2.397398881433989,1.600561349209231
G. Cahill,CB,1.199294455781854,1.9969882907829213
L. Diarra,CDM,2.6103340333726814,1.4655683772119523
L. Perrin,RCB,2.3175334674783152,1.8083474939176745
Dante,CB,1.0808094561816732,2.4246774325947897
A. Granqvist,LCB,1.192000396546307,2.516530701689495
A. Gignac,ST,2.116516672565328,-0.5176964726292825
M. Gómez,LS,1.1051364098168206,-1.550193466148969
I. Akinfeev,GK,-4.283404090681859,0.1455971904188555
I. Denisov,RDM,2.906669761437389,0.9854762783870017
Juanfran,RB,3.132419109230193,0.879160873208897
Diego López,GK,-4.276084706214793,0.05140213586127925
Santi Cazorla,LCM,1.7644557322307683,-0.5785985598116105
Jesús Navas,RM,2.928142504795495,-1.333834099138872
J. Mascherano,LDM,2.027708214513841,1.9964094025185377
A. Mirante,GK,-4.106883950313956,-0.49334497456871035
D. Srna,RB,3.119439959900341,0.8740663227698047
B. Schweinsteiger,LCB,1.8991107710733064,1.4000506827093426
Moyá,GK,-4.906595027576986,-0.07330324635094547
W. Rooney,ST,2.6022972185725406,-0.315534822613693
Fernando Torres,LS,1.3818967821781107,-2.4183194120361673
S. Sorrentino,GK,-4.5263337439735425,0.6193272218223761
V. Tsygankov,RM,2.454543643177969,-2.5179170085989773
Rúben Dias,RCB,1.7261869177560416,2.167699310315402
David Neres,RW,2.662827349820724,-2.341505737456718
Raphinha,RM,3.093462795169782,-1.527342337927962
A. Harit,LCM,2.227402769200893,-2.365836670600048
Richarlison,ST,2.9127538678973894,-1.6836705049212033
L. Martínez,ST,2.033444781115766,-1.9041056810726427
F. Kessié,CM,4.206625743799371,1.1647797397222628
Luimo Boas Santos,ST,2.0049266038491584,-2.7320027332074277
Gabri Prestão,GK,-4.897080065970786,-0.6622486976626502
Melvin Parrela,LCM,3.5054552372283068,0.987345467514763
Antônio Chiamuloira,CB,1.4712262287868845,1.7356667674410102
Maikel Catarino,RB,2.6894914419331144,0.7943336485383459
A. Lunev,GK,-4.466940009987762,0.2581191940310479
André Silva,ST,2.803963692129311,-1.2760575693680691
C. Pulisic,RM,2.3604599290175527,-2.690009294920101
M. Dmitrovi?,GK,-3.6654133935265283,0.8038784312695083
L. Tousart,RDM,2.9532500575845306,1.9169500827849577
Marcos Llorente,CDM,2.5136090441383465,1.6894823922389215
B. Verbi?,LM,2.347158825493779,-1.8648129076963729
S. Bergwijn,LW,2.531363410477762,-2.193406838553768
A. Diallo,LCB,2.8045529287953697,1.4537053734279395
A. Golovin,CAM,3.8521495399925274,-0.6033835963822582
M. Campaña,GK,-4.067650866135749,0.6401479318775348
C. Pavón,RW,3.225771031373342,-1.4814123682952247
K. Toko-Ekambi,LS,1.8142496362403486,-2.458357387881348
Granell,LWB,2.7786135314520557,0.3271497439689028
F. Cervi,LW,3.0321700923839314,-2.0512422660595546
J. Weigl,CDM,2.765324705108637,1.3899060798258507
V. Lindelöf,CB,2.682958694957018,1.60659970164442
A. Rebi?,CAM,2.869068256589107,-1.445893548595668
A. Sanabria,ST,1.9400027704747602,-2.509636595093731
R. Battaglia,CM,3.710981446907719,1.3500285678174158
M. Philipp,ST,2.6685449497762046,-1.7207733981531739
A. Saint-Maximin,RS,2.0303624263789257,-3.127242039180548
D. Zappacosta,RB,3.296981604313152,0.6115968686861247
L. Alario,ST,1.6782097431973988,-2.07518169809755
D. Benedetto,ST,1.9269321627000031,-2.1831242652846723
I. Marcone,RDM,2.200620320338074,2.400690584891312
J. Gbamin,RCM,3.3488965936069706,1.4724868606814578
J. Lerma,RCM,3.450152122554461,1.2347059659106971
Ricardo Horta,LM,2.5864451670760187,-1.7802735990556633
R. Zobnin,LDM,3.833516044367052,0.2343753001284753
M. Meyer,LM,3.0731370277893078,-0.15946463126217467
Bruma,LW,2.48658565300294,-2.6256540066438587
R. Centurión,RM,2.7405708940388154,-2.3478108401232753
Jonny,LWB,2.7201375101185876,1.1864342694852874
Otávio,RM,2.166182434525091,-1.7335278562228849
J. Hofmann,CAM,2.556587465352057,-1.5302531019368655
N. Aké,CB,2.655644654690489,1.390015803140123
J. Hector,LWB,3.2028971355520466,1.151896488534511
S. Kolašinac,LB,3.185009913131126,1.3686054259283584
G. Pizarro,LDM,2.899532489789234,1.7432583225078604
Roger,RS,2.1575340403129784,-1.7512808411831366
Sergio Rico,GK,-4.26335835446003,-0.37423951118830845
L. Milivojevi?,RCM,2.6918590888757072,1.756913745925752
D. Baselli,CDM,2.998086696913653,-0.044920739151411586
K. Rekik,CB,1.9423637789757837,1.9424256632828776
Denis Suárez,CM,3.062930567855419,-0.9802011959563094
W. Orban,RCB,1.2963772874967419,2.4984129230854664
Mário Rui,LB,2.9228064621165744,0.7469374672207525
Iñigo Martínez,LCB,2.035783097211633,1.823361020132942
K. Zouma,CB,1.6082716457294404,2.086409715262039
Roque Mesa,CDM,3.444576773904802,0.6083176720016148
J. Brooks,LCB,2.164789277245039,1.726094745404178
L. Karius,GK,-3.6669138700047568,-0.5058837250411986
Zé Luís,ST,1.656269052981566,-1.9404553944363174
D. Klaassen,LCM,3.1360267754369007,0.190805817468088
M. Elyounoussi,LM,2.7174272329912346,-2.01833006137561
L. Bittencourt,LM,2.7582859275244207,-1.4527013223524894
Sergi Darder,RCM,2.222241045689596,0.7521130195938831
J. Roussillon,LB,3.6149246088654765,0.6702849265449394
D. Demme,CDM,2.474410414655657,1.9104669282266176
J. Gouweleeuw,RCB,2.1510040487316457,1.8679948857385065
M. Rojo,CB,2.134785538533896,1.4922307034809934
J. Veretout,CDM,3.2970410008160442,0.5765657744071361
L. Kurzawa,LB,3.419507052293442,0.4563420113851603
G. Ramírez,CAM,1.74045143283685,-2.003791960435973
David López,RCB,2.6665295706719676,1.6928809548977675
C. T?t?ru?anu,GK,-3.5702589328397774,0.45615330708164264
A. Mandi,RCB,2.2048319922124646,1.642490363177037
D. Sidibé,RB,3.6275803672537346,0.6893814243503954
Y. Konoplyanka,LW,2.025396745491498,-2.147661696083815
S. Berghuis,RW,2.1100583526473664,-2.067188199725595
H. Vanaken,CAM,3.1307835944537956,0.21167903565523408
Campaña,CDM,3.134294849529328,0.5697494107233894
M. van Ginkel,CM,3.134424740208863,0.029287187074561672
Nolito,LM,2.111902355403159,-1.4559982468795094
M. Gregoritsch,CAM,2.0313293367850527,-1.3161591894734415
Ibai Gómez,RM,2.5597875141653366,-1.2360315368410444
Danilo,RB,3.262647175680813,0.9936209403064574
R. Barkley,CAM,2.6586250164661878,-0.6004938773100859
M. Ryan,GK,-3.6175078409618733,0.30009052490730076
Sergio León,ST,1.9580119356819865,-1.919473129973933
B. Stambouli,RCB,2.453613332040004,1.6439337378547836
J. Guilavogui,CDM,2.8389668693539627,1.6740496047928088
Sérgio Oliveira,CM,2.6680099176070082,0.3800862589727016
D. Caligiuri,RWB,3.495581717364836,0.21788294490266952
C. Wilson,ST,2.48717605707105,-1.7262425193980027
P. Jones,CB,1.7361678096353728,1.9871134047175538
Borja García,LM,3.130318188651416,-0.31658290433585934
Y. Belhanda,CAM,3.0840090547197314,-0.6641759376794386
G. Pezzella,RCB,1.0315611314178725,2.048044706932452
Jaume Costa,LB,2.904418427393871,0.7251767308244467
C. Tosun,ST,1.9317665183256991,-1.7333244635613698
Escudero,LM,2.9806552939439883,0.9344154660918615
Kike García,ST,1.825467321581143,-1.3641705264104516
Elkeson,ST,2.8223987142464964,-0.4115026598906916
Ricardo Goulart,CF,2.3852591630010305,-1.8524779635677389
J. Guðmundsson,RM,2.9348274153916583,-0.5268118621376413
N. Clyne,RB,2.9738937666871763,0.8112319407367191
M. Hitz,GK,-3.7492611355936623,0.33719472922546073
De Marcos,RB,3.6179664992522413,0.588154769064437
B. Mee,LCB,1.4908455830350416,2.2901504725992323
Rafael,RB,3.2301094553018,0.9003870643816623
Iborra,CDM,2.103450365386055,1.8343725767539154
J. Wilshere,CM,2.479825003755365,-0.27394598786030616
B. Hübner,CB,0.674576565100626,2.694721661270633
Souza,CDM,3.2733167944844386,1.5987743668856278
F. Coquelin,LCM,3.0050997891354503,1.407862990847231
Alex Teixeira,LS,3.3416115893280414,-1.1774007724999942
A. Dzagoev,RDM,2.9118053311965744,0.1299181552176055
I. Smolnikov,RB,3.315457431415699,0.3682875333074762
Y. M'Vila,LDM,3.117344123519748,1.1489036782928908
K. Asamoah,LB,3.2313561246198765,0.8840679914243128
R. Zieler,GK,-4.473457786033386,-0.23178835155697597
D. Drinkwater,CM,2.799585034573364,0.8236451620686717
N. Kalini?,ST,1.9349011657326511,-1.421899476474992
Mariano,RB,3.0867291646874615,0.626425274182223
S. Feghouli,RM,2.104894539408743,-2.4459565613707697
Adrien Silva,CM,2.6625341578237887,0.5749579206278543
Fernando,CDM,2.93422060907552,1.7599491897559931
I. Traoré,RM,1.8151117350262609,-2.210306185848044
G. Mercado,RCB,2.520011694875754,1.516042458318188
N. Petersen,RS,1.6778797349286125,-0.8724314559678087
O. Karnezis,GK,-4.671789441783363,0.41077452015036103
M. Sakho,CB,1.482771799303545,3.0873000974918776
Sidnei,LCB,1.9568259453766916,2.2350460214570846
S. Joveti?,ST,2.090398158618651,-1.9749277982085431
Eder,RS,2.047592838946165,-2.891976415821956
J. Hernández,ST,1.0360085099529215,-2.575388740474868
Fabricio,GK,-3.1390104779340007,-0.36319896051048256
Kiko Casilla,GK,-3.8348835564117096,0.5499464653621486
Ángel,ST,1.460572264726168,-2.4756790601646443
M. Schneiderlin,CDM,2.5738156874622673,1.4793322331388097
M. Fellaini,CM,2.6209440352314752,1.6313423697338956
P. Wernbloom,CDM,3.0484561345800874,1.6271087824840587
D. Ospina,GK,-4.71472416206568,-0.3473031396922019
S. Mignolet,GK,-3.9213133135377385,0.2396274653663227
A. Begovi?,GK,-3.789474353284988,0.150473556970761
N. ?ahin,CDM,1.816165535459766,1.4396681280724217
R. Bertrand,LB,2.9149282026954597,0.9873263693544649
A. Masiello,CB,0.8372958824351622,2.6679106674303728
T. Walcott,RM,2.1149716749403096,-2.329733032485827
Charles,LS,0.8580988077925299,-1.845104498379486
T. Heaton,GK,-3.7036440187634594,0.08589266751056375
H. Ben Arfa,CAM,1.3191532913335497,-1.9976700950529986
D. Abraham,CB,1.8601805220801415,1.7646070150242867
E. Lavezzi,CAM,2.2544112161562495,-1.9451920581470792
S. Kalou,LM,1.859386923299646,-1.8827575064794067
J. Farfán,CAM,2.2093616074374296,-1.2593275916215285
R. Babel,LM,2.3650060783205733,-1.7866791409507121
A. Young,LB,2.878786775399823,0.5628530149637718
J. Hart,GK,-3.7031311289044493,-0.3545072961979145
L. López,LS,2.883398951470485,-0.5953222376459519
D. Baier,CDM,1.9765295810826098,1.6675393259977846
B. Y?lmaz,ST,1.5165538339324618,-1.6660193868262188
R. Adler,GK,-4.722373661388519,0.22403462678736744
S. Lichtsteiner,RB,2.4815389144222233,1.394771171904066
E. Adebayor,ST,1.0339293351065821,-1.5683898583166953
E. Belözo?lu,CM,1.6182534527585475,0.5457802994254822
Loren,RS,0.9210202432872888,-3.2203785887064313
Éder Militão,LCB,2.7875308348038956,1.2673639972585855
F. Chiesa,RW,2.339633003652615,-2.1633217707141257
M. Lazzari,RM,2.5069612540767494,-1.4111684649031238
A. Hakimi,LB,3.532456587846708,0.24429651161489543
S. Nakajima,LW,2.787796955220035,-2.7568373991973574
L. Jovi?,LS,1.7488020249095695,-2.174964666452713
S. Ascacíbar,CDM,2.7627504607198548,1.549595422109544
A. Lafont,GK,-3.3071203791485524,0.26960053009048146
T. Alexander-Arnold,RB,2.973225554809953,0.4475946738589105
F. Krovinovi?,CAM,2.571103765490039,-0.31827774646853396
Sidney Pessinho,CDM,2.765206126589153,1.4285668880796372
Everticinho,RB,3.2252418502552174,0.3332362300854927
Claudio Coíntra,CAM,1.440853112839825,-2.13707758958308
Ronaldo Esler,LB,2.511411757008073,-0.3635784642305176
P. Lees-Melou,RCM,3.2967206457743976,0.03179211702647674
B. Chilwell,LB,2.9317508952300924,0.7924357392104014
João Novais,CAM,2.841321752846689,-0.6511753227721869
D. Calabria,RB,2.6102760911216096,1.173755143855169
F. Mendy,LB,3.577647496506227,0.462372355218465
L. Pellegrini,CM,3.0582484749260015,0.40134058621571234
Soares,LS,2.3372278056517204,-1.2416234878730033
Daniel Podence,LM,1.720226405300151,-3.5785613379434813
M. Díaz,GK,-4.523899788634896,0.7264477373036317
G. Martínez,CAM,1.9017190835484188,-2.6785096059951403
M. Eggestein,RCM,3.447862050314244,0.685788263239216
Trezeguet,LM,2.3611556833302645,-2.2523714839609466
N. Amiri,CAM,2.7776331757145423,-0.39056716977777317
Vallejo,CB,2.111527933184999,1.3900633286734518
J. Gomez,CB,2.495252498983816,1.8441428052159274
Diogo Jota,LW,2.871713281313095,-0.7371422251036294
Joan Jordán,LCM,3.0702962018355238,0.10353529768744646
Dyego Sousa,ST,1.1486576925848921,-1.399635191194008
A. Maruši?,RM,3.463247201216778,0.30474355692040594
David Soria,GK,-4.227154639533376,0.4933103041085167
V. Rongier,RCM,2.7140324096113844,0.35884473966999075
W. Weghorst,LS,1.7569609459352984,-1.2470848077531134
O. Al Soma,LS,2.0780996918047543,-0.8018244110406666
M. Nakamba,LCM,2.898286894978748,1.7451389230852488
Petros,LDM,3.501824483077413,1.0557890845272404
Pablo Maffeo,RWB,3.1541706785643324,0.28297393719689773
Y. Mina,LCB,2.2972608533429026,1.8527668664306367
M. Dúbravka,GK,-3.457731549699269,0.10541233370831073
Diego Carlos,RCB,1.590543128058479,2.13328787035571
D. Djené,RCB,1.6831851481928395,1.9798391709940082
G. Simeone,ST,1.7742191638275944,-2.16827138050542
M. Meza,LM,2.517963515430081,-1.9079507891128655
Bastos,CB,1.7022502477110537,2.0658416294900577
S. Lobotka,CM,3.0170697585936064,0.18490347328243562
Y. Tielemans,CM,2.6363514320210677,0.4909708373584544
Marcelo Goiano,RB,2.5625752025128556,1.0367178002667945
K. Tete,RB,2.6010136528332946,1.3537362337620924
Capa,RB,3.3323305441255675,0.7939273535321039
M. Sportiello,GK,-3.8708655797911677,0.40087849332497655
Jemerson,LCB,1.356483891387297,2.239571828066383
N. Maksimovi?,CB,1.025899525935481,2.6738943706117615
D. Zapata,RS,1.2392395460566843,-1.6952333447382757
J. Correa,LM,2.4974212627069914,-1.6538567720911734
E. Rigoni,RM,2.496622217474162,-2.2425494033710995
C. Izquierdoz,RCB,1.20341603041191,2.589233446162042
W. Barrios,CDM,2.8552280288548877,1.9994828722647768
J. Mojica,LWB,3.2144522964806455,0.2028832680544348
A. Selikhov,GK,-4.0567280371033165,0.12213805712238283
A. Iwobi,LM,1.9621885132775239,-2.0676776548770563
D. Laxalt,LB,3.4344803066466363,-0.49065859838385434
N. Bentaleb,CM,2.9769113331413446,0.6708376217447153
N. Stark,CB,2.6446663631714693,1.3263908933935602
M. Lemina,LCM,3.163484363929745,0.5301631071560514
L. Dendoncker,CB,3.327152977065659,1.4325180182671973
Ricardo Esgaio,RM,3.2619408554548013,0.03236953308354138
P. Sisto,LW,2.8759240670470305,-1.2379044158064976
P. Max,LWB,2.8661995392504362,0.6184641709239603
R. Gagliardini,CDM,3.0539436755422975,1.1330998612510517
Pere Pons,RCM,3.2088165449290225,0.6808750716906725
D. Berardi,RW,1.8430449440902723,-2.283839500549681
M. Halstenberg,LB,2.7129848262040555,1.2196561929973717
J. Quintero,CAM,0.8454164111005142,-2.717263705319184
Tiago Volpi,GK,-3.8615041690836733,-0.18045852290154507
Óliver Torres,CM,2.5764470442620717,-0.9709068442629146
Omar Mascarell,CDM,2.806991802574699,1.163755132421553
H. Sakai,RB,2.424954965875515,1.5371487336243843
Andreas Pereira,CM,3.1561936506290653,-0.2593639609174749
A. Januzaj,RW,1.7964806128685855,-2.3186961012150116
B. Cristante,CM,2.620644450976732,0.29226643865774826
Matheus,GK,-4.145328399717438,0.5883824576536305
B. Traoré,RM,2.828856439471067,-1.9111839099072092
Y. Poulsen,RW,2.9209004540804995,-0.47369576432481203
L. Trossard,LM,1.9050060280085757,-2.713642291260831
M. Arnold,LCM,3.090440200931432,0.20969495078486922
M. De Sciglio,RB,2.7530746257288787,1.2198662018077755
Leo Baptistao,RW,1.9528068949367656,-2.163241824647672
V. Chiriche?,CB,1.8574076099742187,1.4037193323747916
L. Pavoletti,RS,0.7354132480909441,-1.5493135319151923
A. Cragno,GK,-4.426609790659664,-0.06476302524175619
L. Castro,CM,2.90584253255488,0.3555005135638285
N. Füllkrug,RS,1.32611289743648,-1.4632720144964027
F. Fajr,RCM,2.61865918198552,0.5515713016131639
R. Jiménez,RS,2.207684101127781,-0.9766870912380156
E. Sala,ST,2.870837823448544,0.2837203233124596
S. García,ST,1.1883814489025066,-1.441723456862914
S. Arias,RB,3.2643064840673564,0.6659359294175179
B. Reynet,GK,-4.210917684296155,0.01494318155269208
Pozuelo,CAM,2.20190348463451,-0.743812969802023
A. Trebel,CM,3.076271028483731,0.5470353668031867
J. Lascelles,RCB,1.122464197211314,2.4972357324324945
T. Kongolo,LCB,2.0628966084710965,1.8571237580101996
A. Carrillo,RM,2.0723203314631142,-1.9919244245718326
Álvaro,RCB,1.520946035008187,2.183516288424822
G. Defrel,LS,1.4483596975210757,-2.888259704539844
Fernando,CDM,3.20473457047197,0.7654515844033035
V. Darida,CM,3.0609750014024626,-0.37259091656591237
R. Saponara,CAM,1.8473038706280958,-1.7226916019709708
Pedro Mendes,RCB,1.6101302839322738,2.3810244884020166
C. Schindler,CB,1.0757171100122793,2.558600989334444
N. Chadli,LM,2.582044387999514,-0.83055398064465
Arbilla,CB,2.1779596224065423,1.7521285317418096
L. Dunk,LCB,1.2666653619616937,2.2441690400985115
P. Hernández,CM,2.6964125819064133,0.6742536689172058
J. Guidetti,LS,1.5316683945819733,-1.2875461430307173
Sergi Gómez,LCB,1.474806648707864,2.5185259085572675
Oriol Romeu,CDM,1.613308272511543,2.7058983078139445
Lucas Pérez,ST,1.8813132566730677,-2.025600060706605
B. Natcho,CM,2.516622319226134,0.42251681312369793
Cláudio Ramos,GK,-3.5850804737539907,0.4138327768333246
F. Lejeune,CB,1.9562551252014972,2.0383735925724573
G. Krychowiak,LCM,2.360713272926517,1.7581797102618855
N. Lodeiro,CAM,2.2995584297806952,-1.037497727792311
O. Özyakup,RDM,2.8460041177015056,-0.1471002575964922
C. Tévez,CAM,2.034137815603059,-1.107031080446763
K. Papadopoulos,CB,0.13713343227743696,2.6816417811021758
M. Gradel,LW,2.396095924816102,-1.7972220337619769
M. Debuchy,RB,2.663389887799943,0.8244133041335165
V. Moses,RW,3.42204865495847,0.21647005311257164
Z. Junuzovi?,CM,3.2268428160166036,0.20478630622228097
Granero,LCM,2.089549682050035,0.6474625741993447
J. Baumgartlinger,CDM,2.7361628315659243,1.771574828231321
Fábio Coentrão,RW,3.321608457556734,0.4021556590315556
B. Costil,GK,-4.142992530168235,-0.087511363030662
Hilton,CB,0.6170694733194038,2.181499748818907
N. Gudelj,CDM,2.961696208987512,1.6300707321603567
L. Pratto,LS,2.0362154959342953,-0.5561945399497165
E. Hernández,LM,2.376217144297043,-1.6874954633527217
Jurado,LCM,1.392349870343562,-2.109413817108365
R. Cabella,CAM,2.2307047560341937,-1.790047256763566
Rafael Tolói,RCB,1.0486927830081805,1.9186730665786569
C. Bravo,GK,-2.941697472539648,0.1431515543120306
Hernanes,RDM,2.0897877227839126,0.6580047017654256
K. Honda,RM,2.123131687214674,-1.0421134595369872
A. Dzyuba,ST,1.1152636683028787,-1.2012656491141602
J. Holebas,LB,2.671496568822776,0.8853602288582676
Javi García,CDM,2.5623839879897328,1.440299553656971
Sergio,GK,-4.347963749331603,-0.04986050913383511
M. Cáceres,LCB,1.7790667945672232,1.5438480097887115
Daniel Carriço,CB,1.30592555912163,1.7742248038352952
J. Cork,RCM,3.043561196135213,1.5468587280607227
J. Tomkins,RCB,0.8489548770092985,2.6017892282175947
Guilherme,GK,-4.0601023083756695,0.4900987420311205
Gervinho,RW,2.1528258255203063,-2.3887672873899524
J. Shelvey,CM,2.6775585447990817,0.18706530750222947
R. Eremenko,CAM,2.148171451237245,-0.6118557426728967
R. Vormer,RCM,3.1069263035828705,1.0112041795511941
J. Lens,LM,2.233593177238332,-1.9370582711076887
Adriano,LB,2.8436898368655115,0.7122212307461262
S. Cook,RCB,1.0930791940193356,2.3634423522347467
L. Podolski,RF,1.975001389538466,-1.1631146769717908
C. Ansaldi,LM,2.953501692194923,0.6309341552381694
Manu García,LCM,2.4788522461581546,1.6226881308575651
R. Alessandrini,RM,2.3745404279672404,-1.83128666366033
J. Ward-Prowse,RM,2.3620134501379595,0.07647077222330662
M. Harnik,ST,1.9529146848142902,-1.3463541022377066
B. Moukandjo,CAM,2.0639085585690284,-2.6082940594045434
G. Pereiro,RM,1.7437359226531688,-1.495270923376283
G. Castro,CM,2.5046030188392137,0.29259920357536734
Aarón Martín,LB,2.2245213028047464,1.2081003175850855
F. Johnson,LM,2.9220861824049438,-0.2694621533823165
L. López,CB,1.3223366921822601,1.6182473801715
M. Dossevi,RM,1.5930237811831176,-2.038826552750151
Caiuby,LM,2.4595602695253995,-1.2923080404939442
Gabriel,CM,2.557474315371364,1.0173428468753598
Iván Ramis,LCB,0.9301006526644261,2.6505755221687215
M. Suchý,CB,2.1615818403956815,1.812113666736056
T. Vilhena,CM,3.308423778171646,0.5457506951014823
E. Çolak,CAM,1.65113918492129,-1.9171037701467166
V. Germain,ST,1.8597385383551766,-2.031722160541129
G. Hoarau,LS,1.3420642986236806,-0.210972165525834
Sergio García,LW,1.088151416978017,-1.84628260901412
E. Choupo-Moting,ST,2.257746011533058,-1.431316278917471
J. Pinola,LCB,1.6741508591483871,1.6939434962351283
J. Hendrix,LCM,2.776767829214434,1.099547395203406
J. Izquierdo,LM,1.8729343895018595,-2.5127537196571135
S. Sydorchuk,CM,2.78157712286042,1.0180869672410355
C. Grenier,LDM,2.0930640323258527,0.054427823435893675
T. Strobl,CDM,1.4838609614069997,2.373195486033077
V. Odjidja-Ofoe,CM,2.7215970666027927,0.7099273280758961
N. Guzmán,GK,-3.4368406408156793,0.6030515041249719
F. Fabra,LB,3.293395285905931,0.8890285008471918
J. Maddison,CAM,1.7584154555270937,-2.125654420126565
K. El Ahmadi,RDM,2.4997628787596016,1.2300974727918987
M. Carcela-González,RM,1.8412173282054956,-2.101729703846398
M. Gabbiadini,ST,1.1157410734462816,-2.310889577467136
Gomes,GK,-4.672368673651226,-0.050143205686848255
M. Ritchie,RM,2.264576938835683,-1.007395306205291
G. Bou,ST,1.9555816682479148,-1.7458773054570125
Javi Fuego,CDM,1.521328093011755,2.102546702233025
E. Akbaba,CAM,2.598479527040582,-0.9553500685667703
J. Amavi,LB,2.8848318868301184,0.5165193753282448
R. Malinovskyi,RCM,2.880656760227588,-0.1062313819493043
D. Welbeck,LW,2.1573923035602873,-1.6553869789159632
G. Conti,CB,1.7810271303856584,2.135064760388098
Bruno,CB,0.37162228788820434,3.5629441666077932
Garry Rodrigues,LM,2.5345567627108703,-1.7611305344014938
A. Schwolow,GK,-4.688359120016139,0.2334486189098417
L. Cook,CM,2.721444156652782,0.3054829421858972
P. Pérez,CM,2.5808675388125106,0.9559527222048679
Gazzolisco,LB,3.100341943731629,0.9791243115164786
Jonatan Soriano,ST,1.489904688808816,-1.5066111047139827
Rubén Peña,RB,3.360892375906805,-0.08786804072184101
Mikel San José,CM,2.002951876087153,1.9827927928036493
P. Groß,CAM,3.0996579367465067,0.15841044811161245
L. Baines,LB,2.005566056548269,0.5315209937066729
A. Ogbonna,CB,1.2648978263629425,2.3641261954291743
Juan Jesus,CB,1.452809561305524,2.213085667182252
J. Martínez,ST,1.8522144586079194,-0.2829672060808349
N. Elvedi,RCB,2.3952921937208784,1.7320763484803965
G. Moreno,CAM,2.3919931608709972,-0.8580028375375172
J. Valdivia,CAM,1.7789673679250433,-1.0694398167272101
A. Carroll,ST,0.698130781591146,0.06124132226813875
Luís Neto,CB,0.9902757305574068,2.1534733816830993
A. Pyatov,GK,-4.416675604873077,0.6867904808929717
T. Gutiérrez,ST,1.0198022696397406,-1.713071260451103
Álex Remiro,GK,-3.8403776327391586,0.22134546592281829
Wilson Eduardo,RS,1.6626434792464857,-2.18707952196115
Jorge Meré,CB,1.434041762348951,2.0541263141295114
M. Elneny,RDM,2.7890209323613546,1.0891959028658713
D. Torres,CDM,2.1690998285257836,1.691611284732837
Y. Bounou,GK,-3.895506260736413,0.2760791032777178
A. Prijovi?,ST,1.4787015749341788,-1.1767606494084792
A. Jahanbakhsh,RM,2.353090908094647,-1.7135043946851587
J. Calleri,LS,1.6885853832937021,-1.384825906168155
Simão Acunha,CAM,1.8972188501829008,-1.481377849722913
N. Müller,RM,2.2080697080040794,-1.525884182580611
L. Ocampos,LM,3.075292346833536,-0.2236714380837343
J. Rodriguez,RS,1.9422618037496333,-1.5493470300023666
V. Ibiševi?,LS,0.3857538670162979,-1.1703310609945003
S. Rondón,RS,1.2409878093603688,-1.2471043382684002
Victor Sánchez,CDM,2.089255095774542,0.9269671101563651
D. Suárez,RB,2.7874168376497757,0.930016040843791
K. Huntelaar,ST,0.24271866225054184,-1.199247319755819
L. Dubois,RB,2.636869441717958,0.8817953549329612
André Pinto,CB,0.3641815447612157,2.914436351224112
K. Lala,RWB,2.7667919319471626,0.8441389623077964
O. K?vrak,GK,-3.304107940220222,-0.04179939835994056
A. Bertolacci,CM,2.8456468220197215,0.1896368883765453
E. Giaccherini,LW,2.183955737860253,-0.44396296092749676
A. Živkovi?,LW,2.814138152789574,-1.1338750102142525
R. Ábila,ST,0.8824209605790462,-1.5471493959970322
P. Diop,RCM,2.090953579380269,2.0705921785693016
D. Garmash,CM,2.873130579532522,0.821829336534425
T. Chandler,RB,2.8023811154896947,1.0308847297565686
R. Klavan,CB,0.7940635192519674,2.0936015441661944
A. Miranchuk,CAM,1.9008066994163928,-1.7743795328163507
D. Da Silva,RCB,0.9152961301930208,2.396977246864793
D. Benaglio,GK,-3.9813027743079497,0.5763479330775179
T. Rincón,CM,2.9986447394836113,1.6134174878151268
M. Pereira,RB,2.3813335487604466,0.8175708150216296
C. Borges,LDM,2.6634655847793165,0.9697964051022293
J. Sand,ST,0.032466061794077516,-1.1582028850519808
Markel Bergara,CDM,1.6829842960894146,2.0732290712006374
Vágner Love,ST,1.6337455607692284,-1.3418574912060852
B. Bourigeaud,LM,2.866109232287198,0.07383383441264553
R. Soriano,RCM,2.6915744212032835,-0.042023067592728065
D. Kuzyaev,RM,2.990554807749256,0.14729638428188285
R. Sambueza,RM,2.4154478634203302,-0.3224559190446322
Montoya,RB,2.6946907423748607,0.8502968267042841
A. Poli,RCM,2.828367400946027,0.44705794520311487
C. Austin,LS,0.6936416782759338,-0.6893965920320423
L. Tonelli,CB,0.7449304028009902,2.0593305292093316
M. Zárate,ST,1.9043483543829063,-2.012984492642686
J. Sancho,RM,1.884148832767163,-2.773338083919656
D. Basta,RB,2.7606315405629838,1.0246947399970843
Marçal,LB,2.8405570056609153,0.8680997628466367
Munir,ST,1.7840097657407925,-2.697874225592082
G. Sio,ST,1.4514712927302316,-2.4370615440192442
J. McCarthy,CDM,2.2837830368198624,1.2163225124274812
J. Aquino,LM,1.8703195096722869,-2.651274896936193
H. Pérez,RM,1.6390362251183823,-1.673651780493904
Jô,ST,1.2952059881970175,-1.5007374927201689
R. Gurtner,GK,-4.426133497811458,0.10348480061005674
C. Sánchez,CDM,2.4977071314462123,1.8317514579883434
M. Sissoko,CM,3.8445151427385436,0.892839325631141
W. Anton,RCB,2.2411334467734343,1.5773139688347508
E. Skhiri,RCM,2.8750896119024585,0.9893125139853409
Rúben Vezo,CB,1.732465955444714,1.7615646106527425
Jorge Molina,RS,0.7348592746214102,-0.2102492941582601
M. Hasebe,CB,1.767092592619137,1.5903426319238105
A. Schürrle,RM,2.2439087549739467,-1.632331121284708
O. Ighalo,ST,1.935318262834066,-1.4053971435699286
L. Acosta,RS,1.9557123406021013,-2.7823104948709245
V. Babacan,GK,-3.4749995824459012,0.011931088518144827
R. Aguilar,RWB,2.569667512142166,0.6655916313955557
Yeray,RCB,1.6508432140918674,1.7518871072637745
J. Defoe,ST,0.20829681016356877,-2.8173678908431765
L. Schøne,RCM,1.8619738705589466,-0.006606896316767096
C. Ünder,LM,1.5396282186185772,-2.501550916760977
M. Dabbur,RS,2.013968718946659,-1.8437222961971116
Roberto,GK,-3.9074435805891783,0.5919102350984097
Djaniny,ST,2.437414826618563,-1.471364742603479
Wallace,RCB,0.4651924233432104,2.536618164173406
Pedro Obiang,LCM,2.5465734577048758,1.2865314428950132
D. Heintz,LCB,1.5407202758241298,2.330493291554062
N. Mukiele,RB,2.45175205242571,1.488453117132605
T. Vermaelen,CB,1.4411237236933623,1.551804055615455
I. Abate,RB,2.593503595049223,0.929804884951874
Diego Llorente,RCB,1.863442830724691,1.7612580885433622
C. Wood,ST,1.459644533148234,-1.1070605441448296
Formosandrinho,RS,0.8582803981559648,-2.4541966602341048
E. Pulgar,CDM,2.7010180511656414,1.3832343267292102
V. Vasin,CB,0.807402855900609,2.660518077716455
V. Grifo,LM,1.7385756773122878,-1.5910931377474133
A. Turan,CM,2.1338101484179273,-0.271276410056453
J. dos Santos,LCM,2.6993966764697257,0.21361585683733675
D. Schwaab,RCB,1.8451437086781406,1.756396756297545
M. Schmelzer,LB,2.3818159173954014,1.5896559344089745
L. Spinazzola,LM,3.5022415572257395,0.49210879148997544
A. Dragovi?,CB,1.7054410150990962,1.9090009428806591
D. Pröpper,CM,2.5774904587287857,0.3725332628619388
R. Inglese,ST,0.7243430231679429,-1.9097009187057088
A. Marchesín,GK,-3.7239425097607786,-0.44008152313270144
R. De Paul,LW,1.9693536517112553,-1.6200542651337848
C. Gentner,RCM,2.3422609951796627,1.5585617774195466
G. Murray,ST,0.1059095496981077,-0.5299293276689817
Rafael Carioca,RDM,3.1231533612636917,0.6915386716564715
A. McCarthy,GK,-3.781284571863439,-0.2537627357104264
L. Chichizola,GK,-4.716821899128863,-0.6771939847860852
D. Zakaria,CM,3.5288813214471824,1.0135400307106233
G. Dzhikiya,CB,2.188386475990177,1.6482954539928523
N. Castillo,ST,1.3852691904500676,-1.0075089137518025
D. Origi,ST,1.5847585353383695,-1.998237715701681
O. Yoku?lu,LDM,3.363786912258346,1.0396459112697027
D. Cheryshev,LM,2.4220754638094957,-0.8466291514816168
D. Selke,RS,1.5374906957835799,-1.487881724057719
Wendell,LB,2.6358725371111125,0.8048388228671866
M. Layún,RCM,2.8760381893556084,0.4088257850389859
Y. Sabaly,RB,2.5108568935067797,1.2516618622680895
P. Cutrone,RS,1.490520108801966,-2.533493336826093
F. Marchetti,GK,-4.1674483120388635,-0.07123785261476764
W. Cyprien,LCM,3.5767383891678084,0.47812697848353264
G. Paletta,RCB,-0.023620566497922595,3.690429871786318
F. Caicedo,ST,1.4283679249010404,-0.4694699340908896
Jordi Masip,GK,-3.430737419634373,-0.6925490474724834
B. Espinosa,CB,0.8191917121401396,2.609861476391438
M. Benassi,RCM,3.085363868857051,0.6375629656458058
P. Jagielka,CB,0.2036249426253864,2.398618895485526
J. Kucka,CM,3.1550547038336854,1.5224860479406612
R. Brady,LWB,2.7172108778452455,-0.26682570817109696
A. Szymanowski,LM,1.8793084566793439,-2.2191129048347835
W. Reid,CB,0.9367919061678314,2.0471582666928514
Cédric,RB,3.043714078355016,0.5300464689920579
R. Civelli,RCB,0.31953943246709665,2.9255470693022088
R. Loftus-Cheek,CM,3.0217820950072194,0.11650197303608865
S. De Maio,CB,0.5252323070245025,2.8819086086111976
S. Brown,CDM,2.665968243676607,1.5350301414748801
A. Mitrovi?,ST,0.7218505944234197,-1.5842834297501878
P. Skjelbred,CDM,2.3390605352891454,1.4703524632704454
D. Cvitanich,ST,1.1443440327739833,-1.3018904573914254
K. Lasagna,ST,1.609296745133904,-2.461584179265281
R. Palacio,RS,1.6323887104080674,-1.9766577904924818
M. Wolf,RM,3.146765092949776,-0.7071796426001947
E. Gigliotti,ST,1.3757844817898235,-1.092811997074723
N. Jørgensen,ST,2.0625103172904815,-1.252137958327229
Laguardia,RCB,1.4235656592739885,2.1053107772823143
J. Lukaku,LM,3.4015858087766158,0.7782049743582917
J. Augustin,ST,1.7389734405388029,-2.8577344022285045
M. Diakhaby,CB,1.451113817468813,2.305646621427556
Douglas,GK,-4.194761999852888,0.47779042794059157
N. Pej?inovi?,CB,0.9723269616616479,2.3403198701182166
D. van de Beek,CAM,2.9196083815928806,0.2194005562705484
Borja Iglesias,ST,1.4380312107210995,-1.4286401092537289
G. Shibasaki,LM,2.8765453412016835,0.12600619723519357
W. Hughes,RM,2.4948156736020466,0.05118102265406849
S. Boufal,LM,1.542809426270365,-2.944024955585949
T. Kehrer,RB,1.888418915810286,1.4198892268145968
M. Lang,RB,3.0226785076744287,0.9443474717753524
E. Gutiérrez,LCM,3.4440525168197675,0.1351056341244574
D. Upamecano,LCB,2.225443959624142,1.7891692607098317
Jefferson,LB,2.867614163175879,0.8167608611672246
W. Benítez,GK,-3.8296684626281126,0.6991270620854623
E. Bardhi,LCM,2.615731516952729,-0.7730114677069141
K. Mbodji,CB,1.9456272069839629,2.0666743303500392
B. Sarr,RB,3.083841318349515,0.233310186684843
F. Ferreyra,ST,1.3841292001424754,-1.9897400113048656
Danilo,CB,-0.3054666940472029,2.590643981091726
A. Ayew,RM,2.7629666991524817,-0.5975455900696418
K. Mitroglou,ST,0.4177972518948849,-1.8554679752037044
J. Villar,GK,-4.997463159253802,0.2566591695701737
P. Herrmann,RM,1.344983295349167,-2.4346778697804465
D. da Costa,RM,2.7335003647348213,1.2615415237264462
V. Fischer,LM,2.32510616383253,-1.922216606331914
Wesley,LS,2.234894149765142,-1.0967547908975033
D. Ginczek,RS,1.5460955841362483,-1.0699046990043521
F. Kosti?,LM,1.8762043521540994,-1.3952529565181575
R. Fraser,LM,2.300682464597047,-2.0502578780272414
Cote,LB,2.267218633571554,1.1015577946512007
H. Winks,CM,2.8311577693317607,0.33105499506989317
K. Mbabu,RB,3.19588454967736,1.0560250697876865
M. Hinteregger,LCB,1.8076789217247506,1.7178166953489602
L. Acosta,CAM,2.0804397513140747,-1.9605875461547324
Sidcley,LM,3.5473777470154304,0.6587419037670371
M. Jørgensen,CB,1.2513685526647083,2.157510568127381
M. Fabián,CAM,1.6111204525113745,-1.5605680517031966
Carlos Eduardo,CAM,2.2483724157747433,-0.5934024832900433
Rubén Castro,ST,0.6883305487083292,-2.658688933819679
L. Augustinsson,LB,3.010374856847176,0.5612700154655247
S. Aziz,RCB,1.5773815358281975,2.1326726591224068
G. Ochoa,GK,-4.397583775948464,-0.17249733313251955
P. Hetemaj,CM,2.97370464792862,0.6020236892865127
André André,LCM,2.818049074953563,0.2310293061665405
Vinícius Júnior,LW,2.2254648637177628,-2.7919243495131756
B. Džemaili,LCM,2.623477061140766,0.25227828223551335
Juanpe,LCB,1.3829419013586794,2.2927815421001223
K. Fortounis,CAM,1.784559205456623,-1.9199701646769944
M. Vorm,GK,-3.6783915934412525,0.020654390001829843
B. Oczipka,LWB,2.7604806843428706,1.175461199925827
R. Bentancur,RCM,3.210991980325111,0.2953990328729423
T. Hernández,LB,3.10592300579359,0.6431851372116035
M. Lowton,RB,2.6062747689158825,1.105520901233992
I. Diop,LCB,1.177923891403616,2.3848201240871783
B. André,RDM,3.1128179193801455,0.899818121238286
C. Piccini,RB,2.4898450638330893,1.7156210643339393
Paulinho,LS,1.571775310505319,-1.3012947154025643
A. Diawara,CM,2.9628462006678533,1.2164300217106345
Yuri Berchiche,LB,2.525634253813089,1.0034424921899816
José Sá,GK,-3.9700105921257194,0.2566856180377876
F. Kamano,LW,1.854100158292209,-2.6728087561068032
F. Cartabia,RM,1.5861208252628034,-2.7705604766036758
E. Ünal,ST,1.8280096988755241,-1.615230400640686
I. Radovanovi?,CM,2.281118511018671,1.8527492395696423
Renan Ribeiro,GK,-4.484992981450183,0.49619026374301123
Jony,LM,2.402567947909121,-0.9420554126813963
D. Buonanotte,CAM,1.0733031781213829,-3.1935877062674027
Tomás Pina,RCM,2.316913843066659,1.0944565453833914
N. Pallois,LCB,1.5136457701123225,2.298005603231214
D. Latza,LCM,2.3934179543238865,1.3108671073703264
F. Belluschi,CAM,2.0596973226378195,0.2170454515058306
O. Abdulrahman,CAM,1.4687206136900255,-2.90877717396162
O. Trejo,RCM,3.0009095125389904,-0.14847872639490997
N. Barella,RCM,3.361240130374401,0.06725356522191057
Angeliño,LB,3.38195306082562,0.469613257837191
Vieirundinho,RCB,1.2423548211189686,2.689750239593928
F. Orellana,RM,1.0453990324741185,-2.902903335220898
F. Grillitsch,CM,2.253762350890576,0.7415151601767958
C. Ortíz,LCM,2.933429320538647,1.665492316986807
Bruno Viana,RCB,1.665144928072356,1.9029907313235583
J. Maidana,RCB,0.32273742599667593,2.6946900056598384
R. Funes Mori,LCB,1.7260774304791873,1.6702445979619958
D. Kohr,RDM,2.792941956936898,1.2683083632637848
F. Higuaín,CAM,1.2398015163419303,-0.877168311697882
A. Barák,CM,2.894860080346435,0.2889907634197965
F. Andone,ST,2.3483720996443824,-0.5370356045136778
Adrián,ST,0.7143317453281376,-2.1395600216499453
G. González,RCB,1.2946838604707807,1.8266014417711112
Otávio,CDM,2.4718414091763847,1.5944778363683187
D. Janmaat,RB,2.895374782971294,0.7855615463288309
R. Funes Mori,ST,2.487583454495259,-0.9098843790723382
P. Schick,ST,1.4570351162028752,-2.3715658085673943
Aleix Vidal,RB,3.199029090812023,-0.2202621471168249
A. Schöpf,RM,3.23562659981566,-0.668311008565679
W. Boly,LCB,1.1976426882710802,2.480207129718468
Alberto Moreno,LB,3.027901692118763,0.029646536535319044
C. Villanueva,CAM,1.516579844945042,-1.589320054108239
M. Weiser,RB,3.2750768039194544,0.17435775381470894
G. Escalante,CDM,2.823603791838271,1.2017627789980705
M. Holgate,CB,1.9832749044489395,1.5079841999719228
J. Hopf,GK,-4.43327527437269,0.6216047546674239
D. Zurutuza,LDM,2.364669173761709,0.6468373734336837
Juanmi,LM,1.445025860437183,-2.970725868699579
K. Gibbs,LWB,2.5679367997806986,0.8536326592853354
F. Fernández,LCB,0.3562473737005802,2.7075488892768327
L. Kalini?,GK,-4.813493734459916,0.7237523394803876
N. Radoja,CM,1.9118344178645699,1.3682982014925746
N. Blandi,ST,1.1701026541611372,-1.250287152657407
David Juncà,LB,2.3502857997286632,1.48237748943978
Wu Lei,RW,1.78382196387214,-2.652247539488929
Gabriel Boschilia,RW,1.4950350957371117,-2.3789360800902197
Iuri Medeiros,RM,0.8980112616810139,-2.699580459966846
M. Phillips,RM,1.8084747052075838,-1.315409808651141
Iván Cuéllar,GK,-4.43835212823241,0.10341387188007731
J. Lössl,GK,-4.685877028379853,0.3630182178193218
Mario Suárez,LCM,2.4228001831931,1.3493172865650966
W. Bony,ST,0.16172442630021883,-0.3387775528377019
S. Doumbia,ST,1.3048719855483366,-1.8544131655507219
D. Reyes,RCB,2.0199610303084174,1.3240304798902107
Bernat,LB,2.9522337992294605,0.007699433434920095
V. Behrami,CM,2.1557290675019343,1.2052445530172453
S. Langkamp,CB,-0.17054404451663413,2.7435096356084823
J. Sosa,LDM,2.19559639934987,-0.26502634451319346
A. Touré,LCM,1.4111884245798967,2.714864644154156
Jesé,LM,1.4286889235845515,-2.3783708744902365
D. Ings,RS,1.5678382914628173,-1.8362577870827055
M. Esser,GK,-3.6899291931355274,0.9723974568591969
F. Acheampong,ST,3.2728995863526027,-1.1434101502828562
R. Knoche,RCB,0.48572837514895545,2.550692631599463
O. Vlachodimos,GK,-4.206810881547908,0.37171200288915507
J. Denayer,LCB,2.07208629953188,1.5373301902893068
S. Rode,CDM,2.2191708008060673,1.2637046406620371
Wendel,RCM,3.2257561036909785,0.2738770494930148
A. Nagy,CDM,2.7069287135730287,0.3120599104311591
Alfa Semedo,CDM,2.828054172960635,1.6507980583679853
A. Barnes,ST,1.7152166920706573,-0.6521001896263289
Alan Kardec,ST,1.341596830806505,-1.3713580476357605
Marcelo,CB,0.6356435317012554,2.299206311210148
E. Boateng,ST,2.263444020559158,-1.7685222588371852
Dalbert,LB,2.952641536341792,0.19047382004153418
A. Halilovi?,RM,1.650633596657967,-2.0190369057330155
I. Popov,ST,2.114113745506822,-0.8923135626962526
T. Cleverley,CM,2.386407189207306,-0.17102928045197757
M. Livaja,CAM,1.5079064254502457,-2.032110925577781
M. Uribe,RCM,3.306852730226221,0.386607700619952
P. Bargfrede,CDM,1.6268887599654074,1.5308063452190475
J. Jankto,RM,2.8121383503289383,-0.20192164526099932
Junior Firpo,LM,2.710133331588905,0.7883974531888399
D. D'Ambrosio,LB,2.1465430984753766,1.1091595041456996
D. Boyko,GK,-4.236302641117534,0.1457661041547272
M. Díaz,CDM,2.3226203918578117,1.1736809512369144
S. Vokes,ST,1.1856162741860612,-0.4138194591762209
Héldon,LM,1.4286979828926953,-2.560264754714308
Mario Hermoso,LCB,2.2040826629201176,1.5923019391248021
F. Bartels,RM,1.6657003401339945,-1.815778205625347
K. Malcuit,RB,3.224256103552287,0.30691615941701345
R. Marin,CM,2.574529597271618,-0.010774012067359326
Ayoze Pérez,CF,2.013525915624537,-2.1229187793552926
Júnior Moraes,ST,1.4351664289903676,-2.145001279797057
V. Berisha,LM,2.7403107351081903,-0.33995517218128996
R. Freuler,RDM,2.694144148631215,0.42901862170082117
Ganso,CAM,0.7663989454752583,-0.849031512642731
Vicente Gómez,LCM,1.7649154471958777,1.4021946555773823
M. Pašali?,RCM,2.8962355903183825,0.7474972748612715
Vitor Hugo,LCB,-0.09759468073936754,2.3599190888526627
B. Fornaroli,ST,1.8170957475756966,-1.143986642638335
R. Snodgrass,RM,1.9181608349107497,-0.5654888525692695
Francisco Geraldes,CAM,1.4914441898083899,-2.083304916580859
I. Ordets,CB,1.573154539968869,2.2430792145097813
D. Santon,LB,2.487857269353838,1.101615132859503
M. Niang,LW,1.6352278749604634,-2.303680895942157
O. Wendt,LB,2.520711973558851,0.6838292138095203
C. Riveros,CAM,1.7558723747066567,0.2062075985334648
F. Benkovi?,LCB,1.2032761218354102,2.41507579287922
M. Torres,CAM,1.363762228907144,-0.23501526813660162
M. Noble,RCM,2.0577011244976315,1.195171904164498
M. Rashica,RW,1.6688845096258185,-2.5203764842363134
C. Benteke,ST,0.8048169462906735,-1.1732507329694029
Rômulo,RM,3.03395877131111,0.5880302810488153
D. Pabón,RW,2.486192149586323,-0.9968186719475045
Embarba,RM,2.446481399657423,-1.1680553345946374
C. Kerbrat,RCB,1.8776705526808177,1.6539065963000503
L. Teodorczyk,ST,1.4182423616958861,-1.6655227178756997
Alexo Baia,RB,2.6639479652800757,0.4518213111984699
David Seijalbo,RDM,2.0680802392639186,1.7512514815180946
N. Nández,RCM,3.6018233302117695,0.9670638657472603
L. Rupp,CM,2.608336356604029,-0.0035361427995718757
Jordi Amat,LCB,1.1924725062332364,1.8489382385875317
W. Caballero,GK,-4.3823291427063555,0.2739097696412332
F. Di Francesco,LW,2.090404676581322,-1.6639158617677903
O. El Kaddouri,CAM,2.41613639911874,0.022852625667961608
T. Rogi?,CAM,1.5362849121992639,-0.9110095468433315
G. Töre,RM,1.999819464110433,-1.2810631631254694
M. Destro,ST,0.7468859580156535,-2.3858359298333847
Josué,CAM,2.0710461119310075,-0.8610000136058711
A. Bizzarri,GK,-4.629880720712116,-0.33912837555578146
Ki Sung Yueng,LCM,2.252022365656776,0.06436582730039504
H. Onyekuru,ST,1.7621594077889913,-3.2594764575122364
N. Pépé,RM,1.5990990471915267,-2.8785889230501533
Matheus Pereira,RM,2.0252213494524947,-2.0716896942471155
Y. Salibur,RM,2.0226858328573982,-1.6157324281647607
E. Vargas,CAM,1.9037890649850642,-1.8713139670400698
L. Magallán,CB,1.6268011734468037,2.097169815094786
Danny,CAM,1.0559611058619778,-1.5811595859117555
C. Hérelle,RCB,1.9502993539711482,1.5970793338734899
E. Mangala,CB,0.6635302216859938,2.4374904788612093
O. Selnæs,RDM,2.6627420262040684,0.897669254307083
Víctor Vázquez,CAM,1.5681766285332215,-0.5031769285848401
Diego Mariño,GK,-3.9011993486395844,0.04235808527779081
Carles Planas,LB,2.512596162535168,1.1317447040425304
G. Fernández,CAM,2.650630145177518,-0.03832227754900283
Soldado,ST,1.135214669974495,-1.0987493247490319
A. Ekdal,LCM,2.159855603653347,1.0452261348501795
Gedson Fernandes,RCM,3.2633515049058146,0.3365597104718302
M. Darmian,LB,2.5784751388892677,0.7722006357108779
N. Chalobah,CDM,2.4571020331734483,0.9709282786844983
R. Pizarro,RCM,3.3671253408501984,-0.24800799943264012
André Simões,CM,3.2229214452559822,0.37117554987375034
S. Tshabalala,LM,2.021748938133225,-1.673732730906092
L. Rossettini,LCB,0.2449485568916729,2.506889148836519
F. Viviani,CM,2.6430016297007084,0.42186624504582565
M. de Roon,RDM,3.009606895318156,1.3086595334472064
Rubén Duarte,LB,1.8572746832395397,1.5361152877565525
Y. ?sako,CF,1.6930084092565874,-1.7918966455722827
Gil,LCB,1.0756089463997334,2.922433079953785
A. Ruiz,CF,1.5849242790214277,-1.2817520408657914
P. van Aanholt,LB,3.1247883393177798,-0.02771328423768477
S. Meïté,LCM,2.62327908440713,1.5532728087651773
K. Dolberg,ST,1.4124580251545338,-2.1046360468518395
Juli Freitinho,RCB,0.7821290389001562,2.155844824054046
L. Vietto,ST,1.5924801829798205,-1.9449819522183516
A. Izzo,RCB,0.7573848261170337,2.2105531614352976
A. Paloschi,ST,0.8661692578738971,-2.0991613433163456
G. Gönül,RB,2.6996332597214603,0.5522903921203068
Llorente,ST,-0.4025522753256436,-0.7911761037508581
J. Morel,CB,1.6985369018285656,1.7919239804617397
G. Kakuta,LM,1.7982148712571384,-1.3418626801949782
João Pedro,LS,2.149332520122346,-1.4336239080638051
S. García,LB,2.1638651072880837,1.2953172191982276
Eltildo Correia,RCB,1.0533054397645474,2.0411050116066356
Kenedy,LM,2.4969571370729464,-0.6922667485556423
M. Moralez,LCM,1.7102160188118936,-1.782603857850743
N. Vuk?evi?,CDM,2.0302127995430426,1.8227885474627215
F. Borini,LW,1.7834107728913102,-1.8599059567468548
I. Sarr,RM,1.603184994787017,-2.924103188589202
C. Clark,CB,0.8204051489753493,1.8968085481744592
Mata,LS,1.2078547961080344,-1.83821470716594
M. Albrighton,RM,2.1744964387795194,-0.726795123325266
A. Gray,ST,1.6139098738205848,-1.9582367272513974
F. Guarín,LDM,2.574695532953939,0.9392213585416549
Yoel,GK,-4.330190297464546,0.3328674929138381
J. Cuadrado,GK,-4.092734107762216,-0.2595023229778544
S. Widmer,RB,3.204440230097676,0.6494727723540993
B. Dzsudzsák,RW,1.1048875494299475,-2.0603791347719715
P. Mantalos,RM,1.9722282108343376,-1.2267152496823772
S. Proto,GK,-4.603944847789656,0.02266098274142522
A. Mehmedi,CAM,1.8419206485317363,-1.3399593083684587
Pablo,LCB,1.3236488855457476,1.8420596515803278
I. Slimani,ST,1.6506328645251167,-0.1439718365668937
C. Erkin,LB,3.0907623009345215,0.10942272026928947
D. Chygrynskyi,LCB,0.5144172661160481,2.882701894401668
Beto,GK,-4.566926679628718,-0.0469125036166259
A. Samaris,CDM,1.8605486512130314,1.6202167336347468
G. Lapadula,ST,1.0398432800783957,-2.8988209306833657
Dênildo Stein,ST,1.0188507501554922,-2.0849634355319093
S. Padt,GK,-4.50186029835244,0.1059756170684957
S. Taïder,LCM,3.0879778111477694,0.37430930671191914
F. Klaus,RM,2.185525539971111,-1.6580425686349187
H. Nordtveit,RCB,1.7815852399863026,1.758089995063646
L. Zuffi,CAM,2.9358445979554477,0.5372907225006804
Emilio Piodão,RDM,2.5836181905877518,1.036563745170404
S. Zuber,LM,3.047870869893013,0.672798386313924
J. Palomino,CB,0.8781549285656741,2.7002013965499385
Y. Mut?,ST,2.022023964475911,-1.902001192817722
J. Altidore,ST,1.4225323259828178,-0.9520615572020147
M. Barbosa,GK,-3.9984446232048705,0.21827194220687382
G. Laborde,RS,1.5195158256702495,-1.701274331608056
P. Baysse,RCB,1.847471520423807,1.8451119361409274
Eric Botteghin,RCB,0.06967491328805492,3.315969210820895
Iván Alejo,RM,2.0170832355725397,-1.8599297904029644
S. Blanco,LF,1.7886209311375587,-2.1647926060019755
Thiago Mendes,RDM,3.260998239426908,0.32949302085664034
D. Brosinski,RB,2.5886403909246125,0.39516902584421054
T. Monconduit,RDM,2.6440555922815476,1.313282032316776
Andrés Fernández,GK,-3.572854191365901,0.40761198368731105
Eraso,CAM,2.7348612293651526,0.08181666631067863
S. Hanni,LW,2.4095961811949524,-0.8895581116086855
M. Konaté,ST,1.3076823598677498,-2.405526366619272
C. Théréau,LW,1.2047120880206377,-2.0744576136398707
A. Donatti,LCB,1.2436458195590783,1.9623733709973268
T. Jedvaj,LB,1.8137791552171838,1.3379345586461802
Pedro Henrique,LCB,1.2580593164200489,2.8320566550825497
J. Briand,ST,1.9697489086494557,-0.9647243359439437
F. Lustenberger,RCB,1.3666567145196495,2.163911985942449
J. Ayew,ST,2.304719739890846,-1.1233926967059649
S. Sanogo,LCM,2.6744003628921753,1.7290013049781559
R. Thomas,LCB,-0.03519820659700698,2.9337981876011967
Rafael Cachoira,RCB,0.9144819406170136,2.256581426990204
N. Sansone,ST,1.7927426905881327,-1.7177932955564177
E. Bi?ak?i?,LCB,0.23357359822859475,2.66898612677617
J. Veltman,RB,2.4124006309627557,1.5450168844135226
A. Knockaert,RM,1.9426924272269461,-1.5337013645810684
Douglas Santos,LB,2.253085098767122,0.039865137165680735
S. Bocchetti,LCB,1.1095520999489106,1.958046723017438
M. Dembélé,ST,1.4801766876796048,-2.141302402371514
E. Valencia,ST,2.228273800541619,-1.3628688217228544
F. Mollet,CAM,2.0383938491854576,-1.3518666770673768
D. Dumfries,RB,2.8682827159000297,1.2431950485985457
Koo Ja Cheol,CAM,2.1831908783411142,-0.3650426169390141
A. Petagna,RS,1.4619158689827192,-1.557674532572715
De Tomás,ST,0.9790426919693938,-2.0525078081100916
E. Balanta,LCB,2.1634951739950106,1.7744602371717333
T. Koubek,GK,-5.336827693713139,0.6451992430830888
J. Allen,RDM,3.0979369879660297,0.3840005898680621
Alan Carvalho,ST,1.5448001363632156,-1.9951881105040843
S. Ristovski,RB,2.825472278025593,0.42724696566613324
Maicón,RM,2.397299852501942,-1.3715644091541364
D. Quintero,CAM,1.6845886495993025,-2.7926173794633566
P. Højbjerg,RCM,2.6103136149585446,0.9752553741134207
I. Santini,ST,1.3400022658036927,-0.28032757601678693
Vieirinha,LB,2.7773812555494786,-0.3310544514937154
M. Boselli,ST,0.8322658791057355,-1.2273508064745524
L. Antonelli,LB,2.337816164450231,1.1215137976083673
B. Embolo,ST,2.0322632665580542,-1.3515130573684206
V. Eysseric,LW,1.3552834351024368,-1.7809133639613492
C. Salcedo,RCB,1.3085209340179524,2.184547816177664
A. Ranocchia,CB,0.4094817055247509,2.9399615720485954
L. Unnerstall,GK,-4.353276327902542,0.9050017750400924
T. Baumgartl,RCB,1.0240363624445588,2.515238172278239
F. Bustos,RB,3.1612282889617127,0.15006636068384172
P. Jansson,RCB,1.5114769037637883,2.290465041175532
W. Vainqueur,CDM,2.7851985522609937,1.5480116199677953
S. Kverkvelia,CB,1.246343079853079,2.5009665679555644
Rubén Blanco,GK,-3.7937291457300035,-1.0876368775519403
P. Aguilar,RCB,0.950083832374634,1.7801636350930812
A. Ndiaye Diedhiou,LM,2.6394066146091015,-1.6372690977035282
Rafinha,RB,1.9694448308377122,0.8133896022326833
D. Limberský,LB,2.1285884904416843,1.2636135615054376
G. Cabral,CB,0.23914836362992112,2.859754968780351
J. De Guzmán,RCM,2.3869945702678224,-0.4635525947628136
S. Terodde,LS,0.8704716313404416,-0.9659947962864842
J. Fernandes,LM,1.978016622662588,-1.5672367641791645
Kiko Femenía,RB,2.9264363777368305,0.46380015823110476
Recio,CM,1.897259396880989,1.377202939898883
A. Samedov,RW,2.2812903330056464,-1.0365874624385274
A. Smith,RB,2.5178540596948213,0.8040506652580363
Maurício,LDM,2.801049389853503,0.41496167700186193
D. Stephens,RCM,2.7458580553479908,1.1422149948128424
Miguel Lopes,RB,2.6130190368921675,1.4043716890471925
I. Belfodil,ST,1.92869235674166,-1.1423670726872575
J. Campbell,LF,1.9863827187769623,-1.2701665851087278
Marc Roca,CDM,2.5664747075601766,0.8767497388239973
M. Veljkovi?,RCB,1.007598404415517,2.2672192092292383
J. Willems,LB,2.6617239530112333,0.6937388470090847
A. Lennon,RM,2.204886339829946,-1.2911513274040989
F. Forster,GK,-4.512798178678241,0.7347528494211567
Júnior Caiçara,RB,2.532166308352052,0.3530278956452525
C. Biraghi,LB,2.358260194485909,1.1658362713797057
Aritz Elustondo,CB,1.4904001556904642,1.9953486474988291
Fred Aníbão,GK,-5.424706915052724,1.182213071310515
O. Romero,RM,1.7641558285107029,-2.148735471891969
Nelsildo Reis,GK,-3.941390812243523,0.5244721038429716
V. Koziello,CM,2.717394434345363,-0.5374217274043572
A. Cresswell,LB,2.4496956175357285,0.6709413761571729
Alex Berenguer,LM,2.792078932089795,-0.32828130316128856
C. Davies,CB,0.7824816819742931,2.439786565868544
C. Kouyaté,LCM,2.905142540253722,1.2494227593825948
Y. Kobayashi,ST,1.7510947963066947,-2.189051053489898
Camarasa,RM,2.407356274971243,0.8139053848567677
J. Martin,LCM,2.607824039722002,0.4843453072471482
J. Grealish,LCM,1.6952857676454471,-1.7945515745661975
D. Pelkas,LM,1.3647510219000825,-2.5527979704529713
J. Montero,LM,1.4873067290597346,-2.115540709560853
J. Forrest,RM,2.4507494304148096,-1.598707715881732
Varela,LCB,1.2954908030792374,2.081877232516057
M. Antenucci,LS,1.4507414216727579,-1.9178445657884788
R. Durmisi,LB,2.9313678389209894,0.18599422494214085
P. Schwegler,CDM,1.5559255105511525,1.361744580779314
A. Hunt,RCM,1.5847792855604017,-1.0502689573268453
Aday Benítez,LWB,2.537379776937346,0.26182664318533
K. Tierney,LB,3.2232261348548072,0.6069866594929537
Jaume,GK,-3.648744297956865,0.15210236116870912
S. Gigot,RCB,1.2455096302098574,2.318246680325193
I. Brizuela,RM,2.5338106953164767,-1.2693592604025274
A. Souquet,RB,2.6352610754147814,0.6709948314666402
A. Delort,LS,1.4965554434078439,-1.8515715487520332
P. Zabaleta,RB,1.7274464462212717,1.8403324611474616
Andeson Trigo,LB,2.846992257831214,0.11439445169022938
J. Gnagnon,CB,1.2241528085380806,2.3380211023193413
Mosquera,CDM,1.7610769964523945,1.6325724452038488
I. Bebou,RM,2.377561074211853,-2.453350964883639
R. Morrison,CAM,2.2082773447094857,-1.9104525739012426
L. Christodoulopoulos,RM,2.280565709752481,-0.49772783064125703
J. McArthur,RM,2.3420345064806067,0.9028130323831243
R. Olsen,GK,-4.354622350612738,0.6010434502061944
W. Hoedt,LCB,1.1371940540730239,2.078187753337975
R. Holding,CB,1.5017933189785297,2.014371663790968
F. Montero,ST,1.7504293089007539,-1.5620123975857942
N. Sliti,RM,2.0486876759623263,-1.64938493836767
J. Vázquez,LCM,2.464237204970496,1.3711944792273032
Rodrigo Ely,CB,0.8563535302189297,2.6474390176989306
M. Benítez,CAM,2.5815967493889254,-1.3493353166357227
Y. Yaz?c?,RM,2.4272984509712274,-1.0220359182708494
Y. Sankharé,LCM,3.007699520135261,0.7634012808162605
A. N'Diaye,RDM,2.357324200727982,1.461358763601143
S. Bell,RCB,1.0525840203143846,2.5641483159610696
K. Linetty,CM,2.8761037324215146,0.5494672380460977
F. Uduokhai,CB,1.4808345965233116,1.9351750735819693
M. Samatta,ST,1.0961849639331886,-2.6503674091914253
Barragán,RWB,2.220562619723375,1.5360007475407955
R. Hamouma,RM,1.809362857737496,-1.6343440012481987
L. Skorupski,GK,-4.347581918646528,-0.3433262941540034
Toño García,LM,3.0196386282852323,0.18425006174732955
A. Szalai,ST,1.0606813168338836,-0.2577873571365532
Raúl Navas,CB,-0.3556304192291152,2.647139711439091
B. Koné,LCB,0.42801123395400575,2.3256549641309694
J. Brekalo,LW,1.39833968889832,-2.537049455249678
Diego Tardelli,LS,1.6571827343484966,-1.46161722097965
A. Hegazi,LCB,0.2518328676181549,2.9675250460833165
M. Sels,GK,-4.518866072580762,0.04388176865461748
D. Gray,LM,1.6257837899281962,-2.5460055331837075
M. Pjaca,LW,2.0915204533334215,-1.3457214659047512
M. Arambarri,RCM,1.8320032519342655,1.2402352548586437
A. ?ori?,CAM,1.3137539806807401,-2.2454057436617116
T. Gebre Selassie,RB,2.711567987492919,0.9441359522163691
C. Nkunku,CM,3.0904751029407085,-0.2967306622303508
M. Topal,RDM,2.3774682158646883,1.7859998959132357
Léo Matos,RB,3.089829830584677,0.3016410343396607
F. Kainz,LW,1.5800750965736043,-2.4761693346159777
B. Henrichs,LB,2.790214340563968,0.6747444464111648
Victildinho,RB,2.3616653811960764,0.4454039923627402
D. Praet,RCM,2.4445511894612526,-0.31734924950542764
A. Umar,RM,2.8275964667141995,-0.41326476685270574
J. Orozco,GK,-2.8355245541285723,-0.4287140701470249
N. El Zhar,RM,1.599865673752535,-1.73483503211305
O. Colley,LCB,1.4706318859975525,2.103215593650633
J. Aholou,LDM,2.892245632974891,0.8345347777510829
G. Clichy,LB,2.2788471614073305,1.1280305729201834
Rubén Sobrino,RS,1.6925616155242154,-2.6653427430832184
J. Iturbe,RW,1.4109774215290594,-3.202998604525484
H. Soudani,ST,1.5020994640747136,-1.3210329752741388
M. Bradley,CDM,2.761168532206794,1.0538409702343143
Z. Labyad,CAM,1.5018184108815433,-1.903605778400708
D. Mbokani,ST,1.4536821307247283,-0.9357680548133992
T. Mangani,CM,2.485406814748444,0.9347759807375077
A. Lunin,GK,-5.038008794632909,0.45491490671031254
E. Insúa,LWB,2.478240009277253,1.412573419307618
N. Domingo,LDM,1.8834966621393865,1.3134425832218246
D. Yedlin,RB,2.834872559975974,0.474678322476549
D. González,LCM,3.1181963984156957,0.9757247722284356
T. Kraft,GK,-3.9671167239165253,0.24474712302943677
M. Simon,LM,1.9952031337996108,-2.3190146712272246
Davi Parrela,RCB,0.4967808954479543,2.2851744295261973
N. Domínguez,CDM,2.4007051142056097,1.4080689981414858
C. Dawson,RCB,1.7483710253688556,1.6873783606797907
A. Rusnák,CAM,1.8738508671717056,-1.5922915789191838
Paulo Oliveira,RCB,1.6333041792633671,2.013133143133644
A. Gomis,GK,-4.25186851508959,-0.11109849204216658
H. Tekin,GK,-5.261403198565805,-0.20455790712420657
Tozé,RM,1.5751447571748616,-2.2921212850190424
R. Ruidíaz,ST,1.5008272932966757,-3.0268232841116465
J. Hogg,CM,2.663528786535081,1.3476332995599525
L. Holtby,LCM,2.481418381689148,-0.4386451385219757
A. Djiku,LCB,1.996463443758464,1.515670474148424
O. Alonso,RDM,2.4206218808463067,1.0239941438825284
S. Berge,RCM,2.9101336871619097,1.6876797957139213
C. Zambrano,CB,1.720646863390523,1.4887110667451582
M. Antonio,RM,2.429422888980167,-0.7706487652155968
J. Clasie,RCM,2.1802042302224387,0.9843887052016577
Diego Rico,LB,2.6394406653840936,1.5379311356896488
Mossoró,CAM,1.2171128360588008,-1.6391649772841188
G. Donsah,CM,2.9953551202396747,0.594320551349347
Felipe,LCB,-0.5692002400588217,2.7434423689326035
S. Fofana,RCM,2.8298897250807222,0.6907278460226646
Pablo Santos,LCB,1.27037068220185,1.9791105618651468
J. Svensson,RB,2.99018364767955,0.9138934177222873
E. Roco,CB,1.0645952291947345,2.288415811005474
F. Midtsjø,CM,2.9808285641354533,0.5609051235700112
Francis,RM,2.1850441202580146,-1.260314493541449
Ivi,LM,1.8700069056980715,-1.8178692701880128
Unai Núñez,CB,0.8600432705775013,2.646490569799049
L. Lerager,CM,2.8836921917318583,0.6775281875964058
P. De Blasis,LM,1.4984750120888657,-2.472825019325777
M. Zajc,CAM,1.740738050618162,-1.2923764337947727
J. Stanislas,RM,1.7695593776868745,-1.5584078660271727
Lucas Evangelista,CM,2.711352392410808,0.3088782276770151
M. Stoch,RM,1.2963890671761231,-2.960708882573309
S. van Beek,CB,0.9012943206587151,2.3134280257486757
Fabrio Farinha,LAM,1.6357930290461165,-1.072666495440352
M. Kozá?ik,GK,-4.587954572695905,-0.026923561293606707
Fran Sol,ST,0.7297436112088721,-1.6948846901219132
R. Otero,LM,1.739430253625933,-2.2511774246339105
G. Maripán,LCB,0.10207320969125044,2.858206254569266
M. Braithwaite,ST,1.7353766882374082,-1.6141627614971548
E. Dilaver,LCB,1.7217834492513782,1.5365681497400898
R. Álvarez,CAM,1.7673731092123002,-0.14333180541976243
A. Masuaku,LB,2.960975778491563,0.1923720663943148
Rolando,CB,-0.2922832396516974,3.1927878955370086
Fran Rico,CDM,1.5878304837867812,1.1765664066956218
D. Tarasov,CDM,2.116610259446872,1.6828362943332207
Alcalá,CB,0.7179666374160507,3.0593010448907636
Alan Patrick,LDM,2.111406706137138,-1.4993913577375697
L. Refaelov,CM,1.468600872132313,-1.3580187603753318
Y. Gazinskiy,CDM,2.228654700146546,0.9386559429593933
Palhinha,CDM,1.2987999173428653,2.207053131004081
Balenziaga,LB,2.2545638854424332,1.2755807762340152
R. Petrovi?,CDM,1.6764485728144451,2.2197042521408434
K. Ansarifard,ST,1.6226171507586693,-1.0004582993193685
M. Ninkovi?,LM,2.19512530508803,-0.3894577142116464
A. Talavera,GK,-3.909437162104443,0.3624787348694483
A. Barrada,CAM,1.4637598040144328,-1.2998790006445704
J. Korb,RB,2.339148687571398,0.6070222223249788
F. Gutiérrez,LCM,2.28510659407253,-0.05432661902289228
T. Bongonda,LM,1.5023099665105037,-2.4022466681541075
Simão Donatinho,GK,-5.018044964324077,-0.1117694999277738
Luís Hernández,RCB,1.8277055007309395,1.755429376445307
L. Balogun,CB,1.0307676181254408,1.8796329450731168
M. Rog,CM,2.4633889829821625,-0.18605926038489212
B. Do?kal,CAM,1.417357244357637,-1.0124817838114717
J. Durmaz,CAM,1.3991640695218062,-2.096454479701841
T. Kádár,LCB,2.060937992041805,1.8921115856600716
E. Andrada,GK,-3.869035543966728,0.23404239834729557
Z. Steffen,GK,-4.160057060865412,-0.03346342502442927
M. Lestienne,LM,1.7147046214576795,-3.0342723282920985
M. Alustiza,CAM,1.0221240061731411,-2.1478783276043787
Borja Mayoral,ST,0.0937301026316236,-3.0526482453040393
D. Bonera,CB,-1.3019322515674363,3.114780767156612
Saúl Berjón,LM,2.025122273167255,-0.6734451378697252
C. Beauvue,RW,0.802773814491269,-1.350026340740057
Danilo,CM,2.798171346430124,0.9558768729625025
J. Hernández,CDM,2.4935448779812694,1.037604071514671
J. Hendrick,CM,2.8062962844521686,0.5761221618398839
M. Lopez,CM,2.1180499241496316,-0.7206010762475379
F. Hanin,LB,2.5970232373059954,0.7254431555285703
D. Machís,LM,1.9511338677740033,-2.227018557532709
A. Potuk,CAM,2.097895607635708,-1.0363973147271321
Idris,CDM,2.067541596088504,2.0773327306048386
N. Cardozo,LM,2.908491667528001,0.24756771327850507
Javi López,RB,2.3344623359842958,0.9575249416732619
G. Pandev,CAM,0.5194921706445241,-1.3269994070832376
Júlio Tavares,ST,0.5968043953122887,-1.1166511565123591
D. Liénard,CM,1.8921726832222368,-0.2988144737874781
Y. Pelé,GK,-4.192614278200544,0.5941596751972679
L. Sepe,GK,-4.324589265072952,0.2779024284602905
J. Bruma,CB,1.4105807155278227,2.026131046252747
O. Duarte,CB,0.7959981200772676,2.071980194049965
A. Franco,CB,0.8161121717013924,2.516446692789623
Dani Olmo,CAM,1.3674710985973628,-2.367259506029298
F. Di Santo,ST,1.6612167317836637,-0.8939094001897064
Jozabed,LDM,2.1948133630040996,0.20112470634046734
G. Carrillo,RS,0.9698562656157732,-1.1374486504462296
M. Zeegelaar,LB,2.570333163085653,1.0049589191550363
G. Ferrari,LCB,-0.09064346883550904,2.8895858278858273
O. ?ahiner,RM,2.5944375895615868,-0.2160681927064737
I. Traoré,RCB,0.21786731942598883,2.9103755908471642
T. Arslan,CDM,2.852149235755608,0.3999409286691505
N. Araújo,LCB,1.74154583975799,2.1788013748116937
S. Armstrong,RCM,2.8205970962809555,-0.0790309529322706
K. Billiat,RS,2.264256598621002,-1.699282166889921
Ivan Cavaleiro,LW,1.8664797534701008,-1.3500392072297192
E. Cabaco,CB,0.9803048938459088,1.9295585803875277
Silas Almeim,LB,2.29542670404565,0.6181666500023348
C. Kameni,GK,-4.2280531648977115,0.6950855746329123
Hélder Costa,RW,1.4508467753921397,-2.361711118126233
E. Durm,RWB,2.060903608010082,0.8110195254219182
Emerson,LB,2.2121697118859127,0.24852155850692775
G. Haraguchi,LM,2.049429854251553,-2.204555856260007
C. Fuchs,LB,1.9212802037570542,1.2931166562542342
E. Kalinski,RDM,2.40061083118603,1.5538836035523187
Rafael,GK,-5.038029692292693,-0.06353064759446987
F. Frei,RDM,2.592400666221976,0.692261656193285
M. Risse,RWB,2.674595144884646,0.08340684977052912
V. Cáceres,RDM,2.0213225273588766,1.4948706530623084
Renan Bressan,LCM,1.7579454670611647,-0.7975344905085135
Lucas Lima,LB,2.607402589500375,0.7757166945655503
M. Silvestre,RCB,0.22750430648210632,2.2966931551292573
Portillo,RM,1.7999273495347519,-1.0295983428513424
F. Rønnow,GK,-4.737220966459724,0.036080960202396796
N. Spolli,CB,-0.9401781937393796,2.982687111917332
S. Rajkovi?,LCB,0.49113858150718154,2.6478455409593695
R. Beri?,ST,1.1625616180635538,-1.088256633796546
V. Hernández,LM,1.2099279302061388,-3.6228406591550777
Claudemir,RCM,2.419286442430996,1.1848086441293693
T. Jantschke,LCB,1.7565567659785983,1.9538929207373488
L. Schaub,RM,1.8724532989079068,-1.8236628852246068
P. Tschauner,GK,-5.163169352775363,0.28782950704709415
Gabrisco Aníbal,RDM,2.394358647164959,0.9678576824663584
B. Feilhaber,RCM,1.912544016191106,0.16126684680472667
A. Grassi,CM,2.4455029250552474,0.34870225879145983
N. Vikonis,GK,-4.452803101003544,0.008719375814440294
P. Ntep,LM,1.641875329885795,-1.9381117433698392
L. Vangioni,LWB,2.373687083478203,0.8209134570944708
S. Okazaki,CF,1.8089061251700618,-0.5163751468476094
Diego Castro,LM,0.8180268727727048,-1.3711317859639902
C. Jallet,LWB,2.1630701360459588,0.9216485657401597
O. Pineda,RDM,3.2278989399747227,-0.5340020675609067
A. Mounier,LM,1.565315692025127,-1.8288088698509375
Sandro,RCM,1.8379676674547365,0.9975319507481049
N. Redmond,LM,1.2348917982757093,-3.0240246222395393
Gálvez,RCB,0.854512737459691,2.8939817716744374
A. Song,CDM,2.114489327638593,1.103638297645509
E. Badu,CM,3.113019548060664,0.5284124987445635
M. Agu,RDM,2.3079946738573995,1.7158769805198653
Jason,RM,2.21174216938269,-1.2911169002986302
S. Cristóforo,CDM,1.8447989246802536,1.2866067947633801
L. Butelle,GK,-4.909166729788514,0.4019015927039161
Allan Bardinho,RAM,1.3481534810038551,-1.5390187559637716
P. Dummett,LB,2.023805174900684,1.5902437182200417
H. Villalba,RM,2.025182665926726,-2.2795027477114482
K. Amian,RB,2.1171588225755205,1.430415913433641
José Mirazar,LW,1.7545162840573016,-1.3176883526878909
A. Hernández,LS,1.166940579646612,-1.9463999747521579
Ailton Guevara,CAM,1.1180616468874456,-2.3749275740233884
O. Akhmedov,CM,2.6443060451574216,0.6944384124781763
Naldo,CB,0.5651015653931563,2.4789782509303104
Y. Ayoub,CM,2.73625550426206,0.3581927937302103
A. Ring,CDM,2.625655028998191,0.9629781816777622
B. Ndiaye,CM,3.3767348619705455,0.1705020484539583
Kaku,CAM,2.176720393366238,-1.693104833061526
Adilson Edrada,CAM,1.3501073767634504,-2.099326429319688
A. Ibargüen,LM,1.0256182151476805,-3.1719698682338002
Iraizoz,GK,-4.757094036811253,1.0525714194870965
N. Nikoli?,ST,0.9036982983805022,-1.7823969755997062
J. Kurti?,RM,2.539682671256169,1.3367070818118991
K. Wimmer,CB,1.0638500587897186,2.3897525980687244
A. Mejía,RDM,1.8009721155959637,2.3738320373960655
A. Barreca,LB,2.1125252864867505,0.9037425039779436
Gil Dias,RM,2.30410270099369,-1.3435796005330245
J. Locadia,ST,1.6828397920804616,-1.3522777646868134
S. Kryvtsov,RCB,1.3660411775927765,2.0958562399830694
O. Peralta,LS,1.3220794005761656,-0.9229032356100159
C. Budescu,LS,1.5895617360889438,-0.9390237573263114
A. Raggi,CB,1.0962894083580605,1.8127289002281015
R. Donk,LDM,2.7877518701030426,1.402397142016598
Edgar Méndez,RM,2.2002896428894485,-0.9745076360793172
L. De Silvestri,RM,2.892363963916693,0.8572148967787362
M. Saracchi,LB,2.8442297161868537,0.03080555177427725
D. Congré,LCB,1.087870468819946,2.120604219084203
M. Fritzler,CDM,1.55697012447813,1.9115760108791158
T. Kolodziejczak,LB,1.7832428591852976,2.008165095947601
Caio Nunson,RCB,1.2002136405054058,1.5218849287392842
Felipe Vizeu,ST,0.9538499530081573,-1.7937359660266183
J. Damm,RM,2.3209593781906905,-1.5533532624066906
Guilherme,RDM,2.095678618221088,1.3338064510013155
G. Nkoudou,LM,1.485563345474946,-2.3430888166732564
Joel Robles,GK,-4.896356559559851,0.17518103470598803
B. Zungu,CDM,2.9470854670327555,0.6810342319978865
Otávio Cairinho,LCB,0.6670182452288747,1.8158533093032918
P. Gouano,LCB,0.8168986866445538,2.315385482335944
C. Domínguez,LM,1.938791769651448,-1.4407953071684507
R. Falk,RCM,2.826705110654231,-0.7846717941858997
André Ramalho,RCB,1.6343277120526853,1.7871897678460797
G. Schennikov,LWB,2.444420965936827,0.6179323448304612
M. Morozyuk,RB,2.2984677393406066,-0.3125542139771372
J. van der Heijden,LCB,1.5608883399724551,1.76139383662524
A. Musa,LM,1.7941714306555019,-2.959684002623774
A. Diaby,RM,1.8960795809223594,-2.296330498373538
G. ?nler,CDM,1.339065648087929,1.4770298683156393
L. Cigarini,CM,1.6566523080428244,0.5858002933970602
Júnior Urso,RCM,2.745739447189524,0.9958194843370465
B. Butko,RB,1.9760401399495016,0.9896337552846349
R. Thomas,RCM,2.373600082383298,0.05667806470773283
M. Jensen,CM,2.665711233536045,-0.2676434960038548
Burgui,LM,1.8232007538582524,-1.887054588225918
A. Meret,GK,-3.98534943162524,0.1030708041105447
M. Gonalons,CDM,1.6849695844523636,1.61894998772924
D. Valdés,CAM,2.2775539930294886,-0.46268640944445394
Marafona,GK,-4.432538397590209,-0.10709110403858148
R. Karsdorp,RB,2.604319299056408,0.311908232923824
I. Opara,RCB,1.800907761085714,1.8547293266449216
K. Laimer,RB,2.9957894250186463,0.45312519685349184
O. Kamara,LS,1.3699331357559403,-1.689772426270934
S. Gentiletti,LCB,-0.08188996439863748,2.238592375250225
Serey Dié,CDM,1.7835908874808073,1.5820225797256005
A. Westwood,CM,2.045519168171962,1.1894691424940083
C. Ciano,RF,1.1083262529159603,-2.2766722209546293
A. Conti,RM,3.0646584245029334,0.189023994882072
Bojan,CAM,0.5944147665890831,-2.791223974633851
C. Vargas,GK,-4.238288244456437,0.26880230970001046
Éder,ST,1.7250194683654094,-0.8462716094675632
Y. Benzia,CAM,2.013376621798032,-1.0929403889330127
W. Hennessey,GK,-4.67783942131426,0.5591008256512482
E. Thommy,LM,1.3467361059755154,-2.32792271796273
Bustinza,RCB,1.64085375376264,1.8369458005129822
Bernardo,LB,1.819919251232848,1.4440848429736124
P. Cissé,ST,0.6129929704960655,-1.5481348088760154
Oier,GK,-3.831915034973782,0.23828487076633045
D. Gayle,LS,1.223226643049316,-2.2128720510949056
Joelinton,LS,2.13070321740589,-0.8219616178370899
A. Pérez,RDM,1.2988600387891704,1.762425006915642
B. Jones,GK,-3.8994380526857286,0.14481242874607284
J. Drmi?,ST,1.6024365209059543,-1.5481723602679542
M. Mount,LCM,1.7552012956272098,-1.638027941194264
A. McGregor,GK,-4.298619308583018,0.16355849369867329
O. Elabdellaoui,RB,2.603040277770352,0.6728317951019896
R. Steffen,RW,1.9437150891986528,-2.0162061190795018
K. Kanga,RCM,2.21496762847292,-0.8515945218574577
J. Ananidze,CAM,1.4827451097983817,-2.5167098016845406
S. Ilsanker,RDM,2.10750813471182,2.02340873959527
A. Blake,GK,-4.109939430543493,0.10403652855602205
Nicholas Aldair,RS,2.1490960938551766,-1.1591492475725493
R. Sessegnon,LM,3.072619872276272,-0.7525899976248562
Jorginhson,RDM,2.4461441041969008,0.6491834699662453
Carlitos,ST,1.507933452779234,-2.2087525974931124
L. Nguyen,LCM,1.4548979717178845,-1.2754576914748794
A. Paschalakis,GK,-4.420780902332997,0.3315322854028947
Fabrício,ST,1.793154843343031,-1.1395972476064407
M. Coco,RM,2.0477996939712915,-1.4790292610422893
K. Babacar,ST,0.9198017153892505,-1.8948953456090682
Postigo,CB,1.2095747679744557,1.9189264650263511
Renato Sanches,CM,3.183757345487346,0.41358981501246533
M. Caruzzo,RCB,0.6990657899073248,2.4731236092026982
G. Konan,LB,2.7745170999989623,0.7411507926976957
S. Mounié,RS,1.2439450222781114,-0.7726773533739744
P. Capelle,LWB,2.716830615163433,0.21870613420535487
T. Davies,CM,2.5205671120298607,0.18782145488683785
N. Dirar,RM,2.2359279812031065,-0.3279305857915367
J. Toornstra,CAM,2.564268981129863,-0.459937784371419
Paulinho,LCM,1.2147179976710971,-2.4127019299459342
S. Larsson,LW,1.9836564280968854,-1.1305948604097633
P. Tau,RW,1.1218625660762178,-3.0870126454053386
J. Kluivert,LW,1.6790959975601099,-2.465866109334546
H. Ayala,RCB,1.5349791231157672,1.5564211103527772
Miguel Silva,GK,-5.010195760113957,-0.26160789711839333
D. Rolán,ST,1.6926065563305879,-1.932117611025114
L. Klostermann,RB,2.4777551645535723,0.9140390695355672
G. Rodríguez,LCM,1.7686049592547983,2.072468171606333
M. Locatelli,CDM,2.4348539195719807,0.9286126469664938
F. Caputo,LS,1.2878846474971022,-2.5522646115287184
A. Roa,LM,1.99029692116616,-1.2465947547176774
Keko,RM,1.6768454323853375,-0.5332704698218863
A. El Khayati,CAM,1.6534225826354023,-1.5746634852262227
F. Schär,CB,1.726261796389808,1.4895167702470027
A. Haidara,RCM,2.932241568063708,0.23116149326182614
Chema Rodríguez,CB,1.7335202567342092,1.391907765759936
G. dos Santos,CF,1.3179545047566954,-2.9300502724053046
T. Bifouma,LM,1.6556310444029623,-2.2136049805285727
Dani Rochelinhas,CAM,1.344841616372792,-1.693694214968864
M. Ostrzolek,LB,2.0472812465165355,0.9522215125541185
Sandro,ST,0.8941260478339195,-1.992311457191051
L. Deaux,CDM,2.3700342189268557,1.5233059904537618
J. Vukovi?,LCB,0.060742547919124555,3.0034503432790407
J. Hansen,GK,-3.700947360723964,0.5258369674722504
Gonçalo Paciência,ST,1.5071201329235833,-1.3000607732336336
Córdoba,LW,2.212475259630534,-1.2898979651796134
P. Pekarík,RB,1.8157464027726171,1.300831799886385
Ximo Navarro,LCB,2.3344946853293536,1.3117084659996263
Pablo Hernández,RM,1.6788645664304005,-1.2272187597819288
G. Kashia,RCB,1.05522747152266,2.375961178837176
Cássio,GK,-4.880896479020278,0.44307154219497885
S. Bamba,LCB,0.29281822157325804,2.6614936533590603
S. Kums,LCM,2.1235126042352586,0.6170088231985331
Fábio Martins,LM,1.7512040985709159,-1.230542634615556
M. Suárez,ST,0.281142704786581,-2.2488653133366183
S. Mitrovi?,CB,0.21190927836466855,2.61594895647432
D. Aogo,CM,2.323828390990801,1.1386229532942984
B. Engels,RCB,1.6591489127145693,1.4709788360085583
F. Tait,LM,1.4766150840958703,-2.218749579343077
D. Zagadou,CB,1.1317356466655366,2.342734677561465
M. Diamé,RCM,2.976577686299011,1.25165235444045
A. Younes,LW,2.0578883128587315,-1.6563543847027702
B. Verstraete,LCM,2.332657060800109,1.3316735110908784
K. Akpoguma,RCB,1.7724859371381323,1.4115789566022083
B. Santamaria,LCM,2.5168105827853213,0.3250601694206854
E. Moretti,LCB,-1.0618742706054844,2.9178413496414155
H. Behrens,RDM,3.112753894942962,1.1579783680447429
M. Maignan,GK,-3.9935766371836054,0.40688854429713484
Y. Karamoh,RM,1.5593584668691605,-2.1296032252720405
V. Ignatiev,RB,2.6891203340650045,0.3612158123893522
A. Thomasson,LM,2.2732390023169895,-0.4686457357962537
D. Amartey,RB,2.8231319852442134,1.523902365435889
R. Özcan,GK,-4.025299449283003,0.310093042071123
A. Donnarumma,LS,1.6223308378166394,-2.2875784540974196
Timor,LCM,1.8346521583040203,1.7285745829661732
C. McGregor,CDM,3.319780134374018,0.05973847916589522
R. Martínez,RS,1.4660523664575484,-1.777319060002859
V. Buyalskyi,LDM,2.5697878833007426,-0.6070320214537002
H. Arter,CM,2.2020257459895185,0.7382907714817688
A. Mawson,LCB,1.1345405768675503,1.8308279250587864
F. Guilbert,RB,2.2768334273224635,1.4152386187613952
M. Lemos,CB,1.7558332011083164,1.4013796564634735
S. Sturaro,CM,2.9476037234100154,1.0874833236738992
A. Duncan,LCM,2.7787180126558475,1.2504092267912668
Marlon,RCB,1.7955812739645047,1.5245720216940621
M. Isla,RB,2.3709745260237765,0.9853217893530679
Thiago Maia,CDM,2.3876471023100065,1.2752979506415616
Y. Aït Bennasser,CM,2.510925692748366,0.18616188150003624
O. Toivonen,LS,1.5537696920839035,-0.5889827891498882
J. Urretaviscaya,RW,1.6374113767315532,-2.0814508969689185
Yuri Ribeiro,LB,2.360984517878923,0.6063192911231956
N. Tomovi?,RB,1.1946994956122936,2.1671355798734324
F. Roncaglia,CB,1.4059549651579508,1.7766088337095434
R. Botta,RM,1.4503110321278916,-1.8557411537975346
R. Mandragora,LCM,2.7588804421854443,0.9741623932560592
A. Adomah,RM,2.516091858672435,-0.6098470824433112
D. Samassékou,CM,2.5243116011659303,1.0305919608317524
M. Yoshida,CB,1.0154890074026304,1.9352006467556961
N. Viergever,LCB,2.1092847344527184,1.419110086462671
R. Amalfitano,RDM,2.391974159123272,0.14864079750382553
D. Cataldi,CM,2.3900159471095854,0.23469824864753958
Martín,RB,1.8965386234569963,1.1385399269494305
Tiago Pinto,LB,2.508695722142838,0.6030693451428832
Fernandinho,CAM,2.2004377525231726,-0.9448740853324435
C. Cueva,LM,1.2954774015382864,-1.9729477174576464
M. Ga?inovi?,CM,2.7211801762868566,-1.0424897576115024
G. Shoji,LCB,1.8444774567148865,1.8166342705485705
L. Rigoni,LCM,2.3642300757902404,0.7806850153933184
M. Krmen?ík,ST,1.0061493848425973,-1.6838056099790497
M. Mevlja,LCB,1.3784914124089076,2.153165348488773
C. Daniels,LB,2.2706293143511,0.8433746771199172
K. Stafylidis,LB,2.228843366245846,0.7170621067915943
Sabin Merino,LW,1.759273642911707,-1.2378972152984853
A. Flint,LCB,0.4402947411870875,2.2775998142136284
Brais Méndez,RM,1.9434957647012037,-1.1416102077100094
Merino,CM,2.4702658255471412,0.884430418522348
S. Missiroli,RCM,2.391110817443303,0.41159789333814034
Serantes,GK,-3.9031414875568626,-0.8074106347287489
V. Guzmán,RCM,2.879792654762196,-0.1234546807511867
D. Biseswar,LM,1.0916686842322674,-2.029732486357399
E. Mas,LB,2.7619560290441236,0.9792930466564251
Nuno Pinto,LB,2.330363810957556,0.6668052678503728
Carlos Mané,RM,1.5840428665637483,-2.4849839840702077
Borja Valle,ST,1.833513170082014,-1.6319975037659176
Zeca,LDM,3.103500832025636,0.7916811505857897
C. Toselli,GK,-3.4023453732586866,0.5484623403293877
M. Bizot,GK,-4.49186627199616,-0.0644149704164347
K. Ayhan,CB,1.6817193122579186,1.7048170328880325
Ricardo Ferreira,CB,0.2157233119120007,2.6492731810982653
N. Roux,ST,1.259292526689256,-1.5292546902000004
Hernâni,RM,1.067718239202288,-2.8539097506785955
M. Ça??ran,CDM,2.713155636773931,0.8551465483819131
W. Morgan,RCB,-0.681389425417386,3.1980201057608926
J. Alonso,LB,2.146856864764073,1.4074164172909942
M. Wakaso,CM,3.075708090843524,0.5964441954095869
K. Traoré,CAM,1.126101466443557,-1.629159110473561
Y. Mvogo,GK,-4.666632838228993,0.4122450329337669
Kaíquão Castro,GK,-4.786041401249321,0.9928134261615917
K. Fofana,ST,1.9147316475024247,-1.090004492756153
P. Hurtado,CAM,1.691601257737775,-1.8328970622390983
D. Bocanegra,RB,2.1112475385936675,1.243938982859367
Melero,RCM,2.4965174598385516,0.6310938901663683
Borja Bastón,ST,0.7869596864458441,-0.955938563918818
O. Murillo,LCB,1.1491498924412031,2.0653910971688636
O. Onazi,RDM,2.7540311350457607,0.7842487855244249
C. Günter,LB,2.6185730955258695,1.1031789717430625
I. Amadou,CDM,2.3049530294515974,1.704013497351632
Unai López,CM,2.7673145828276433,-0.3090501505680934
K. Iheanacho,ST,1.311110975998904,-2.3184127307575055
C. Söyüncü,LCB,1.237895196056959,1.812653307326204
B. Pearson,RDM,2.5683683388399126,1.4198385344697282
F. Niederlechner,ST,1.579752423609581,-1.3273552344987398
S. Denswil,LCB,1.3994217095619619,1.8795046415094188
G. Rodríguez,LCB,1.1422847480995384,1.6210748454683483
P. Guiñazú,LCM,2.340076412129219,1.7101409836614003
H. Hateboer,RM,3.0757528714202307,0.4826218015235934
I. Fernández,RCM,2.663077903536319,-0.0667647793602625
L. Blas,LDM,2.135927362180162,-0.6193862819863364
M. Sarr,LCB,2.365651991179079,1.4348989133146017
Mikel Rico,CM,1.716633828369715,1.8714463654371152
F. Neuhaus,RCM,2.1521500364580644,-0.3711568515551948
S. ?nan,RDM,1.532458369780467,0.3699148984560349
C. Maggio,RB,2.4586527281886306,0.7252598091897664
Mexer,LCB,1.7827585859571689,1.6775031168365244
F. Magnanelli,CDM,1.477122019065333,1.578985099742515
J. Figal,LCB,2.300205086662493,1.3538204669289768
V. Claesson,RM,1.8479219148857997,-1.24426464031402
F. Helander,CB,0.28215271886489013,2.641002771595371
J. Gondorf,RM,2.8081353467828465,0.7006787658914941
R. Ghezzal,RM,1.316338320286613,-2.275080942451408
Adama,RW,2.1169541241853067,-1.8510408188594198
O. Duda,CAM,1.995779059169199,-1.6868287931293033
R. Bensebaini,LB,2.2336106148020933,1.4175428503405614
L. Depoitre,ST,1.1358954496854001,-0.27717571072267355
N. Vlaši?,LCM,2.1050790913531947,-1.569722179605929
Rochina,RCM,2.212575533542068,-0.6561419413496354
M. Doherty,RWB,2.9195722124688612,0.5839137267020852
C. Musonda,RW,0.9421344660689214,-3.267978134305664
João Teixeira,CAM,1.2150569370370765,-1.696338070021404
S. Ward,LB,2.170918262979666,1.223002479557409
Y. Cardinale,GK,-3.437386801055833,0.23952177823143375
S. Francis,RB,0.7888283959317693,2.127288801098753
Lafortiscinho,LB,2.3197534893068417,0.48551446228376266
M. Valdifiori,CDM,1.3758078859051337,1.1390607805779371
Rubén Pérez,LCM,1.6979985084162947,2.1528278995403163
D. Boyata,RCB,1.4619424153508396,2.4308815058738436
N. Mendy,RDM,2.38739056960754,0.9978608714508493
A. Martín Arias,GK,-4.028309634906312,0.27910124599467234
Pedraza,LM,2.409487272842619,-0.9914686345731104
Ricardo,GK,-4.758741840460801,0.5149082759100819
Tarantini,RCM,1.5820996263177831,1.1911403482095828
K. Stöger,RDM,1.4070388797859936,-1.700114558912723
C. Mbemba,CB,1.8598298018223764,1.3599718145425026
A. Limbombe,LW,2.2280610637241094,-1.3244587031034045
K. McDonald,RDM,1.6934687108901363,1.5856668455752647
O. Niasse,ST,1.268846931670371,-1.7580691831437707
G. Herrera,GK,-3.8742219770022888,0.1537666443999923
R. Borré,RS,1.7140249830832028,-1.873227384143852
E. Zukanovi?,CB,0.5919388372722456,2.6080845575300717
A. Elis,RM,1.7134558040761607,-2.193755609801414
M. Fernández,LDM,1.9135736047606162,-0.39602425605890673
D. Rodríguez,RCM,1.3231676360847626,1.837906237967141
T. Klose,CB,-0.055838974701380016,2.9961984574587373
A. Cornelius,ST,1.0289835028840504,-1.0476400804569654
Kwon Chang Hoon,RM,2.1844553334256966,-0.9606450558359438
C. Larin,ST,0.8582425557790422,-1.7039092192905205
Tchê Tchê,CM,2.585827929588015,-0.40882377808823517
M. Leckie,RM,2.343693258954523,-0.928379973350053
L. Quiñones,LM,1.2650333709623927,-2.7842315110608493
Fontàs,CB,0.35522875224030903,2.593813749002787
K. Vermeer,GK,-3.1306494700852703,-0.3159776785122281
A. Surman,LCM,1.869917672677059,0.5778379435432177
M. Höger,CM,2.465346013037029,1.5029422388485023
S. Dann,CB,-0.40509745396688435,2.6979642540022644
Jovane Cabral,LM,1.6822260889539973,-2.0671433269757364
C. Cathcart,RCB,0.37721184216687764,2.4850107446434118
Zaldúa,RB,1.3197031769283452,1.5382193969356985
Pelé,CDM,2.111120726020718,1.4197242969180346
M. Kelly,CB,0.8345762402371921,1.9416925134147018
Y. Bolasie,LM,1.6198414196748552,-1.5797495226248162
L. Zelarayán,CAM,1.7571165678853613,-1.3516755711320316
Gelson Fernandes,LCM,2.2680028052647767,1.6171639961735582
D. Glushakov,LCM,2.779217484611099,0.5465450746173134
Lee Jae Sung,CAM,2.763226909074742,-0.025496317229038203
Baiano,RB,2.581055867839227,0.6882420076201026
A. Hurtado,ST,2.407636453601648,-1.391769029828226
A. Mierzejewski,RM,2.074493067880162,-0.9617236701681122
V. Janssen,ST,0.5919970598374541,-1.795687047718554
E. Paredes,RS,1.0031787782906,-1.6093670615464326
B. Alemán,CAM,2.586881405498196,0.11490839110474285
P. Retsos,CB,1.693852310027511,2.0085044023966683
J. Hernández,ST,1.6250060314775603,-1.9174945157733285
S. Corchia,RB,2.2722815596263675,0.579139271304988
Rubén Pardo,CM,1.9354931675669613,-0.0749609598233797
P. Goltz,LCB,1.1651667147956515,1.7201048225492763
D. Türüç,RM,2.6435812207392364,-0.11321881245414121
B. Mechele,CB,0.8570036816190116,2.221066100633393
Kaimo Lima,RCB,1.9749571458961912,1.157597645607818
R. Rodelin,CAM,1.9863475937335253,-0.8480820692655534
Bobô,ST,0.8222612480491319,-1.5195290139517943
L. Ciman,RCB,1.683869746658201,1.292868934925138
D. Ba,ST,1.5716486767287954,-0.6316326992138329
H. Medunjanin,LDM,2.2178227125935503,0.5677767388106167
José Cañas,RDM,1.1211363135058858,2.273717650937483
Y. Osorio,RCB,0.4930716889460299,2.544037285244104
Titi,LCB,-0.7636706634057979,3.3238345655047197
Carles Gil,CAM,1.4200744885768437,-1.552081148476949
P. Lasne,CM,2.76915964156669,0.6442264481296033
Lekue,RB,3.023332872328444,0.20588382725939244
A. Silva,RW,2.9322565783372827,-0.27912319933816343
A. Danjuma Groeneveld,LM,2.1738988747378767,-1.5359658022203377
C. Luyindama,RCB,1.10543619259156,2.4925663005307284
L. González Pirez,LCB,2.324029057597593,1.4205666747031602
Sergio Álvarez,CDM,2.7381784307468195,1.186614395013893
M. Cornet,RW,2.1846810455743313,-1.940894494714442
M. Schnatterer,LM,1.7651942722223248,-1.337023026250936
O. Kharbin,ST,0.9606557810653867,-2.440759115947233
Sergi Guardiola,ST,0.5536361510492851,-1.9611095510960384
T. Sou?ek,RDM,2.327684944423481,1.4205588025840759
Y. Ravet,RM,1.4225797152388016,-1.5440432523467897
T. Serero,RCM,2.611961951730874,-0.08486361432798485
B. Douglas,LB,2.4119348146304533,0.2957270068677216
S. Johnstone,GK,-4.356487254630218,0.45835224559816157
Medrán,CM,1.7165287480159523,-0.1369862570648308
J. Corona,GK,-4.923344515389036,-0.03358826748184598
I. Fetfatzidis,RM,1.075307397708097,-2.457027581701139
S. Romero,RM,1.5835478079245495,-1.3239096725830657
B. Joki?,LB,2.154154066872214,1.2719650925463917
S. Sinclair,LM,2.38556434331173,-1.9081868161879805
L. Krej?í,LW,1.8968114892848869,-1.5977488476761161
L. Orbán,CB,1.4836421598926257,1.4537177465075306
A. Hamdallah,ST,0.650630042094887,-2.2543381769816118
R. Tapia,RDM,2.1184652722096238,1.3315914716289885
O. Watkins,RW,1.9789412692727675,-1.365699956265576
Duirval Diniz,RCB,0.42062965134680047,2.23871972814496
Arribas,RCB,0.8257920632539972,1.9733559429341896
B. Dabo,CM,2.738978420096077,1.0634851751637364
G. Lezcano,RW,1.306772075793134,-2.3022555213574063
Bebeto,RB,2.242716397920925,0.681796600387696
L. Sobiech,CB,0.13907292393466575,2.294345985850342
Guerrero,ST,1.4933303116042207,-1.5318756202623178
K. Boutaïb,ST,0.6706415477344132,-0.9253115909442078
T. Hlatshwayo,LCB,-0.24118699071288452,2.741151039965189
M. Krohn-Dehli,CM,1.6649103185249636,0.42101655211905636
Lucas Torró,CDM,2.0905487838553602,1.67532767511006
J. Vossen,ST,1.4722329885348506,-0.8893904874275533
J. Rodríguez,GK,-3.5932750022761635,0.2323053259969489
M. Pasqual,LB,1.8573807787649357,0.8895691096460685
Zubeldia,CM,1.9688828935400988,0.8745387290496625
Da Costa,GK,-4.845561887129111,0.34216671552933087
D. Kolá?,CAM,1.5205696570220593,-0.9542126525552848
M. Zaldivia,RCB,1.1984511837905911,2.0887010530780126
S. Ghoddos,LM,1.912568682991217,-1.280524745571485
A. B?lut?,RM,1.8627280275289095,-1.513476063426009
T. Melia,GK,-3.9794412752437878,0.24768588763429636
A. Di Gaudio,LW,1.3281180116549083,-3.4512603881889894
N. Milenkovi?,RB,1.5549620021102357,2.1134564681293346
V. Demirel,GK,-3.9784474994826424,0.8581442093257494
L. Cooper,LCB,0.7068631288126347,2.380252434853505
Edercinho Sepa,RCM,2.4293593177881245,0.47954046687427754
A. Morelos,ST,1.6771826129924823,-1.2894444417293007
J. Chester,CB,1.3325056813744076,1.6367588237800361
D. Sakho,ST,0.8979931320310577,-1.5545580493548334
E. Velázquez,CB,1.0647605428040998,2.0087518588097892
M. Waris,ST,1.6133931260359597,-2.154757102651398
T. Matavž,ST,0.38395900484393136,-1.6422532248172925
Y. Khacheridi,CB,0.5304264660574473,2.332997774021387
Y. Gerhardt,RCM,2.9748067556688467,0.46062931747764596
K. Laifis,LCB,2.1109131490086854,0.9996939382495739
J. Hoilett,LM,1.4307625312713619,-1.6015895114724727
Pascoal Muscato,RDM,2.15594615070728,1.1913931438786494
J. Furch,RS,1.3558323373677035,-0.7304094047117808
Fransérgio,LCM,2.104088918362706,0.7473056607009828
S. Gümü?,RM,1.3235151296728562,-2.3305392686110284
Anselmo,RDM,2.3142575298935593,1.1863004232766416
J. Silva,LWB,2.200616727439656,0.6551011318473807
Manquillo,LB,1.9724178306886695,1.0812796024360862
Daniel Candeias,RW,2.3045354197098944,-0.7841132920330538
R. Rey,GK,-4.263335581696185,-0.05605795895701145
U. Ra?i?,CDM,2.3058069175132316,1.1414478430744666
André Sousa,LDM,2.197522792020227,0.5299763035547588
G. Ortíz,LCB,1.250071271657598,1.9098850207456077
A. Ademi,RDM,2.5016295148510967,1.3466804989553975
P. Roberts,RM,0.6861415533128971,-3.4898451885318718
Daniel Ayala,RCB,1.4003503673350652,1.4742881998815804
M. Kempf,LCB,1.007192127744887,1.9357492387875037
R. Khedira,CB,1.7244317491877426,2.125013940143486
M. Casco,LB,2.9600674106907134,0.29840313751066877
Caio Milaçar,CAM,1.062352902522361,-2.0134831004721403
O. Norwood,CDM,1.59011420145576,0.7328185669269442
C. Träsch,CDM,2.279870741020139,1.2183044120062407
C. Atsu,LM,1.2843880454580252,-2.7278454108704593
A. Touré,RB,2.5032044158586366,0.8025363911131772
Eduardo,GK,-5.026349757468167,0.41571780509859035
M. Andújar,GK,-4.429296038909719,0.47031440632316823
K. Olsson,LCM,2.3574931402692596,-0.5964394515663948
E. Krafth,RB,2.0749092538056337,1.088922108779692
R. Jack,CDM,2.471924717900132,1.226963623002674
M. Luongo,RDM,3.003661794473993,0.7433088498262442
L. Jara,RB,2.420154605300774,1.3587928188113165
M. Andreolli,CB,-1.032706723632767,2.4650131237734576
A. Chahechouhe,LM,1.5149842763128125,-1.8061835610732857
I. Kutepov,RCB,0.48386770895861075,3.0448999080424293
J. Pivari?,LB,2.3108656385109225,0.2920031321162116
E. Goldaniga,RCB,-0.03266844591700991,2.4375633420402805
Elias Fontoira,LDM,2.4031241016354343,0.42238478832957815
E. Saric,CM,2.6015107280299525,0.5420086324221136
S. Al Faraj,CM,2.4497833355305514,0.41216968895041517
L. Crisetig,CM,1.7853973012086204,1.753598030780465
A. Pritchard,LS,0.9053413726024604,-2.2143569833578653
D. Calvert-Lewin,ST,1.707343465946655,-1.700167464524426
T. Koopmeiners,LCB,2.4746563090481013,0.49335463184157996
Joselu,ST,0.6544216181758014,-1.3768280843170824
G. Svensson,CDM,1.5135149422967709,2.179152405039402
Enaldo Praz,LB,1.8917094252306845,0.9483711977362339
L. Griffiths,ST,0.9841887299446447,-2.447898646966489
W. Katsande,RCM,2.423623139169401,0.7895241796668826
S. K?r?nt?l?,GK,-4.449318555927062,-0.10187181608431094
E. Crivelli,ST,0.8629250264657665,-1.0506238439462583
Jairo,LM,1.2545572242845404,-2.4648421325570897
R. Bazoer,CM,2.5275702549980195,0.4165533913610878
G. Cunningham,LB,2.328382903206855,0.7289555310072269
C. Berra,CB,0.4520773397578847,2.964033695722662
A. Beck,RWB,1.5794468392850545,1.465348622539235
K. Roofe,ST,1.9861691356990727,-1.0057169677929183
G. Imbula,LCM,2.40180538581479,0.3981932621747788
D. Royer,LM,2.288723874366308,-1.5341067537976227
C. Njie,ST,1.9556086904407672,-2.366526327099376
K. Lawrence,LB,2.1905323502212606,1.1297140938952277
N. Sánchez,CB,1.1699093445256836,2.1621413246629135
N. Benezet,LM,1.0175453819232598,-2.4424992383219144
O. ?ahan,LM,2.5288843408648654,-0.5095627704811964
M. Besler,LCB,1.8768257203132273,1.6588476800714271
D. Falcinelli,LS,0.5628999075702502,-2.169398312697385
L. Moore,LCB,1.6113741006032865,1.8411882091972287
A. Aguilar,CDM,1.3311112386778352,1.9660384495198964
Dani Raba,RM,1.5624154001505883,-1.6049209206711004
B. Poulain,RCB,0.01364690069894954,3.1505592612029956
Y. Nagatomo,LB,2.001041676358603,0.7136265810794293
Raúl Fernández,GK,-4.293059090020115,0.47809667403488226
Alberto,GK,-3.964960599552194,-0.3974880272628003
J. Obi,LCM,2.40557873542027,0.5040089361657367
C. Hourihane,LCM,2.6050521256551784,0.5382598530541443
B. Kuwas,CF,1.2346662871692815,-2.3302502138635206
Jailson Caeiro,RB,2.1781606474727964,0.5982857094568322
D. Chará,LCM,2.5053435088602036,0.7472149471267917
T. Mykhalyk,CB,1.5126904650744362,1.846692558661879
M. Beši?,LCM,2.093182183392785,0.9630972206432692
Alexis,CB,0.6921743424317148,2.243145450587625
E. Puch,LM,1.9478541180515694,-1.2425703202868346
Kel Perinho,RCB,1.234041874741158,2.0157925652570587
C. Coady,CB,1.5469080307000518,1.7325273641681525
M. Estigarribia,LCM,2.4557398253407974,-0.020518210015179107
E. Sviatchenko,LCB,1.314443759256933,1.7881264802080543
R. Ortiz,CDM,2.4144378425881756,0.7864635914319621
Hugo Goiteira,RCB,0.41515947356682836,2.5242291631763476
L. Dimata,ST,1.3096305582257144,-2.1790443142541873
André Horta,CM,2.599573585261954,0.27341594140853
Fábio Melitinho,CAM,0.48087659170701996,-2.3346413897006877
R. Quaison,CF,2.538936263131732,-0.4258209025485195
Luiz Felipe,CB,0.8239689473957164,1.738178090613555
T. Sippel,GK,-4.286195262314741,0.18084904014323727
B. Nuytinck,LCB,0.1221673439316831,2.40844629609687
J. Buffarini,RB,2.7196837465680477,0.6420455232704898
A. Wakaso,CDM,1.9339701737729287,1.8870018495320848
N. Silva,CAM,0.8293811319076754,-3.756757339317812
Castro,CAM,2.3375487819700442,0.5889455536251714
M. Hedges,RCB,0.9899717524305803,2.856421239753249
João Pereira,RB,2.2261237538812857,0.19183235963839254
Insua,RCB,0.41993220418885957,2.044814088477861
Róber,LCB,1.5469273980881282,1.6545452242735788
Osvaldo Lodeiro,LCB,0.16140807989645833,1.6553217909047215
Míchel,RCM,1.4189068946299608,-0.35762340237353946
N. Maupay,ST,1.492441643918791,-1.2809143695982996
J. Rodríguez,LS,1.9618222008333095,-1.2785627286897623
E. Mor,LW,0.9934761723342161,-3.1494576349948447
Lato,LB,2.2372495616359545,0.2028655244280909
Fernandão,ST,0.2477773611051651,-0.5418790201120425
O. Martínez,RCM,2.013986480258167,0.010867652667595611
Suk Hyun Jun,ST,1.0538952491264906,-0.9604607044877423
N. Maksimovi?,LCM,2.5319871663721414,0.7374977123392358
J. Kembo-Ekoko,RW,1.6171809422138448,-1.2014022412752154
S. An?elkovi?,CB,0.24700331758149927,2.446699691765529
A. Katai,RM,1.5253184604042098,-1.3260518696983525
Fabiano Sonta,LCB,0.4858246444344935,2.4745631865374516
A. Ioni??,CAM,2.6275970828906963,1.0517155499815547
Seoane,RDM,1.5352086929147473,1.8395968272611172
C. Pizarro,ST,0.10780761216140476,-0.7527531194622177
Ivo,LCM,1.8691008900938473,-1.2715946808282583
L. Sané,LCB,1.1311332704320476,1.8725343808077082
Iñigo Pérez,LDM,2.2544178667950536,1.047528689309268
D. Kreilach,ST,2.4855400380952584,0.8585873771020247
T. Fosu-Mensah,RB,2.507189615560067,0.821226898107382
S. Grandsir,RM,1.8039025614062145,-1.5640283961823174
B. van Leer,GK,-4.539836174803767,-0.1883537103407489
Diogo Leite,CB,0.9916506965240149,2.091914298274116
Davidson,LM,1.3944769666308272,-1.8865895940671469
Dídac Vilà,LB,1.9013673165508265,1.5107013355953096
A. Ciciretti,RW,1.1852948374698669,-2.70797255021477
Jorge,LB,2.368470371862866,0.6478074868979755
E. Didot,RDM,1.1452799602532933,1.0596156315139365
Marlon Nideiro,CAM,0.8576967621868743,-2.7118109019392262
B. Bereszy?ski,LB,2.437066152674845,0.6153483631938188
A. Hassan,ST,0.32130067356887376,-1.0877771691517812
Jacson Zonta,RAM,0.9946642738584464,-1.391643095664656
R. Fanni,RCB,1.4205775884106246,1.5559121763021995
A. Diamanti,CAM,1.0116529974886437,-1.6501242886827803
E. Cardona,LW,1.9948704204943501,-0.41262694625475077
S. Prci?,CDM,2.4642401585381295,0.7675865345428575
Leo Caldeirinha,LAM,0.9569777133656758,-2.1244138672981876
T. Sainsbury,RCB,1.7151432845149088,1.420583433356619
Edgar Ié,CB,1.4742160089124705,1.5899346773190062
Alvildo Sousa,CAM,1.0753003249578579,-0.9896921080678133
F. ?uri?i?,CAM,1.1714368873885457,-1.4367655580006267
J. Boëtius,CAM,1.5063636393505349,-2.6133974744670674
F. Mubele,ST,1.7054677586913374,-1.2785019150091381
A. Chávez,LS,1.919549177042648,-0.9357049380486752
V. Kovalenko,CAM,2.832647434213919,-0.12515171757833274
Y. Kaboul,CB,-0.29382759937521946,2.6817004067262626
R. Meggiorini,ST,0.9092522621081044,-1.6037190689715806
B. Sagna,RB,1.877601752984739,1.5070651975797074
Kahraba,LM,1.480480428798937,-2.0510314415996955
Rafael Vaz,LCB,1.3559209153930838,1.7366422299978366
Robson Denho,RDM,2.1395932400657256,1.441084206894781
Renatinho,RM,1.88561833233722,-1.4522397863110748
J. Toljan,RB,2.4801285942773035,0.5504497263157241
Claudiano Sobrino,RDM,2.370748299993514,0.7219494351287328
S. M'Bia,CDM,2.3001129768404462,1.2500765330912227
Hélton Celanova,ST,0.215279752231535,-1.2394294850951393
S. Sosa,GK,-4.335879383109399,0.49059121331040834
Erick Gameira,ST,1.0195632236223233,-1.849773678983105
Pol Lirola,RM,2.1144526198239446,0.8178321359371782
M. Jajalo,LCM,2.649378971495863,1.1951507806515167
H. Mukhtar,CAM,2.203285977335059,-1.5938406105856726
William,RB,2.3064921759464454,0.8789457588028236
G. Bong,LB,1.6604004014638767,1.7453559430605212
N. Hult,LB,2.739297844698894,-0.10081485412529725
J. Geis,CDM,1.2361027201402686,1.8699153066262562
L. Cavallini,RS,1.0009822264939288,-1.4726952410376253
P. Verhaegh,RB,1.7587410394758538,1.341953301984056
Jadson Vidigal,ST,0.6217002624319007,-1.8480326616609999
Álvaro Jiménez,RM,1.8415277086879471,-1.5030497143166002
O. Vranješ,RCB,0.9181009656048017,1.951703900754874
M. Bauer,RB,2.1097321763755854,0.7743483991354791
O. Kayode,ST,1.7379606387202577,-2.3305435556306673
I. Nestorovski,ST,1.4180296665127037,-1.5032709372895554
F. Castillo,LM,2.161186362518939,-1.6466629433606663
Bruno Varela,GK,-3.9268957614261235,0.2180112655798088
L. Narsingh,RW,0.9740659491213006,-2.5029429788289668
K. Djidji,CB,1.1954734373205977,1.719403591860733
L. Robles,GK,-4.0979896883791,0.3255692917740368
A. Erokhin,CM,2.908559048722815,0.6852516310517333
G. Shinnie,CDM,2.3673675109937116,1.461133678496793
L. Rizzo,RM,2.5642223871575585,0.4316025750093353
I. Konaté,RCB,1.6521551713589941,1.7366848043711656
B. Ecuélé Manga,RB,-0.06923040452547162,2.6604198170956845
J. Córdoba,RS,1.8524724136747754,-0.6181967407249838
Edvaldisco,RDM,2.4607333023757336,0.842306502781913
G. Sakai,RB,1.9794203740385465,0.8579842111224003
A. González,CM,2.875280568745947,-0.11361461976056614
R. Rosales,RB,2.045302896562927,0.7239945029390208
J. Dueñas,LB,2.849389226907497,0.843037114758368
N. De Préville,LW,1.5086551431490036,-1.9066052335911015
Diogo Figueiras,RB,2.0062668251516342,-0.29364052058771595
A. El Ghazi,RM,1.73710365355345,-1.8568650618745226
P. Aguilar,RB,2.5452622141447687,0.5460130412750088
K. Dolly,CAM,0.9455441488261503,-2.5167333653288795
F. Mora,RS,1.1247414955037294,-2.229519011243492
P. Barrientos,LS,0.45717130004389867,-1.5153564873435237
H. Rodallega,ST,1.754531033983175,-1.0866255148385842
A. Epureanu,LCB,0.8597327220655274,2.332878621331836
M. Caraglio,ST,0.14353048881611818,-0.8740963631326587
S. Lung,GK,-4.617914815226535,0.21181490134648492
Maurício,CB,0.8375076667192484,2.0042194666059086
A. Boruc,GK,-4.707319767637391,0.7376545368310935
C. Gordon,GK,-4.7402946740811265,0.6167536310363506
F. Santander,ST,1.1835798118255005,-1.566344354422171
A. Ramírez,RCM,2.1551357570255525,0.55225891979529
M. Cabrera,CAM,2.070865967016998,0.10466293918844617
B. Valdez,RCB,1.4123577809393089,1.9017582175403556
Pozo,CAM,1.6027792372345953,-1.2718369190293843
Bruno Gaspar,RB,2.4883337813112636,0.2573048566661277
N. Rigoni,RCM,2.005909508153605,1.2976949389063301
I. Kahveci,CAM,2.035038411513371,-0.9927440756296279
Sebas Couteira,RAM,1.1460982306666931,-1.6920097856219518
Walace,LDM,2.1324342514326635,0.9077190226095374
R. Shawcross,RCB,0.49320042179264756,2.4344721790623223
David Simão,LCM,2.128122092205619,0.04788282795071985
C. Rius,RW,1.3242919897477239,-1.6837893890828652
B. Martins Indi,CB,0.9482366843773788,2.222218492373679
P. Rosario,RCM,2.5017195247531885,1.1148691346837847
Álvaro García,LM,0.9896089339253121,-3.4640520401662998
Kauã Abranches,RAM,2.15501036173372,-0.40337556737224023
A. Gyan,ST,1.2444743265834806,-1.6255183703851022
D. Simpson,RB,0.9393317567264925,2.0932778253163846
H. Seferovi?,ST,1.4764649997647352,-0.8625864760092761
R. Sobhi,LM,1.7028402846069197,-1.1484847057761582
P. Gazzaniga,GK,-3.3722522126607775,-0.1626179579850586
F. Mussis,CDM,2.09831177410552,1.480921654111918
A. Masina,LB,2.060190129225674,1.6365144248030838
J. B?aszczykowski,RM,1.9417012381835552,-0.15635948012070727
J. Beausejour,LB,2.5177265112527927,0.7795510099347989
J. Livermore,RCM,2.4247180136957733,1.1667707500860605
D. Kourmpelis,RDM,2.3579935735028226,1.3342267427091972
Nicolás Formido,LAM,1.2700060985799735,-0.5891434690227764
J. Aidoo,LCB,0.567779487775468,2.5986296958871145
Melendo,RM,2.0557102879282794,-0.8141469469502824
E. Pieters,LB,2.0161555359689713,1.9548584753603888
Luisinho,LB,1.7283707454432902,0.7648663018133972
A. Semenov,CB,1.2995995915000038,2.4446394701099785
Ramalho,RCB,1.2988386964555263,1.6118346457206854
Kévin Rodrigues,LB,1.7519051149863214,0.9526725920481462
K. Pi?tek,ST,1.388066816025084,-1.3798309803219218
R. Vlaar,RCB,0.06652222316501816,2.6555643020065713
R. van Wolfswinkel,RM,1.3018999667998516,-0.7558657048956338
Ilie Sánchez,CDM,1.9091661932308561,1.4916874218493243
Ewerton,CB,0.9114788420763669,2.1292141378621543
A. Chumacero,CM,2.683734793844557,0.5235450508713256
Dani Pacheco,LM,1.3182657272729887,-1.9113262322758737
L. Rodríguez,RS,0.08813564342969449,-2.8093495955306773
A. Jahovi?,ST,0.21515328046249638,-1.4296516394836345
M. Britos,CB,-0.3329683716309996,2.5118209921872627
M. Rits,LM,2.334045858790756,0.6558609711405977
S. Deli,RCB,1.6239821209751408,1.4689832711450634
H. Traoré,RB,2.2976925066691547,0.45934031217473315
P. Aguedar,LCB,1.192381897158909,1.6538362942708063
Crespo,RCB,1.3369735869023942,1.8478416869625265
Rafael,GK,-3.9268855518276156,0.18411126114054807
Bigas,CB,1.5849748456083095,1.3486402799535087
L. Öztunal?,RM,2.191475822618154,-0.7910351052453736
M. Joji?,CM,2.2861461212170036,-0.37949191998828335
Vitor Bueno,CAM,1.1796681594591172,-1.2475297294321672
G. Til,CAM,2.8412485987313785,-0.07553637739628791
I. Pussetto,RW,1.4222198930851075,-2.5902870331911076
A. Ajeti,ST,1.0374083779369516,-2.1001631990636196
Luiz Araújo,LM,1.5353753887263972,-2.4072271059063595
A. Besedin,ST,1.611429121717938,-1.0372927441497366
T. Didillon,GK,-4.311016308739155,-0.18267849707406256
Arana,LB,2.532714984380609,0.25755014111664215
Zainadine,RCB,0.9782241698032876,2.037135046541594
K. Théophile-Catherine,RCB,1.8729587788825899,1.6385589269849439
A. Gianniotis,GK,-4.7741934637110095,-0.2663909445996084
Bruno Saltor,RB,1.038033250141799,1.8329261474621041
M. Stendera,CM,1.8491887292774292,0.009102694692268352
S. Kalu,RW,1.1117210512301359,-3.0153461856871577
Juan Cala,LCB,1.740816762705394,1.7066960547999865
J. Tavernier,RB,3.23156045328122,0.4189732036730591
W. McKennie,LCM,2.6960309128337725,1.3489205634668135
W. Tesillo,LCB,0.8393861764927835,2.7646398248115434
A. Mariappa,RCB,0.3615183817051425,1.9764299354861177
S. Morrison,RCB,-0.4022375551299031,2.82754690680692
J. Brenet,LWB,2.143964544443296,0.6304708628011316
B. Dack,CAM,2.1327025260441994,-0.5711070229516418
Y. Kubo,CAM,1.425451706052922,-1.8829415313030509
T. Pukki,ST,1.511909702761998,-2.097091320668155
William,ST,0.9406737687830133,-1.7720214867760382
L. Melgarejo,LM,2.464280866147523,-0.5916136690492647
J. Jones,LM,2.7820243920273615,0.08666360235275837
I. Sosa,RM,2.1612729764074503,-0.9213344373397715
M. Ekici,CAM,1.5811356530152532,-0.2812667243896411
A. Nyom,RWB,1.7999687895712433,2.0044718863793096
K. Konaté,RW,1.6817787257068075,-1.7633882559559162
F. ?or?evi?,RS,1.071017314746434,-0.7908040979504924
E. Room,GK,-4.672745786428832,0.07914058319924366
T. Usami,LM,1.1598482998423643,-2.713249203537352
Ruben Lima,LB,2.3281620661645097,1.0520077494238047
Fábio Espinho,RCM,1.8492242714435438,-0.49444607319490386
L. Markovi?,RM,1.308070070057087,-1.9733655007424236
J. Barrera,RM,1.3998298060460337,-2.0810817276608393
R. Mora,ST,1.1487218697079142,-1.7241777252107207
D. Lazovi?,LM,0.9123997710511276,-3.1585694835304405
M. Burda,RCB,0.25673291569980605,2.7882869789034914
Tana,CAM,0.736288172804944,-2.6363805617067104
A. Miranchuk,CAM,1.3643122111793722,-2.052589487033983
L. Grabban,ST,0.9023144119067878,-1.9354403381108558
I. Koné,CB,0.5653269664171278,1.8036007051962044
J. Hušbauer,LDM,1.819563799274602,0.019704786527367246
A. Soumaoro,LCB,0.8884948712274956,2.4211013887462314
Patric,RS,1.0281596932660035,-0.6604744294960245
P. Diamanka,RCM,2.591336212423323,1.054065280926736
A. Pulido,ST,1.7709373982986676,-1.4090249649945614
Roger Guedes,RW,1.4978805607746073,-2.2545682990330045
D. N'Doye,RS,1.5571584612052904,-0.7561285549480906
S. Johansen,LCM,2.7297707961855213,0.1437211829363553
I. Afellay,CAM,1.4725854397927214,-0.16487925506979875
A. Zambo Anguissa,RCM,2.4809433991187424,1.6821040340592843
N. Lombaerts,LCB,0.6170434304088813,2.4471077239244
C. Chambers,CB,1.6856064207790826,1.3663597051247367
I. Sangaré,CDM,2.578387156921527,1.0671870059991282
A. Sulu,LCB,0.9048292947396167,1.5485035039571713
M. Pucciarelli,ST,1.6109069817133002,-2.4466742073854535
R. Saïss,CM,2.1777107299746,1.3203931274243366
J. Haberer,RDM,2.40521948090495,-0.08605098068425623
E. Dennis,RM,1.1061353843937278,-3.3548488612368916
J. Kana-Biyik,RCB,0.7753383479099133,2.391250265429247
V. Barkas,GK,-4.626467227357005,0.4160404359506507
K. Johnsson,GK,-4.03756515599194,0.23169762246938322
S. Floccari,ST,0.2309438971647197,-2.143893962776491
S. Prödl,RCB,-0.8070655127879438,3.229293949273916
V. Laurini,RB,1.5044399086142635,1.557081404626416
A. Eschenko,RB,2.253805318259386,0.7228871385423433
S. Okaka,ST,0.9058280440514483,-1.189585329739685
J. Kodjia,ST,1.6076800743663617,-1.942628879059329
A. Oyongo,LWB,2.5133010872319392,-0.0008022762231012081
S. Bolat,GK,-4.67527797876444,0.22877204371283436
A. Mitri??,LW,0.7668734371588903,-2.7222302035214656
A. Behich,LB,2.7278600308150645,-0.3779054673331554
O. Tannane,LS,1.4723272707316986,-1.7524380800317974
F. Haroun,LDM,2.461352490472849,0.9885004703674711
D. Gosling,CM,2.0108731449358417,0.6729264187697792
Pedro Santos,RM,1.9923394778174086,-0.9683111141091988
J. Larsen,LM,2.635694098386962,-0.6701966242978153
F. Bastians,LCB,1.7283828233330225,1.7251489907846016
J. Ralls,RCM,2.2954272608244,0.3414342221391277
S. Vilakazi,CM,1.555141776206919,-1.6519932717062504
Victorino Magela,GK,-5.039342269589833,0.8917911077962929
Marc Navarro,RB,1.839821725164976,1.050212693376298
K. Kamara,ST,1.0557177610115844,-1.7833585226076172
Dória,LCB,1.335689112021515,1.3967315192271919
S. Serdar,RCM,2.6021216579208555,0.8084872364268861
O. Tufan,CDM,2.4745867599011735,1.1051740223047974
Pedro Rebocho,LB,2.3242132026908577,0.8658510688764852
I. Strini?,LB,1.9993367167879517,1.3487833793841677
S. Grytebust,GK,-5.028528346482358,-0.07846832441456074
W. Hahn,GK,-3.4067818948458144,0.4778690322394719
Adrianiscito,GK,-6.074627285425672,0.26368335295183887
L. Fernández,ST,1.6893894859401757,-1.726093643269314
A. Lozano,ST,1.4072275197537485,-1.6940320441807117
M. Tisserand,CB,2.140864235625748,1.1412856166176373
M. Ruben,RS,1.4187610654010037,-0.9058381184258376
T. Abraham,ST,1.0161192445524392,-2.005146322216254
R. Neustädter,CB,1.1811037337787036,2.202078746013898
Bebé,LM,1.9610691408495382,-1.4136380844429572
M. Vydra,CAM,1.3568462971223954,-2.313776483014269
J. Leca,GK,-4.915846841097407,0.41314629637291866
Carmona,CAM,1.807198373277756,-0.5561011278595764
C. Lema,CB,-0.2956940420775084,2.9587793297573035
Dentinho,CAM,1.6046064663467914,-1.1196837721292503
L. Villafañez,RM,1.1977219204819403,-2.356159290671268
D. Brasanac,CM,1.8256401634477928,0.9882831544380014
S. Kljestan,CAM,2.061364027481521,0.19922678599914334
W. Morelo,LS,1.556640288761251,-1.2390601437286188
M. Diop,ST,1.988682704138695,-0.4727795176355739
C. Benavente,CAM,0.8398516396325756,-2.3693240625266294
A. del Valle,RM,1.3102073008538695,-2.06442650238359
R. Ibarra,RM,2.4216247026536113,-0.6347235048892079
J. Musso,GK,-4.205513307367647,0.17604837409827587
Padilhisco,LB,2.598576568542532,0.45535017688364626
F. Forestieri,ST,2.10343950466638,-1.173270511568819
A. Bedoya,RDM,2.626053821531539,0.33248766139054725
A. Romao,RDM,1.6776221938779883,1.879410994942472
O. Gladkyi,ST,0.8397714654388401,-1.3183393058502537
A. Hack,CB,1.647512068386854,1.9271473733505295
D. McCarty,RDM,1.864292767282686,1.4088973346526215
K. Adénon,RCB,0.37866202540785204,2.0660446104806196
J. Plata,LW,1.3661395919422135,-2.2991940486807416
J. Stephens,CB,1.4001559687985623,1.6992814773061384
M. Ødegaard,RW,1.1964136761572164,-2.236374571629598
Rúben Semedo,CB,1.7319922051237682,1.562628001179896
Sequeira,LB,2.2210949088131806,1.178174978723682
I. Chochev,CM,2.7403708921332783,0.47782327031296046
M. Gulde,RCB,0.9288421570128157,1.7728498799891914
Bruno César,LM,1.9131169652537128,0.13231431372932106
F. Jara,ST,1.462645456828163,-2.0027535116875628
Gabrìel,GK,-4.44633625030506,0.5329613923291497
M. Bakalorz,RDM,2.2164069899554284,1.2995739111229976
A. Rossi,GK,-4.139468342631788,0.5052329281424992
Álex Moreno,LB,2.779970540856856,-0.707815327951348
F. Hadergjonaj,RWB,2.13047854727648,0.4734971269560162
O. Kucher,CB,1.0082088219473775,2.098939414150647
M. Diouf,ST,2.9517052631818737,0.43333467564642447
G. Burdisso,CB,0.2523826946440069,2.7631179891695106
V. Misidjan,RM,1.2034776801567562,-3.1715249580538036
A. Correa,LCB,1.6478192711000703,2.0118298975269826
R. Salin,GK,-4.331530861524197,0.6185995729617952
F. Valverde,CM,2.1605398679271484,-0.1358138626829338
M. Etxeberría,LM,2.194165178039566,0.11336449618738269
R. Haps,LB,2.554998644090204,0.3533188478331344
Cho Hyun Woo,GK,-4.656409276933481,-1.0173320365272949
Y. Gourcuff,CAM,1.1164579963826986,-0.20504533277548523
Jesus Andradaldo,RB,2.1619838061947125,0.7249278384728992
P. Mpoku,LM,2.006156303869569,-0.579478744311779
D. Musto,CDM,1.462818069234001,2.013903913128245
M. Vargas,LW,1.940972841061759,-2.3176590112767506
A. Baba,LB,2.152830709590394,0.5231517848143192
S. Davis,RCM,1.4174870654534533,0.34560815306929366
S. Özbayrakl?,RB,2.4410174817335317,0.5361940563429898
Mattheus Oliveira,RCM,1.950326212179609,-0.08873406435683358
M. Le Marchand,LB,1.791055368659876,1.6549317008367697
Régis,CAM,1.261007928849801,-2.113351277600882
Nacho,LB,1.926985601601277,0.5589798500505655
B. Gibson,CB,0.3335169420184795,2.379106857478509
C. Taylor,LB,2.1553440626151685,0.8601486915755484
T. K?dziora,RB,1.765182697835509,1.0797965996491228
R. Saravia,RB,2.5228665824010204,0.5803479798211314
D. Drexler,LCM,1.2699076404665075,-2.535730377982992
S. Falette,CB,1.0356046499185259,2.0955295906607256
O. Etebo,RCM,2.631791121220029,0.4469053740373826
A. Cerci,RW,0.6568122335909031,-1.5176004716748466
L. Rodríguez,LM,2.2745059071793072,-1.5630138584508757
R. Hubník,LCB,1.3581252256899548,1.6134470005197834
J. Andersen,RCB,0.5058102363373608,2.139158619193899
Fran Beltrán,CDM,2.0809287168306487,0.88557638239517
D. Viera,RCB,0.36310052573385115,2.8754348842053523
F. Zampedri,LS,0.734321115518163,-1.8119162786410061
H. Lindner,GK,-5.019859915036137,-0.45426428954186093
J. Sánchez Miño,LB,2.714067240503058,0.3730464896188087
M. Pavlovi?,CB,0.508866300867461,2.145237394187421
A. Koné,ST,1.4844733814867743,-1.3153141429525517
J. Ferri,RCM,2.263068628397516,0.6480163766556287
C. Bassogog,RS,1.6118886067012823,-2.5749965599157063
M. Diagne,ST,0.10379832879237542,-1.1096763699618712
J. Ibe,RM,1.8072945902297148,-1.0938075396774336
D. Heuer Fernandes,GK,-3.955640184858552,0.20846642545590213
A. Fulgini,RM,2.8330918897994795,0.3136822763387525
M. Jensen,CM,2.8075437866278543,0.2360490818079213
A. Bjelland,CB,0.8853991821516352,2.2900951898478565
J. Fuenzalida,RW,2.654833326268941,0.08998921531890218
Juanfran,RB,2.8466564995836205,0.8288410148679142
S. Kittel,CAM,1.3127204559565466,-2.2182001425443776
V. Rosier,RB,2.08965680484086,0.962626304616191
K. Waston,RCB,-0.12533538602346525,2.713472812603205
P. Žulj,LCM,2.129749000012559,0.5675163533375762
L. Grant,GK,-3.7940238446112557,0.4205125127941219
G. Jara,CB,1.5367607191779433,1.4506521631254496
S. Lainer,RB,2.7560520859406967,0.37738962485965843
Óscar Plano,LM,1.7350018476411855,-1.76003050649423
De la Bella,LB,1.6802252185362565,1.3337009747820696
R. Cohade,RCM,1.552485938121039,0.8938324662901505
P. Morales,CAM,1.7519408618604213,-0.29944072248295583
D. Arismendi,CDM,1.668557939689893,2.3275995708826813
N. Stanciu,RDM,1.2352677984948122,-1.5947633009539948
D. ?aleta-Car,CB,1.2865446758528822,2.0430464219606232
L. Fer,CDM,2.916990811412375,0.5772233778603344
A. Williams,RCB,0.25182503987863164,2.133421050688914
J. Bryan,LB,2.8556682033360326,0.5880258803337246
Ricardo Costa,LCB,-0.1743334346633377,2.652697629029065
Ailton,LB,2.460324943304817,0.5575215994972457
R. Cota,GK,-4.172512492992042,0.2663717132023877
G. Margreitter,RCB,-0.22796034203415844,2.9543238870272304
A. Rebrov,GK,-4.9230436469897025,0.6507328205488194
Djavan,LB,2.3168543125825396,1.2286923079869563
A. Chedjou,RCB,1.2538512515111646,1.6248361094475094
Luna,LB,2.446661734030216,0.925010605737385
F. Ricca,LB,1.5543700791332562,1.2788315044064469
C. Awaziem,CB,1.3303589900788944,1.6259175427108847
F. Carrizo,RM,2.011140513544265,-1.2880067490925036
A. Ragusa,LW,1.923653798649535,-1.6835471089882046
A. Wan-Bissaka,RB,2.2236182770185255,0.6080938280956464
J. Biabiany,RW,1.598952523057812,-2.2847059344608645
B. Mensah,LDM,1.7671378905269166,-0.7970581571726685
D. Padelli,GK,-5.212232381698485,-0.44079599349209414
D. Toši?,LCB,1.0521669391835324,2.141897843869198
E. Bauthéac,RM,1.7369852260348846,-1.585348090101484
Tiago Silva,CAM,1.7964569310057217,-1.0973323692699923
A. Tameze,CM,2.324612546550102,0.8994335139989051
V. Manceau,RB,1.6195240021182329,1.6291087862953606
F. Bardi,GK,-4.798560171190149,-0.4659166059198018
L. Advíncula,RB,2.9115105030623747,0.0677621506947592
J. Gallardo,LW,2.70111862700479,-0.10530712992765123
Enaldo Toxeto,LCB,1.6830019704070331,1.3953041505819357
Camilo,ST,1.3773805111386668,-1.8318242868663657
J. Schmid,RWB,2.6296295953414393,0.19018240566539035
Welthon,ST,1.0553933571261747,-2.0206407646789963
Moi Gómez,LCM,1.9967726787227529,-1.0794598652201681
Marc Muniesa,CB,1.6485367580274477,1.6604913543041708
Samu Saiz,CAM,0.8874329442642351,-2.2525877514541697
J. Sorbon,LCB,-0.8378803119099308,2.8878114129637784
S. Long,RS,0.9511625385572372,-1.509188141343117
S. Wuytens,CB,1.9834699158843943,1.3895291714831959
S. Araujo,LF,0.6006338225441475,-2.439685966746343
André Martins,LDM,1.8280016786399074,-1.3768387295099238
S. March,CAM,1.573542962485008,-1.633470960794199
F. Chafik,RB,2.133370116961055,1.2245516369309077
K. Ajer,CB,2.20979644504372,1.5264509197047433
K. Grosicki,LM,1.0202044270091095,-1.3565752182184945
Alex Bergantiños,CDM,1.0805604241528073,2.328323689885442
E. Derdiyok,ST,-0.0291742139245717,-0.5245577537864675
David Braz,LCB,0.3334269706606272,2.0864201656069725
D. Roef,GK,-3.684060013717546,-0.021146989538051126
Lombán,CB,0.8972425625421062,1.7261380487605082
J. Drobný,GK,-4.9026376711929505,0.13774082044455965
A. Acquah,LCM,2.8100446602063074,0.9480271949220499
T. Smith,RB,1.6412204311723562,1.2244482002199382
R. Nuzzolo,ST,1.796828758382359,-0.9866977044393488
G. Jung,CB,1.0993317061165548,1.8160685826232308
M. Iturra,CDM,0.6666633060670756,2.1003719538054764
Molinero,RB,1.593213017127951,0.9543450050479109
Pedro Sá,CDM,1.7336519485662438,1.324832059382415
D. Pérez,LB,2.1660470686130973,0.0879223472198134
B. Cesar,CB,-0.9002602189455851,3.5892478116276805
D. Braghieri,LCB,0.5760573556962181,2.008938006427535
C. Álvarez,GK,-4.509522534128631,0.27069837905698424
Carlos Ponck,RCB,1.1716550275898936,1.6629533393692337
R. Assalé,RS,1.6781782018003357,-3.133258195585386
M. Miazga,RCB,0.5680404326558494,2.4595881166166267
Léo Bonatini,ST,1.1348775861109925,-1.363422951039691
B. Fernández,ST,1.5021778934959835,-2.7055833930129167
S. Hutchinson,RCB,0.5144632125677253,2.474603875380429
S. Rybalka,LDM,1.6401537137266906,0.6184857273461314
N. Acevedo,RCM,2.5397474669232594,1.350633460533494
J. Lucero,ST,1.1342550404810177,-1.6938973231708228
G. Chakvetadze,LM,1.3930239451947883,-2.1336501064498714
I. Fossum,RM,2.435354525916558,0.3498137055142288
V. Karavaev,RB,2.320675559545311,0.44691729996512725
T. Leibold,LB,2.5428636173535493,0.22559092674762823
G. Arias,GK,-4.701880000120065,-0.08299566425753262
T. Huddlestone,CDM,0.5668514912068772,1.5308459743533103
A. Clayton,CDM,2.1362175498292006,0.7546585833146535
K. Nakamura,CAM,1.539070532161572,0.1930554788719736
L. Koné,LCB,0.8363840006001821,2.2848259573825738
M. Vejinovi?,CM,1.2939624336689137,0.532761699112195
H. Van Crombrugge,GK,-4.466986226141141,0.34607515766055424
M. Russ,CB,-0.7164766296012337,2.5819769252057783
Pietrson Mendes,CAM,1.6922752773670262,-1.4677689849206266
Salvi Sánchez,RM,1.4964418272254085,-2.122454545055895
E. Pavez,CM,2.843895510124981,0.5996893617153213
I. Kovács,CAM,0.17316676586347035,-2.7881182402075098
Nildo Petrolina,LW,2.2958342680139046,-1.0415241105132222
Y. Seleznyov,ST,0.7392069609928085,-0.5352566118828561
C. Löwe,LWB,1.8927644033644706,0.6214961546606554
V. Cantillo,LDM,2.0017936393212103,1.2438856986228275
J. Ward,RB,1.586594918800295,1.5000370238954277
S. Skrzybski,LS,1.5939069287712977,-2.2946820882362027
Diego Oliveira,ST,1.6393179233561233,-0.8615902946523227
Luis Milla,RCM,2.352316974623581,0.5630282298817457
A. Ba,CB,-0.12323624311965656,2.7827416162899046
Jaim Abra,GK,-4.566576472388454,0.08381001384495369
S. von Bergen,LCB,0.07709090772300349,2.7825714299977586
S. Armenteros,ST,1.0473238103474154,-1.2301770380159949
Y. Öztekin,LM,1.3169178277158626,-1.6431490908226694
J. Molina,RCB,2.2380298497651845,1.3115765711348768
R. Gikiewicz,GK,-5.351168903319809,0.28278155463537036
G. Silva,CB,1.5890771357169717,1.7375481702800142
W. Hoolahan,CAM,0.3709339575312947,-1.0572603202248214
Freder Cabral,GK,-4.818650714242695,-0.4209065013171699
J. Gómez,CAM,1.2973128606260556,-1.4941194252693286
Rodrigo Galo,RB,1.9043483232843845,0.8143519068817225
R. Fredericks,RB,2.394000956760637,0.05555930609085209
M. Ishak,ST,1.2092135666693797,-0.7980468611552374
N. Gießelmann,LB,1.903964459160921,0.9851758759313426
Luis Couprins,RDM,2.059938515374493,0.6190895711057458
F. Kudryashov,LCB,1.5081747997365709,1.4087689937166172
S. Zoller,ST,0.891820842149327,-2.4728567651735096
D. Brooks,RM,1.3170508319115717,-2.388237112593451
M. Hawsawi,CB,0.7988875234534693,1.8706089846302976
M. Bolaños,RS,1.0531515988908642,-2.4979784535890213
J. St. Juste,RB,2.546246437239949,0.5847875942058712
João Aurélio,RB,2.310425302897987,0.8501531465269383
J. Marié,CM,1.89702729587473,0.9814465312939532
R. Benzar,RB,1.7676777890855835,1.0831554132989976
G. Sertic,CB,1.8146604184587622,0.9980991378804609
R. Philippoteaux,LM,1.979570674508558,-0.9812800151103153
Gerson,LCM,1.793636751646341,-0.35067765487623
B. Assombalonga,ST,1.2861574257754635,-1.106043790679635
J. Šural,RS,1.2217182212839255,-1.326500488700601
Gerso,RW,1.4466703770525362,-2.801116454830822
M. Urruti,CAM,2.2337030080563465,-0.5968600498932745
D. Ciofani,ST,-0.25252055039957216,-1.3852628871730974
Etxeita,LCB,0.4666113028602719,2.4692089503340497
L. Ayling,RB,2.0902752889578964,1.325358471647259
K. Saief,LM,2.3000445673493783,-0.6720246281717001
S. Thioub,RM,1.3516058111973388,-2.393788400501468
D. Bronn,LCB,1.8976456774543726,1.0414306538599682
J. Basanta,CB,0.3484127426022629,1.8891158375457267
Diego Farías,CF,0.9617475319230744,-3.1548301936280683
L. Rodríguez,RB,2.5733374824454653,0.38355337255858446
Marcos Paneira,LDM,1.843155395705757,1.1694964724840058
Cifuentes,GK,-4.584561953061863,0.3590512109386779
K. Bartley,CB,0.40903400311821253,2.7098717764949485
K. Monnet-Paquet,LM,2.235505641699178,-0.6202053684599036
G. Cameron,LDM,1.9521065931775854,1.586314158458375
R. Yabo,RM,2.8226833204599724,0.2781097336662917
A. Najar,RB,2.372632747373623,0.16624937908185142
B. Ramselaar,CAM,2.3974262921909797,-0.5705235219504166
T. Ci?erci,CDM,2.488421897982664,0.9667173181662984
O. Pérez,CAM,0.20987255802795604,0.40813181617218053
F. Mattiello,RM,2.365827001274077,0.3413280112503363
V. Forren,LCB,0.30805103898575315,2.4785889356353663
F. Diedhiou,LS,0.0344780522344933,-1.3932565081404769
K. Darlow,GK,-3.9590017897577354,-0.06789332675079435
F. Novák,LB,2.5944110290306472,0.5288989094151039
P. Martinez,LCB,1.6125213319594982,1.3471761523438226
M. Santos,ST,1.1137613822935015,-1.51196653363836
J. Kopic,LM,1.370466856622877,-1.6498928091987999
N. Al Abed,LM,1.616171670568314,-1.5686095356194896
C. Ke?erü,CAM,0.8861545744661146,-0.8624729060023997
Ferrán Torres,RM,1.13221342740644,-2.1863183069212826
S. Kapino,GK,-4.531744979445068,0.1642677504161062
O. Opazo,LB,2.7193848644417833,-0.09876344631262134
André Geraldes,RB,1.8714847138477033,1.2478681284690434
Juli Piresinho,RB,1.4091027024961047,1.9575984225737
J. Schlupp,LB,2.720365717018695,0.3175212577281848
Vinicius Cardenha,RB,2.329060518425688,0.583883566695511
B. Lozano,LM,1.7596846885699016,-2.423106305574781
P. Hrošovský,LDM,1.9712149791856353,-0.03463155146933481
Gabriel Silva,LB,2.24637254683259,0.3980666771868671
O. Sorg,RB,1.7507734330939282,1.0999373536315964
B. Johnsen,LS,1.1282784958649201,-1.4905159484029464
M. Yanga-Mbiwa,CB,0.9808753958348333,1.8759632237383033
M. Britos,ST,2.0169085514852285,-0.9991118033312291
R. Hennings,LS,1.3568281435463065,-0.9220202162697467
J. Bamba,LM,1.6600032679227614,-2.2054188153422376
Ivo Rodrigues,RW,1.463120787437501,-1.6364260427253883
E. Audero,GK,-4.61907013385875,-0.7283553449214555
A. Maier,LDM,2.2237983185318484,0.19754588967807085
F. Tissone,CDM,1.7206737937799395,1.1897076762190282
M. Dituro,GK,-3.992093134003136,0.31839852581371014
G. Bia,CAM,0.7948005838641425,-2.2308708301395455
B. Al?c?,RM,1.2072704836053536,-2.5493805271564174
G. Bussmann,LB,1.5496908987799163,1.3334940512074887
C. Buchtmann,CM,1.948026013583715,-0.008839202178445093
J. Al Hussien,CAM,1.2626444596429711,-0.4485330519336131
G. Poblete,CDM,2.205646741173318,0.8803026646078872
M. Niakhaté,LCB,1.7413366657042064,1.6091749948058913
T. Minamino,ST,1.8921732861939513,-1.7761004545463641
N. Benedetti,CAM,1.81636428860503,-1.2369611589026954
Y. Sanogo,ST,1.0336555756564605,-1.3191302294218135
E. Álvarez,CB,1.7167025930892075,1.2728328101654562
S. Sunzu,RCB,0.6220748673052504,2.60411722605487
M. Kanazaki,RS,1.747512872898188,-1.4292434641541387
Paulinho,RB,2.3180888990314377,0.2055799910854339
L. Bustamante,CAM,1.1403352345332098,-1.9114309761017654
E. Schelotto,RB,2.340432674070636,0.7218814813267952
Ignasi Miquel,CB,0.9251985824488889,2.2244002059194727
Álex Gallar,RM,1.4667760018584617,-1.918931271378415
Orlando Sá,ST,0.8449221530469274,-0.9968453846472974
T. Ince,RW,1.152907570781641,-2.0926555612423563
Víctor Rodríguez,LM,1.3643039505515522,-1.3662319967275203
L. Baal,LB,1.924212024277085,1.3428539443918186
Élton,RW,1.3154280023760347,-2.697820155679916
A. Ounas,RW,1.7752152885765886,-1.4873112840012603
H. Afful,RB,2.11897838544662,0.5389788365746064
C. Clemens,RM,1.6510316373123588,-1.1011517509857074
F. Amorebieta,CB,0.23222635988543752,3.0296465477891275
J. O'Connell,LCB,1.0437778701711953,2.009383347874
F. Dionisi,ST,1.141622669718999,-2.1398234337842603
H. Harbaoui,ST,0.19855081391211785,-1.3020855929868085
M. Nervo,RCB,1.2806088909130924,1.9768362171604312
J. Djourou,CB,0.1095967612263708,2.2885894103610065
P. Karlsson,CB,0.41831793262441574,2.0699717324702034
M. Rangel,ST,0.5934645637330151,-1.2428703362814286
S. Pérez,CM,1.8928752119463583,0.8788134526673113
F. Manríquez,LCM,2.0814782816573407,0.5264781349760637
Abraham González,LDM,1.8502126892579327,0.5613263890917738
Ailton Valpaços,LCB,1.5184720226755628,1.5766280572733349
J. Koundé,RCB,0.9308035602914992,1.5818205985344358
T. Xhaka,LDM,2.594002578860948,0.8181459446818902
E. Mena,LB,1.8554804037367187,1.1007565052968769
W. Janssen,LCB,1.491903445535124,1.446052718000012
Douglas Armeira,RB,2.247329280209963,0.7247750225440432
M. Demiral,RCB,1.0204832267401052,2.274227190148177
D. Vera,ST,0.845265815156026,-1.0724060269329199
M. Kami?ski,CB,1.7915926086721439,1.0881157772490557
S. Cárdenas,CAM,1.3933026937693909,-2.2803110103689392
K. Phillips,CDM,2.34802582558052,1.0471915575861863
M. Rensing,GK,-4.499390107842503,0.3113487030246676
Y. Mokhtar,LM,1.4186353871381927,-1.5771520766897495
B. Dejaegere,CAM,2.5491411956979126,0.7916371565923074
R. Orsolini,RW,1.315238263457669,-1.5672820909636542
S. de Jong,CAM,1.6787971255646683,0.29876979094396056
J. Riedewald,CDM,1.719401259437657,1.1853049944377707
C. Yacob,CDM,0.9477076494256618,1.6080039855086377
Yan Junling,GK,-4.005172016080918,0.49441503381860935
Miguel Veloso,CDM,1.611751801454638,0.9195145494027755
B. Zuculini,CDM,1.6962404352415232,0.6607929300526176
J. Moreira,RB,1.9990084831251451,0.3837888754569107
B. Hamid,GK,-4.539426416281927,0.635596066096325
V. Qazaishvili,LM,1.2944273950777394,-1.4093666156525446
G. Toledo,RB,2.322446816117749,0.7076396153470145
E. Barreto,CM,1.8132583950289034,1.1599467955695109
N. Bungert,CB,-0.5885149342226725,2.0734999221820627
C. Montes,LCB,1.164743825852779,1.9412021018555339
J. Poulsen,RCM,2.0628110528243178,0.41688584925221794
A. Grünwald,CAM,2.2520001055686727,0.3644438100989091
S. Clucas,LM,2.8933523426832846,0.18104417151692026
J. Bo?il,LB,1.770725508525311,1.1616364129982748
J. Lewis,GK,-4.1939733881378,0.20514906779608033
D. Nagbe,RDM,2.56552973051022,-0.7465296004930132
J. Gandolfi,CB,0.3014515735131121,2.5209062685488695
Fabiano,GK,-4.235333220673741,0.7559871790224003
J. Miši?,CM,2.014060614523553,0.44991671920076726
J. Gélin,CB,1.2069594503590049,1.677391514538773
S. Bertoli,GK,-5.472549046388324,-0.14596328337109093
Xeka,LDM,1.6490168622297021,1.0688165269221106
M. Rosenberg,RS,1.0029774750029585,-0.7648833898380447
Raul García,LB,2.3918095231341385,0.9413600393973225
G. Caprari,CF,1.1337716661450423,-3.1301271192433577
Diego Lopes,CAM,1.3217909527170333,-1.8792844509345303
M. Banguera,GK,-5.104606109578504,0.2335589183963178
O. Gonzalez,RCB,0.6622903379620059,2.568084511983853
Costinha,CM,2.340738548809652,-0.9704893682103588
E. Palacios,LCM,2.4875250624453127,-0.5312949714980171
Sergio Tejera,RCM,2.208128095030673,0.4295362061002263
Pedro Rocha,LW,0.9640407664577805,-2.166842469852892
K. Long,LCB,0.484031284681258,2.046004349224184
M. Stekelenburg,GK,-4.3965851512646426,0.9401490755902776
Samir,LB,0.9697832489582758,2.016838075760164
Carlos Hernández,LCB,0.6730146456135152,2.257789382906111
L. Martínez Quarta,CB,1.7548262629463822,0.9161509672494175
F. Barba,LB,0.6507310372916493,2.146179967279015
T. Elyounoussi,LM,1.5412278595281834,-1.735790908331882
T. Krul,GK,-4.4707029762629125,0.40358269612966235
R. Morioka,CAM,0.716715956504124,-1.4450945543439382
J. Valdés,RCM,1.43686724612038,-0.5214620980591191
Bruno Xadas,RM,1.589154052921757,-1.0723112103697456
A. Büttner,LB,2.1398071268994134,0.3810985667205636
C. Akolo,RW,1.0454501586410256,-2.3882333441268
Cristiano,LS,1.8396470782020873,-0.7926208045286152
K. Möhwald,CM,1.712204643947368,-0.2155997500797498
A. Rodríguez,ST,0.588887798716787,-1.5271094120425268
J. Góralski,CDM,1.9444983352700536,1.4227988440910821
S. Larsson,RCM,1.4081635718918781,0.36361778472435957
D. Ndongala,RM,0.9504724955154207,-2.7447882218826316
S. Carson,GK,-4.720313122259215,0.30021331077392605
M. Matip,CB,0.9931589785968787,1.7177069851530404
A. Ulmer,LB,2.187143819633355,0.9091408882713662
J. Pied,RB,2.309599076926434,0.460176273379417
M. van der Hoorn,RCB,-0.05432586597732198,2.513987786497102
M. Gavranovi?,ST,1.6289884153960894,-1.2672707511821226
J. Stryger Larsen,LB,2.231482928894194,1.2096729377540945
G. Torje,RM,1.134873820593353,-2.168813376431769
C. Mayada,RB,2.911848032615159,0.17366887837315076
M. Pérez,CDM,2.0917835250708,0.808690058051441
S. Arfield,LCM,2.327091866710619,0.25745272961941745
S. Ribas,LS,0.40024785949611,-1.8267331237215632
A. Christiansen,RCM,2.2683550980037785,0.020575478828383495
F. Aguilar,RCB,0.6259379275734596,3.01862273801167
O. Veigneau,LB,1.503534345346524,1.6392168698290748
Gus Outomouro,ST,0.8459880189354515,-2.1434558949444154
R. Czichos,LCB,1.3866157278572642,1.7342125702347793
Y. Atal,RWB,2.6303243754526653,0.29112624677518184
C. Doukouré,RDM,2.5065586818341052,1.1991067788260512
F. Sambueza,RM,0.9957367131690512,-2.7841930534632926
Juliano Mascarinhas,LCM,1.865919742402869,1.4191691054333573
F. Rinaudo,RCM,2.328781807222092,1.2760668756369502
S. Schrijvers,RS,1.9700836077188304,-1.0717931729575274
J. Ikoné,CAM,1.1406849719124112,-2.3793671390271487
A. Smithies,GK,-3.9381382358637738,0.03577168631312815
T. Ream,CB,1.51013597508132,1.1950325413992329
A. Maxim,LM,0.9844645800504545,-1.7732715055471695
N. Navarro,GK,-3.7720335037234087,-0.3630010038223208
A. Rispoli,RM,2.7986889550936893,0.5919578345925347
I. Baldé,ST,1.0462977343169628,-1.5230422049750205
Miguel Vieira,RCB,-0.02924457283076995,2.6410779094606944
L. Freeman,LM,2.037702973875188,-0.612980675326741
G. Hooper,ST,0.651648894710016,-1.8218918034040306
R. Emond,ST,0.6628962334904014,-1.4778045910340412
E. Terranova,RCB,-0.19611905733680582,2.2895900211810702
S. Dewaest,RCB,-0.016460850818771876,2.7674917761938707
Nélson Oliveira,ST,1.3416233340145394,-1.0970517270552105
A. Losilla,RDM,2.1840192665534666,1.1744680870645903
F. Meza,CB,1.156705928485426,1.5366660715829485
C. Mathenia,GK,-4.101096841061188,0.28832564775807346
O. Ntcham,CM,2.785777404492952,0.8891205580653733
M. Knoll,LDM,1.8052024668805882,1.3656428416083402
A. Bakasetas,CAM,1.465338919742152,-1.0521150841084834
M. Barrios,RM,1.6402824453459075,-2.327914229621765
S. Salcedo,RCB,0.442256883512189,2.16045666984683
Perdigão,RW,1.2468910169154355,-2.0423994024136896
Galeno,LW,1.6988541714037204,-1.6461222361196475
Bóveda,RB,1.7724143306715743,0.8808662530823667
Marc Mateu,LB,1.4877465986472598,-0.7020529898559266
G. Saville,LCM,2.6327351913433246,0.4243481821898653
R. Christie,LCM,2.5380298865766084,-0.35234140332750685
P. Foden,CAM,1.8097575995230215,-0.884159973684604
T. Foket,RB,2.3870404857676513,0.44498325715080683
P. Schiattarella,CM,2.414274337298329,-0.2097126309051907
F. Sørensen,CB,1.0986487509178966,2.2209594921768145
D. Ward,GK,-4.6189246742918435,0.08845275907854294
L. Diony,LM,1.0990724676767225,-1.9073406341305927
R. Kruni?,RCM,1.9767302199937475,-0.17202542017632022
Riesgo,GK,-3.994883780901942,0.1323628871460692
J. Howson,RCM,2.2754751182479764,0.5006037168848064
J. Van Damme,LCB,1.2650801040409856,1.622660011750827
M. Martins,RS,0.4764190641464324,-1.4229166654593972
W. Faríñez,GK,-4.316785290811143,-0.6163213469325285
B. Dibassy,LB,2.283391240873803,1.1377266628808167
T. Reginiussen,LCB,0.451299849047066,2.3220861311008045
G. Rivas,ST,0.5850342774284922,-1.345575581462107
Benjamin Meseira,RB,1.8694412551681867,1.1173907024825618
C. Ninga,LW,1.5267532864812534,-1.8980524039056177
M. Suttner,LB,1.7955363043160408,0.7701469264401655
G. van der Wiel,RCB,2.377473148123563,0.7071759276795497
W. González,ST,0.1953817667264919,-1.9673964434523246
T. Ho?ava,CAM,1.7991214255069703,0.0294539424832575
P. Tachtsidis,CDM,1.4774386353341353,1.7308487102777446
W. Saïd,LM,1.0110147421931435,-2.7703229285159585
E. Cerutti,RM,1.1533537545460337,-2.327327905648958
Gustavo Lobateiro,RAM,1.0715656521621775,-1.9264956350562805
Pere Milla,CAM,1.3385952280925062,-2.0546723520157464
J. Johansson,CM,2.443562639489194,1.8871723047745141
T. Murg,RM,1.836381354073737,-1.4146220262386047
J. Ramírez,LW,2.5700904815358867,-0.3677396175532985
F. Vicari,CB,-0.3148254126931629,2.802748965276923
K. Adams Nuhu,CB,1.2880086081662094,1.9692546643652016
P. Nardi,GK,-4.885055102873569,-0.0926188174345231
H. Magnússon,LB,1.5881336394718484,1.3375942599496662
O. Edouard,ST,1.7942727228681021,-1.382946029583259
D. Rice,CDM,1.4944894663557087,1.8231543172986366
Evandro Rochedo,ST,0.19777912736424322,-0.507873349004376
K. Westwood,GK,-4.418390001959961,0.6935996146986577
Bracali,GK,-4.31788540548361,0.328193262529427
M. Sperduti,RM,1.0191239417434705,-1.5685965410502642
Y. Gómez Andrade,CB,-0.16033704435500054,3.457023092564653
G. Peruzzi,RB,2.1428754567533383,1.0673383557072456
Toni Villa,CF,1.2358944656438366,-1.6993513768829218
Y. Gordillo,LDM,1.4014056885409627,1.7483800819465516
Ricardo,ST,1.297619597031033,-0.839276537261429
B. Sanneh,CB,1.4145466175506323,1.76015881695409
Michel Cruceiro,LDM,2.127675113700971,1.4945505987838308
L. Burián,GK,-3.8765087349932417,0.5830778814678028
M. Tekdemir,CDM,1.9093502530261224,1.1597122994097633
K. Lamprou,GK,-4.67746343653962,-0.966215576644966
I. Mbaye,RB,1.9157772694570558,1.0343899090260162
A. Browne,CAM,2.881439370979367,0.6640941230676826
G. Pazzini,ST,0.02846814570456019,-2.0391848610391476
Eduardo,CM,1.6939205185871475,-0.32735497671948915
C. Santos,ST,0.8193676868789777,-1.6003659134854726
E. Mendy,GK,-5.7812416374513855,0.41829605940142084
M. Ngadeu-Ngadjui,LCB,0.7603190404583358,2.180297034519387
L. Mazzitelli,CM,1.3847649368057469,1.0846699685352554
J. Lolley,RM,1.7698441382051049,-1.6966076808370743
A. Traoré,CAM,1.6202459090330843,-1.4459825926146794
V. Stocker,LM,1.16492577561894,-1.204899000782778
D. Alar,ST,1.1011599206041436,-1.5772759470914743
J. Añor,RM,1.2329657739081648,-1.7049420790269274
A. Donis,ST,1.3508140210465112,-2.772445742206578
M. Gazzola,RB,1.5097890974775068,1.358110035738478
F. Diagne,RCB,1.184089004308434,1.5930412830577365
S. Schaars,CDM,0.8283584112097472,1.4119500346785605
M. Poundjé,LB,1.9193968927264191,0.7828201620770758
F. Hinestroza,RM,1.517469895145164,-1.2551068857046217
A. Hahn,RM,2.3763006609477118,-0.18371383194218485
V. Shepelev,RDM,1.3660808375102302,0.9042446058419589
M. Leitner,LDM,1.8461292988697038,-0.32214915012075496
R. Skov,RM,1.9657919573584843,-1.1393697088476822
B. Guzan,GK,-4.857298584013735,0.24204444191007826
M. Mitrovi?,CB,1.100381029047498,1.9929422711490934
A. Luthe,GK,-4.41211349406975,0.45058383682424247
A. Traoré,LB,2.1251753720950073,1.0836659576129382
N. Uysal,RCB,2.1557845253445547,0.9879157812650315
G. Donati,RB,1.689266543373244,1.5859709599867053
A. Ujah,ST,0.9382134519747126,-1.2486890627986529
A. Kravets,ST,1.27694136151633,-0.4637663099180679
Z. Tomaševi?,CB,1.8467302711255096,1.4914958701591905
M. Borjan,GK,-3.272854750381077,0.8195078580431585
S. Luki?,CDM,2.295696602294206,0.6788488480528055
C. Goldson,RCB,1.6649584859432207,1.6002780742522476
Rubén Alcaraz,LCM,1.8853789567241725,1.2383221187030808
L. Ulloa,ST,0.6644143746456824,-0.01161525870369958
Iván López,RB,2.1046933687912124,0.6211334360781767
S. Amrabat,CM,2.493308366817389,0.9320270925094822
M. Wöber,CB,1.5557073411200075,1.4569397012431344
F. Lucioni,RCB,-0.04934558693355865,2.3318923273517536
Calero,LCB,1.131725135605016,1.6172993805130425
C. Marrugo,CAM,1.5369840743883696,-0.4827005358155973
J. Forlín,CB,0.9512365932160849,1.776229505770295
L. Janson,CF,0.9060679723163474,-2.7783099311383848
B. Bolingoli,LB,2.9360110032509996,0.360162644934119
Thiago Santana,ST,0.6196717830499904,-1.8164891074657288
K. Rausch,LB,2.4074133479781943,0.5228298772045656
N. Etheridge,GK,-3.877455052401386,0.34573515191773924
Aitor Sanz,CDM,1.8865455501053705,1.2845752216082527
Frederico Venâncio,CB,0.26567528259501605,2.0369337485398287
M. Gruji?,RDM,2.2806104609853675,0.7290624381485783
M. Langerak,GK,-4.1246037689051525,-0.0019764757271225042
H. Manzala,LM,1.8426354538699772,-1.9895780840689254
Paulinho,LW,0.42849448165234566,-2.5318090383968372
W. Troost-Ekong,RCB,0.28313128108110064,2.3584617438477182
D. Fagundez,CAM,1.4958451479029697,-1.8549743584399387
U. Demirok,LCB,0.9480862537560566,2.56662929222077
R. Kruse,LM,1.1718270280906848,-1.8917181772348184
T. Matlaba,LB,2.303326479451118,-0.47289254542822245
G. Banguera,GK,-5.159123072201689,-0.19380473366983744
A. Özbiliz,RW,1.1918388969345215,-1.9763371401487986
S. Al Dawsari,LM,1.4710337466900882,-2.088172314473217
I. Success,RM,1.1764714567510122,-1.8764290663662382
A. Long,RCB,1.758560511214624,1.461139975745148
M. Škoda,ST,0.9716018921596545,-0.28549807179557724
A. Diakhaby,RM,0.861659983284801,-3.185828169228997
D. Kadah,CAM,1.0633828524455564,-1.4644817365420582
A. Ríos,RCM,1.5648075989974262,1.715382649571196
J. Mateta,RS,1.4203422108928918,-1.7133011939486718
F. Cacciatore,RB,1.75973797380706,1.5709888959940843
R. van Rhijn,RB,1.8501534486303775,0.5861902160514486
R. Pérez,RCB,0.773320230802751,2.513801038914154
A. Baumjohann,CAM,0.1808058723538814,-2.0058851196137173
R. Elm,RCM,0.3659436003074375,0.7438675975446708
H. Kald?r?m,LB,2.0113950425550557,0.9969020933219666
F. Monetti,GK,-3.4631402732692123,-0.4007369703365744
K. Nababkin,LM,2.3060955535543903,0.7924087309650732
S. Williams,CDM,1.9636851642382658,1.2618409302226359
M. St?pi?ski,LS,0.49250132293894483,-2.326977303878457
M. Pazdan,CB,0.4386026715598926,2.2312927247446583
T. Al Jassam,CAM,2.3690327901094563,0.7338634693147777
M. Heller,RM,1.452085367722515,-2.410011913816122
V. Pajot,CM,2.0647574814088325,0.8917359881057829
Y. Asad,LM,2.4060889377558494,-0.5258996657585545
Y. Banana,RB,0.02411965489731717,2.708294873940061
W. Montillo,CAM,0.23781144361808645,-1.9439436667551078
L. Waldschmidt,LS,1.0944611012168628,-2.368124408598976
Y. Makarenko,CM,2.144327591398254,1.205035996442858
J. Mæhle,RB,2.7279966490462306,0.5408051100190219
A. Reach,CAM,2.829582608449919,0.24870619951060877
Y. Ayhan,RCB,-0.2413964878273525,2.881020997333573
N. Skubic,RB,2.004861555742716,1.1320042494279752
Frédéric Mendy,ST,0.9026889821400946,-1.1172245206014457
D. Pizarro,CM,-0.12245989110286101,0.5150726586812558
Pierrino Faria,GK,-3.908715522970168,-0.2812636607348148
Adrián González,LDM,2.0174430878382084,0.5160748076978761
F. Tobio,LCB,0.6226548235453059,2.332456090233209
R. Sigurðsson,LCB,0.40745869885418806,2.614443893204422
K. Reichel,LB,2.4719412113248502,0.8138293493271079
Nivo Serpinho,GK,-5.3127028886302705,-0.1224534274063683
M. Wagué,CB,-0.02713705433900908,2.6935836911249353
M. Klich,RM,2.0028033872346813,0.18611059004364106
A. Abdennour,CB,0.6002717974110863,2.025897610825782
B. Wood,ST,1.1538416698483536,-1.668165024962094
Álex Pérez,RCB,-0.3473021409522625,3.4223183745820234
G. Cano,RS,0.8634301154441486,-1.8521038441731514
I. Arboleda,GK,-3.814284759950536,-0.5947667583598854
A. Domínguez,GK,-4.919327205973374,0.40118053870045167
O. Kragl,LM,2.308313098664621,-0.294977871281711
José Rodríguez,RCM,1.8961413609286546,0.800374932367619
F. Pardo,RM,1.288353933676356,-1.3864239091764143
R. Doan,RM,1.5527080895408705,-1.7266110222468862
O. Hiljemark,CM,2.42700675540843,0.9049198531898441
J. McGinn,RCM,2.4495357580875545,0.6213100513199115
V. Vada,CM,1.890632975842276,0.3407724791142353
R. Halliche,CB,0.07388917995741622,2.2690704373927044
L. Marrone,LCB,1.846442271297948,1.437524075157466
G. Cimirot,LCM,2.3635423834716076,0.4364000612727967
K. Wilczek,RS,1.3140884358738094,-0.46143061208926706
João Amaral,RM,1.0672082583236377,-2.701347183020775
R. Bengtsson,CB,0.014238035837724322,2.2437897691106405
E. Johansson,LCB,1.2651027182861454,1.9076473765212008
Hélder Lopes,LB,2.2113768148452393,0.7337308650623118
Serginho,ST,1.8570135903890563,-1.0218453249335675
M. Linnes,RB,2.5660647539794366,0.14092933580235292
S. Tibbling,LCM,2.434233048410038,0.37839930010180944
S. Simi?,CB,0.1351628822476133,2.355364232924722
W. Trapp,CDM,1.7314870951976296,0.6953128696776741
N. Radonji?,LW,0.6973712056779263,-2.440144171516795
M. Sau,ST,1.2119743465216262,-3.058904450846252
J. Schieber,ST,0.1588343805697478,-1.5019352566334165
Botía,RCB,0.7808180306721733,1.7368048880103302
W. Kanon,LCB,1.240223066432998,1.8079774714323222
Amilton,RW,1.5401835741309062,-2.116010093733273
J. Ito,RM,2.878535825168178,-0.3913201478261863
Edgar Badía,GK,-4.999606476266763,0.04056459886310024
N. Penneteau,GK,-5.077405075903356,0.6086416507046697
V. Lazaro,RM,2.8543691657746013,-0.2561066425397969
V. Wormgoor,RCB,0.11875116472060272,2.9148645272934957
A. Hunou,RM,2.469430941733032,-0.3309652768063164
L. Gamba,RS,1.104456733970631,-2.7140453160624913
Kim Seung Joon,RW,1.5856608108692916,-1.9647956637504451
R. Krhin,RDM,0.9686895810810245,1.9924537221054175
J. Herrera,GK,-4.775549348499852,-0.33824240048881554
B. Stancu,ST,1.379338167216492,-1.4039262119387437
A. Tashaev,LM,1.287774672161262,-1.8258503022161494
M. Frantz,LM,2.3793310332924755,0.9714562937904909
R. Bezus,CM,1.4831931255305992,-0.5861260664989577
Shin Hwa Yong,GK,-5.290266610903958,0.07834242099789895
R. Genevois,CB,1.1302497147305721,1.3609975916216275
M. Degenek,CB,2.428065967193132,1.1636520485496857
Oswaldito Cuba,LB,2.529769261275954,-0.9089942576422988
C. Rigamonti,GK,-4.477382928830113,0.26937773373807417
Wallace,RCB,0.16058171119489373,1.7733169328470613
J. Kova?ík,LM,1.614910366798297,-0.268342460018424
Douglas Luiz,LCM,2.083488792495214,0.4268725446378317
V. Torosidis,RB,1.3975894773680604,1.5424095091207386
N. Isimat-Mirin,CB,0.5788421292010143,2.2866644795656663
Rúben Ferreira,LB,2.0863111962309926,0.685077518987837
L. Gil,RDM,1.907218365072188,1.2142084159169495
P. Diop,CM,2.5204882922127507,0.3855351786626521
Z. Machach,CAM,2.1082537283339913,-0.2644605550282934
M. Bettinelli,GK,-5.272191709795416,-0.3251635255514497
A. Peñaranda,ST,0.8452812433456403,-1.7650304284279215
K. Frei,LM,1.3449706405146409,-2.403061896097376
Sergi Samper,CDM,0.7496405419288078,1.772797639754511
R. Lod,RM,1.676846719482816,-0.9911101535139604
H. Saivet,CM,1.8718853369166208,-0.002057224729582696
A. Regattin,LM,1.929862742224399,-0.5166736510771882
Mauro Cildinho,RB,1.7895044876009012,0.2706308976938655
J. Ikoko,RB,1.9909974818615248,0.9842227033878046
P. Chavarría,ST,1.617637942462136,-1.4580926831498138
R. Bennett,RCB,-0.7390610112627969,3.08534347775379
K. Hansen,RCB,1.4100755396568019,1.4421444641230727
S. Gürler,RM,1.4103906148952141,-1.7562417742775793
D. Dainelli,CB,-1.147573629903258,3.042654353463303
M. Mantovani,CB,-0.01659955568776241,2.3919718180224603
A. Zeneli,LM,1.6356927730078699,-2.1073464386457883
João Carvalho,CAM,1.0218057746565508,-2.0553032482382525
N. Barazite,CAM,0.7942842228436117,-1.7253013576630434
M. Aguirregaray,RB,1.9166677125152722,1.0595779109926815
A. Ricaurte,LM,2.344967425384508,0.7127620837777483
D. Randolph,GK,-4.444627882675039,-0.13277346356881692
Omar Ramos,RM,0.9307032930489572,-1.985495128661255
D. Jensen,GK,-4.679653290092582,0.81929342263767
J. Duque,CDM,1.967235216209926,1.3925394026662092
E. Reynoso,CM,1.6841193591833776,-0.42677877808325054
J. Elez,LCB,1.5245886291466506,1.483561129806405
J. Gutiérrez,CM,2.1801753932871364,0.856895858104934
M. Leye,ST,1.042500852715195,-1.202636047079504
K. Naughton,RB,1.8544163264651066,1.0629689707643208
Caio Secco,GK,-4.249092209556155,0.3224905174382904
B. Bianchi,RCB,1.0211259691178527,2.103710760169172
E. Barco,LM,1.3095008008480007,-2.7725575160171134
T. Leistner,RCB,0.9330684649854099,2.198423189768148
R. Kishna,LW,-0.07029222289576885,-2.3850707670430915
F. Bachirou,CM,1.9744272553597535,0.9497775808779456
K. Rezaei,ST,0.6932001120205838,-1.969016569304324
D. Vukovic,GK,-4.674478540998555,0.5327029130360541
R. Nouri,LM,1.2884496838325117,-2.01602072098727
J. Gómez,RB,2.502856449093783,0.019065962162228004
Y. Gouffran,LM,1.5367973791515368,-0.5786369400949981
Manu García,CAM,1.452269933295099,-1.687147257040645
I. Köyba??,LB,2.5388557004276073,0.2255006239609391
Juan Villar,RM,1.5157089802445196,-2.0563510550030055
Y. Namli,RM,1.700775995076311,-1.0437022828864904
G. Blanco,LS,0.5926041649535453,-1.4307048614557025
A. Ramos,ST,1.320317895491793,-1.2055111244625378
M. Jedinák,CDM,1.1884391028800545,1.9207202282141842
M. Rybus,LB,2.5715269693885943,0.06371505604484237
J. Barroso,CB,1.0893031259915456,1.9827648918186482
A. Cohen,LDM,2.2329793789399974,0.8303976668904356
B. Raman,LM,1.288415278674047,-3.372347617143977
A. McGeady,LM,1.3163701403637258,-1.269006530449441
B. Reid,ST,2.4282265868717987,-0.8104992031451067
Hervías,RM,1.5143928676891365,-2.3195922128755164
L. Pocrnjic,GK,-5.787237958633406,-0.027796164617067805
S. Ingason,CB,0.4828928750569177,1.9966155660310412
T. Heurtaux,CB,0.1581360880397804,1.9189487179958364
G. Wikheim,LW,1.7411668241853766,-1.9233285119387808
Valdivia,CAM,1.5281139441480405,-2.5948435884719343
S. Cáseres,CDM,2.186866713967193,0.9279753971507866
A. Gunnarsson,RCM,1.7276557628509923,1.2855423571480435
L. Hinterseer,ST,0.9466344707970034,-0.9457413218318635
S. Peeters,LCM,1.8245975742163256,-0.3947415988830297
U. Agbo,CDM,1.9690938798178228,1.334527452071188
D. Luckassen,CB,2.1706528758971735,0.9695923101854125
M. Terrier,ST,1.4920561666251047,-2.1494991746455265
Marcos Guilherme,RM,1.277959894874543,-2.3855832377904376
T. Parker,CB,1.357451967025047,1.8560041507329783
A. Lookman,LM,1.3238852334647495,-2.7300165587902145
P. Mouche,LM,0.9541017084683943,-1.9541431927821822
A. Rosina,RW,0.61876720598506,-3.1181400701126725
B. Bannan,LDM,1.171573054290349,-1.252879527491196
Édundo Oliveira,LCB,0.6299759471238798,2.1923616799848826
Guilherme,RM,2.4016324652858736,-0.9789597529171348
A. Solari,RM,2.302386321465219,-0.1390611764109059
H. Barnes,CAM,1.5931473109209604,-1.5211721922327184
V. Coufal,RB,1.5962624091329412,1.2586553809254968
S. Di Carmine,ST,0.8141834336043806,-0.755929301667185
C. Roldan,RM,2.565475615588123,0.4876654436145202
F. Lemoine,RCM,1.5541723904380926,1.3402292620023444
Djalma,LM,1.8134326030570438,-0.8964929227657807
D. Lukebakio,RS,1.2200264710416022,-2.396338373806338
Y. Benalouane,CB,-0.04934915480640864,2.4389919935576705
L. Pisculichi,CAM,0.5033946898922111,-1.3510478802588504
Edinho,ST,-0.17623034690668948,-1.5772974773024893
Paolito Serra,LCB,-0.3155847873779097,2.831709904760658
J. Fleck,LCM,2.3662434860583548,0.4826248511071893
L. Rosi?,CB,-0.18378265923777626,2.713954071976747
F. Soldano,ST,0.6571784595057227,-1.6703310429602616
A. Hansen,GK,-4.082936549023109,0.8014483800422363
V. García,RB,1.536781689325786,0.8222433656204748
F. Sánchez,RB,2.4814511608539944,0.0038541066857527154
C. Carmona,CDM,2.0968710453158255,0.8256769053604255
B. Sigurðarson,ST,2.0468006643733796,-0.669921083476467
Y. Yotún,LDM,1.9053520318128134,0.27654707704775905
G. Zardes,ST,2.184516069060632,-1.0191937441562344
J. Ménez,ST,0.5977908225603864,-2.350058480500789
S. Prediger,LDM,2.1475818773358375,1.0714592252413249
A. Webster,LCB,1.1438825854384478,1.7504357725947797
I. Damonte,RCM,1.6847176746445376,1.165775644359732
A. Dioussé,CDM,1.727299919101076,0.9304366277586738
Laure,RB,1.3537910067917338,0.940110222468954
N. Karelis,ST,0.7227678647510752,-1.603014458900137
Vesga,CDM,1.7137557732844309,1.5364296319861597
V. Jovanovi?,CB,1.031413248404296,1.8051418906126713
J. Filipovi?,RCB,-0.2387100583206239,2.6407313008815905
J. Cuevas,RW,1.6835885708381906,-1.3616110230295668
Rober Ibáñez,RM,1.44073978463235,-1.2004909486582531
J. Zmrhal,LM,2.0802873344582666,-0.5564002778122649
J. Murphy,RM,1.066770900543233,-2.2528780054507918
D. Siovas,CB,1.27548850564143,2.8539448466182944
J. Pohjanpalo,ST,0.19128028543565626,-2.0897443945830454
R. Pierre-Gabriel,RB,1.9010331307511477,0.6953584754805608
H. Droguett,CAM,1.4091326129638293,-1.0959666328024922
B. Corgnet,RM,0.9297231977451142,-0.06147189996800329
A. Benali,CAM,1.8808154989524262,-0.6204009836739581
V. Ibarbo,ST,1.8968730455898146,-0.928857321917186
F. Boulaya,RW,0.5260557636488858,-2.7005620948866476
A. Blin,CDM,1.6713092754678687,1.3787803372320877
H. Aleesami,LB,2.6465893348493514,0.5611790573257178
J. Kenny,RB,1.2544862226055045,1.3882176662109635
D. Livakovi?,GK,-5.701201117993783,-0.11255781986079075
R. Koolwijk,LDM,1.0284402718442696,1.9124635676075432
B. Parker,CAM,1.0099922618409647,-2.8822863439953093
K. Omeruo,CB,1.0499419443628497,1.9877971469329918
G. Letizia,LB,1.8858548443250738,0.9497734085329865
D. Dessoleil,RCB,0.3026945080155818,2.5846580057226736
C. Nørgaard,CDM,1.7418834065694697,0.9309146751134662
Manu Del Moral,LS,0.15271875909359542,-1.723148044721661
A. Cordaz,GK,-6.221009242104096,-0.23446602768087557
J. Correa,RM,1.1496868607218853,-1.9085370719418147
M. Morishige,LCB,1.5129691527647564,1.2773344741987376
Bruno Tabata,RW,1.5816470482853031,-1.3636864074182178
I. Mboyo,ST,1.2269779494867918,-0.8247201154423309
P. Kasami,CAM,2.340469394839939,0.6650276655647068
S. Montoya,CAM,0.8648983881309724,-2.393001372426923
T. Aoyama,CM,1.721024778404377,1.0864816935704293
João Félix,LW,1.647782083956904,-1.5500307511865286
H. Diallo,ST,0.35312965407989877,-1.8222800166311992
Bruno Lamas,CAM,2.046754619756851,-0.31251563606349636
P. Gerkens,RF,2.2524310109808976,0.06972672938596342
G. Di Lorenzo,RB,1.7531559218324186,1.0834607770976816
S. Sam,LM,0.8179715648816268,-1.8459933245521922
B. Kayal,LCM,2.3266163908681583,0.774064304409519
Wellington Nem,CAM,1.4289422351285603,-1.5297801300013611
A. Johansson,CB,0.19481657344490982,2.1919186899689644
Jon Bautista,ST,-0.025675878811242718,-2.604893553589414
E. Mulder,GK,-4.268270430114423,0.22073741312127884
Isaías,CDM,1.4679661383684788,1.2076385108544068
D. Bessa,CM,0.930932516970594,-1.1033201203170937
K. Karaman,LM,1.0042700833571985,-2.001948270086653
A. Malarz,GK,-4.173262666560598,-0.07281819466458749
C. Carbonero,CM,1.6544844292259622,-0.6383367600676125
Naranjo,LS,0.5171508995846839,-2.4827974247418325
J. Ruddy,GK,-4.7198268019382015,0.5749141914106444
T. Barnetta,CAM,1.0037494488001721,-0.39263765754820434
A. Jóhannsson,ST,0.6754204657488299,-2.0070622470897703
M. Murillo,RB,2.0406275724306053,0.9951136940286626
Patric,RB,1.5190876396883792,1.2050431304615674
O. El Hajjam,RB,1.7280489049369252,1.2417202579497828
M. Lehmann,CDM,0.9115975376506813,1.7664588564049866
F. Ceccherini,CB,-0.07787848352003537,2.880850084481483
N. Aguirre,CM,2.17895271711819,0.2704401171481052
R. Bauer,RB,1.9682668281511058,1.3555326994107595
Otávinho Vila,LDM,1.6638074257996307,1.4530537485495743
A. Mendy,ST,0.5997361199669492,-1.1603256744750472
D. Malen,LW,1.0689900075219938,-2.359764019939218
V. Granat,CB,0.06284303200392663,2.2137462298704436
P. Aránguiz,CAM,1.4211116047536987,-2.3309457999739673
Sandelas Júnior,LDM,1.532579865749561,1.55722423564211
O. Hawsawi,RCB,1.3084719737307946,1.5008628943461984
F. Silva,CM,1.3725623743201634,1.7422327133226516
B. Carrasco,RM,2.012522154519724,-1.1835124051910657
J. Schunke,RCB,-0.3433643937795374,3.3933072053914795
S. Ujkani,GK,-4.79484161606781,-0.4440540994622936
G. Castellani,LCM,2.008171356844364,0.13563854415391774
L. Jiménez,RW,0.747303409587398,-0.7748883688468982
Dener,CM,2.037694288586533,0.2687836093248537
M. Flekken,GK,-5.036821537935016,-0.05101671564143552
Pedro Nuno,LW,1.0345857471892648,-1.4779373316612299
D. Kamada,CF,1.494063342191021,-1.9991678880038386
N. Bendtner,ST,0.8818251704676094,-0.8943389422976075
Lee Chang Min,CM,1.6943598708011731,0.01290814815799203
João Pedro,RB,2.0277710039394115,0.3896895679818055
M. Bakakis,RB,2.059121912646652,0.1661403679963813
Zeng Cheng,GK,-4.914769237325497,-0.30901328994954697
M. James,CM,1.637161523407351,0.9506968129458266
G. Vural,LB,2.3040773481427226,-0.5207813980796685
M. Pérez,ST,0.9747241688936956,-2.1042471938284324
T. Chery,CAM,1.3631634196076756,-1.8104484394327187
D. Mili?evi?,CAM,0.4818842958199622,-1.72557400640372
G. McAuley,CB,-1.6881864819318706,2.4706091034317303
M. Barrow,LW,1.4035641547500792,-2.060009800881938
A. Scholz,CB,1.0885930883795587,1.7708476537131317
Timo Triano,LDM,1.305965826475527,1.4639823460964665
A. Elmohamady,RB,2.4975632914276598,0.5571861549760089
Lucas Piazon,RW,1.017348336925815,-2.021075241440788
C. Baeza,CM,2.5503098487672933,0.495936498155586
Kim Min Jae,CB,0.361900178659721,2.4793349213129625
Fábio Pacheco,CDM,1.632165136716235,1.240468150412977
A. Maher,LCM,1.6025584911923487,-0.9600586030877
J. Akpa Akpro,RCM,2.789033967903205,0.021597842354002476
M. Frey,ST,0.9157809212508115,-1.0482069984444071
S. Vittor,RCB,1.589850140367448,1.5948528055934421
Romarinho,ST,1.3087045295144637,-2.669384984922254
B. Srarfi,RW,1.0135346563446999,-2.353958308267408
D. Khocholava,CB,1.0667998510511754,1.7575417806957543
C. Puggioni,GK,-4.378932971472575,0.2376348867831228
T. Necid,ST,0.5139301645801381,-1.1143659780129367
T. Lees,RCB,0.8664282674476668,1.763459633040653
L. Castro,LS,0.8260349447340635,-1.8888758459264479
P. Cissé,RCB,0.48626346421723693,2.4039370342112467
Pimentiscinho,LDM,1.5546517017874186,0.6932407932457496
E. Stevens,LWB,1.5530965401872838,1.1506824659687314
Aitor,GK,-4.234170675463329,-0.47563659724998425
I. Hayden,CDM,1.6028194095305128,1.1317385539985299
R. Strieder,CDM,1.3393551498403518,1.4907130119134824
R. Noir,LM,1.900180855178117,-0.8581989598146109
Juankar,LB,1.9490372488361674,0.3424509653395943
Brandon Thomas,ST,1.4325322599018473,-1.8349060891494644
J. Bijlow,GK,-4.6870570685754265,0.1775067130958059
H. Wilson,RW,1.005015533662618,-2.248072789607792
A. González,RW,1.709530836928782,-1.504868762969289
C. Jean,RM,0.8697342271907506,-2.526890906048331
T. Adams,RCM,2.543946570205799,0.8477048063276913
O. Zahustel,RB,2.21658581895603,0.25478819548911585
Casadesús,ST,1.0948820460439461,-0.46401694155004664
T. Moulin,CDM,1.5748426067681418,1.2916844902948126
D. Riascos,ST,1.1294823615657474,-1.5030437158498637
B. Osborn,LM,2.4266751866897596,-0.31693120756843673
Vieiraldo Junior,LDM,1.5810012356881344,1.739359690316241
P. Billing,LCM,1.7644156669469768,1.061697729242521
E. Ponce,ST,1.0970229420390605,-1.7814809988871012
Enzo Merques,LB,2.1495303298376927,0.4713575735127669
Rômulo Calsede,ST,1.0923750696396042,-1.564501918507534
Marlion Simões,LB,2.088751284407489,0.42920515840159373
Jota,RM,0.5311988807603215,-1.9324901858603105
Pedro Tiba,LDM,2.137592559290979,0.8412802649051794
M. Torsiglieri,LCB,-0.24193081901132193,2.849928218928623
D. Maietta,LCB,-1.0713316537794833,3.2979542076340813
E. Özgenç,RB,1.7387009650545708,0.8874193280242887
D. Buitrago,LAM,0.39007827601729306,-2.1682556240115796
C. Peralta,ST,0.0842036343982919,-2.399535783478674
A. Walke,GK,-4.931994297644184,0.6888846510678007
R. Thelander,CB,0.11439545724084044,2.4363891465867207
E. Unsain,GK,-4.073337262140559,0.15147206217793274
Jorge Pombo,RS,2.251448945092449,0.399893699996762
Porphirinho,LDM,2.2667598697055116,0.6447063541104856
L. Cabrera,LCB,0.9893278471122958,2.1695115237558316
G. Núñez,LM,1.7593683057814862,-0.6642670105133273
E. Berggreen,ST,-0.05498447577479927,-0.8269056607537715
E. Lamanna,GK,-4.774324662036665,-0.37349764084661785
K. Kusk,RM,1.3060341590568685,-1.7853673964107897
R. Espinoza,RCM,2.37731926247757,0.9875303606748841
J. Bahebeck,ST,1.0492939286332592,-2.0009884529359434
C. Marshall,LCB,0.6593377238577153,2.3707123554263387
Z. Ferhat,RM,0.9877910628407973,-1.7813808594344194
M. Pack,LCM,2.0658562064285637,1.2201114847849186
P. Lasogga,ST,-0.4048996573407483,-0.3434603987435359
D. Verde,LW,0.8749362804416114,-2.7843330104960726
Alessinito,RDM,1.642346817676679,1.327339484608697
J. Nsame,ST,0.2651599190454148,-1.9020859364788847
A. Fransson,RCM,2.362932413854806,0.23077294753885552
J. Babin,LCB,0.15550197372434194,3.443765452941941
L. Suárez,RM,-0.2748914039754298,-3.4912161982495746
R. Shotton,RB,1.785934726267264,1.4997351406794144
Rafa Soares,LB,1.934314688289499,0.3406143280483486
J. Galván,CB,1.8121144753304468,1.4151142453467178
V. Belec,GK,-5.187404046775612,-0.010356004348452331
T. Lawrence,LM,1.0837002158354063,-2.0670965228334857
M. Sobottka,CDM,2.1041300872644477,1.1202759385681602
A. Farías,RCM,1.4896727914242678,1.5497750074447851
F. Gaibor,RDM,1.8796521874395598,0.30252311255920694
Rafael Leão,ST,1.1399004999379567,-2.01143332308597
Fernandinho,LM,0.8562851977707369,-2.2476223576362777
P. Crouch,ST,-0.9069300782478235,-1.0223915945235431
S. Adegbenro,LW,1.502318827831549,-1.620699636684258
E. Martínez,GK,-4.701154570857303,-0.07482193310795895
Roberto Torres,CAM,2.0202042422310913,0.21624008310582873
N. De la Cruz,CAM,1.1088371274562014,-1.715419031725758
Rúben Micael,CM,1.054886013540701,-0.3799399112135449
S. Koroki,LS,0.6083286055162486,-1.6210482319491528
C. Medjani,RDM,1.5019557419300327,1.1872861506011991
M. Makola,LCM,1.10092755301113,-1.4711664487289053
D. Sinkgraven,LB,2.2998207353753943,-0.25175932167544773
F. Romagna,RCB,0.510773687916929,1.7371750044781238
Kiko Olivas,RCB,1.2062418649267463,2.481398441173746
I. Balliu,RB,1.7113302878612435,1.0010586675478146
T. Pledl,RM,1.6998390344280303,-1.1305407280837734
Leordinho Paes,LAM,1.4135046342510655,-0.9563745744106612
A. Tuanzebe,RCB,1.6816393007379213,1.3717799116187106
R. Wolf,GK,-5.289630370974791,0.593207901867763
L. Abecasis,RB,1.841282343761261,0.6097844308520887
P. Kunde Malong,CDM,2.6686918571732186,0.8502790943407483
Y. Orozco,LW,0.10687629368457344,-2.9172403209812168
A. Bouzat,RW,1.9540906040221582,-1.2348055435771057
L. Mothiba,ST,0.7458907714238544,-2.0196023444605338
A. Rojas,LDM,1.8977143503883367,0.3610505328982334
R. Walter,CM,2.1674419028341103,0.5234267724733273
S. Gakpé,RM,1.0796506498748064,-2.251954265572089
Joselu,ST,2.268449476331626,-0.14489579479921075
Angulo,LS,1.2068129589182832,-1.5000485907647212
Ricardo Valente,LM,0.711764353282749,-2.091413513105519
M. Kean,ST,0.9285905824503543,-2.0253677895953386
S. Dioudis,GK,-4.532312309166969,0.19676892748451738
S. Pellissier,ST,-0.6598113423565051,-1.9995531481183877
B. Afobe,ST,0.9234752040256341,-1.8976281593513522
C. Gytkjær,ST,0.3374708061780647,-1.578903053513879
Kim Jin Su,LB,1.4143373324143538,1.188586179743202
A. Cerri,ST,0.82262621825155,-1.1630172667609515
F. Hübner,LCB,-0.08331133794914232,2.428539416854437
R. Strebinger,GK,-4.9917592928012,0.5268951825790179
A. Çal?k,CB,1.3538493168699488,1.4723743096529534
J. Ledley,CDM,1.594212684881016,1.3423198292529852
A. Mobara,RB,1.800517829807966,0.1581290087225602
V. G?man,RCB,0.9060225457826284,1.5376797708806382
Hao Junmin,LCM,2.1180680378025043,0.05610684050063304
L. Aued,LCM,1.6986732629206878,1.1666756250340142
C. Molinaro,LB,1.3815807648870977,1.5221553619505488
S. Medina,RWB,2.0106997042982973,1.2550554973728647
K. Diks,RB,1.598387085473154,1.51883689934053
A. Büyük,LM,1.1192986581642954,-2.531902150581246
Guitián,CB,1.32415781055699,1.653026385164354
C. Christie,RCM,2.3676378661392796,0.6571717641257044
R. Žulj,CF,0.624070710625569,-1.4102907828130682
João Afonso,CB,-0.04996099268884619,2.7220917751291296
S. Decarli,CB,0.6743677308255035,1.9618349806330155
R. McCormack,LS,0.2812498919081548,-1.4000953792955895
B. Trawally,LS,1.2092891632102736,-2.413634088418324
R. Danzé,RB,1.5309316684513883,1.370859628218168
Hwang Hee Chan,ST,1.2416075715626227,-2.2943404343289426
S. Coopman,CAM,0.6486018516274824,-2.3083037679401546
S. Perica,ST,0.22246826246665857,-1.5466993522969215
A. Mena,RW,1.685834021799258,-1.8772956605210538
Rubén García,LM,1.1686514372222256,-1.9473326898715007
Jairinhazo,RAM,1.2782462426692005,-1.7758621817005724
Diogo Dalot,RB,2.1361929801176474,0.6388650137702271
Pedro Sánchez,RM,1.5155870779299028,-1.6540505588855081
P. Arajuuri,RCB,0.08471423190383172,2.798772363061786
Álex Fernández,CAM,1.4784483797322319,0.8843577334113516
Jessé Ledeiro,CAM,1.5407796011712218,-1.1953076896334889
T. Torun,CAM,0.9371245734117585,-2.0935964419272484
J. Windass,CAM,1.468531004840481,-1.5996383993684704
T. Romanczuk,LDM,1.957830419576032,1.0083492894778958
K. Pedersen,LB,1.630227563843428,2.038513204887202
L. Carole,LWB,1.577327261830198,1.177635352464956
F. Al Muwallad,LM,1.8178120123155597,-1.6440657287469402
S. van de Streek,CAM,1.8748037869892187,-0.41890503183267175
Renato Santos,RM,1.3581590188214883,-1.0894632707806233
Àngel Rangel,RB,1.2710315977295437,1.509765829551062
L. Reyes,LB,1.7339114854533049,0.8404800928536972
K. Letica,GK,-5.349915862946438,0.4072538154864148
C. Brunt,CM,1.1707123104713564,0.6544286836083668
I. Mbenza,ST,1.1925456412576476,-1.9813711759568657
A. Castro,LM,2.12865812024073,0.10543081672368482
O. Nyland,GK,-4.086924077572857,0.18345396262580363
M. Iori,CM,1.5312159039241267,0.9976495925503189
D. Pavelka,LCM,1.8573725678546895,0.9996339260819421
R. Keogh,RCB,1.127328200936177,1.8519372692425633
Adrián Burnabão,LAM,0.6845186469712896,-1.924896960485731
F. Sammaritano,LM,0.5743372974149809,-2.438172143380265
J. Fernández,LM,2.2195974473662465,-0.1012329085417926
Munir,GK,-3.6512704443808697,0.6733397859282464
J. Nieto,RCM,2.067069054510072,-0.473018461877882
Carlos Fernández,LS,0.6846237174868499,-1.9591863828293623
S. Mosquera,LM,1.015620030511737,-2.525788203594845
J. Pereira,RCB,0.38850790323954276,2.502777463979957
Jorge Carvallinho,RCB,1.099142848071981,1.7925057998020717
R. ?ezník,RCB,1.5265288107652906,0.6705596885618252
Y. Mulumbu,CDM,1.8407087307448036,1.0312907658074073
A. Esswein,RM,2.043584652334496,-0.26878684461196334
L. Boyé,LM,1.3835251826135366,-1.2154360823571302
J. van Overeem,CDM,1.8280062157166084,-0.5528526134885624
M. Mahi,ST,1.3378505701699357,-1.6882459710564068
D. Henderson,GK,-4.508275878466813,-0.18186665552039152
I. Lewczuk,CB,0.8866226779787608,1.956721499831826
F. Kroos,LCM,1.9962692342721964,0.8676581456752904
F. Quignon,LCM,2.315574759362467,0.9322501358556776
D. N'Dinga,CDM,1.9496460495123342,1.2906867020630495
Welinton,CB,0.7429778211718608,1.7630240483785362
L. Jiménez,LCB,1.3514189698114527,1.5288677236044315
N. Mushekwi,ST,0.7864898567810034,-1.010036770493721
J. Jugas,CB,0.4835343452275326,1.9600231719122625
Claiton,LCB,-0.509498530180239,3.0678971285784162
G. Zusi,RB,2.6114307632045315,0.5093125553662127
J. Mauri,CM,1.5567885545041615,-0.35732969455696595
L. Sigali,RCB,-0.8594011459345647,2.1846884170706278
I. Seck,CDM,1.3429315326794442,2.814282897046719
D. Gonzo,RM,1.4858587376525298,-1.8482191837838893
Su Boyang,GK,-5.802132220921105,-0.30145534202082125
L. Caldirola,CB,0.3922055859533503,2.1810922616753365
G. Hauche,LM,1.552015999912879,-2.037164846530051
B. Hrgota,ST,0.687515056684636,-2.319570961777033
D. Morales,CAM,0.6749507945425691,-1.3571179843619656
M. Milligan,LCB,1.7923559118063614,1.4390854599200293
D. ?op,ST,0.5727296632436698,-1.1770118421661144
A. Andrade,LCM,1.4185606904721075,-1.5069439627600005
F. Ricci,LW,1.1268725706469673,-1.7521115918647765
A. Ömür,RM,1.0053769608361092,-2.3778639014775065
M. Erdinç,ST,1.3619565517108878,-0.8412478487161218
D. Zabala,RM,1.2963378715909808,-1.1521830074055672
R. Canouse,RDM,1.8602795012325288,1.2132921473385556
A. Hoffmann,CB,-0.17076351584510635,2.3798930412077706
J. Mattheij,RCB,-0.012266345731203904,2.7125972018882254
M. Sprocati,LW,0.5605180005620398,-2.4133191423227234
J. Torres Nilo,LCB,1.7805577710930345,1.7888375174651818
D. Kombarov,LB,2.7117190690544586,-0.03778397179634054
R. Métanire,RB,1.7754724287270256,1.425904894754705
João Schmidt,LCM,1.5211063395875748,0.8152142831821713
H. Palacios,RB,2.00894428859932,0.9182863729958589
Gao Lin,ST,1.6869852592699301,0.07861000665831992
A. Gerndt,LS,1.4439439379129748,-1.407923652995129
H. Bandé,LW,1.5646803714038697,-2.0579264112953948
E. Jakupovi?,GK,-4.343797769018648,0.16924820371421814
L. Ardente,GK,-6.213336753224808,0.53263659742299
S. Koç,RM,0.9992318516126926,-1.9411466848328618
E. Andersen,LM,1.3372500984766116,-1.308673615633308
E. Insúa,LB,2.129271367015378,0.7073271378407705
Simy,ST,-0.0014581397355861252,-1.0352838538870053
G. Angella,CB,-0.3550511604313503,2.2958491082444787
Felipe,RCM,2.271683981675651,0.4599989383337846
J. Correa,ST,0.9167342559403332,-1.646389492397594
F. Coloccini,CB,0.18940216919472574,1.8521544036045803
S. Frei,GK,-4.28626776201934,0.18647692940731625
F. Ceravolo,ST,0.8231437114077094,-2.0881018909966906
F. Eboa Eboa,CB,0.9841996428278994,1.6278660907304932
A. Abedzadeh,GK,-5.67380588498324,0.3400575376028068
S. Gustafson,RCM,1.1864469007357352,-0.975029317030658
A. Tello,RCM,2.921841038867005,0.5266031567597269
O. Hurmac?,LM,1.395516452336622,-1.0691367377805219
R. Gutiérrez,ST,0.13620606426785162,-1.4865801952811823
N. Murru,LB,1.5372565175096333,1.1019139401703264
W. Zimmerman,LCB,1.1130578143430419,1.7367265447537694
G. Lanaro,RCB,0.3255301709103811,2.784326367263751
I. Canuto,RCB,0.6654873213412709,2.109332104411973
S. Nakamura,CAM,-0.4717448543872307,-0.6099059024901445
Vasco Fernandes,LCB,1.0641730280413668,1.8603295837556106
Luís Leal,ST,0.7651749900851319,-1.3003272939197248
M. González,LM,1.451139988553848,-0.03975185769899492
J. Barreiro,CB,0.7704036212917338,2.03306775566749
Clayton Fildeiras,RAM,2.2052561938307367,-0.31449492316200856
N. Mazraoui,RB,2.5727172224299446,0.12757808831724107
Bruno Uvini,RCB,0.2685278187313219,2.5223422631812
R. Sigurjónsson,CM,2.48947640338029,0.3228511208190918
P. Arriola,RM,2.2244707021521952,-0.8628584272217446
E. Buendía,RM,1.752558548786407,-0.5197417611051071
G. Gillet,CDM,2.025763316604049,0.838669524427609
B. Méndez,RCB,0.429666205639177,2.3076329680947834
A. Briseño,RCB,0.9479914196740649,1.6004832422512112
S. Sáez,ST,0.47500051167962043,-2.112856657216089
F. Zuqui,RM,2.326178609592015,0.1319004860452285
R. Lamah,LM,2.157111326855865,-1.0011297883186638
Paulao Junqueiras,ST,-0.5665906246922704,-0.8192676671450541
G. Escobar,LB,2.147991637676433,1.085955182475091
S. ?urkowski,LCM,2.9702284137046018,0.901076338809808
Diego Ângelo,LCB,0.6356014460867339,2.3124958876075623
M. Johansson,RB,2.1881272798803577,0.04689357702629102
O. John,LM,0.5780922413628513,-1.8103320891851762
Filipe Augusto,CDM,2.071377522474143,0.6672012709738218
F. Lértora,CDM,1.6368880007341131,1.5117906876468876
A. Barboza,LCB,0.24116250228798533,2.3794698022113954
T. Savanier,LCM,1.8756164712427466,-0.6626157699370635
Daniel Guimarães,GK,-4.8220588147852705,0.07887292962769524
E. Ofori,CM,1.6488457786855624,0.3449864282074812
E. Karaca,RM,1.4249127299817341,-2.115287609495965
D. Di Gennaro,CM,1.6224129950246324,-0.10807431739624332
B. Ketkeophomphone,RM,0.6403061895793659,-2.24208359785848
A. Henríquez,ST,0.5011086694611886,-2.4134834745043428
F. Angileri,LB,2.696501841923727,0.4800582567873581
A. Matri,ST,0.23792577136063578,-1.4094415145514152
D. Banguero,LB,2.3339891440963,1.1759729538582389
Nilsito Vilela,ST,0.847129423422239,-1.709689773624485
Canella,LB,1.6150660611872718,1.2863634893692855
M. Pérez García,LM,1.0913828853992984,-1.201590388659196
A. Khubulov,RM,1.1507283025416692,-2.5844289248217445
A. Costa,RCB,0.5928481736871343,1.783420246593006
A. Morales,CM,2.2031945311303582,0.7757513984499879
S. Longo,ST,0.7855952336603851,-1.6662413708527484
L. Höler,ST,0.971430902469733,-1.4216159316179495
Torrejón,CB,-0.17096507438548464,2.6386165366839793
Rogerinho,CAM,1.0038691872870642,-2.0858798477066127
Zhang Xizhe,RF,1.1684695480390332,-1.1226418000336493
Vítor Gomes,RCM,1.7005953978449475,0.7852407361393541
R. van La Parra,LM,1.3805325478558423,-1.3365359224038598
V. Le Goff,LB,2.174060439078682,0.6319686223626408
Albentosa,CB,-0.1455046472056978,2.8060394637706514
S. Khaoui,CAM,0.7857714415129722,-2.0839079544279966
H. Goitom,LS,0.7754328186127697,-0.08034298630448261
T. Howard,GK,-4.778708596980804,0.444755603221837
C. Obasi,ST,1.3257072324779584,-0.9639270786156621
G. Fofana,CDM,2.126592246575711,1.1517800910069669
L. Andersen,LS,1.6117836181878467,-1.63732609287218
D. Linsmayer,RDM,2.094958327417254,1.376192403708505
M. Goicoechea,GK,-4.108005634127551,0.28436252324881267
Dankler,RCB,0.8092859313447637,2.1437526117947376
J. Arango,LS,1.0844426883385214,-1.8601504730002323
C. Chimino,RB,1.6371825391843702,1.0174268190526123
A. Traoré,CM,1.8502924131226917,0.491028943392394
S. Viera,GK,-5.723314033784878,0.34922305506034296
L. Montes,CAM,1.4241428692820128,-0.7392585704309362
J. Garro,LM,0.8465991217975717,-2.2634858359301187
A. Warda,RM,0.5382578110754682,-2.7532798244302255
Varela,LM,1.129009673604323,-0.9174423824579754
M. Cuisance,CM,1.4120178922373572,-0.9366999202853418
J. Mercier,RDM,0.6793869608792503,1.4474104500711669
E. Hallfreðsson,LCM,1.3245655526695144,1.3242768662496187
T. Suši?,LCM,1.414144739819521,-0.5364811100760256
E. Gnahoré,LDM,2.228050745223256,0.7233011609608899
N. Bertolo,LM,1.3647904332898406,-1.0368000593629818
K. Nordfeldt,GK,-3.854010078971815,0.3342269502929304
R. Varga,RW,0.9955041852980688,-1.8698531223920052
S. Yago,RB,1.5914830086122964,1.529073053136148
Hugo Rubiães,CDM,1.633240701035899,1.0251835755521994
J. Okore,RCB,1.3925175763898325,1.8503080228315532
Y. Bammou,ST,1.5045242499778049,-0.5244785355296894
B. Caicedo,LB,1.903510296629532,0.2699943261569726
A. Silbeira,GK,-4.285532247646504,0.4215852107286146
N. Powell,CAM,1.2436104255058853,-1.0684383562283128
O. Alanís,CB,0.6304262472599476,1.9101698147584647
Carleto Costinha,RCM,1.4657617446999143,-1.7450525045002563
R. Williams,LCB,1.413027128459222,1.567869453940245
G. Charbonnier,ST,0.5343062582874398,-0.6275768360451347
J. Egan,CB,1.2296841196055222,1.6322970910500836
L. Olaza,LB,1.9440256147268185,0.6961034818700775
M. Kosanovi?,CB,0.45209510380083073,2.567308588529888
F. Cerro,CM,2.667297534661705,1.1392801633877845
S. Naismith,CAM,1.8506784896240216,-0.1601033340085307
Mauro Riboas,RAM,0.2059596436735999,-0.833899529993261
Rafael Lopes,ST,0.5091365947824287,-1.3483297364752105
David García,RCB,0.5994443110841369,1.8368264518625173
A. Mosquera,CB,1.1253651452614621,1.6723394458921932
O. Idrissi,LW,1.0219931873329835,-2.401728551583565
Yu Hanchao,LM,1.9438320466248291,-0.9568078483976777
Hong Jeong Ho,RCB,1.1999758272343404,1.4542145776644408
M. Schmiedebach,CDM,1.4904175224649696,1.2100881632503468
S. Badji,RDM,1.8346446548167477,1.6544274677698996
R. Gómez,LM,2.1105184836502002,-1.9344904427414618
D. Limnios,RM,0.8954213977667993,-2.4327803174237355
René,GK,-4.595421440252549,-0.23143010731731126
S. Scuffet,GK,-3.9070095728920062,0.13272041577366642
J. Rinne,GK,-4.77673573644989,-0.1343912931127273
L. Agbenyenu,LB,2.0778735261997214,0.49183456041157747
Marcão,ST,0.33986438626285775,-1.6331258719995683
J. Sala,RB,2.012410004202425,0.8604512369152051
A. Bamba,RWB,1.6526103544422597,1.3601438943104571
R. Quioto,LM,1.0174022940149599,-2.2089977419943683
Santi da Bruma,ST,1.8631506571568144,-2.321902082357075
Y. En-Nesyri,LS,0.9040297251618816,-1.9334095701383722
S. Jung,RB,1.155570166779863,0.9103480983958914
R. Matos,RW,1.1978467633314172,-1.9854448625884884
Thiago Alminxa,ST,0.659004504493515,-2.10446313444753
J. Lucumi,LM,1.396837642922341,-2.4043294976434266
T. Chevalier,LS,1.4193579143621868,-1.787301282754238
S. Polter,ST,0.7935343396143255,-0.937181410440521
M. Møller Dæhli,LM,0.36162588160362463,-2.5790420995915166
O. Boumal,RM,1.5170161967861042,-1.4379411646740492
K. Boyd,ST,-0.7442617359488576,-1.065183902793137
Douglas,RB,2.257855052472997,-0.35358228783957624
M. Malyshev,CDM,2.2686913431759317,0.7717387315371035
M. Zaracho,RM,1.9364597725148311,-1.2232992766702333
M. Shaparenko,CAM,1.6820350502029822,-0.26997792011798977
J. Boye,LCB,0.957858714504518,1.533744019877703
V. Regini,LB,1.086144295230901,1.8551066199172102
H. Martín,ST,1.2155460230332429,-2.3417477639300666
C. Galano,RS,1.5097447343617376,-2.7528056959368423
Cristian Lodeira,ST,0.7383507604553339,-2.5132874523473805
Josué Sá,CB,0.8724777986192701,1.9620416706868928
L. Menossi,RDM,1.8931169046681813,-0.19351429138404297
Adrián Marín,LB,1.624325522733619,1.1684210668242716
Aleñá,CM,2.1434806068356203,-0.22643993756272407
D. Maresic,LCB,0.5295847416605252,2.213545336969392
O. Lewicki,LCM,1.455681777440648,1.5432314569956014
P. Bernardoni,GK,-5.041556706685227,-0.03989996563244757
Walter Silvieiro,ST,1.013592099502045,-1.23797441682058
M. Waghorn,ST,1.2353451512305393,-1.3168023561739948
D. Álvarez,RM,1.1222732158100794,-1.7890611955438844
M. Castagnetti,CM,2.5309540005061657,1.1901488335667607
A. Davies,RM,2.334392142703982,-0.6856247757988022
L. Mabiala,RCB,0.09840770676471121,2.7854132871851194
Y. Abdelhamid,LCB,-0.9317678305998516,3.4477095313075488
P. Rubio,ST,1.0658246280253785,-1.93816686891741
C. Strandberg,ST,0.9308666198535925,-1.691582208987949
A. Shabanov,CB,0.16482588596311828,2.436833014263996
G. Brugman,CM,1.5916899052057851,0.03895799113118583
Josué da Feira,ST,0.31267693927815804,-2.452590315667482
C. Pinsoglio,GK,-4.754352857417432,0.004442399104780281
W. Foderingham,GK,-4.256210062398387,0.5828095200645588
D. Arias,CDM,1.784977175434944,0.723066683587074
D. Bouanga,LM,0.9849934527447328,-2.5240534478781442
M. Olunga,ST,1.1536182728143294,-1.388141284703386
Murilo,RM,0.8826381138012326,-2.3276832613659013
T. Trybull,CDM,1.565988419162293,1.8433579280327557
I. Kiese Thelin,ST,0.9099635523718558,-1.1881368123963472
T. Cardona,LCB,1.3977574736389446,1.7898411390123083
C. Fassnacht,RM,0.9042916431659797,-2.2586259978857344
Y. Ouattara,RW,0.8771975747617523,-1.9020106174114353
Quique,RS,1.16476201490526,-1.015251895915839
M. Günok,GK,-3.942511378848077,0.19280728224213914
T. Kalas,LCB,1.5512143144890786,1.3324707076760491
A. Briançon,RCB,0.7444217224684669,2.296226054535869
S. Abdullahi,CB,1.9533137666724647,1.3642742890181843
L. Štetina,CB,0.1888602655333367,2.5954651366591
K. Kerschbaumer,RDM,2.552209896307516,0.3544305569588181
J. Tallo,ST,0.8301077555287781,-1.5057441219983065
P. Díaz,LCB,1.7550565916062482,1.401120272622097
C. Gruezo,CDM,1.5720942988821418,1.4781302238223646
P. Gallese,GK,-4.174647734716332,-0.4061513667474351
J. Morrison,LCM,1.3075224538643462,-0.11224890252388252
J. Foyth,CB,1.6512129983448616,1.1595016552757795
D. Villalva,RW,1.186474292687355,-2.5706796143469446
B. Acosta,LM,2.641951196548558,0.4720704530777427
R. Vargas,CAM,0.18403410329412442,-2.2604484216942704
M. Ducksch,ST,0.6250348580407727,-1.2497985366522644
N. Asare,LB,1.9385771131604608,0.9713631095013775
J. Gressel,RM,2.370293221695468,0.3165848480110555
T. Oar,LM,0.9568544987095972,-1.7171910308993759
Fernando Bob,RDM,1.8917573343339218,1.0228993288912773
C. Bernardi,RM,1.7139114574168932,-1.2597170171817451
H. Dalsgaard,RB,2.007362576353845,0.7494567916824394
G. Barry,CDM,0.4818203323173206,1.5080028771125071
J. Bottinelli,LCB,-0.5777434698955214,2.327628667812082
D. Dibusz,GK,-5.866044236485239,-0.3319591761024884
I. Diomandé,CDM,1.9017673146283205,1.3526633148744747
Y. Al Shahrani,LB,2.0942927914341927,0.24506611588439847
N. Boilesen,LB,1.75841620488801,0.9222886051355962
S. Ben Youssef,LCB,0.7940746244677842,1.9217824461647646
G. Sara,GK,-4.414703552244536,0.25264774970139164
J. Otero,RM,1.6497530471761432,-1.6381607807576952
A. Biyogo Poko,RDM,2.660475984528526,0.7051947871572153
L. Castellanos,GK,-4.68503987954814,0.20021415042930166
N. Maraš,RCB,0.9302343013286992,1.47587083653801
T. Letschert,RCB,1.1919694904644687,1.289458198002457
F. Fontanini,LCB,0.4261716299109234,2.2759246891334555
A. Hruška,GK,-5.542498680554655,-0.1641359826375544
Martos,LCB,0.8783369159058461,1.8113199973755674
J. Jeanvier,CB,0.8553195650332747,1.9987337684427202
J. Tagueu,ST,0.8278640362529948,-1.6226194137459116
C. Terzi,RCB,0.24433569188567267,2.2268038391323635
I. Piris,RB,1.5101432870581448,1.0014547467985744
S. Moreira,RB,1.5549266920756244,1.3371368322330417
Aketxe,CAM,0.779469388148109,-0.9321460032464218
S. Rieks,LWB,1.1390547591666347,-1.7436434961098493
F. Moubandje,LB,2.0396791293277503,1.417241815213999
P. Ankersen,RB,2.4661649799180734,0.17891536842895364
C. Falletti,RF,1.0813166235028828,-2.5718937171233995
Allano,RM,1.7957034204147744,-1.2441131004001023
J. Morávek,CM,0.9036410622734191,0.08366620898647861
C. Riaño,ST,0.643712135467468,-2.165986408459328
Aythami Artiles,LCB,0.7357199216818805,2.1426934427154825
J. Risdon,RB,2.122051828164439,1.402925176723506
E. Alioski,LM,1.948447018984355,-0.784989481407579
C. Robinson,LM,0.8324008692637893,-2.4007796726117427
S. Bastien,CAM,1.931961717348923,-0.5256187635323276
João Talocha,LB,1.6122753579549578,1.5637090456702363
J. Pollersbeck,GK,-4.546082384016396,0.035660300591493624
M. Abeid,CDM,2.145295669728586,0.5774029432734353
M. Rzatkowski,CM,2.392913630960048,-0.09129586519512746
Marcão,LCB,-0.0031612960643132896,2.38927722733972
Álvaro,ST,1.0389051754411107,-1.2889828764359368
B. Perlaza,RDM,1.7051237936611816,1.9935716609253908
R. Sallai,LW,1.0311871585165762,-1.859340763689159
B. Kamara,CB,1.6534945502359564,1.461677700574639
T. Beugelsdijk,CB,-0.022939869007847374,2.4503641228177346
G. Giménez,RCM,2.123497286084165,0.8121236514007991
K. Lafferty,ST,0.6028868362165586,-1.3160885279822112
L. Díaz,LM,1.6189100266138243,-2.456544162285158
L. Benito,LB,2.0273475369879526,1.0089555330599316
Raúl Lizoain,GK,-4.675828175388217,-0.3877621274784688
L. Reyes,CDM,2.459382620502025,0.9602074067368596
P. Bardsley,RB,1.3067480646954306,1.738791125464783
Jonas Damasto,LB,1.716694778359168,0.5877272101403499
P. Da Silva,RCB,-0.5280707421785167,2.602990487504125
M. Rodríguez,LM,1.8362584863771338,-1.1635858924863565
J. Hugill,ST,1.3934991754546036,-1.1219382218991276
Thiago Cionek,RCB,0.17819533560371942,2.389287139590986
A. Struna,RCB,1.2772187461326108,2.1601105797656457
R. Salinas,RB,2.230020460315502,0.6013334119529693
Salva Sevilla,LCM,0.6122987483112419,-0.4333164658177735
Y. Bissouma,CM,1.8542280224772312,0.5860609212953166
M. Rohdén,CM,2.4157121278090865,0.4134901128231843
M. Demir,ST,1.1545434306729927,-1.7236193398101824
D. Lezcano,ST,1.7515884976464553,-1.325640366750477
J. Puncheon,CM,1.2680961403761364,0.025426865838376958
M. Abarhoun,RCB,0.058720646224356694,2.4708143187566955
W. Owusu,ST,1.358143300476161,-1.3751040397373324
Rúben Fernandes,LCB,1.0188892857572365,1.8539254854622742
E. López,CAM,0.942874501914376,-2.6853183408795966
O. Rivero,ST,0.7170447289249114,-1.7001856782799811
Joshuando Sá,LB,1.646874401571291,1.1020928209660972
L. Martínez,RCB,0.9335897331356073,1.7145606445649646
O. ?i?mano?lu,ST,1.1907383788739492,-1.212236701802639
A. Zaldívar,ST,1.3804460708787076,-1.0282771567138262
D. Guzman,CM,1.7407929368720154,0.8318327267270841
J. Jones,LM,1.3330585657839404,-2.4931001451287855
J. Güemez,CM,2.013156900848874,1.3501830650873097
Jeff Meirson,LB,1.7378179030846708,1.4481410255224838
Camacho,LW,0.9924809231028248,-2.1671501848213826
Nuno da Costa,ST,0.9958314632383951,-2.1652744204887338
T. Zengin,GK,-5.217659517118489,0.7686076684166727
B. Jeannot,ST,0.05757145616508965,-1.8049130631934347
M. Oikonomou,RCB,0.04366185845266627,2.633280168833693
P. Stojanovi?,RB,1.9648272919896348,0.8021581566152473
B. Sarmiento,CAM,0.832045216439545,-2.11391744246785
J. Hamad,LM,1.6258961780026788,-0.8540825581840988
A. Al Habsi,GK,-2.928945014984325,-0.2187532838800206
L. Miranda,CDM,2.6532333875403946,-0.04315673943748859
R. Holzhauser,CDM,1.727085837546509,1.2842548802089495
Dani Giménez,GK,-5.088515787789061,-0.04556918295245974
Maycon,CAM,1.9746646891573683,0.21526367981944963
H. Kiyotake,RM,1.0058736186565334,-1.6768973729993746
D. Maroh,LCB,-0.38835545573439767,2.5136772598454753
E. ?en,CDM,1.7214870397231448,0.8178245722685272
K. Onisiwo,RM,1.7747540867654779,-0.5390690415842583
S. Juklerød,LB,2.67306139131298,0.3429875584228391
P. Stenzel,RB,2.030331721044436,0.6305475408204815
M. Camara,LDM,2.256978095644859,1.248401164901594
Douglas,LS,0.13065712363298213,-1.8752383282693774
D. Le Tallec,LCM,2.106100713942215,1.040103174625167
R. Gosens,LM,2.3235368836647874,0.25352608837106144
R. Bobadilla,ST,1.139235047589186,-0.5466139639162357
K. Wolze,LB,2.6068933688424756,0.38712175344767225
C. Basham,RCB,1.5485591615986356,1.8842797755665524
J. Cabot,RW,1.3518060298118741,-2.758386459998268
Gonçalo Silva,LCB,0.8684955816066544,2.2051403368563998
C. Arboleda,RB,1.8078313224480957,-0.8164175212833298
G. Lajud,GK,-4.395445545923644,0.07612413031605533
Unai Simón,GK,-3.8694855344718717,0.6435217039548918
C. Knasmüllner,CAM,1.772337972617792,-0.992448941011315
L. Lollo,CB,-1.3782067889452077,2.863947050902037
A. Mili?,LB,0.7394465448302164,2.1686245537615836
Ronaldo Vieira,CDM,2.526536075171059,0.8671569584203042
S. Bahoken,ST,0.6977106109935552,-2.0603377989595972
Ontiveros,RM,0.9692289411219598,-2.332468032063336
N. Höfler,CDM,1.4543397704903074,1.6092247490627105
K. Acosta,CM,2.669002130907538,0.25884275639586996
Kwoun Sun Tae,GK,-4.487280947455141,0.22729004945195383
A. Çamdal?,RDM,1.0228326290707628,1.8423161853375498
B. Linssen,LW,1.4105564271185462,-1.9079430164992213
M. Trotta,ST,0.39747213716667185,-1.0713657193840387
J. Dezi,CM,2.5864868038466695,-0.3851529874077472
Choi Chul Soon,LB,1.546997420902287,1.2422216139688813
Danilo,LB,2.0531274151137735,0.5233721085308591
J. Savarino,RW,1.6842960450564561,-1.9168948077209051
M. Zeman,LM,1.3981047935346593,-2.0970405552638054
N. Baker,CB,-0.5106231640044506,2.618684240100197
M. Saymak,CAM,1.616987707855493,-1.2101606178955011
Yeom Ki Hun,ST,1.269625124895449,-0.499786084195027
J. Murphy,LW,1.9959620526879085,-1.0301540999220475
E. Prib,LM,1.7191571578258302,0.24375286986134648
L. Phiri,CM,2.3167251187629447,0.6668842445511928
Jubal,CB,0.865228898310108,2.120459005391321
A. Cubas,RCM,1.6166046160061107,0.3668790834144304
Luismi,CDM,0.9286479031250119,2.565586509631504
A. Adnan,LM,2.531600563417767,0.6795438421005439
Diogo Gonçalves,LW,1.3378165586977657,-1.8593921499807577
Rui Fonte,ST,0.9895832198087869,-1.2678351678794335
J. Bennett,LB,1.3086684016703356,1.3196573334542274
S. Ortega,GK,-3.8633175610012214,0.20823868556106054
B. Bia?kowski,GK,-4.257543233193438,0.37339814975821106
Ricardo Ryller,CM,1.7159294609541667,0.5942774007546323
J. Börner,RCB,1.3051239462133972,1.5087577003432642
Fran Mérida,CDM,2.0666726824393504,0.8187468132461289
Tito,RB,1.4867200840898216,1.0447284659967566
S. Sensi,CDM,1.5406180456811454,0.8350195513966812
A. Weimann,RS,1.7734025346765183,-1.1818836146602236
Fernando Canesín,RAM,1.1197308332064175,-1.7706524539702926
I. Runje,RCB,-0.2762402562130258,3.3651038235716806
Vigaray,RB,1.7658320041532374,0.7586216173784915
P. Olayinka,LM,1.9386488585304213,-1.434072939806785
R. Delgado,LB,1.881862759200851,0.8131935369105042
J. Wiland,GK,-5.235946847322854,0.8080276323934094
V. Figueroa,LM,1.490320965179658,-1.485138680664685
Chiquinho,LCM,1.3969024538254675,-1.150941805590416
C. Trimmel,RB,2.574837728435289,0.4255806038986136
S. Lletget,RCM,2.2363040445895974,0.04729688073165864
C. Jullien,LCB,0.9031905218464725,1.672766219527304
O. Alderete,CB,2.018969447772764,1.347178007998434
A. Saelemaekers,RB,1.9468815851576167,-0.23896575194137099
M. Vran?i?,CM,1.4593704515480896,0.30883222341709715
J. Uronen,LB,2.0506120723725645,0.9827703620849756
K. Schindler,RS,1.9028181393419832,-1.1191078203047222
Sin Jin Ho,LCM,1.5540915554735866,0.5439743933140584
L. Haraslín,LM,1.6086511608819443,-1.4847361881735843
A. Fiola,RB,1.0550242487399806,1.33416111785434
X. Schlager,LCM,2.3790699143006533,0.4843759298385582
N. Jelavi?,RS,0.9565344138379512,-0.6174345233262791
T. Ben Haim,LM,0.9871262207611105,-2.6625231911728346
Clinton Mata,RM,2.399983537192022,0.27193365997220653
S. Hutchinson,CDM,1.2653007862057655,1.0796284709232304
J. Russell,RW,1.8733678956931952,-1.0055108236392298
S. Uçan,CM,1.8833901631286711,-0.3830191089302165
Renato Neto,CM,1.591456483972125,1.8146918014519569
J. Meram,LM,2.015153455662301,-0.06421371086700596
Jorge Miramón,RB,2.109529519592432,0.7610830231262153
A. Murgia,CM,1.1525377090050195,0.8815346127788787
I. Ávila,ST,0.515318909437748,-2.413518799854032
T. Kaminski,GK,-4.599245043799337,-0.06313240213156686
K. Zohore,ST,0.6926487822596059,-1.1358971203331731
L. Ceppitelli,LCB,-0.3900344260510617,2.588531420229032
Nuno Coelho,CDM,1.0304854269356873,1.9809778452994593
C. Mulgrew,CB,1.276578973013117,1.6719822451233666
D. Dwyer,ST,0.8053796360923063,-1.8684544732189001
J. Carrizo,GK,-4.485250179595009,0.13712874145700793
F. Peluso,LB,0.8960303260984025,2.1546468046132787
M. van der Werff,RCB,0.8219728590249825,1.5534581779233154
M. Piedrahita,RB,2.237613098654513,0.4214712033213089
V. Ayala,CM,2.2038243007332663,0.2724835710374464
R. Alvarado,CAM,1.6370461449244722,-0.9224507867669305
D. Rossi,LW,0.8280025363262147,-3.248228445481562
F. Pisacane,CB,0.5268841257659018,1.80309992039695
U. ?osi?,CB,0.536219664485033,2.1316785583076894
Sebá,LW,2.2070976921104024,-0.18085646860716242
D. Peralta,RCB,0.3101739278971759,2.1407150310162812
R. Koch,LDM,1.3802692548589268,1.9512256046742833
A. Ghazal,CDM,1.033735057754144,2.408961712759301
A. Federici,GK,-4.16067790106912,0.13890956954825154
David Simón,RB,2.2031481822916885,0.5701705910578513
M. Orši?,LM,1.2520455216872874,-2.311490738778157
Alexandre Frandeira,LCB,0.2474965322371282,2.446067036408976
A. Tettey,RDM,1.9707946875980167,1.3335179458649782
G. Hanley,CB,-0.17293946306388455,2.086298337574514
Cristian Herrera,LS,1.2958692822299818,-0.8887102965005841
R. Green,GK,-5.2304629295414555,0.2141902828703646
Gelson Dala,ST,0.7700856026764479,-2.5734925321432556
M. Higashiguchi,GK,-5.189614289533814,0.5557286075963321
Jorge Teixeira,CB,0.32541243008011944,2.402689607006367
R. Woods,CDM,2.2911438383644156,0.6375522096466603
S. Martinsson Ngouali,LCM,2.31105853416957,0.6506830703615243
W. Ángel,LCB,-0.12227739642602867,2.7612047223510556
D. Villalpando,CAM,2.0172889734019748,-0.2149435072622251
M. Šitum,LM,1.099002070547908,-1.3841395107613697
T. Carroll,CM,1.4515728152209768,-0.665060244290647
R. Elliot,GK,-4.45155573489361,0.3337596621619432
Sergio Sánchez,RCB,0.6961965381864146,1.6095313069864439
I. Cofie,RDM,2.16606435256713,1.4122400208985124
S. Byram,RB,1.916729172684486,0.4784824165908841
M. Cauteruccio,ST,1.125704058330898,-0.8340158397097431
K. Molino,CAM,1.5841506946595243,-1.139466504591984
L. Ariaudo,CB,0.2675004303211779,2.1417185622283346
P. Klingmann,RB,1.7444643714695571,1.2100186903616055
M. Thuram,LM,1.8752149887686436,-0.5411607248162386
Y. Cahuzac,LDM,1.3003582555105169,1.7302680868799296
Elustondo,CM,2.09226291030334,1.1846194350636712
S. Downing,RW,0.869568864573277,-1.3073929135915512
L. Immers,RCM,1.4178271578947388,1.3118271841050726
C. Menéndez,ST,0.6910423783326397,-0.8744647079255535
Vágner Corraldo,LB,1.7313997418439866,0.7237645832348054
Luso,LCB,1.5472929936538304,1.685188539359648
C. Mavinga,LCB,2.0345863523931396,1.0681376581255313
F. Melchiorri,LS,0.8970105065515113,-2.062964690188625
T. Doumbia,CDM,2.5172116820313253,1.0397949596756213
A. Trondsen,LCM,2.5037509101388893,0.14861866706845997
Sivera,GK,-3.76884247748772,-0.07606644688610371
Allison Sireo,RCB,-0.012916321465458914,2.0070457928017698
Z. Stieber,RM,0.716765166050069,-1.913806285342403
S. Berahino,LW,0.5244527532725546,-1.8779815950066425
O. Skúlason,CDM,1.5645710490365154,1.3326784776810667
L. Koutris,LB,1.8748274310965345,0.21592119917917246
M. Pektemek,CF,1.949904613121376,-0.5292936642434483
R. Schüller,CDM,1.3437167341762684,0.8996961604227361
Sergio Herrera,GK,-4.304014726290135,0.003051508378243801
E. Kawashima,GK,-4.615304180805396,0.04485112581213619
L. Memushaj,LCM,1.8231170830128216,0.48983960494063067
E. Fernandes,RM,1.8931027028019987,-0.5804354719492498
M. Valenzuela,LB,1.4522940761822518,0.9606180410839882
H. Lansbury,CM,1.5524604593159836,0.5159818292537205
A. Gunn,GK,-4.112560910763107,0.005291777289850113
A. Kamara,ST,0.7292937090831624,-2.0753988992306294
R. Riou,GK,-3.7278643331005665,0.5870230071422655
Jung Sung Ryong,GK,-4.78779248624869,-0.580090666264149
A. Caracciolo,RCB,-0.24067987318995065,2.2858454457778232
Ewandro,RM,0.24454249798021852,-3.2356094580947694
G. Holtmann,LM,1.925030455367974,-0.5283466121861882
Erik Morán,CDM,0.9700979331522007,1.7427267578599943
Tobias Figueiredo,RCB,0.09132002717649673,2.017723572137489
I. Rossi,LCM,1.7005047857544844,1.336451723386735
Miltisco Paulino,LCB,0.4097947829197357,1.5559895002030093
P. Brlek,CM,1.8423663764432627,0.3683660893711612
G. Bettini,RB,1.7137478724561066,0.9788202937898143
R. Kent,LW,0.894775747493341,-2.7666705000378125
Jordi Calavera,RB,2.0725863211701183,0.5960327004700419
M. Leškovi?,CB,-0.6364120363097796,2.4545282583035672
G. Friend,LB,1.9493554781121933,1.1990658162995997
S. Aydo?du,CM,1.5963787787974835,-0.07574079777474924
S. Gashi,RS,1.4663864633733532,-0.31803315595203185
O. Deschacht,LCB,0.4919046373140659,2.184034305774175
E. Cecchini,CDM,2.137854951506597,0.445196446790701
T. Knipping,CB,0.4307618032576019,2.515032602939048
H. Yamaguchi,RCM,2.1424244495271227,0.4103694351140571
V. Aguilera,LCB,0.6422634202729496,1.9411610970859363
J. Cavalli,CAM,1.3561024587831823,-0.8134589965215585
L. Pasciuti,LM,1.6137339978784975,-0.5962773723125566
M. Makuszewski,RM,1.6119925246938336,-1.242542589883605
L. Albertengo,ST,0.7918479243797072,-1.7814338525098952
Serginho,CDM,1.8875505435538584,0.5284653515719645
F. Schnellhardt,CM,2.4561275510068414,0.38898800210217593
M. Pavone,ST,-0.033215370246736875,-0.6093838761675215
T. Goiginger,RW,1.4733929119497184,-1.9114352373779686
K. Beckerman,RCM,0.9904303814747953,1.514352124414036
Luis García,RCM,1.004659429966572,-0.0009156321872224476
Lyanco,CB,0.39461125220431637,1.8424155870426762
A. Luci,CM,1.8180983292842314,0.5897884461435962
Luca Sangalli,RM,1.8709212857127946,-0.5075577235172339
S. Ameobi,CAM,1.3165241191797692,-1.4942172436711187
J. Price,CDM,1.1294668855264969,1.2381637500116955
Go Yo Han,RM,2.5788800443960924,0.06373362347707925
O. Hawsawi,CB,0.7741107046989946,2.4836781484872583
Jaime Romero,RM,1.5297551553240327,-1.3765410238824307
S. Grippo,CB,1.1881147778884933,1.734726721419052
F. Chalov,RS,1.2303538395560774,-1.8416859767059135
L. Siligardi,RW,0.9894531720335543,-1.8354413866619912
D. Appiah,RB,1.6978579137208043,1.0656742406738573
S. Silva,RS,-0.8051306784206848,0.17016603228567018
J. Paterson,LM,0.6187536970517652,-2.6353390335712548
T. Barkhuizen,RM,1.2461044941244817,-2.52472013055951
I. Bangoura,ST,0.16372100481797772,-1.9591405251776433
S. Memiševi?,LDM,1.0191457037695508,2.0813818421969965
F. Tabanou,LB,1.7469475429723076,0.6003988716722581
T. Hoogland,LCB,0.8235675729944858,1.3473669148369503
G. Pezzella,LB,2.1744241487000657,0.7701860876574327
D. Kolovetsios,RCB,0.9739921874479459,2.026233916980226
Enric Gallego,RS,0.02907844942601877,-2.013042009777475
J. Garner,ST,1.023504395215525,-0.5832010628216303
K. Bonifazi,CB,-0.144736732157352,2.186708815646321
Souza,LCM,1.871389605365326,0.7214969703540678
J. Adéoti,LDM,0.9728262087543352,1.8875543738259104
R. Caroca,LDM,2.346773878051417,0.7593698752641952
D. Rosero Valencia,RCB,1.3988017129974917,1.769314528478095
M. Jonji?,RCB,0.8668135062648593,1.654515060237199
A. Tarek,CB,0.1794102011606981,1.9722090363537017
O. Fink,CM,1.3487402254393446,1.4903802442978193
F. Macheda,ST,0.562396014141601,-1.9059960979650132
M. Duffy,CAM,0.8784385390622895,-1.2372139500575001
Y. Chibsah,RCM,2.393967666950422,0.7964428147874912
T. Schütz,LDM,1.739194110324614,1.185450989018633
Rodrigo Becão,RCB,0.40435482308100895,1.7212946977679309
M. Loum,CDM,1.2260463152131609,2.0927295784771363
D. Fletcher,CM,1.0479083813170516,1.352360530522717
Vadillo,RM,0.5468205343464672,-2.938329860999394
P. Klement,CAM,0.9593078573839037,-1.1800402791697797
A. Gogia,RW,0.7966264507237814,-2.1326364499996595
A. Cole,LB,1.162860401146251,0.9471683449951862
K. Tsimikas,LB,2.1099117608645623,0.18226424160757948
Mateus,LM,0.937690933864937,-1.6090599121427986
Babanco,LDM,2.0936571380858378,0.8054681185455057
X. Mercier,LCM,1.170405449643914,-1.4577662883899345
D. Nugent,ST,0.4714227846562365,-1.293081847861147
N. Fernández,GK,-4.559099848449148,0.8346752377914489
O. Hernández,LM,1.1822782826616192,-1.9160412389584751
E. Mathoho,CB,0.5639656836190966,1.6356851326228057
B. Sarr,LCM,1.6661484332461336,1.9556795844089216
A. Sagal,ST,2.2504208252333706,-0.05148287908579043
J. Grimm,CDM,1.1884778969380667,1.5750059989981717
M. Nyatama,RCM,1.4731459114900587,-1.3734181516412702
B. Touré,RDM,0.7485489435679918,1.9062952956058423
Diego González,CB,0.5995098001353067,1.7490996407266768
S. Rosted,CB,1.0954615718411456,1.257340317226031
Y. Suzuki,RS,1.7953164377440287,-0.5809982845121666
I. Sacko,ST,1.113170411312926,-1.5684308452863813
Flavio Paixão,ST,1.225756998010028,-1.5237226334466656
G. Fernández,CAM,0.47467397569501313,-1.7077325294553272
J. Hayes,LM,1.8734818319419517,-1.1796205421838717
T. Ouwejan,LB,1.9677309828403904,0.6775640700773351
D. Guerrero,CDM,1.0543947916646719,1.5558645604464145
W. Routledge,RM,0.620675507741207,-1.3035374698849422
C. Paterson,RB,2.7494543286211925,0.6440108571547266
Hwang Ui Jo,ST,1.4452758230410503,-1.1887837818643878
G. Kvilitaia,ST,1.1086119995832004,-1.2383682999399805
R. Krishna,RS,1.7476092881850787,-0.8498443987445512
T. Castagne,LM,2.219950702382738,0.4834943622241728
Léo Jardim,GK,-4.193663505004779,-0.0063847327520982315
Heitor Gesse,LB,1.5527997156127733,0.05660683746790314
L. Majer,CAM,0.1822482928201406,-2.5348664028306476
R. Carrera,RM,1.413255899847402,-0.8846089272302402
B. Celina,LCM,0.35614847187068194,-2.684257286055433
R. Matarrita,LB,1.83397133623188,0.6276524711080642
L. Vitale,LM,2.098338481805608,0.2956988095795636
R. Gestede,ST,0.6275772675380576,-0.356854544889435
Pedro López,RB,1.4825273534266452,0.7360177967694672
J. Lucumi,CB,1.0081728756703445,1.9355476708879655
W. Endo,CDM,1.9809201304411428,0.6475438439753102
João Bardinho,LB,1.5667263589584302,-0.2096925904318453
F. Barrientos,CM,1.563322954406485,0.9319548898554297
P. Glykos,GK,-4.874348317646635,-0.1442640610538356
C. Moritz,CM,2.1648165958236847,0.9535011787877415
E. Kachunga,RM,1.4820936791132395,-1.2721003896097054
S. Mendoza,LM,1.1809462222430067,-1.998558840549717
Diego Galo,LCB,-0.5607710881263694,2.36115161563239
Lins,ST,0.5272357355258803,-2.227427138641134
G. Pegolo,GK,-4.551701063876996,-0.2163319574303039
U. Bulut,ST,0.4667364161414928,-0.9257921770976552
Dani Calvo,CB,0.32297637529653644,2.240306205650456
Alam Araújo,LB,1.9406522309204717,0.3680132956615578
F. Andrijaševi?,CAM,1.8200085503602625,-0.3705138528603167
I. Fioli?,CAM,0.5088698186552162,-1.6692237975490143
M. Caire,RB,1.6306411408969155,1.0412307313121982
C. Adams,RS,1.6443140932223494,-1.2872836664954344
P. Škuleti?,ST,-0.03645382905471649,-1.265409067924035
G. Lux,GK,-5.175378727981527,0.6606809456440137
P. Kieszek,GK,-4.270116465636378,0.230340136520136
B. Cortés,GK,-4.1535800549859605,0.5386777717535924
S. Nishikawa,GK,-4.049087368777017,0.0374684523481472
M. Lustig,RB,1.568963297662378,1.6427229072442855
A. Bjelica,LM,1.78660357613671,1.3518619171554225
G. Alcoba,CB,0.5496800328256813,2.1520314824041127
J. Rhodes,ST,0.5810241192574203,-0.7560413945408614
J. Campos,CAM,0.6232231729901565,-1.5879391060003394
Borja Lasso,CAM,0.743321674357533,-0.6229952050580141
O. Cabezas,LCB,1.2343446519958208,1.9353786481304711
G. Sunu,ST,1.0623833328090404,-1.5422247399887379
D. Williams,CM,2.6452037311105654,0.608903293187519
Nuno Santos,LW,0.7290338923047202,-1.5695482453405765
N. González,LCM,1.2440764599383303,-1.8627847337251446
M. Boland,LCM,2.26682629240887,0.46629750822265087
M. Bianchetti,CB,-0.13765106677911984,2.3657289719993444
G. Celis,CDM,1.1706784673465152,0.954123866002893
Somália,CM,2.72316544827759,0.445849116716001
Y. El Ghanassy,LM,0.6283121456860575,-1.75808879768571
E. Finlay,RM,1.5390845853584714,-1.7416929415162588
A. Uchida,RB,1.0230645424783675,0.8554948218252525
N. Brighenti,CB,0.17198823382749084,1.84802694112891
I. Tajouri-Shradi,RW,0.8091421380956096,-2.503846400791419
S. Abdullahi,RW,0.852011632545092,-1.920096241017398
Lionn,RB,1.7842242261257844,0.8336907168939447
J. Larsson,RB,2.5122157043955715,0.4540382501684531
T. Pachonik,RB,1.9446222161418416,1.1730822350820085
F. Bellugou,LCB,0.5516579347948681,2.095548941503679
Osmar,CDM,1.369282319129069,2.2646835187480865
S. Motta,CAM,1.0684558883198805,-0.28170354421896454
Pau Torres,LCB,0.7291850798096555,1.712858046800656
André Pereira,ST,-0.13947074980753457,-1.751357816060209
Tiago Sá,GK,-5.921389696523575,0.06805453261732713
M. Coda,ST,-0.2447773641463785,-1.7418873551903185
W. Mesloub,CAM,1.8974087625291243,0.07781235400500663
M. Capuano,LCB,0.6666840623811099,2.256890297414793
A. Henríquez,CB,-1.7174277565606357,3.1602259366446197
G. Dorrans,CM,1.3929823341712912,0.14764722894037602
Víctor Díaz,RB,2.265079736857448,0.9127185992839504
T. Makino,LCB,1.2494100470391116,1.474803951239994
J. Mensah,RCB,0.9499113193937427,1.9306844670834231
I. Sylla,LB,2.4261253861960834,0.5312183068649821
Cyriac,ST,0.9481321342766109,-2.278613254720456
Bernardo,CB,-0.07637222116886504,2.5439669618258978
P. Gollini,GK,-4.0907757707213355,0.05557012455445554
M. Vlap,CAM,1.3371640130113915,-1.2515440860336642
Tiago Pombeira,RAM,0.6965540959444146,-1.9334378305174886
Y. Soteldo,CAM,0.4433401331479802,-3.100360242594588
Rafa López,RCB,0.4302279161341253,1.7755102736100217
A. Nocerino,CDM,1.5803534769612138,0.9029112986842802
J. Harper,RS,0.9165320317129273,-1.7398579657479787
R. De Laet,RB,1.828926700450734,1.0242000125206805
J. Zimmer,RM,2.174450025283656,0.27130376256286554
C. S?punaru,RCB,1.1024322363159784,1.1750282102005667
Afonso Figueiredo,LB,1.4335374304790356,0.7502182854391303
J. Omlin,GK,-3.219543519701534,0.2551484394216918
R. Yaremchuk,ST,1.5594250237602847,-0.7005752776530427
F. Wiedwald,GK,-3.9744245642895217,0.5540841983922485
A. Galabinov,ST,0.08032581368030095,-1.3794948750151281
Maikel Mesa,CAM,2.049557347628803,0.19222435414236197
B. Garnica,RM,1.3661863054622227,-2.0588009871148194
D. Arslanagic,RCB,-0.35686280827911854,2.799508257177036
H. Henao,RDM,2.1372515887300807,0.9602252614846821
Y. Kashiwa,LM,1.3195718004766355,-2.451389838119061
J. Gol,CDM,2.0618956828254458,0.8202696835091272
N. Ghilas,ST,0.059009078148646525,-1.1052878631159349
B. McKay,LW,1.1571041924543468,-2.4074288765198273
Carraça,RB,1.8852264118122142,0.9912196270856902
Adriano Facchini,GK,-4.681258103185958,0.44883299609443045
A. Callens,LCB,0.13598659690242465,2.6426069088500856
J. Perbet,ST,-0.5199377953416819,-1.3048749468305976
M. Antonsson,LS,1.0697547840170367,-1.2233664048638673
Carlitos,LM,0.8498055195180723,-1.194883466596628
C. Lucchetti,GK,-4.148281542523659,-0.15020123125437826
J. Bostock,RDM,2.267292924244757,0.5572749911030537
V. Milinkovi?-Savi?,GK,-4.1847509881784335,0.29556967629781666
G. Peñalba,CM,1.5057741816924517,1.5726877485377169
L. Kleinheisler,RCM,1.9062231424265406,-0.08031124885465606
R. Aliendro,LDM,2.6709567769918174,-0.009422860923542846
L. Seijas,RAM,1.7246632414517,0.30961708950699285
L. Fuentes,LB,1.6632201921808774,1.1525517462651695
R. Hassan,RW,1.6538553499391475,-1.128524865982029
L. Di Plácido,RM,1.6040969373818104,0.492690315081677
Heriberto Tavares,RW,0.9647113081285968,-2.1470331556600732
Pulido,CB,0.2155666495192577,2.410816256427235
Ewerton,RCM,1.8072105547476023,0.9665030425357655
G. Verón,RM,1.199157284597537,-1.6692971991379266
O. Boscagli,LB,1.434423389965811,1.5347708280228367
C. Jerome,ST,1.089292439104346,-0.49943877774700723
E. Muñoz,CB,-0.34285848274935854,2.8580277991604506
U. ?eri?,ST,0.17072280362741557,-1.0296236490199313
E. Albayrak,LB,2.0978008218235504,-0.07699569221699339
F. Calvo,LB,1.4130414604356112,1.312634404394115
F. Costa,LM,1.3940217983401655,0.4160671010533278
Xavi Torres,CDM,1.017441901935832,1.9335962478886837
A. Cadavid,RCB,-0.5020313069599118,2.9372603908601453
J. Spector,CB,1.3650311308691716,1.2667956547050496
Felipe,CB,-0.907948127619015,2.300508778449635
M. Dijks,LM,1.6859307351821042,2.0719882278583674
M. Hassen,GK,-4.751907969488653,-0.28014945152361515
M. Bourabia,RCM,1.6776673676922114,0.30404556070000993
L. Hejda,CB,0.7054622953224943,2.1013032972784265
E. Bergström,CB,0.11696410930058719,2.457055373353509
Shikabala,LW,1.1685454924768934,-1.351388694330633
Aurélio Buta,RB,1.9198343945406615,-0.0019659804324101073
C. Penilla,LM,0.9946462826950394,-2.2557529934912344
D. Cools,RM,2.1246634266545628,0.8732169987582328
D. Muñoz,RB,1.9538834551814692,0.6605658723709068
G. Sandoval,LM,1.7305186584262524,-0.8002974376999863
Y. Bodiger,CDM,1.249354136206242,1.436130616962318
T. Kleindienst,ST,0.8671768021889991,-1.318453363258806
J. Abella,RB,1.5524666300193555,0.755121902016711
U. Emanuelson,LCM,1.9362813173093882,0.21518243011897034
R. Tesche,LDM,1.9255848938299835,0.9142269560634442
B. Nivet,CAM,0.06769652974606247,-0.22491496386020204
Léo Jabá,LM,0.772644487392945,-2.500407748171648
Paulo Henrique,ST,0.6823517467900626,-1.2834176353683213
Y. Meriah,CB,0.9471242469589854,1.4434726648825094
A. Soto,LB,1.8247398476027425,0.7827577479641423
J. Quiñones,ST,0.7580047664610695,-2.549992799515147
Domingos Duarte,RCB,0.26365570442611624,2.675597926756084
E. Ba?san,RM,0.4023731804480001,-2.8394164284037595
F. Avenatti,RS,-0.007053701314170761,-1.7159973272122955
V. Fiorillo,GK,-4.7744230595670984,-0.0893471677047052
O. González,RCB,0.21198048827939903,2.2289430888273043
Zheng Zhi,RDM,0.0260641688033403,1.2383065217092444
M. Henriksen,CM,2.156570769135855,0.5182067778017744
Paulolettinho,LAM,1.1209773853767053,-1.2652797826621829
S. Malezas,CB,-0.20672244212355215,2.333428582041987
W. Lautoa,LCB,-0.25552723830313284,2.7869318496120847
M. Fofana,LM,0.6141792150150116,-2.9016626553850275
J. Cornejo,LB,1.829439645155054,0.9319468709491543
J. Duque,ST,0.48727758658675985,-1.2115431162272334
E. Horvath,GK,-4.525664762341144,-0.43073478975348634
J. McClean,LW,1.9236089151108864,-0.49187623113338347
A. Guédioura,RDM,1.7168941570899916,0.697258483436012
E. Valentini,RB,2.0902019314696494,0.4014157729093104
J. Šimunovi?,CB,0.5735036943616759,2.0378411650453505
C. Kouamé,RS,1.0675686019778243,-1.8706753598324215
N. De Pauw,CAM,1.4620431441701425,-0.9332277801857486
Alex das Freitas,LDM,1.5155498029707815,1.2269445747653196
Mossa,LWB,1.9630416939983273,0.8511262376469685
J. Marriott,ST,0.8757181000722606,-2.099455011491329
J. Riojas,RM,0.8748187459216898,-1.9945559561512776
L. Fröde,CDM,1.677802092097765,1.9627044369175557
L. Pokorný,CB,0.6701248978819064,1.8176783387092736
D. Vavro,RCB,1.081880134122917,1.7303255694885642
M. Bjärsmyr,RCB,-0.3625385025684537,2.2943648505592367
Oriol Riera,ST,0.7036376312420506,-0.9613894044045282
M. Maolida,ST,0.8475861461737675,-2.6854104437513064
M. Mostefa,RDM,1.127521777885339,1.7772394394396775
R. Carrascal,LCM,1.637138083529264,0.5806244259122901
O. Mangala,CDM,1.7741943224634578,0.6649855037635894
M. Barthelmé,LCM,1.9092627245774574,0.17182409881645658
A. Novikovas,RM,1.0928496197761672,-2.064886770145806
Ji Dong Won,CF,1.3344477640414847,-0.8235349515216449
R. Rúnarsson,GK,-4.766344177208631,-0.15296538589734904
D. Rotariu,RW,0.7126022163765283,-2.0810014207495113
Paulinho,RM,1.3807701030658466,-1.036787102524508
Juan Carlos,CAM,1.2161672044860428,-1.0173509655976483
M. Korhut,LB,0.8571953853489952,1.144127421996577
S. Piette,CDM,1.8376397694868674,1.3494549379586436
N. Ortigoza,LDM,0.07963900968901336,1.9804282395638957
António Filipe,GK,-5.416228667269312,0.5042700251761066
M. Pereira Lage,CAM,2.0514341562460507,-0.485902358004038
Jean Cléber,LDM,1.6880968137374914,1.0725725088493931
O. Danchenko,RB,1.824215274147982,0.09743292838880856
C. Pantilimon,GK,-4.100345473618579,0.9301138513643824
Guillermo,ST,1.2299636558483626,-1.811626129273964
O. Vizcarrondo,CB,-1.2980113174083316,2.731741847711548
E. Aguirre,LM,2.1929905652973503,0.47062541364335153
Edu Machado,RB,1.2262828589910313,1.0219021650776574
H. Dean,LCB,0.02971901763586211,2.360283110673366
D. Andrade,LB,1.8031821086962083,0.5377959002294955
D. Martínez,RWB,1.7828425685724811,0.4177266949818693
C. Bryson,RCM,1.948076037291572,0.1941333534411353
B. Ba?aç?ko?lu,LM,1.0545476827978908,-2.1505694917423175
K. Mrabti,LCM,2.3937431877775097,-0.6012927395768985
M. Fraga,GK,-3.7335005402478085,0.3774560118315538
I. Oblyakov,CM,1.8544270709198998,-0.7302204536824721
S. Logan,RB,2.096928973410062,0.7173953103982401
D. Kaiser,CAM,1.4595186814809398,0.0949245603873765
D. Silva,LCM,2.2933000825314864,0.00022840653901121932
A. Nwakaeme,LM,1.2760136532849895,-1.9002552626733407
J. Sambenito,ST,-0.13604265760810658,-2.1068569967644852
Toribio,RDM,1.3165530887345882,2.3336562327704957
M. Yumlu,LCB,-0.18811665687994852,2.670013555417745
A. Miloševi?,RCB,1.0918046326778612,1.5255370092253722
D. Nounkeu,CB,1.038631551407322,1.666766038516649
M. Barragán,ST,0.9460697113346767,-1.351125197568557
M. Ilaimaharitra,RDM,1.5472711405727917,1.4983178293225412
H. González,GK,-4.183749369174449,0.6446371383717644
J. El Yamiq,CB,0.7301969959998476,1.660620005283786
João Teixeira,LW,2.0032943256868587,-0.3027578610374547
M. Doumbia,LM,1.227680952239349,-1.9509606083821611
R. Brégerie,CB,0.15882594374105727,2.3916235130233363
A. Diallo,GK,-4.300820388202926,0.8290294513835784
M. Bruno,RM,1.055256291638484,-1.6373818215131837
J. Faussurier,RM,2.015339408942472,0.4942141233720808
C. Wickham,ST,-0.02238637507809402,-1.3566610842805058
A. Abrashi,CDM,1.7743526437392816,1.233548192139787
K. Nakamura,GK,-5.403709274009749,0.04446491933490945
Suso Santana,RM,1.8656120539807373,-0.3704833642113759
J. Bowen,RM,1.0694075915328232,-1.8655436765471798
Garrido,RDM,0.9957871782258004,3.220402745267521
E. N'Dicka,LCB,0.9588385619216413,1.6696089992553846
J. González,CM,2.348390021793909,0.8174885918518527
M. Suárez,RB,1.2784203467794302,1.912551356904888
Y. Andreu,LB,1.0765376173239667,1.466448356146658
J. Obita,LB,1.7373439688385155,0.08102590001199304
Z. Erdal,LB,1.2993919185041676,1.409599267752853
L. Capezzi,CM,1.0742421772894806,0.1881970603938321
Elsinho,RB,2.6978544423108577,0.4925763551131547
D. Asprilla,RW,1.3003901542155307,-1.5559381068060198
S. Torrico,GK,-4.71675398017658,-0.2933795452044397
Léo Gamalho,ST,0.04103806068049314,-1.313778881595625
J. Plašil,CM,-0.08120052766737271,0.450954310986558
T. Darikwa,RB,2.414204005301715,0.6687584241420585
Guilherme Sityá,LB,1.6439907212567129,1.1797439605349735
Escassi,CDM,0.8049839121986612,2.0779148636108142
G. Achilier,LCB,-0.5149997192112709,3.06321735032924
Verza,RCM,0.7879996344043648,1.055676918586655
B. Salamon,CB,0.4515560375835175,1.946775204370045
A. Forshaw,LCM,1.7148675497031667,0.08439768722744179
J. Quiñones,RCB,-1.090561535031058,3.748200670644468
W. Camacho,LM,1.6261110835318595,-0.3303886223045759
T. Buffel,RM,0.9380204959750331,-0.48741331762769907
Xisco,ST,0.25536846821343145,-0.801488541777797
Adeilson Gesser,RAM,1.7285318615794294,-1.6162735612299703
Roderick Miranda,CB,0.1217993764083636,2.7023895138488085
N. Besara,CAM,1.379420827452781,-1.2219213629752428
D. Zbozie?,RB,1.5498429196360142,1.2428218285909325
J. Cuero,LM,1.5458860273918578,-1.5434543724314858
R. Coly,LB,1.8181852829030547,0.9021576598440914
K. Müller,GK,-4.671149366371069,0.37383484781583415
R. Zozulya,ST,1.0648509316187804,-0.7631833895789245
R. Mphahlele,RB,1.1837361381975677,1.6347074553257919
K. Lee,CM,2.1223792813029463,0.08793665614439666
B. Koita,ST,0.6919797421311594,-1.6179867581415364
Heltinho Melo,LAM,1.541212557641519,-0.739299673727298
Nascimentardo,RAM,0.9524352015074149,-2.191357582743012
P. Barrera,RM,1.6134772265792403,-0.542991062667178
R. Pucino,RB,1.761623142833668,0.9128063952695338
Miguel Rodrigues,CB,0.2065123289715872,1.7818929380668842
C. Pinares,LCM,1.4703447575483,-0.9450417787007467
A. Gonçalves,CM,1.7111351822044014,1.6112159368938912
K. Musona,CF,0.9651146574594013,-2.6603852721726806
Tiago,ST,1.438330624708469,-1.356618089718705
N. Leiva,LM,0.5014175388616019,-2.69211286170522
A. Schiavone,CM,2.019501899064292,0.7629928035767193
Manuel da Costa,RCB,0.08849921697395485,2.2545543790305484
S. Hierländer,RM,1.9323091878643681,0.3296451913999688
Bruno Alves,RCB,0.6209856667046535,1.7508208496029845
J. Velázquez,RCB,0.5308711479150269,1.3939422914705668
M. Chanot,RCB,-0.3199292467754404,2.610330940599886
O. McBurnie,ST,1.0655511164211766,-1.3570596423242673
J. Onomah,CAM,1.7176868402302734,-0.3093284512208086
M. Madl,RCB,1.2118335924972663,1.9757640236717364
Cucurella,LM,2.4066663551448735,-0.08433718210410804
C. Araujo,LB,1.2807785095145068,1.3517739836141471
M. Hartmann,CDM,1.1892944051622,2.161841623927319
M. Spiranovic,CB,0.12986938257089528,2.8136469714274375
Chong Te Se,ST,0.8532081518842551,-0.966945918957458
M. Albornoz,LB,1.6112591150104034,0.8015739338268574
A. Nukan,CB,-0.6400515970973303,2.5212584445290824
L. Szuka?a,CB,-0.6787497679454029,3.141129260770306
E. Perlaza,RB,1.5767483466176966,1.0737969817319701
M. Dal Hende,LWB,2.3532956163504544,0.44830878860673706
Emerson Avintes,RAM,0.4822694496433762,-2.1047810309809423
Saberto Botelho,LDM,1.4845327495841627,1.6831900072473809
J. Dahlin,GK,-4.794540266978085,0.8936189064248705
Martin Cordeia,CAM,0.8409837555364358,-0.32153144067970485
A. Oukidja,GK,-4.5891796862235115,0.08695891827442685
B. Angulo,ST,0.7191666898020468,-2.5094320317443275
S. Burchert,GK,-4.84251964295686,0.19853516670418464
Nélson Monte,CB,0.435144763163277,2.197627784914567
D. Rojas,CAM,1.2331141653448796,-1.1678618544078254
Charles,GK,-5.00138843983441,0.03587497075272946
H. Wolf,CAM,1.1006161713278293,-1.9572413977295138
E. Videla,CM,2.040189691060909,0.8865139622330696
P. Ledesma,CDM,1.1988649062291408,1.2543395007586982
R. van Drongelen,LCB,0.5176773344261455,2.1777794338843144
F. Jensen,CF,1.876018972561604,-0.5749738287265057
Artur,RDM,2.136684245186392,0.6891244405163522
Edgar Costa,RM,0.8602681793264424,-1.028530364887505
S. Martínez,CDM,1.7887932785507332,0.9605101062902371
D. Fisher,RB,1.3031672343170706,1.6486608342311797
L. Clarke,ST,0.1475646265807244,-1.0728827479848786
T. Hubo?an,CB,0.7929274839277977,1.8390052062555375
Dani Castellano,LB,1.7935234581221615,0.9501580004791261
Javi Castellano,CM,0.4405565222644551,2.334574514339524
P. Olkowski,RB,2.2259012872995587,0.744645840223155
M. Caligiuri,CB,1.2759238574281841,1.1305844726317265
Marlion Rolim,LAM,0.9656286662104716,-0.6478265916557366
D. Burn,LCB,-0.22011148227862257,2.6936541040321935
S. Schwab,RDM,2.2467908084577455,0.7049418347810743
O. Aina,RB,1.7644389676652934,1.3315925855692177
A. Mina,LCB,-0.022927421300209874,2.49686254381668
S. Guirassy,ST,0.7305498158656822,-1.5509896395600224
L. Paqarada,LB,1.56203194804276,0.8473567051207648
J. Sánchez,RB,1.880727503309509,0.019106808457322617
J. Wallace,RM,1.5144673491378773,-1.1583170362323731
Jota,LCM,1.7368268006402132,-0.07569335055533004
Jesús Imaz,CAM,1.0241788374455876,-1.7176705524785494
Dani Hernández,GK,-4.470755106929933,0.9134320406347022
K. Diatta,RM,1.6151320754514498,-2.074705209238205
X. Chavalerin,LDM,2.1433083706658964,0.40226076476549555
G. Tzavellas,LCB,1.340336012527851,1.1967193952426978
O. Omoijuanfo,LS,1.612422357137763,-0.5999694236858534
S. Dimitrievski,GK,-4.295040766465183,0.5031357773012587
Eltildo Bessa,ST,0.605226333535581,-3.2289879942545587
B. Marshall,LM,1.5306866211379206,-0.335015123177748
N. Mendez-Laing,RW,1.5033891149088372,-1.3424700176831357
Álex Martínez,LB,2.158773951893967,0.6419933759084948
Z. Bakkali,LM,-0.247985934855548,-3.855990144947045
G. Gimbert,ST,0.7945426148334057,-1.0980445371197225
M. Gaji?,RB,1.8961446422998072,0.5726227712294403
S. Aigner,ST,1.3853427748250193,-0.9837703290903311
P. Köpke,ST,0.8315753232720895,-2.1090466369793885
F. Klos,RS,0.3607671271676236,-0.8185274524082187
K. McLean,CM,1.988170659770259,-0.4053662410791384
M. Olsson,LB,2.0385276109733663,0.4942972288869756
C. Nyman,ST,1.2233115018121599,-1.7036047621160986
O. Estupiñán,ST,-0.1953047459923609,-1.9462631195975169
B. Wright,CB,0.7547254120998513,1.6956508989022976
J. Bednarek,LCB,0.31417930148529677,2.164263258731078
L. Vibe,ST,1.2624897386156504,-1.822336670247304
O. Jiménez,GK,-5.177719569392642,0.7561683973385246
Alejandro Rodríguez,ST,0.8876427416520298,-1.6331643324428886
T. Elphick,RCB,-0.2929110296762764,2.367891847390319
David Ferreiro,LM,0.09816255014317216,-2.9931998055288673
M. Gobbi,LB,1.1131437864036378,1.345504011574455
R. Insigne,RW,0.3615104083956601,-3.2739521261943367
N. Gyömbér,RCB,-0.639373348553853,2.4420804876838944
Túlio Sandoiro,ST,0.7200585170130006,-0.904140831313552
Hélder Barbosa,LM,1.2013172213476198,-1.4359682576554478
B. Sako,LM,1.145097472871911,-0.9319719460087723
M. Domizzi,CB,-1.4119090496096451,2.5529219849628255
P. Oniangué,CDM,2.0971609475025264,1.1670294891306703
P. Onuachu,ST,1.6916069490507235,-0.633494384772777
F. Balmont,CM,0.8073401099324615,1.1308296674139122
Antoñito,RB,1.9965479592922077,0.4168983453006041
A. Baby,LM,2.316021000351916,0.0065222146023776
B. Petkovi?,ST,0.6314895876054042,-1.66667591678427
Nélson Lenho,LB,1.799276057174833,1.147520325913768
Gumbau,CDM,0.7895568290303824,1.5819147986060986
C. Aboagye,CM,1.6478954540552575,-0.9766058010640426
Y. Erdo?an,LM,2.1280205466195836,-0.6596559340026489
Paulinho,ST,0.43882016211800146,-2.0717843280388335
J. Cooper,LCB,0.22472642396558642,2.2764380467006906
S. Malone,LB,2.0512488518333902,0.5701973511828593
M. Malo?a,RCB,0.283624737644545,2.063667381715448
G. Berardi,RB,1.3981819872485857,1.6281860603694243
Samu García,RM,0.6971677115080963,-1.6287029074196806
T. Derijck,CB,0.409633857808418,1.9192406710598895
A. Khalili,CAM,2.2578738826730635,0.27343437383593944
Y. Endo,RCM,0.947981588273752,1.2611314577317667
E. Kaçe,LDM,2.3668587033786093,0.34375803271763794
D. Machado,LB,2.1553105821756398,0.00997897695097059
S. Plavši?,LM,0.7325675250941486,-2.545036046295012
H. Reed,RM,1.5193939730188566,0.878695840697248
S. Klaiber,RB,2.1973807839668607,0.9636461093038826
J. Boga,LM,1.1182430811852995,-1.1973501303005134
D. Contento,LB,1.2999087519775112,1.191771614370252
S. Padoin,RB,1.6110375521004086,0.6848010214250159
D. Foulquier,RM,2.003246273725908,0.8437777478127855
Paco Montañés,LM,1.1491703964469526,-1.3747568197418367
T. Dingomé,CDM,2.1417162651161212,0.6164822411103977
D. K?dzior,RM,1.533651279679612,-1.2128380292247447
E. Ta?demir,LB,1.9135727604795083,-0.27131924604531116
P. Coutts,CM,1.6875230395082794,0.6278828365396059
D. Dumi?,CB,0.7316006949366535,1.7762119383600368
Juan Carlos,GK,-3.9805436063095647,-0.08133746266817342
S. Privat,ST,0.005518529832848123,-0.7532016632122724
G. Montiel,RB,1.7858685472178433,1.0335464787366493
João Gamboa,CDM,1.7606263935718403,1.065553731472399
A. Zhirov,CB,0.12832067436397643,2.838339665446869
M. Tosetti,RM,1.1414808820923361,-1.4199206725967117
André Milazisco,GK,-5.128387848426876,1.031029664136342
M. Colin,RB,1.3478859466210298,1.4822376971509974
F. Jozefzoon,RW,1.4628522871555552,-1.2778236967171277
D. Moor,CB,0.5457172193277892,1.7669780752438728
A. Turan,CB,-0.9384050636042303,2.5433119960016466
O. Bayram,LB,2.2293452136375027,-0.04748359582086687
S. Bossut,GK,-4.441827881226967,-0.06569319388731085
J. Irvine,CAM,2.3232116835210124,0.8295647933923047
D. Biraschi,RCB,-0.20554988221932718,1.833593282320375
A. Bouchalakis,CM,1.7199183863233125,0.6707539115582595
A. Voglsammer,LS,1.3417691082368866,-1.150653142102028
Son Jun Ho,RCM,1.7625902000555544,0.6429633784622918
A. El Said,RCM,1.03743007916149,-1.4457391896379006
A. Yiadom,RB,2.0839217654222884,0.49197750969311776
W. Sobota,LM,1.2625464769284345,-2.3823254132814577
I. Latovlevici,LM,1.918024225154773,0.8701688019592924
B. Leal,LDM,1.0402098145757357,0.6540170105668546
E. Zelazny,GK,-4.6936400878560915,0.2643421063100405
A. Brignoli,GK,-4.700381178811314,-0.49524045454273463
K. Narey,RM,2.559182502979332,-0.16371237308349493
M. Pugh,LM,1.027956418914732,-1.0629816322399694
S. McTominay,CM,1.9577984293502995,1.1026772334680721
Fabrício Baiano,RDM,1.6755648291009806,1.1601729457266088
F. Navarro,RB,2.0705836232191026,0.2349430164520969
R. Baji?,ST,0.22962859118826232,-1.6471145019497029
M. Le Bihan,ST,0.5182888716087465,-0.32653898891650224
A. Rentería,ST,1.0261164540918004,-2.1711783481087985
A. Leya Iseka,ST,0.9435575923555136,-1.94916633041548
André Moreira,GK,-4.209675937604761,0.4168485607423492
C. Gülselam,LDM,1.1741002593587038,2.228406744812857
M. Rodríguez,RB,2.0269364546985535,0.296825882774274
G. Litteri,ST,0.6109997073006423,-1.521083362741431
Raphael Rossi,CB,-0.05893566371928775,2.570600803354766
B. Kamara,GK,-5.07906678365653,0.3161616181973518
R. Oshima,RDM,2.3673452235216437,-0.011433573925486275
L. Bruins,LM,1.4505533685980279,-0.11394946423905226
N. Kebano,LW,0.9435998142217878,-1.8650278343426645
Wiliam Santinho,GK,-5.035773135986522,1.3856564792852848
L. Sadiku,CDM,0.689644553867007,1.467144653866714
Y. Barbet,LB,1.4002564617962032,1.4094078755687973
Javi Moyano,RB,1.3989015699290204,1.4624363617689955
J. McLaughlin,GK,-4.050233333054013,-0.0446972856062059
M. Büchel,CM,1.8606706470548102,0.6075082961289949
B. Oviedo,LB,2.031034733167738,0.31647056303534754
J. Osorio,CM,1.916842540169287,-0.4806329059518033
Wagner Orsinho,LB,1.636322651430318,0.372006402471784
J. Elías,RCM,1.7524111601428243,0.9658515811099466
Evandro,CAM,1.056781327542615,-0.2899489485904345
Manu Morlanes,CM,1.6058278516342184,-0.06354066535347398
K. Großkreutz,RB,2.3547096653621513,0.5508832907379921
T. Kessler,GK,-4.366209693483761,0.38316598805997093
M. Beevers,LCB,0.06376398014798985,2.5539885048862483
D. Gastaldello,LCB,-0.5593465767866576,2.372330296747627
P. Faragò,RM,1.9394849025894898,0.4526231076041332
C. Ramírez,LCB,0.34743746357671434,1.755570340881661
I. Bennacer,CM,1.8530902983988338,-0.7644098474085226
O. Coulibaly,RB,1.7980104586744048,0.8284033136563754
Alex Alegría,ST,0.05744622950518015,-1.4777199989719711
C. Adjapong,LM,1.3703781597601932,0.37099570954061883
Dorado,CB,-0.7785712156154694,2.093061050445732
J. Walters,ST,0.8825628785241014,0.08700784110044234
A. De Sart,LDM,1.8183211157703287,0.3069063055336206
Luisinho Conradi,LB,1.7360869745027636,0.5064231082665995
B. Özcan,CAM,0.7736230492720799,-1.2514545820402871
P. Bamford,ST,1.2444704863538711,-1.277734692102258
R. López,RB,2.220366279025543,0.35262701130590196
F. Monteseirín,CB,0.5403616947151624,2.0053156655736357
A. Calabresi,CB,0.08978516145274114,2.2828038940000632
J. Léa Siliki,CM,2.1216929579888375,0.24263695531210555
J. De Sart,CDM,1.7090624147650697,0.8579798401561554
M. Sylla,RM,1.294741619599993,-1.0947957961278327
K. Boli,LCB,0.2872456399448116,2.359612568923042
D. Avdijaj,LW,0.37133351692783184,-2.627912904244658
Nauzet,GK,-4.7493246342469275,0.6857950180297231
G. Molins,ST,1.1425052460845393,-0.8734545030579289
M. Hector,LCB,1.114991249199308,1.5316741856733374
S. Andersson,ST,0.5425609871586163,-1.7353373579063809
F. Erpen,CB,0.0007788110139235658,2.2034193626664216
F. Meza,CB,0.7263840158832344,1.8063851245574118
D. Lemos,LDM,1.6102202666551542,1.655652392350323
Z. Kuzmanovi?,CM,0.7588620836858041,1.6919166746915473
Lisandro Semedo,RW,0.9525025051423095,-2.131268914235421
J. Prior,GK,-3.8437793648326934,0.3290817774555395
V. Salazar,RB,2.2793702362574932,0.18819583015208763
A. Diomande,ST,0.6484952973511614,-1.1980975979747772
A. Niane,ST,0.4507153169990537,-2.1517173468399986
Stephen Eustáquio,CDM,1.8228513491680614,0.8708708637467123
W. Montoya,RM,0.7491095984990185,-1.604228001220605
Kadu,CB,-0.6650384856279563,2.8063875660864546
D. Bentley,GK,-4.092818142904028,0.24220603216444445
B. Dr?gowski,GK,-4.2423248620709995,-0.05785632293123871
G. Mancini,LCB,-0.43954541528435626,2.2659792510525802
T. Clarke,RB,-0.9094012450613976,2.716561867949928
F. Boeckx,GK,-4.570631865572912,0.5465568743358673
Adryan,LS,1.0452476371934505,-1.6241010485924159
M. Grüttner,RS,1.0088841736108984,-0.9793793785331577
J. Cevallos,CAM,0.9341291228308436,-0.9702314093857008
L. Acosta,GK,-3.530236415640256,0.533883995735058
M. Guendouzi,CDM,1.6635748568309279,0.6656646817074293
F. Nita,GK,-5.007644194152953,0.6524132637483373
P. Ebert,LF,1.6262469352044362,0.043964127349676634
D. Marshall,GK,-4.48012324830275,0.0125359090425243
K. Peterson,LM,1.0456957165019465,-1.860835442555258
S. Lammers,ST,0.8703792254393374,-1.4466179529155567
A. King,CM,1.9211916008297831,0.6804803581942549
P. Mwene,RB,1.936554175135033,0.08891659062672845
Andrei Girotto,CDM,1.771114520663165,0.9594296800547321
Danilo Silva,RCB,1.5692699473485114,1.2254079723160471
B. Kuscevic,LCB,0.946223650562475,1.6519947955809098
D. Sallói,LW,1.5223114407777583,-1.5727846337085574
Ukra,RW,0.7148402868604307,-2.059437515753436
B. Acosta,LCB,0.12647195583300402,2.598023367306222
Tramontinaldo,RB,1.0793273121834286,0.2941499868510953
S. Hernández,CAM,1.6139199377835718,-0.09709124607407821
L. Lacroix,CB,0.4687229772468443,2.7353481597373186
A. Godoy,RCM,1.7035989144955777,0.9567959001101293
N. McGinn,RM,1.3564081372823273,-2.0325740752865395
T. Boyd,RM,0.6826024584849513,-2.657871675054588
M. Eikrem,CAM,1.1564038452793703,-1.27947953185734
Kang Hyeon Mu,GK,-4.574980368611804,-0.8532422038941343
H. Toledo,LW,1.622344420451585,-0.928716922195453
M. Lacen,CDM,1.150518525923619,1.0332803220989653
E. Adu,CM,0.6446957140568622,1.6391576750037156
L. Antei,CB,-0.7156709452315357,2.4450037197066066
Adriano,ST,0.4949044463358082,-2.0512203933783426
N. Foor,LCM,2.114986326405238,-0.8559821351195245
C. Quintana,CB,0.17067377016849758,2.575165837218414
Ângelo Neto,RCM,1.91174533523342,0.47125778449123723
A. Tinnerholm,RB,2.4611480011258107,0.7499989096658426
V. Verre,LCM,1.5713286619165272,0.2304076356330938
I. Provedel,GK,-4.561115742137035,0.08888808286274369
R. Herrera,CB,0.3523332835170876,2.0847887606620668
J. Féret,CAM,0.8833488766299975,0.26898446223211137
J. Attamah,CB,1.2082955742869435,2.030399996384259
Bremer,CB,0.7835310364979029,1.6300545139113167
Dorca,LDM,0.7389334993152731,2.124445044464158
Defendi,CB,-0.8933813504778209,2.8592014343878684
Jonas,LDM,1.2891258196489976,1.966036433808754
P. Armero,LB,2.3112713018106747,0.4589660038374556
H. Van Der Bruggen,LCM,1.4527754879581425,0.8348012656711197
L. Garritano,CAM,1.225839467248789,-2.064539847203046
K. Balanta,CDM,1.618597030042745,1.3361531443086887
Silvosinho,RB,0.5811825242670522,0.8868588351090815
Tony Muttinho,RB,1.6463841390062302,1.2166281299473278
D. Petratos,RM,1.9414061110900205,-0.4670413621210822
Manu Barreiro,ST,0.5010826901379997,-0.917451177254526
R. Köse,GK,-4.126896923063764,0.2030770712676834
Oier,RDM,2.067652906368393,0.8046292291391663
N. Rimando,GK,-4.376520837530927,-0.39539104319343016
J. Arzura,CDM,1.7202949356078776,1.5147187737262098
S. Davis,LDM,2.109083518757865,0.41098665942153617
Nacho Vidal,RB,2.079252993231202,0.31521066399695213
M. Samudio,LB,2.000716138312917,0.7699507393058972
M. Martin,CAM,0.5463565803430325,-0.20212732151795978
F. Cubero,CB,-0.13186809334258737,1.3203947522290151
R. Baca,LDM,2.5435195606890026,0.4418738400352002
Ivo Pinto,RB,1.7690897082270294,0.8238326298089649
S. Doukara,ST,0.9862243450767946,-1.6113657286594958
Y. Shakhov,CAM,1.7102041053717685,-0.20521397856691884
O. Çek,LB,2.085606549892854,-0.09292386550622452
O. Zinchenko,LB,1.9380279892607115,0.08024744124380954
S. Limbombe,RM,1.0188521969365758,-1.8863867020505558
K. Galanopoulos,RDM,1.717420401474639,0.5706564618495052
Feng Xiaoting,RCB,0.3301739701912956,2.149688385044325
M. Jevtovic,RDM,1.5136832334430588,1.5084486861547328
Arroyo,RCB,1.174037065446977,2.0221394925689204
Joel Pereira,GK,-4.474441273603603,-0.09357669648026207
Xavier,LM,0.8765047688456498,-1.8580593554464655
E. Remedi,LDM,1.3556146537882259,1.4930218973646787
L. Mare?ek,LCM,2.019467785202936,0.831349078477071
C. Martina,RB,1.4116398108329806,1.313961421979637
K. Sugimoto,RS,0.5535450468246875,-1.8477304223346553
A. Wilkinson,RCB,0.44434259172298485,2.329619807586529
Mano,RB,1.7202349497050453,0.24406402618608886
B. Rienstra,RDM,2.144047820015082,0.6239928693212042
Z. Kalmár,LCM,0.7028706685484016,-0.9232307438672666
P. Aquino,CDM,2.21972674218622,0.39575424671985393
R. Faty,RDM,1.34760301894039,1.9946045492337536
M. te Wierik,RCB,1.2153114217934375,1.5460830787076347
J. Callsen-Bracker,CB,-1.2866421867027258,2.349418165866773
J. Isijara,RM,1.4023882237974015,-1.2000632289916224
R. Torres,CB,-0.5101692453322052,2.35000749680252
M. Çelik,RB,1.5844526449539968,0.7559290006642664
B. Sharp,LS,0.3765489301486077,-1.0202485413368825
T. Tomiyasu,RCB,0.8884805912695114,1.7959279716782397
G. Thorne,CDM,1.4146477628888998,1.1165361593014913
O. Rashid,LCM,1.7575245814742808,-0.24094953053969165
M. Al Owais,GK,-4.240253793940905,0.10617782571662548
S. Palacios,RM,1.4757150537790789,-1.688952896966434
D. Benlamri,CB,0.6065169184083148,2.4036698892114403
O. Haddadi,LB,1.0070155673534327,1.7663665739773664
N. Kati?,CB,0.837181143300415,1.7299354024303684
S. Thern,LCM,2.311237115403986,0.26324723813942785
N. Bitton,CDM,1.3687657112340048,1.7782933841740605
A. Søderlund,ST,0.7128394454642176,-0.5783919233258704
A. Ateef,LDM,0.8535600352952846,1.3786202223919455
E. García,LB,2.029062541201324,0.824220541829353
Alexandre Guedes,ST,0.34771354685667727,-2.18181709483693
R. Hilbert,RB,1.5955643300026796,1.0896671879155508
Álvaro Lemos,RB,2.0396397246965066,0.37390383448380377
Flávio,CB,-0.2443404097912992,2.9225125476173948
Pombaxinho,LCB,0.1122916514542992,2.339845385704917
R. Sawyers,LCM,1.1773872521332622,-0.6340509769892627
D. Leki?,ST,-0.27383368901722,-0.9652448890844953
N. Champagne,GK,-5.077861441596533,0.2987460089701766
Fábio,LB,1.4108829931892988,0.5288114796577598
Deivid,CB,0.9643351567686408,1.8117569884146318
B. Hämäläinen,LCB,1.4890493808351686,1.4014093481108565
S. Dubarbier,LB,2.097456821929135,0.9126582319438753
L. Cavanda,RB,1.705749892947157,0.6898106168160212
Patrick,RB,1.5470443871947286,0.5893421523390124
C. Cisneros,LM,1.0786431762549726,-1.1851109309543102
J. Brownhill,RCM,2.4189567946067845,0.4405247211866862
Heitinho Zanon,LCB,-0.23072804481049752,2.575287503461939
J. Bolingi,LW,1.0746233881066036,-1.8672577373136592
E. Conde,GK,-5.76351714521842,-0.5278157496559588
T. Hemed,ST,0.054128053442287445,-0.6632393960648656
L. Krajnc,CB,0.6945239648984542,2.0866049684563373
P. Terracciano,GK,-4.787025264532043,-0.053563157522846405
N. Pasquini,LB,2.120944454460807,0.471705119527678
G. Acosta,RM,2.411312206175067,0.25985302069372707
Fernando Boldrin,CAM,1.3426260142446844,-0.1384591327369741
Fidel,LM,0.5668231969821586,-2.1030233459959735
M. Rodriguez,CAM,0.5161006053731376,-1.9831323542972696
K. Sema,LM,1.622592591899601,-0.6302620662149814
Y. Candelo,RM,2.017817245218436,-0.6995940420496104
R. García Guerreño,RCB,0.369608792953268,2.103638281373932
A. Maitland-Niles,CM,2.2627939891655555,0.013051101733425755
Nathael Silbeira,GK,-6.198675130679072,-0.12139305718176795
Marco Rocha,GK,-3.513383855772642,-0.6498155397997897
S. Colombi,GK,-4.504061239332269,-0.15080664262126828
Unai Medina,RB,1.9283839141195722,1.237573780683391
Jair,LM,1.6131908215328625,-0.7475255770289875
J. Lynch,LCB,0.010355914915838647,2.3211388383066636
C. Fai,LB,1.4297313903617246,0.7841444491304329
M. Rygaard,ST,1.1575681444891253,-1.0590924375569288
M. Djenepo,LM,1.3123410771797082,-2.0712171013560994
M. Männel,GK,-4.395040983703217,-0.08637254376262508
M. Dawson,CB,-1.8018405207433215,3.0774949614485676
Cristian López,ST,0.9498059667624802,-1.2552243859330414
A. Esiti,RCM,1.0748430087853917,2.9082093403824487
O. Govea,RDM,1.4135626470795883,0.8091434460809727
Eduardo Fonseira,GK,-5.551973811592529,0.49680044567721293
R. Beerens,RW,0.46978572662125795,-2.504680556306432
Sebas Coris,RM,2.1089826416394817,-0.16982136071684428
B. Róchez,ST,0.1974523129300342,-1.9628617353609672
Carlos Martínez,RB,1.193691499988763,1.3282370548061921
Cao Yunding,LM,1.1718258426334958,-1.5964108399848245
Eguaras,CDM,1.6200027135258255,1.1802123564850016
O. Pérez,GK,-4.31989678178254,-0.20811454389454823
J. Siebenhandl,GK,-4.120168187727097,0.5021471966717086
A. Kolomeytsev,CDM,2.4948147220824892,0.6746395854225208
Crivellaro,CAM,1.2267130962384258,-0.0003403146630504771
L. Lollo,CM,2.2823790121708187,0.20067491901938836
S. Maguire,ST,1.291132899199119,-2.255250056888431
Cafú,RDM,2.303857247472569,1.2190394057599903
Zapater,RCM,1.2309747315024093,1.458266367660578
J. Botaka,RM,1.5515339363649705,-0.48589102555271046
J. Böðvarsson,ST,1.1498654396586006,-1.1716050698698974
N. Sarenren Bazee,RM,0.7872243669266189,-2.4261846218393943
R. Bianco,CM,1.64498374139558,0.8626775515911868
O. Ad?n,RM,1.1532874259862598,0.13518982863264487
A. Peši?,ST,0.7713563341056479,-0.23282736593724662
G. Hendrickx,LDM,1.8131307276077342,0.5041154968575625
J. Hochscheidt,CAM,2.0158158798507095,0.04273032070898161
J. Cabezas,CDM,1.859809120162299,1.3442816066332366
Jony Reitosa,RB,1.0432370580342547,1.596092750604814
P. Šteinbors,GK,-4.25518907167983,0.18443872187304677
K. Çörekçi,RB,1.7977874114803716,0.5377399063117566
J. Murphy,LM,0.706739784497797,-2.6420311708958755
R. Gagliolo,LCB,1.187937147497053,1.312453791386206
D. Solanke,ST,0.6206463757426047,-2.0874069494443233
F. Sacko,RB,1.4278721994381225,0.8499325326688052
J. Sýkora,RM,1.7029064886075087,-0.7870054307377626
D. de Buen,CDM,1.8357802567292436,1.0787699013051937
F. Veseli,CB,1.0329962661700829,1.1282294909146606
A. González,RB,2.6046193466431844,0.36313714973685474
D. John,LB,2.164967945482481,-0.05427770769611943
D. Ousted,GK,-4.895270894969922,0.1498280421158082
A. Preciado,LW,1.1435212903445302,-1.836575720287954
Filipe Chaby,RW,0.6334453012284262,-1.6912065884218952
F. Torijano,CB,-0.03864543443340566,2.295115728278895
J. Valenzuela,LCB,0.420327961968005,1.737921445743511
Barbosaldinho,LCB,-0.7293125434766422,2.889007977734366
Santi Comesaña,CDM,1.3539114794230316,0.5663758404842444
Luís Machado,LM,0.7408077567249055,-2.7232701713523952
Han Chan Hee,RCM,1.7278815783508283,-0.5174027849467081
D. Geiger,CM,1.1928702441420875,-0.46451898108941514
F. Bradari?,CM,1.3252012508263213,0.9822345037523057
L. Figueroa,RM,1.5883165435798823,0.29972662575433456
K. Stuhr-Ellegaard,GK,-4.2011608773457265,0.6828137246140051
F. Zampano,RM,1.6677978462241179,0.9783137793788883
U. Hünemeier,RCB,0.2611273731239111,1.7316372506539712
A. Canelo,ST,0.8372442634650764,-2.2361432415115403
F. Ogier,LCB,0.012624927559046335,2.478050532171211
Luiz Antônio,RDM,2.1935934150591327,0.6126545378330349
J. Maclaren,ST,1.5166688199123926,-1.0479275144547364
G. Þórarinsson,LM,2.1828103693145233,0.4806979489857156
B. Leroy,GK,-5.619083272481509,-0.6778193657964402
M. Sampirisi,RCB,1.0165173985741567,1.7099244898606798
C. Higuita,CDM,2.064104670045491,0.7807024876200394
Wilson Manafá,LB,2.008188705124602,-0.20440953126927755
B. Bariši?,LB,1.608422742193536,0.9131914196706856
João Lucas,LB,1.6602974544912383,0.27463604998041447
V. Kadlec,ST,1.1463270400898837,-1.6611791787328343
S. Lundevall,LM,0.9903580506515148,-1.3196298547208478
Alberto Benito,RM,1.5874622936928515,1.3135883221657287
H. Mendyl,LB,1.89061869183681,0.5483669741270596
J. Paintsil,LM,0.8491556980735987,-2.367823034815182
T. Martínez,CAM,0.5896455692402969,-1.7590968071276045
M. Thorsby,LDM,2.338927438382849,0.9206699759736957
B. Berisha,ST,0.3597552868137615,-0.9385364442887736
Ramón Folch,LCM,1.3574828888866541,1.7186386017552258
S. Janko,RB,1.593588831267698,0.6513923519258826
Nano,ST,0.7945939096643638,-1.6391699261347301
C. Ganea,LB,1.632148163707776,0.3268583766525438
Braga,LCM,0.787278960598623,0.19442396946878684
A. Hutton,RB,1.2858119696202086,1.325354963610768
G. Campi,CB,1.0629690792719542,2.4828448408939177
De las Cuevas,LM,1.7355933831735697,-0.26946703619391027
A. Feick,LB,1.6853998500042153,0.6423953299924191
Edson Farias,RB,1.9116460518585343,-0.21919906928868763
Lucas Possignolo,RCB,0.21397397813120855,1.993660138722369
G. Makaridze,GK,-5.207515966721079,0.4078189520457003
Kim Bo Kyung,CM,1.7811922464748409,0.16729394249568397
M. Michel,GK,-4.693115052645971,0.008487231628193606
O. Kemen,CM,2.4013867747480346,0.6469798411727282
M. Saito,LM,0.4706392535789596,-2.828899869139762
M. Kelemen,GK,-5.417337992263644,-0.040791897345004394
Lourival Dinisco,LCB,0.2658029943316481,1.574831204038951
Jairo Farnias,GK,-5.0330318467173285,-0.34541408678394026
P. Anton,LDM,0.9086340774760002,1.1757023056428033
S. Popov,RB,1.7312118707619875,0.5588594947689663
Y. Kakitani,LS,0.8140258490840164,-2.417520826528233
E. Rolland,RCM,1.7236086844886225,0.8065173600344576
G. Suazo,LM,1.9419233740965915,0.185085261117489
E. Falkenburg,ST,0.04534575068540751,-0.9795864768814707
L. Landre,LCB,-0.05762266380232066,1.9068251667655642
S. Vergini,CB,0.5539144561224518,2.378042689943293
Carlos Gutiérrez,LCB,-0.23053065930772057,2.5868790724648676
J. Bokila,ST,0.5445526026618536,-1.341767551695087
T. Kristensen,RDM,1.5257480848066574,1.2272968766845722
G. Bellusci,RCB,0.6810773455268043,1.4636966278809422
H. Nielsen,ST,0.7993939658757794,-0.9282386017134673
C. Ramirez,ST,0.5133291853116677,-1.2157470677420692
D. Cabrera,CM,1.7023114425090922,0.7898752635275844
G. Mackay-Steven,RM,0.8286457922595788,-2.0237886821042435
F. Platte,ST,-0.02408415587063457,-1.3031732911666283
P. Pentke,GK,-4.175937433898642,0.7980229709429715
M. Liendl,CAM,1.0281473569734705,-0.20467272128885874
F. Seymour,CM,1.9147763830771833,1.0301477789257343
R. Ripart,LM,1.304615326067716,-1.4003837966006791
Gerard Valentín,RB,1.8088134846692556,0.21359215935975237
F. Schultz,RM,2.244101999920428,0.18658209824719846
L. Tra?ka,RDM,1.1468025775407118,1.8065244810995322
A. Dona Ndoh,ST,0.25434766046874374,-1.8653839107301375
M. Yattara,ST,0.5682731743697302,-1.7924610430068
R. Nelson,RW,0.8214077145911947,-2.4430442711951486
M. Torrén,RCB,1.0601316085872226,1.5831687729289554
S. Kerk,LM,0.26450987241032736,-1.621514037935885
B. Davies,LCB,1.040362440038455,1.3811403030795122
Iago,CB,-0.2332931512662061,2.488712565887001
Victor Fachinhas,GK,-5.312799159204517,-0.05125035807009944
K. Leerdam,RB,1.9839735171330142,0.5362986734016265
Javi Ros,CM,1.7161812919811534,0.5044669978818302
C. ?ahin,RM,0.9587586434649608,-2.4266492688393693
M. Matos,LS,-0.5542482980304178,-1.0946884131832655
William,LCM,2.378234747729628,0.3701927183177083
J. Delaplace,LCM,1.546593954558521,0.7379264332083173
C. Janker,CB,-1.3077260251870049,2.2601459065324807
B. Heynen,LCM,1.3262734999570525,0.40838685864875546
Bismark,LW,1.2889463259855332,-1.855165679455399
Ortuño,ST,-0.005244373454019789,-1.759575587071407
M. Azira,RCM,1.7464130783738456,1.1348456193895464
J. Rodríguez,CB,0.24081147430712033,2.060884675151667
F. González,ST,0.9833145316910562,-0.9624398486697886
M. Falzerano,RCM,2.2038318516104627,-0.5017304238733638
C. Ascues,LB,1.6117150133447082,0.9395710805719432
Akapo,LB,1.6521667345530473,0.7225576196526965
M. Friedrich,RCB,0.39741922852074146,1.9126717508891105
David Fernández,LCB,0.35249570520189216,2.3708221286464726
R. Ziegler,LCB,1.5895771683312658,1.0401309182843068
A. Ábalos,LM,0.8370557662074833,-1.971764156316417
V. Sar?,RCB,1.3764506892033417,1.2739196092174632
D. Keet,GK,-4.550736164199928,-0.00965693045642072
N. Leyes,CDM,1.4674747999272615,1.8699870965218053
P. Hatzidiakos,CB,1.2069895927262284,1.4832593800495395
J. Makengo,CM,1.978714505148268,0.1779819248886883
D. Opare,RB,1.9831519746623396,0.07670183091980211
D. Schmidt,RCB,0.26372505561318077,1.8054337548056496
L. Castaignos,ST,0.33063617278375595,-1.3530237183878375
R. Azeez,LDM,1.8031699069091143,0.4380235828614501
D. Antoli?,CM,1.0010977932884542,-0.32056071772469624
D. Jevti?,CAM,1.2421120859493113,-0.755264509689916
Y. Kobayashi,CM,1.6622471739254792,-0.41796925818482245
E. Seka,LCB,0.4781507100680057,2.6398229244130818
M. Volta,LCB,-0.2768512194109624,2.2575302455844497
Aridane,LCB,0.36699480911965604,2.602116557761084
B. Schenkeveld,RCB,1.399303948276103,1.4948356762408825
Allan Ardaújo,LAM,0.8406429214308441,-0.6550105538045734
M. Bero,CAM,1.942215433702235,-0.1521350104600607
C. Chantôme,CAM,1.2249135621712455,0.7616489058225883
D. Hoesen,ST,0.5211056123438315,-1.742313525162241
A. Machado,CB,0.40028983536222495,2.2428349499392133
Rodolfo,CAM,0.9364350693325124,-1.9656511360917073
M. Targett,LB,1.3620887892407794,0.9464693747629815
R. Dwamena,ST,0.9755350893621213,-1.93437299824358
K. Laribi,LCM,1.7636376844492856,-1.4464320691787786
Bruno Nascimento,LCB,0.5901008637714522,1.4985450140024639
J. Souttar,CB,1.2816468962002845,1.6508585249807748
L. Faravelli,LCM,2.3076412144878526,0.5837861937136739
O. Okwonkwo,LW,1.6071597479535074,-1.413935159569006
D. Zuma,RW,0.964146366357897,-2.157031959030697
J. Busk,GK,-4.662362237636276,0.4419270997612234
D. Delgado,RM,2.1344212823854973,0.07185483036985997
N. Mihajlovi?,LW,0.6749320702169231,-2.207751465322728
Lucas Áfrico,LCB,0.1323318404559812,1.686687878858234
D. Lévêque,LB,0.8500317984808167,1.2969585023023738
R. Himmelmann,GK,-4.738286032942885,0.39984115565503525
Y. Kashiwagi,CAM,1.0738059860477225,-0.30647739730339013
A. Rrahmani,CB,-0.39094491888729227,2.653382679961534
P. Sagna,RB,1.5443685192330205,0.9749394763456166
J. Archer,GK,-4.597771710184826,-0.19261691835737255
M. Pedersen,ST,0.48737314401675674,-0.5670777684285107
P. Helland,RW,1.1307035678597703,-1.0591005477186353
Y. Moreno,LM,0.7140449397553357,-1.9469176984933247
K. Hämäläinen,LM,1.4065735358406284,-0.6636105081097601
S. Pocognoli,LB,1.5604093913704535,0.7897493911680961
G. Leadbitter,CDM,1.2990525333678702,0.9145118139198931
H. Quiñones,LB,2.0292272187570695,0.19136610260491718
Ansel Barnisco,LDM,1.560164669606008,1.3121466081912494
I. El Adoua,CDM,0.8134061718665534,2.104838173964874
J. Angulo,RB,2.0577114339624734,0.4302830419984563
J. Berthomier,LM,1.5101395855847994,-0.35905481500339875
E. Rolón,CDM,1.128452257236989,0.9751890537886273
A. Fr?czczak,LM,2.3211875656582284,0.3613651970286921
R. Wolski,CAM,0.884680949985983,-1.4300771376956023
J. Pearce,LCB,-0.3577707146092615,2.8584036756848845
N. Moro,CDM,1.7157003672763365,0.29984692050663864
B. Aouacheria,RW,1.4049056266117863,-1.0528667014017918
J. McEachran,CDM,1.0340920896014052,0.2786798580897947
P. Wszo?ek,RM,1.8232720390931019,0.2538651647405019
L. Baker,CM,1.562754526150545,-0.16713808501061428
Alfonso Herrero,GK,-4.276808753607326,0.11036926936822185
A. M??el,RB,1.261802333804094,0.41095791444797286
K. Rosenberry,RB,1.6132553579122564,0.7525737636222907
L. Thy,ST,1.5461260953367344,-0.5287417849398072
Koo Ja Ryong,RCB,0.5019291002294507,2.0206209727066042
D. Fry,CB,0.26037196252166234,1.8807688399706353
R. Leeuwin,RCB,0.481348669419076,1.8858680072865508
R. Fernández,ST,0.6135761362024009,-1.688839537236899
A. Timofeev,CDM,1.4856798516849075,1.0651504936148295
Rodrigo Pinho,ST,0.17493213695657425,-1.7177587500022193
H. Vaca,RM,1.096014847639957,-2.306818527226276
J. Worrall,LCB,-0.35004007222657124,2.673977524022758
A. El Jadeyaoui,LW,1.0268367959917266,-1.531584892302704
M. Eriksson,RM,1.5690670017716988,0.14877638083450592
Y. Kalfa,RM,1.1672345669639657,-1.2941040974102604
C. Vilches,RCB,0.39706285046117773,2.0529514124308696
C. Dessers,ST,0.49347355475084714,-2.068547161626146
A. Kara,LDM,2.121457993373333,1.0635898717123917
C. Dunkley,CB,0.29498909392355366,1.9973323850260711
F. Deli,LCM,1.2774118463452169,-0.18717279184173202
Jefferson Santos,CDM,0.7293334895097536,2.009339264556516
Kim Seung Dae,CM,2.0907750675952856,-0.9287809360050082
M. Mancienne,LCB,1.0531730693508277,1.5531118212372446
C. Gardner,CM,1.2328878135465038,1.2220271872448552
M. Danielson,CB,-0.3771357775117107,2.3378045307267032
A. Seculin,GK,-5.382459771915816,-0.355639368075051
O. Hüsing,RCB,-0.09172962746500887,2.5393890957616954
A. Totovytskyi,CAM,1.0427896198122413,-0.9084198441249247
Fede Vico,CAM,1.2372345817070083,-1.1573232535941402
R. Robayo,RCM,1.1796854042283909,0.9660226808292901
M. Gori,CM,1.4978704104026601,0.8647239575533363
Miguel Torres,CB,-0.19111893669381957,1.755369103640298
Montoro,LDM,1.0947609878884752,1.659271672021863
N. Paz,CB,0.40765597229351547,2.518301484264098
U. Uçar,RB,1.4303628602916527,1.206755409680796
D. Blum,ST,0.7448039815707441,-1.6786713281461905
M. Hefele,CB,-0.18780837725361268,2.2566718327921467
C. Bieler,RS,0.07240984474336891,-1.5178617397292253
S. Johnson,GK,-4.222851398612294,0.359892197898461
K. Coulibaly,ST,-0.04039502837614618,-1.0687231657324243
Saúl,LB,0.6061466701390106,1.3067223256246046
I. Dia,RM,0.3486983692411195,-2.6278606179253283
B. Myhill,GK,-4.328157345223482,0.14955583984168816
D. Kuciak,GK,-5.142283907678777,0.5706993618997289
Pablo Marí,LCB,0.29113160806201394,2.3221209783375953
Moon Seon Min,LW,1.5068726846844553,-1.8727929792478477
K. Steppe,GK,-4.34536327605126,-0.3254706178909117
C. Insaurralde,LW,1.4679153898188708,-1.6349802479316486
J. Domínguez,CDM,1.416536092313885,0.9866183649051226
L. Gregory,LS,0.5070179885180275,-1.5721106120740826
M. Mittelstädt,LB,1.8760605539949737,-0.2506416700739863
M. Romero,ST,0.267279291407001,-2.0936128327956323
D. Damjanovi?,RW,0.3045354140605415,-1.2038090365344034
Alam Basteirinho,RAM,0.19237331836575272,-1.0256959575487643
Lee Seung Woo,LW,-0.0982897813702169,-2.940571355220892
N. Gorosito,CB,0.8639032693389842,1.3338164992213717
M. Trávník,CM,1.1610473586050165,0.4660101490395896
G. Gardner,RCM,1.4853049658445143,0.9674205591560734
Lee Seung Gi,CM,1.7555281972951453,-0.2749308495801644
C. Forsyth,LB,1.5445251689002872,0.9262156492287451
D. Lenihan,CB,0.8975528698917149,1.502179152197559
F. Klein,RB,1.9391067545307494,0.3084629378355046
A. Weber,LCB,-0.6074318120163731,3.2415660887693294
F. Haugen,RCM,2.127573022897176,-0.07242337071956503
T. Bruns,CM,1.7998478376489697,-0.10918351182090806
C. González,LS,0.24622819611287572,-0.9345444213312856
M. Coronel,RCB,-0.8395897038351084,2.1587640058481803
M. Schuhen,GK,-3.791386140245679,0.2664648985331157
J. Knudsen,LB,1.3393039799595734,1.2348404664833232
Q. Martinus,RM,1.498744179574033,-1.2039065995360625
G. Gianniotas,LM,0.8429761127700358,-2.2366514170928786
F. De Paul,GK,-4.305605243982554,0.16415673525356916
Kangin Lee,CAM,0.12524286151913624,-2.358174866177109
N. Carreño,LB,0.9993819398766202,1.8649744245938693
J. Sánchez,CAM,1.8985120306446657,0.8275872999641404
Lee Jae Sung,CB,0.32372591553263425,2.449928731255785
Kim Eun Sun,CDM,1.6963242018256852,1.0224239644716733
D. Moreno,CDM,1.5863052972264688,1.7437728945984794
A. Isaksson,GK,-4.2767651468027355,0.3802767617601142
V. van Crooij,LM,1.3613435096907327,-1.8331510689746358
M. D'Alessandro,RM,0.8375853944245601,-2.7855172166312903
R. Windbichler,LCB,0.8940232036115042,1.8646575904309362
C. Corvalán,LB,1.4917077243624846,1.3552134695741922
C. Adam,CM,0.47160716845498357,0.7939729196571997
Renaldo Justinho,CAM,0.6978505294303933,-1.3394299271069845
Y. Wissa,LM,0.7173033302726042,-2.7525584617286576
A. Saldívar,GK,-4.707657577144394,0.42495866941627564
A. Stoian,LM,0.4635800096964092,-2.773149253550092
N. Obiora,CDM,1.3579485241089584,1.989073115366325
S. Salger,LCB,1.056846137881712,1.5249795417956162
B. Meling,LB,1.6378256722904458,-0.2055052754187191
Macarinho Louro,LAM,0.4616445945916027,-2.163226387528799
S. Ireland,CAM,0.14927946921477334,-0.5578129026215476
S. De Ridder,LW,0.7524794160586655,-1.6298671347455165
M. Coutadeur,LDM,1.948888488083708,0.36471657250094425
W. Grigg,ST,0.954107850194214,-1.3281145788179207
K. Barbarouses,RS,1.6724694558105744,-1.752220847744624
Ricardo Ferreira,GK,-4.640266897964131,0.2677035830173019
G. Belaud,RB,1.4625621040166243,1.1948245234570951
Clerc,LB,2.5002637921124164,0.441103876335402
L. Mugni,CM,1.3013010934920326,-0.5161105172478105
A. Faurlín,CDM,0.5238914257406034,1.5158523428594466
M. Barbieri,CB,-0.19181251463249915,2.002240360201202
Javi Guerra,ST,-0.510299018255895,-1.0624163758511134
R. Braña,RDM,0.2361865686349792,1.0587386046443192
L. Benegas,ST,0.7426265440709459,-1.1240620133854653
S. Hogan,ST,0.514484076169585,-2.123917147496385
Pêpê,CM,1.2635596758256213,1.0196999548477208
Park Joo Ho,LCM,1.4415114667122058,1.3661771161619731
R. Maiello,LCM,1.3568924713911183,-0.2060369858492674
B. Guillaume,LS,-0.6031757595320992,-1.2428634487211514
Vinicius Trieiro,RB,1.415708588691007,0.8519890295492188
Christian Fernández,RCB,1.1146304311604172,1.2724347432314265
F. Fragapane,LM,1.4620494145323069,-1.955282095688282
A. Chipciu,RM,1.4062551951338624,-0.32436520826939574
E. Koulouris,ST,-0.16295896016625708,-2.390162415521171
Raphael Paneira,RW,0.3249670339665162,-1.3470161396272367
C. Espinoza,RW,0.6769137730750467,-1.9925366031881007
C. Borja,LB,1.8308404923804604,0.28508785082992205
M. Pouraliganji,RCB,1.692973900660449,0.6490108615741303
Jailson Oliva,RB,1.402015277854938,0.36687141508143595
Jordi Mboula,RM,1.1974373028565095,-2.003727782628174
F. Hasani,LM,1.4056897532715982,-0.9923027937325946
J. Sambia,CM,2.317402800176357,-0.07680628550246062
Jorge Sáenz,RCB,1.5688347448736675,1.6670862078779074
P. Mahlambi,CAM,0.9972661708953825,-2.1582935592437704
D. McGoldrick,RS,0.9170219024996136,-1.6966420817364887
G. Kagelmacher,RCB,0.955620088395913,1.6762745346479067
N. Leali,GK,-5.4489035188135135,0.5620493208072316
M. Pospíšil,CAM,0.7706186794799157,-0.27559916112945043
A. Aguerre,GK,-4.381992024527332,0.03274356065145678
M. Robak,LS,-0.2468126801691673,-0.7838937229204469
Javi Márquez,LCM,0.5164081084614194,0.4213461967487041
C. Ramos,LCB,0.3766725435510499,1.7901496748323358
T. Bunbury,ST,1.0622373176922115,-1.129023329767159
D. Cvetinovi?,LCB,0.9218443629471235,1.5836613713796441
L. Ajorque,ST,-0.28031527315246185,-0.9130174081545532
R. Nissen Kristensen,RB,2.107022357317665,0.7527686773502495
T. Hiariej,CDM,1.8830595939116634,0.6810394253193512
J. Marveaux,CDM,0.868118632142781,1.6888685904855212
M. Kone,CM,2.228973713517566,1.1615192398819785
F. Holland,LB,1.4038689040332033,0.9664999428139533
C. Suárez,LCB,0.5715898615139767,1.5099428743146628
B. Safari,LCB,1.3550810842789662,1.5543332159531789
M. Varnier,CB,0.8452872249325293,1.685549471663779
B. Kadrii,LS,1.819579263419618,-0.6185094752822407
J. Paredes,RB,1.525639676663919,0.7491278255447618
Aitor García,LS,0.9084838522545635,-2.296825803512624
L. Spalvis,ST,0.6207417773984534,-1.289811692052872
M. Stoppelkamp,LM,2.0582310764637444,-0.46702948807320893
T. It?,LM,-0.3429850067225916,-2.752991483265197
Nenê,ST,-0.3203769816918971,-1.0480752826907413
C. Strohdiek,CB,-1.792213227326647,3.153782490331255
J. Brabec,CB,0.39424744667933836,1.6123028063699776
S. Çikalleshi,ST,0.48882441409998223,-1.1350336099841585
L. García,GK,-3.788332506956355,0.30853171088559445
M. Wasilewski,RCB,-1.2663090932312955,2.3225743123575247
S. Griesbeck,LDM,1.2080566282302756,1.9193677758548795
J. Benítez,LW,0.9648721043864098,-1.6124921363043587
Diogildo Peixe,LAM,0.5571663694503933,-1.7924104947030193
N. Ibáñez,GK,-4.530746583654661,0.0869997440713661
I. Uche,RS,0.27678998124840565,-1.452200747540881
D. Dessena,LCM,1.7183743318726303,1.1890467841385017
R. Ovelar,ST,-0.2780475754719741,-1.1600630343338743
V. Mannone,GK,-3.6705599309197185,-0.3489762696227915
J. Gillet,GK,-4.788197864450133,0.24253185935222696
L. Venuti,RB,1.0310966166500384,0.8426097322538972
J. Meneses,RM,1.3458259925402936,-2.191175230986618
G. Maniatis,CDM,1.3279482506673717,0.893974076600061
A. Mabil,RW,0.6837675519128084,-2.888910488731835
M. Olivera,LB,1.5326480458358358,0.6153269159937089
J. Madueña,RB,2.2667915070769,0.6057431403478252
R. Kurzawa,LM,1.4635688558804727,-0.0373969044261378
F. Pellegrino,GK,-4.707791217911897,0.31511712410203646
N. Ampomah,LM,0.9523269582067967,-2.0566958214160787
C. Fuentes,CDM,2.0539076915883414,1.1275875503622417
O. Burke,RM,1.3817459080968195,-1.4477088236326547
Sandro Manoel,RDM,1.88261011341745,1.5520350081649137
K. Dowell,CAM,0.5771355123743895,-1.4813669332726889
N. Leguizamón,ST,0.5986502104682164,-1.7345445743557937
G. Espinoza,RDM,1.364823365400508,1.023615819514167
A. Bali?,CM,0.8330267849737231,-0.07948879648748627
M. Dos Santos,CB,0.4715386766929788,2.133032460771177
Breno Bemposta,LDM,1.2189629184228987,1.6970213627618602
B. Capon,RB,2.199362893416725,0.21710079946264296
C. Hudson-Odoi,LW,0.8361918986853342,-1.862161719833865
Ruiz de Galarreta,RCM,1.5716446771701662,0.3004660293690367
V. Osimhen,LM,0.17039160644318965,-2.107179653671734
Mauro Júnior,CAM,0.7870294129996772,-2.0207492764968547
M. Casierra,LB,0.8986210844249285,1.3215265188432601
L. Cáceda,CB,-0.7317394846406552,2.688867291306067
B. Nieuwkoop,RB,1.5051130976997635,0.9973445796103734
M. Cash,LM,2.1843008462665443,-0.6005417724981735
P. Huntington,RCB,-1.3000585850183308,2.7357598196194717
A. Palo?evi?,CM,1.4347924666213678,0.07838685974923756
L. Sequeira,RM,0.6052930267695381,-2.2542960772942333
A. Bouka Moutou,LB,0.9162504595113915,1.2503358892099947
I. Saadi,ST,0.43007102674986847,-1.6842830746700055
J. Shackell,LCB,-0.11278074596814384,2.1535411041651726
D. Wheater,CB,-0.3204601182586579,2.4488223436439753
L. Tomlin,CAM,0.5461580489281773,-0.9568039426841051
N. Viola,CM,1.4629777316715584,0.46654906004131386
O. Shevchenko,GK,-5.6923375891254695,1.0376844237509115
Marlinito Dias,CDM,0.32649277305860597,1.9124465256160599
Marc Cardona,ST,0.2867010095842877,-2.384199778919822
J. Rivierez,RB,0.8541649948020357,2.4106833950525846
A. Crescenzi,LB,1.5269759065361606,1.1100225465140483
José Arnáiz,LM,0.8755948060337007,-2.0212681589745163
L. Giannetti,CB,-0.4156275167563871,1.9790547229838162
R. Boffin,GK,-4.2240899141982755,0.14002735621256174
R. Ramírez,ST,0.8457664380200911,-1.8907868761687665
D. von Ballmoos,GK,-3.9625043938528917,0.8293659966502936
T. Carson,GK,-4.5753163556415855,-5.408784112510901e-05
T. Tawatha,LB,1.4944202844046652,0.5501650511547015
J. Martins Pereira,RB,1.3478411905877878,0.9092716967163842
P. Gallagher,LDM,0.7804308229168109,0.17034409320738989
M. Morrison,RCB,-0.2311150758317295,2.662638408787732
C. Fierro,RM,1.4965937138117773,-1.9842131194358723
Bruno Moreira,ST,0.37450668391323294,-1.2954916828905891
F. Ayité,LW,1.1954997819195088,-1.905289531489949
F. Zuculini,RCM,1.617837279180269,0.5269978649595157
J. Morrow,LB,2.1217780701123123,0.636627012223365
Vítor Gonçalves,RCM,1.6017353672728742,-0.21112514670064958
Wei Shihao,RM,1.3873029772008212,-2.1072545678727765
J. Cuffaut,RB,1.4255953569675703,1.3722341913591507
Y. Touzghar,ST,0.3762745427361459,-1.9109911847317405
L. Evans,RDM,1.2186022112894508,0.8924496170912642
Luan Sendeiro,CDM,1.2131029270858396,0.7231686092546646
Iriome,RM,1.5399206040087674,-1.542739902013948
J. Cortés,CM,1.7803354778072575,0.42340693060847856
E. Bologna,GK,-4.701541505954322,0.5083290632212786
A. Batalla,GK,-4.624038155311838,0.4864890448700843
M. Formica,CAM,0.0775754239259592,-1.9908406838109973
J. Robinson,LB,1.0438805552733033,0.8146415483680075
Matheus Cunha,ST,0.14580809575132564,-2.538129671900176
M. George,ST,0.36989913100010213,-1.8974227157660066
Nino,ST,0.4055638381426301,-0.9075395510771558
X. Kouassi,LCM,1.7183676158636183,0.905973826846412
G. Kerk,RS,1.159972303123127,-1.9784384605801835
J. Bacuna,CM,1.6308315076249977,0.16756609359862068
Y. Boli,ST,0.8208128265252517,-1.1875086872700102
Lasure,LM,1.3438727144862301,1.5077734652236974
J. Van Rankin,RB,1.3643582041679883,0.8497411751890835
S. Luperto,CB,0.7555718663638349,1.3964640324857411
Pita,CDM,0.5990952619335821,1.5762566386605057
Dani Jiménez,GK,-3.893222620985743,-0.19249309749073698
J. Williams,CAM,0.4674640157761149,-1.297957024872452
Philipe Sampaio,CB,0.08504602792948253,2.8085255044496513
D. Sow,RCM,1.8933190029037643,0.28893460850264674
Sevinho Santos,ST,-0.1353682308209827,-1.3119546077213022
M. Paja?,LM,1.9145407055451473,-0.3584729085024238
J. Domínguez,LCB,0.7575395250615415,1.6850332665355567
J. Wurtz,CAM,1.4859309946634296,0.2690051670896069
Derley,ST,0.6014309946044185,-1.1911786225372853
C. Coosemans,GK,-4.397553771827079,0.026991344421513807
Gabriel Xavier,LF,1.0169245907826812,-1.5305716577526223
H. Moukoudi,RCB,0.26721811200400214,2.6720274992162913
N. Dyer,RM,0.9729060921904038,-1.8958222956562618
H. Menosse,RCB,-0.1836047118435073,2.448321963149003
César Arzo,CB,0.475017467095736,1.8680209005022264
M. Manotas,ST,0.7213213720381483,-1.9950961894379171
Waguininho,ST,1.8345620455206062,-0.42223513682134345
A. J?drzejczyk,RB,1.690788568531936,1.237420080088057
C. Diandy,CDM,1.5152733490975838,1.0947105355415898
J. Toledo,ST,-0.7539718808692517,-0.3216250422400768
W. Zahibo,LDM,1.2480216707424345,1.9712439062713298
J. Dudziak,RB,1.9630095088584851,-0.1371324647547775
P. Franco,LCB,1.302022990875369,1.2513302194119733
R. Jenssen,LCM,1.85514888266196,0.6000762943312873
Dodô,RB,2.0849515829002856,-0.20117105835615207
M. Donald,RDM,2.115976162536103,0.6416990566954136
A. Sissoko,LDM,1.664346469625056,0.9196886650156427
Renato Chaves,LCB,0.10490033555270749,1.7930356111587717
M. Odubajo,RB,1.8735701584611077,0.2931206850721624
W. Vaulks,CDM,1.6370249535577484,1.189180111989259
Y. Al Shehri,CAM,1.0002758665508267,-1.4419452226365093
D. Cerén,RDM,1.330855577459547,0.9799419649804582
E. Arango,RM,0.8719144479989295,-2.4557720616322896
C. Mandanne,LS,1.350935417948536,-1.6997985787963923
C. Traoré,RB,1.547898732587961,0.7833901351785342
F. Acuña,RM,0.9260910157684394,-2.1307186933868523
D. Aleksi?,CAM,1.34967923068639,-1.5846179007378955
L. Boyce,ST,0.45992637607665976,-1.1793854045514656
J. Scowen,CDM,1.580427352787509,0.8435224196427187
J. Murillo,RM,0.76196213969168,-3.5890020288546625
J. San Román,RB,0.763511619455353,2.0647405359341104
S. Štili?,CAM,-0.04723853129392143,-2.073967317773895
M. Y?ld?r?m,GK,-5.7081622158095,-0.23501041447392407
Gus Ledes,CDM,1.8148733433716873,0.5037503908880667
R. Alioui,ST,0.5130052130208915,-1.5260098576359027
V. Huerta,LCB,-0.7340304070996414,3.076581512701498
S. Kaya,RCB,0.6315067235975412,1.5300833932581244
S. Delev,RM,0.7681056702528546,-2.6593335737659767
K. Ehizibue,RB,2.59371834820906,0.3302325884553702
D. Larsson,LM,1.4879151810657358,-1.705519447214524
B. Urribarri,LB,1.3569729048015622,-0.18691839967847151
D. Williams,LB,1.5377243564710967,1.232371693910547
J. García,GK,-5.541674493370398,-0.15291956055293132
L. Cattermole,CDM,0.9492765279885733,1.3443600320779197
P. Álvarez,LB,1.48368356143579,1.6844753403780819
A. Putsila,CAM,1.5401225849631617,-0.4435539008982785
K. Kanats?zku?,ST,0.3139191160423194,-1.904656263855007
Momo,LM,0.6830235314475731,-0.09266959110086143
E. Godoy,CB,0.7479277490001909,1.9266818979458862
C. Bovo,CB,-1.1554102219402531,2.7689095867368714
J. Meredith,LB,1.8787478043981303,1.1085232077099245
B. Henning,RCM,2.0908339221688226,0.39646244811424747
O. Petrák,CDM,1.583397410846314,1.4935397750955937
B. Röcker,LCB,-0.6677677844828366,3.1436116085851333
R. Cardozo,LM,1.5044013571712234,-0.9766127015372492
M. Duelund,RW,1.4927249390892194,-1.0830178928408134
M. Seuntjens,ST,2.008187026763873,0.19016674905603456
Nilson Padilho,LAM,0.9059975800497813,-0.7702570975782362
G. Gómez,LDM,1.436760438183433,1.169890224933047
Dai Lin,RCB,0.8441227565744231,1.295252401833575
M. Budimir,ST,-0.8675836874964902,-1.0679402617174503
Javi Lara,RCM,0.29362216935330154,-0.32945583572430853
Alef,LDM,0.9646481460559609,1.6454878556423338
J. Palacios,RB,2.1012817990161707,0.2582785006414489
C. Henao,LCB,-0.09846593320283499,2.815705411514676
C. Yambéré,CB,0.2900834346347627,2.0377286988728023
O. Dramé,LW,0.6373954750550259,-1.7650404505603257
S. Michel,ST,0.9069888020880936,-2.2908117024357444
S. Özcan,CM,1.6332431951177109,0.4424098016264167
M. Correia,LCB,0.7659193958793192,1.5120786172665062
J. Harrison,RM,1.1252461672401728,-1.521364695856065
F. Diabaté,LM,0.3246196978214713,-2.825574421107138
E. Torres,ST,0.8505912212538381,-0.9972288567616154
R. Improta,LW,0.4403703193925613,-2.728083067189279
N. Hauptmann,CAM,0.9470131373535388,-1.210881936626242
A. Bouhaddouz,RS,0.27302126534186605,-1.2226632498987224
S. Ubilla,ST,0.5897054572780388,-2.4209859743575306
Francisco Ramos,CM,1.4165267598068327,0.6998271219869765
J. Roa,CM,1.900347915278104,1.2912121877240998
K. N'Doram,CDM,0.8193159294820608,2.0148081028915157
J. Torunarigha,LCB,0.6793915133239558,1.7212077253584257
C. Deac,CM,1.9508231773138693,0.5762652157234839
Marc Gual,LS,0.4145995720136916,-2.2908470225486806
B. Samudio,LM,0.994367005779525,-1.8553408624692778
S. Bassong,CB,-0.3297405990033515,2.3030534094135904
S. Manolev,RB,2.17358721162289,0.4222665250189818
A. Letellier,GK,-4.847265960450131,0.6918234328691368
I. Ezekiel,ST,0.9752506291255085,-2.1355500226542854
C. Oliveira Souza,RM,1.1621504315981797,-1.636273526846746
J. Palmieri,LB,1.8387657260807577,0.20788812674364446
M. Larrondo,ST,0.0037843529757077637,-1.7914614818006878
J. Colback,LDM,1.6063561366885837,0.6294306083793121
T. Kister,CB,-0.10609888849908627,2.752245240510719
N. Omladi?,RM,0.966750996742234,-0.545818425545182
P. Cuadra,ST,0.8451505790793432,-2.4450441521636885
I. Plastun,CB,-0.3167805042736311,2.436010503124682
W. Dutoit,GK,-4.854304816881779,-0.28818955549196473
M. Matvienko,LB,1.094015348283442,1.3995314708039615
A. Chatzigiovanis,RM,0.10570422616261661,-2.7922527963945547
M. Ardemagni,LS,0.32530735389125953,-1.3517826556876342
A. Pearce,CB,-0.7184190610386488,2.946590807701945
E. Imorou,LB,1.5280507329217496,0.9091640742466066
M. Franke,RCB,-0.20175618432296366,2.714296741933065
F. Falco,CAM,0.7633197103478476,-2.197787449420582
L. Villalba,LB,1.414285801775125,0.7562929876172058
Tiago Lopes,RB,1.8559979179224881,0.9214862133402855
Diogo Viana,RB,1.9104026568062438,-0.2942409213099888
M. El Kabir,ST,0.5573172812592911,-1.6690670159062366
O. Nguette,LW,0.8264718905362187,-1.6235275961480415
A. Engin,RM,1.1291110384647942,-2.0659368278316594
J. Ortiz,CM,1.6599297468539849,0.3777182760157057
S. Khelifi,RW,0.4939767792010796,-2.502325783209498
J. Reine-Adélaïde,RM,1.46543359459452,-0.8118857006806837
K. Kronholm,GK,-4.299871347569981,0.381699479013896
N. Ninkovi?,CAM,-0.07015987726638508,-2.459347207508226
M. Gakpa,LCM,0.9499383518655985,-1.879243200285475
Eber Bessa,CM,1.2261003529439902,-0.3361233157918499
C. Valencia,RS,1.0903457960340421,-1.2876867441597846
B. Mokulu,RS,0.9088462114597334,-0.7806781696309106
D. Johnson,CM,1.9744647481090485,-0.5093703815234834
D. Marney,CM,1.3381318677719491,1.0184721430584704
M. Kieftenbeld,LCM,1.8936008248830112,0.8856766027656273
P. Heise,LM,2.177290955169194,0.4757593565612848
A. Rudko,GK,-5.922190141171885,-0.0777989145344181
L. Mchedlidze,ST,0.29766085792062286,-1.135522986122133
H. Al Moqahwi,CAM,1.3287501515489393,0.1837739459135039
S. Fletcher,ST,-0.2882595292388241,-0.9929065547419307
K. Danso,CB,-0.12815475486969707,1.7720410399876023
C. Tiffert,CB,1.3062682063962021,1.405848813763245
T. Asano,LM,0.8291923316796099,-2.5214626610978637
G. Torres,RS,0.9831959295664607,-1.596016123608517
S. Napoleoni,CAM,0.4024154383992798,-1.8207819464147355
A. Konradsen,CM,2.1195006689213214,0.8314388336148019
K. Günter,CB,0.7581736616446372,1.7388895965467852
S. Medojevi?,LDM,1.1128036373003056,1.5208957185275058
Anuar,CDM,1.5192857117705878,0.6984838704163469
Sastre,CM,1.1819942755059598,1.2390044933032855
G. Pinzi,LCM,1.5045547600402323,0.9467094309389941
Jona,ST,0.5189787585996001,-1.1021079949434482
Daniel Amora,RDM,1.6916182714692964,1.5085520459065729
P. Toranzo,CAM,0.5461787536510043,0.28370433833871284
Carlinhos,CAM,0.8663910843626565,-0.7520380134561343
E. Hestad,RW,2.0588752440007396,-0.2158501709560075
Fernando,LM,0.33296848277564534,-3.0311858922847206
S. Adamyan,LS,1.1377751751712901,-2.0349912986946515
Fede,RDM,1.932437714720847,1.0689843885173378
Nathan Otávio,CB,0.3312798941382639,1.9531568105228891
M. Wittek,LB,1.879105222558445,0.0725608999386456
Rafa Navarro,RB,0.9441691839089412,-0.2022207400184608
N. Taylor,LB,1.2011384712195499,1.1381084678629234
M. Schäffler,ST,0.573936725377957,-0.7540297538953195
E. Ávila,RM,1.0638407776545373,-1.3609441045605106
A. Mazzotta,LB,1.2756174309005641,0.9443671759094875
P. Frankowski,RM,1.9422560083709273,-0.9184601532702678
P. Budkivskyi,ST,0.5222875521530106,-1.6817054141481034
J. Flum,RDM,1.0996569664407003,1.4818527540097148
Y. Ngbakoto,LM,0.42459700322560584,-2.0464522863091767
R. Bonevacia,LW,2.3528611499818615,0.33694297717266497
K. Shibasaki,RM,1.334308816129976,-0.9488120736154526
D. Lainez,RM,1.3781172782903974,-1.3820953516233452
M. Navarrete,LCB,0.7460795456368697,1.584653200848367
F. Valiani,RM,1.7817926167879963,0.7284171646843757
J. Maghoma,LM,1.2314884228726262,-1.4965498710112435
Alex López,LDM,1.225967624959914,0.1627707164942271
Hernán,CM,1.7937812291897948,1.0193306392939205
A. Werner,GK,-4.212593197076075,0.528655586650161
B. Bjarnason,LM,2.191753283155257,0.3313743597554135
Pichu Atienza,RCB,-0.9698229520530594,3.392819091899988
F. Campos,RB,1.8226636572092414,1.3560414438819501
Christian Rivera,CDM,1.2189649116057517,1.3158737485732648
Johannesson,RWB,1.822357307075739,0.4621323901782644
C. Acevedo,GK,-5.519594874216133,-0.2656469339083095
A. Budimir,RS,0.5384583419352091,-1.3141115113823483
J. Troisi,CAM,1.2022208267621666,-0.7208622129491246
A. Tuia,CB,-0.2031968337108934,2.4519187387172154
V. Pálsson,RCM,1.6722447751491378,1.3611597943120093
M. Tahrat,LCB,0.1972095409252365,2.5661905335886774
E. Korkmaz,RCB,-0.655920735502693,2.151414832066053
Jeong Jae Yong,CDM,1.1381010843614836,1.5604313618493995
L. Mousset,ST,0.25378009739770285,-2.108872554420084
C. Michelin,RB,1.565679345867334,0.5046845965642964
F. Ojo,RCM,1.787806367796208,0.3723385180771195
Jeong Woon,LM,1.8982646752915446,0.758830669990495
M. Bodmer,CAM,0.12044552103714963,1.3973600510068829
K. Smith,CM,2.218284785322761,0.9020715499807723
A. Wisdom,RB,1.1922046169708695,2.2249943159445857
S. Doi,LS,1.1630380688849142,-1.6406979280759193
Thiago Carleto,LB,1.7305091099468177,0.7440563538628008
D. Stracqualursi,ST,-0.19602482339862587,-0.24601351047579592
C. Maxwell,GK,-4.8286579829477665,0.15868245868087977
Alberto Martín,CDM,1.529760805019857,1.405911947630777
S. Birnbaum,LCB,0.22149886200118893,2.191203153047841
J. Dilrosun,LM,1.5196772703978259,-1.758670733837759
A. Kali,CDM,1.547937063064069,0.5206624745306633
D. Fox,LCB,0.5626533331555242,1.7943902704578174
L. Castro,ST,0.5919064242046854,-2.24327880154652
I. Nedelcearu,CB,0.3548876122173956,1.8404279386978863
A. Orión,GK,-4.65711501316288,0.585641517103432
D. Miloševi?,CAM,0.9380581937843421,-1.4102531734930879
J. Minala,CM,1.61248327545191,0.6887192451776967
S. Çinaz,RDM,1.2425734831871051,1.8609050286371225
A. Turan,LB,1.8350213776377238,1.1259544974348945
S. Dursun,CB,0.9369524873449658,1.7253960881126005
C. Leemans,LCM,1.860457473755957,0.6652712790807714
Kwon Soon Hyung,RCM,1.1183178758438994,0.17558426781604405
Errasti,CDM,0.8856870507638149,2.220131462444477
M. Camporese,CB,-0.13581833388501272,1.9732977604071802
M. Al Buraik,RB,2.088802872320642,0.13699906089515154
J. de Wijs,CB,-0.01156428889182924,2.2784305385109325
Murilo Freitas,LW,0.7207089275660608,-2.02507712240073
W. Rémy,RCB,1.4973373509497463,1.8478033339855409
C. Valenzuela,CAM,-0.21712793541979755,-3.2049556561314554
F. Pizzini,LM,0.8850480022523476,-1.6570847879479986
A. Ignjovski,RB,1.0858364980258477,0.8942284625485104
M. El-Munir,LM,1.4235175835705336,0.895137074483137
R. Del Castillo,RM,1.0930082788104143,-1.8219319753678738
M. Diaby,RW,0.8874856372181097,-2.56667613189322
G. Garza,LB,1.833417872213874,0.7865792582604553
L. Jans,RB,1.5470511680304024,0.8082699714851597
Aguza,CDM,1.4067537513924868,0.522564746584092
R. Fernández,LCM,1.2670647370594883,-0.10820448844393418
N. Wells,ST,1.2858205324428984,-0.9619076227773645
D. Croce,LCM,1.940238914747375,0.5921884151118249
E. Loeschbor,RCB,-0.18784015100719778,1.9827621944010967
P. Schuurs,CB,1.5153275857260056,1.0811623214766684
B. Kololli,LW,1.8678445046008292,-0.41970211704479404
K. Sigþórsson,ST,0.17625371493830294,-0.6304042460067264
M. Koné,ST,0.8291411176839558,-1.8624354856300356
R. Fiamozzi,RB,2.3079802956648385,0.3903900241199538
L. Pico,RDM,1.3680319493203514,1.468538906065688
E. Bello,RM,1.189300004226011,-2.2441812621476216
Salvador Agra,RM,0.9722411793490553,-2.586989465750624
P. McNair,CDM,1.3760439980993817,1.1600018872604687
D. Rodríguez,ST,1.7627558680700501,-1.2826088112746257
M. Stiepermann,CAM,2.272305051594804,0.5417903695467052
J. Fulton,RCM,1.5311156148653153,1.1050357195573839
L. Abram,LCB,0.0813804016684539,2.1475872307043673
Z. Gano,ST,0.6082267354364121,-0.765783767520901
L. Mazzoni,GK,-5.721481228654715,-0.6164350664833176
Y. M'Changama,RDM,2.1829602792267444,0.011650350189106205
T. Mings,LB,1.5174568578422485,1.4734127312849477
K. Árnason,RCB,-0.4808290919601145,2.466822072843485
U. Bozok,RS,0.37931691012489666,-2.671267874936694
Borja Fernández,CDM,0.39902168128514637,1.9536222080704566
H. Bazile,RM,0.9545462821045295,-2.1352291718030525
G. Carey,RM,2.1544628041258274,0.15969571740703975
P. Souaré,LB,1.025368339936644,0.6945951276546694
Verdasca,CB,0.5727890513010531,1.7481169914644177
J. Vigón,RCM,2.011809323513959,0.8109054461983634
Edsinho Torres,LB,1.0257495037207631,0.6172651732128449
S. Kaneko,RM,1.3219388136974568,-2.155829967780082
D. Batubinsika,CB,0.7124490938239911,2.1031627728645947
F. Giefer,GK,-4.88609910468808,0.5530104628522711
H. Wahl,LCB,-0.3259627014164361,2.132957783978434
M. Albæk,LDM,1.3606941673183013,0.9230879684289872
Juan Dominguez,RCM,1.5991618991068683,0.9350642379522331
C. Avevor,LCB,0.40796921471448916,1.8072452754200312
David Costas,LCB,0.9884775028612847,1.327379458050662
M. Faraoni,RM,1.6654553814522408,0.7350657837064748
L. Mendoza,RM,1.5087520597747746,-0.6696585542183966
S. Romagnoli,RCB,-0.08336959794853983,2.7364771177969045
A. Ngando,CAM,-0.20086221882876276,-2.4083902846960488
B. Vidal,CB,1.0634633541307967,1.4107441108402208
C. Buonaiuto,LW,1.1796704649142011,-1.9567110460171024
L. Jutkiewicz,LS,0.38797419276247214,-0.7209607048228962
Li Xuepeng,LB,2.000479296828493,0.7453130932041924
Fábio Sturgeon,RM,1.0869074375357528,-1.0273195436709706
K. Mahachi,LW,2.5627640791155297,0.03773668778819197
D. Barbona,LM,1.164032521149347,-1.6735017700395862
M. Silva,RCB,-0.17050969671427976,2.6349369602929107
G. Voboril,LB,1.3702022963372034,1.1745540674117243
Kim Jong Woo,RCM,1.5661373708402215,-1.1742653672268415
M. Terrazzino,LM,0.7495618778621896,-1.1305103288384362
A. Ferrari,RB,0.6836487054293098,1.8577651021150696
Rafa Mir,RF,0.9331174064333035,-0.9883489212734069
P. Iemmello,RCM,0.7143202810108041,-2.2421984578066048
M. Cerato,RW,1.008576698047288,-2.635030695380325
Aleix García,CM,1.2661365611081925,-0.52464415724454
O. Linnér,GK,-4.54553652857889,0.37482336254952087
Platiny,ST,-0.43333221533404326,-2.225539735535202
D. Petri?,GK,-5.115918064766109,-0.2448029397945122
A. Meijers,LB,1.8063316230052597,0.6755854651538188
Jeong Seung Hyun,RCB,-0.668723606801889,3.087354183550709
Flávio Rebeilo,LB,1.5859340022612576,0.29223544579189664
E. Tercero,CB,0.9977176497548401,1.5211214855133781
Kalindi,RB,1.8430848123054717,-0.5690953637543509
L. Kübler,RB,1.0956495781600561,0.976323555168203
M. Caballero,ST,-0.10874329965887909,-1.7010358221492177
A. Rocha,LCM,2.0931769643572222,0.48528896329375165
M. Ingvartsen,ST,0.430482739923763,-1.483941962989945
N. Moiraghi,LCB,-0.5407325719650578,2.2273723810508024
C. Wondolowski,ST,0.5626795694408768,-0.264201699250237
M. Petržela,RM,0.7649334584944438,-2.4329425212649802
A. Cissokho,LB,1.6645173336876544,0.9590216827286471
P. Bauer,RCB,-0.7337488852823044,2.9911550912170557
J. López,RCB,-0.5624243470208025,3.287360889378083
C. Quintero,RM,2.026823189582654,0.420497310637391
R. Wallace,RCM,0.5741293163244299,-1.4704546499949194
P. Alvarado,RCB,0.4841227964664716,1.653172381784059
A. Micai,GK,-4.9046186494371,-0.23720669053906074
H. Veerman,ST,0.1300405221159991,-0.8852116351740515
A. Salvi,RB,2.0137459308407233,0.36189572686185006
B. Khuzwayo,GK,-4.604720627759329,-0.23492146401032787
R. Loaiza,CDM,1.4713231315015383,1.416934467633705
Hugo Vieira,ST,0.834334383512919,-2.3198612704635297
P. Türpitz,CAM,1.3602962261601246,-1.8370931197682197
N. ?ur?i?,ST,1.3492581775328483,-0.12029316039386564
K. Overmeire,CDM,1.5169666569884948,1.6710855305342154
H. Campagnaro,LCB,-1.0373233207455386,2.600104520917738
F. Mancinelli,LCB,0.21920014639143037,2.3513939431730773
F. Ondoa,GK,-3.453981571068747,0.04057558257282743
G. Ward,RM,2.1512866063694345,-0.09775595115335879
Campillo,LM,2.1773095306105854,-0.1117998196455679
E. Bush,GK,-3.8354297479128303,0.15655145260084144
J. Silbeira,GK,-4.11642674901192,-0.3121865840963054
F. Jungwirth,CB,1.175979896673769,1.514135980454155
I. Bel Hassani,CAM,0.45257791468521846,-1.3255844157287902
André Santos,RCM,1.4639102132481616,0.80442898885499
B. Johnson,CM,1.8221344411749678,1.2485272505660248
Cotán,CDM,1.0336560189838955,0.3549039297766355
Artur Jorge,CB,-0.520145047170767,2.259119969948671
T. Malacia,LB,1.4766939443652256,0.679655329983946
M. van Buren,ST,0.6211909397442829,-2.0711066266576945
Daguinho Parrela,RB,1.622412966240238,1.1823118799757368
D. Beasley,LB,2.0149573754616066,-0.0684102716669525
C. Zimmermann,RCB,0.28317920075196606,2.666082800082607
Ademilson,RS,1.4246984040861028,-1.820974614613544
Jorginho,RM,0.8660629035204078,-1.769675350276993
Lee Chung Yong,CAM,1.1720221428017232,-0.8750376916287728
C. Eiting,CM,1.535676031649314,0.8238970341504426
F. Ballas,CB,-1.3809648760902877,3.0517504795358295
J. Komar,RCB,0.4118118198380024,2.483464022164734
Y. Gomis,ST,0.0659471977013172,-2.0942043765726672
Rodrigo,RB,1.5928132489035725,1.0914760905988588
S. Winnall,ST,0.486195707114071,-2.1493582974624057
T. Delaine,LB,2.1243114953728437,0.7748978644654045
L. Quintana,LCB,0.8576325785714585,1.6593912067129253
Rogério,LM,1.5036695921324226,0.25016074090592477
L. Nielsen,RCB,0.6802832624550031,1.7128234019850503
D. Batth,CB,-0.9601527660756773,3.4002043430253632
J. Giraudon,RDM,0.2793105957217284,1.7472214993154342
Vítor Bruno,LB,1.5080276445596807,0.7605934960958493
K. Watanabe,LS,0.422342907385415,-1.1869817729255796
V. Ulloa,LDM,1.412792303234386,1.1374779395628485
Zhang Linpeng,LCB,0.26557946425294765,1.720892667666159
T. Eisfeld,CAM,0.7689166609500351,-1.5227144571291267
J. Cristaldo,RS,0.7686045643491423,-1.8667927000909097
Bernardo Motinho,RB,1.4067339023402092,0.5226510179602205
C. Walton,GK,-5.388705522737786,-0.9745439417753011
Sergi Palencia,RB,1.8629128262307697,0.4765491230403446
V. Lampropoulos,CB,0.8682824870730433,1.7878072749636298
L. Tremolada,CAM,1.0903477274261058,-1.588802474316802
M. Pátkai,CDM,1.6259573811342622,0.02979068102227885
F. Al Ansari,LDM,1.5344955648132435,1.1586055016417551
José Semedo,LDM,0.7762644781039347,2.1100830705780087
G. Giakoumakis,ST,0.3077637681969843,-1.6081234216733056
M. Leovac,LB,1.3516001984078587,1.1016544517423943
T. Figueroa,ST,0.17955219417171706,-0.7539931168429288
Pol Llonch,LCM,1.9250665037783306,1.0118382034448539
B. Angulo,LWB,1.8427632070348068,0.9595861488325211
E. Bennett,RM,1.8822578962452985,-0.03722176308662366
C. Nhamoinesu,LB,1.249313923339754,1.3830858593339532
B. Rabello,LM,0.7097969405594156,-1.617285686449923
J. Insaurralde,LCB,-0.030435691842798596,2.1436896086808437
A. Bernardini,CB,-0.0596327286588105,2.2607757199399243
J. Walker,CAM,1.5547183512357639,-1.3900132201659445
A. Sørloth,ST,0.48873673756718977,-1.7313831399360184
David Raya,GK,-4.053365245072313,-0.9294092253157061
M. Cassierra,ST,0.7745490282471783,-1.9352006734637934
A. Tchouaméni,CM,1.8851410779663884,0.9509311962274827
J. Siebatcheu,ST,0.46493519368867775,-1.4620130584443538
V. Angban,CM,1.667817689090835,0.970973860802914
Edu Expósito,RCM,1.1411209153092539,-0.27535228266635486
A. Nordin,LM,0.7627994954624975,-2.2862489917328506
Rodri,ST,0.032608654963491294,-1.9407087321711658
M. Pisano,RW,0.9106856159350661,-2.3093153603387915
G. Whelan,CDM,1.0888362802117484,1.071191239227541
M. Parkhurst,RCB,0.9202461885587541,1.425015376369043
J. Zárate,LM,1.6117092465476115,-1.8232194339112011
P. Kanstrup,RCB,1.2523999776299917,1.7535266856340055
G. Scognamiglio,CB,-1.0528627204559544,3.1426970223882282
E. Ersoy,CB,0.4436597344670383,2.183720916410022
L. Licht,LB,1.2587037612412235,0.5286117911813832
Borja Herrera,LB,1.7270108003324078,0.25821470795876555
E. Brignola,CAM,0.5204871584461045,-2.5760154899072765
M. Maddison,RM,0.7240247957737911,-2.3567914310107296
M. Cavion,CM,1.6345603749496667,0.327051928446426
C. Mosquera,RM,1.84141261938032,-1.198426456004587
R. Gudiño,GK,-4.044781118882352,0.2865853031468792
V. Malcorra,LDM,1.8457402806842673,-0.05419561774607349
Milton Menceiros,LCB,0.9195184221313762,1.4346675863762983
Jamiro Monteiro,CM,2.3004519682136246,0.6347990577393254
L. Bridcutt,CDM,1.7257750852349503,1.0934427981774
Luisinho,LM,0.6938502931345683,-2.425892966874611
E. Elmas,LDM,1.5774869910034661,-0.34285397159996234
N. Pérez,CB,-0.6581890392068186,2.190389933200605
D. Ndlovu,ST,0.4491573723421398,-2.5193498612452028
Y. Reyna,CF,1.2661905064320655,-2.1527695087101795
D. Kownacki,ST,0.7921575762401268,-1.5423091522591754
H. Faik,CM,1.2313639476043934,0.3220063696708428
C. Mepham,LCB,0.6425988783415305,1.8415070485593816
D. Rudd,GK,-4.207432149767961,0.06627399591587387
Bruno Gallo,RCM,1.58128654979312,0.6260529120576467
M. Peybernès,CB,-0.22140631932143667,2.571551430091225
D. Böde,ST,0.42557441661811346,-0.4858527127604783
T. Schröck,CB,1.8434177202084872,1.1548990989701096
I. Brown,CAM,1.2337325137097772,-1.0175824567877352
J. Morris,ST,1.1211829452722726,-1.5506176894389718
J. Taravel,LCB,0.10119958083943884,1.9571967300476962
A. Lusamba,RCM,1.436449305428995,-0.4000870926282917
Felipe,LCB,-0.45893535464233204,1.5131590529159227
Z. Touré,RCB,0.022210478329937715,2.326728322103311
I. Hajrovi?,RM,0.9923575088011215,-1.4199889596251303
T. Kempe,RDM,1.4604915855459752,-0.5267502281265117
V. Giraldo,RB,1.74770860013914,0.33827097737336487
A. Wooten,LS,0.8040405198628365,-1.2979249214891553
U. ?ur?evi?,ST,0.16933810177217506,-1.472637888454175
A. Bastía,CDM,1.1740657943541697,1.4495005085579584
S. Allagui,ST,0.47891555732583024,-1.8979225302138403
M. Müller,GK,-4.969552525298867,0.6643534586724053
P. Galdames,CM,2.396618974576158,0.40853525060025264
O. Benítez,RW,1.7795798474808393,-0.20986310025477806
E. Löwen,CDM,2.2903555099878075,1.0294138023751644
A. Fathi,RB,1.6462496297690135,0.6006679920254395
I. Sylla,ST,0.3017282686426235,-1.5998807992269133
A. Tziolis,CB,0.8329356749733872,2.297058337522847
J. Une Larsson,RB,0.46721545813169746,1.5030245355632823
Pedro Pinto,CB,0.1554749828644572,2.20713957032138
G. Hairemans,CAM,1.2570397635106154,0.7086103578408108
E. Oztumer,CAM,0.7392010781985315,-2.620685767041944
S. Mugoša,ST,0.11063603724750129,-1.9298047566191272
O. Oularé,ST,-0.4848026076300694,-1.1815770264730128
T. Sparv,CM,1.4702992253655993,1.8164218420893432
Matheus,CB,0.8214839174148884,1.9167030140411692
M. Jurman,LCB,0.5605168408094936,2.353344749810657
F. Malbaši?,RS,0.9864459076876608,-2.1676091689202295
N. Domínguez,LCM,2.39769436468951,0.4229377129804292
J. Ramaré,RDM,0.9772649191322678,1.8273530734475385
Yang Han Been,GK,-4.226683733258271,0.4731880850901853
S. Magnasco,RB,1.676740578694061,1.18217248231694
L. Mancuso,LW,1.4207935184534635,-1.9491721940190603
Nuno André Coelho,CB,0.04599949271976136,2.456886801238756
E. Ambrose,RCB,1.3683679034992478,1.5359525057903658
S. Kitsiou,RB,1.712540036078672,0.48064717101961646
Eltson Marques,CB,-0.8777550250962489,2.5376331828701493
C. De Norre,LM,2.041949321096837,0.1305901289787582
Eloi Amagat,CM,1.0519133204446571,0.9283804286929267
R. Abdullah,CDM,1.662466239660445,0.7831028404164473
M. Ordóñez,RCM,1.2909713463358128,0.6361369487116884
L. Robertone,CAM,0.6250684730002778,-1.7527257374093392
I. Mathew,RCM,2.428394935422074,-0.005621760086812071
P. Velthuizen,GK,-4.574496826969179,-0.19235655740065893
K. Erasmus,ST,0.7165246460560498,-2.124766987617593
K. Mokotjo,RDM,1.6113451834419892,0.9951621837032161
C. Guzmán,RB,1.5208105443889346,0.7631307810794614
A. Fink,RS,0.11042987091449866,-2.333270140296841
D. ?ukasik,CDM,0.8754361511509204,1.9160773767468273
J. Chunga,GK,-4.894670598871528,-0.4361310780252504
C. Lombardi,LW,-0.20780092914515164,-2.0482770306818905
E. Hackman,RB,1.9290290264879704,0.8549744211408354
Aleix Febas,RDM,1.3252985609242678,0.012125842667253492
A. Isak,ST,0.26826901706446277,-2.299982290101761
R. Munsy,ST,0.7801871671214765,-0.9615151783019431
E. Hussain,RCM,1.8195678481309179,-0.1274462133086774
Magno,ST,0.904660619371886,-1.141526805370669
N. Bodurov,LCB,0.5015697395765307,1.9327654382653492
Álvaro Peña,CAM,0.9806474643468105,-0.1165946147828166
B. Riveros,LB,1.52707882625325,0.6066177338742342
J. Villota,CAM,1.391999650705091,-0.3645048853537951
V. F?nd?kl?,CDM,0.606073794539237,2.074553629745769
L. Chambers,RCB,0.24776531597164198,2.044552773685172
D. Batallini,RW,1.6101779675061374,-0.6146111569412368
Z. Zlámal,GK,-3.3875105311386706,0.5001822783941373
D. Odoi,RCB,1.7141401780481573,0.5163594933159805
Juanjo,RCM,0.8350247806079949,2.1580119867146474
M. Jahfali,CB,0.4955972479115566,1.7881464139082488
M. Bunn,GK,-4.734338187489251,0.10664816380697374
David Batanero,LCM,0.8867237747882808,0.8589673065521553
M. Luka?,GK,-4.828572530350996,0.6308032576573227
M. Wilson,CB,0.4894186899994246,1.3406389165758432
A. Jansen,ST,1.0467058768824284,-0.7583845809561613
A. Sobiech,ST,0.553596032824863,-1.2681494257866308
L. Manyama,CAM,0.414066226946393,-2.5147841678205802
S. Morison,RS,0.4460094896707508,-0.08822125371277968
A. Sepúlveda,RM,1.3669972103337487,-0.6221007888570749
R. Murawski,RCM,2.174895454555178,0.4301887423494585
Pinillos,LB,1.0884756732899916,0.6145662726489229
P. Celeban,RCB,1.0465298952136592,1.3942144654726822
J. Williams,RDM,1.224862085551037,0.41650257733561824
N. Fernández,ST,0.4236183951916581,-3.32925943064841
S. Taniguchi,LCB,1.056701341405657,1.5753735545418535
A. Bogdán,GK,-4.682925889089411,0.3933558324938478
M. Ritter,CAM,0.18746871492783213,-2.5343838132402894
L. Ridgewell,CB,0.9649768785088857,1.223104759076959
C. Labrín,RCB,-0.7514364859812313,2.461454407103666
S. Eduok,RM,0.7979077469874434,-2.0348613268476123
J. Buijs,CB,1.3598978851687888,1.1168784321710554
M. Olsson,LB,1.510391510395278,0.35727794258200213
M. Murillo,ST,0.8087856064795262,-1.3380136835862229
A. Spörle,LB,1.6464172771462349,1.1397921950875856
J. Rodríguez,CAM,1.2159617352063843,-0.7799038360688619
B. Halimi,CM,1.4008253567084221,-1.1933492499902156
O. Ruisalvo,LM,0.6962227727436937,-2.2261353282447973
K. Mac Allister,LB,1.4011323239416236,0.8515938602290046
V. Rüfli,RB,1.8348048153466325,0.797183604966825
A. Aseri,CAM,0.8461888923199233,-2.519379671218121
J. Greguš,CM,1.8075536795237535,0.4517841603677653
D. Ward,ST,0.6274748734461284,-1.56588458484667
F. Hartherz,LB,2.141405015803172,1.0391896761408481
Allan,CM,0.7628551328504717,-0.36570532403493095
Luis Felipe,CDM,1.1325156639310106,1.1341239597540747
F. Kiss,RDM,1.1931724210109633,1.5297863996818217
U. Ceylan,GK,-4.425385944434931,0.051511167028662444
P. Filipovi?,CB,1.5196623846660449,1.0104239435290012
Cifu,RWB,1.3371231603113618,0.7134101356713084
F. Álvarez,CAM,1.2517001117124136,-1.6079800728591058
Caio Tafarell,CDM,1.0410251863860918,1.4007073101749201
E. Eze,CAM,1.3684043258555736,-1.0915526440610706
A. Balzano,RB,1.2596383872341488,1.6818634903614171
J. Olsson,RCB,-0.7609469657161171,2.3567552221189465
J. Lefort,LB,1.2144902481050508,1.6988850216565983
I. Höhn,CB,0.011273340603483242,1.6940503467569417
J. Gyau,LM,1.131179616437462,-1.9601758155698286
M. Al Sahlawi,ST,0.43650937606380713,-1.8240094725743343
Alberto,LCB,1.6590184600891762,1.6674389837682342
Luciano Cacheira,GK,-5.950464562351487,-0.5289780309594223
M. Gaus,LB,2.2840418721407434,0.3364823108301109
C. Lampe,GK,-5.122184399328321,0.6582828641472894
A. Vellios,ST,0.3750718846189813,-0.8021786835251967
J. Sánchez,LB,1.3532586168871072,0.5395294519879557
F. Fielding,GK,-4.661207567621737,0.31480909131009605
N. Theuerkauf,LB,1.2824397348925665,1.5625156051819205
M. Sadlok,LCB,1.7837514943008164,1.0572999628273416
H. Olvera,LB,1.3143631106213352,1.071160445529942
S. Mosquera,CB,-0.6758241032800665,2.4385176385545777
V. Kalitvintsev,RM,0.19820841524777197,-1.9970912990150873
S. Papagiannopoulos,CB,0.8782494571630348,1.435832997376497
I. Pettersson,GK,-4.872926922407411,0.03990290806827402
C. Evans,CDM,1.4327346080728072,0.9436393577788138
A. Richards,RB,1.1432529870593984,1.238228622086195
S. Dursun,ST,-0.2000430963686662,-1.2544575244887965
R. Leipertz,RM,0.9505338966181651,-1.7650262029309978
R. Pasveer,GK,-4.469362084953073,0.3838172780634475
D. Daube,CM,1.5977384734994653,0.3085310303921688
Iñaki Astiz,CB,-0.8347685155809971,2.217953293268858
S. Bigalke,LM,0.8016273346889518,-2.5759567798642586
M. Silvestri,GK,-4.262756609417357,-0.5983271444374304
S. Muwashar,LM,1.1548553483115032,-1.73377901022146
A. Powell,RB,1.7486172195450376,0.7337656636476874
P. Kirkevold,LS,0.8639382875106969,-1.1332647753378975
S. Roudet,CAM,0.5396819678348398,-0.12406587373715908
S. Gonther,CB,-0.9695387091414229,2.062550729351392
I. Ghaleb,RDM,1.741801926310364,0.6531681016937344
P. Sotiriou,LS,1.1139842589901374,-1.2647586673651514
W. Faes,CB,0.6032252857396403,1.6390682899401239
S. Tecl,ST,0.6239035861054448,-1.9005144945150663
M. Guanini,CB,-0.8060566380403807,3.3529597283599104
J. Brix-Damborg,RCM,0.4766421741051669,2.2690805809030126
M. de los Santos,CB,-0.4543085826202113,2.7391719337642133
F. Andrada,ST,0.4790200411795463,-1.7042669275481075
Z. Youssouf,CM,1.5335510197492692,0.021684298565700727
S. Ciss,LB,1.8757798092511333,0.5219344840975711
S. Mockenhaupt,RCB,0.36138729770339395,1.916667472003787
N. Cozza,CB,1.2397768110585659,1.1014608069413196
M. Valoti,CM,0.8887437858698817,-1.9166680709017563
Y. Salmier,LCB,-0.8669611345955842,3.0487699778236856
C. Benschop,ST,0.5270225958885109,-0.41996336687847985
Gégé,LCB,0.12661091627409685,2.1941651347023647
L. Morosini,CAM,0.9448963750063131,-1.8681460116533921
Sandeiro Leal,CAM,1.097119131303956,-0.8528971255383381
M. Pongra?i?,CB,0.7189779219872416,1.9486286826836017
L. Ibáñez,LB,1.9526971743149673,-0.19808721809952673
M. O'Halloran,RW,1.258747984934081,-1.3851057565772444
M. van Duinen,ST,1.4848618847590025,-0.7825546820344991
R. Zwinkels,GK,-4.631854719509252,0.148648757856359
F. Mazzeo,LS,0.23330768037625046,-1.6288556139370918
C. Auzqui,RM,1.1150470248369624,-1.276947527930539
J. Quintero,CB,-0.2544693973745079,2.302580892481625
B. Watson,CDM,1.0230304664300236,1.1944834355017986
Gustavo Cascardo,RB,1.4255711087191598,0.18220690498025763
T. Bradshaw,ST,0.7652871462977173,-2.1779236252633125
J. Pelupessy,RDM,1.3747232294509322,1.47782441249281
J. Fojut,CB,-0.8844553149565688,2.6890873244569153
M. Brighi,CM,1.0083601278400676,0.6347161073226988
L. Boussaha,ST,0.5411023096538309,-2.128192537046688
D. Bomheuer,RCB,0.2044180005404665,1.8753083496005494
B. Sangaré,GK,-4.7071099465187665,0.295722609296063
Y. Cabral,LCB,-0.9234554327578993,2.357912503456059
S. Breitkreuz,CB,0.7374641683944427,1.1147033870649032
K. Rowe,RM,1.590898796824406,0.044241707692154277
Roldão Riso,CDM,1.470378228165622,1.228634912560447
C. Rizzuto,RWB,1.4251774928927614,0.7889394291220783
D. van Mieghem,RS,0.5295762956194918,-3.035425265033875
A. El Messaoudi,LCM,0.6847077557765662,1.7150710179612392
Y. Cabrera,RAM,1.2208097248924203,-1.7689701823476687
S. Ay,CB,0.5597776991504725,1.8809361589945273
A. Gojak,LDM,1.6162349053579423,0.05613310629486502
L. Gülen,CB,1.1901801258956453,1.6489869891021487
N. Eliasson,RM,0.5849145130568764,-2.1684545815190197
Y. Komai,RM,1.59443276582011,-0.4197673258664748
S. Marinos,RB,1.0379806551662378,1.0402873007402116
D. Verhulst,GK,-5.485788262475719,0.5977858252142354
Núrio,LB,1.6112567076074276,0.6967880619527203
S. Sparagna,CB,-0.13772064060811415,2.4728724845618624
H. Halldórsson,GK,-4.555591688818486,0.19538261596526232
M. Prietl,RDM,1.8208714647563629,1.4116009480240392
Nono,LM,0.4504071247434494,-2.206583680520693
J. Berget,ST,1.7856560593631423,-0.578749511916287
M. Jacobs,LM,1.440654821802112,-0.9678462150132644
J. Brillante,RCM,1.9407134073193186,1.1722703696289933
P. van Anholt,RB,1.651233403427559,0.8083282363920195
P. Ziereis,RCB,0.18278164349667328,1.5600369937124947
R. Bezjak,ST,0.1613852241052951,-2.4438700265811946
A. Vega,RS,0.5583315586061927,-2.2092568898424836
S. Bentivoglio,CDM,1.5528776861063447,1.1811518683771811
Juan Muñoz,ST,-0.22529305805949398,-2.1220125905227
Linares,ST,0.5756976000956577,-1.1349269749056072
S. De Petter,CB,0.5127968643740834,1.6641234573887307
Renatao Baumer,LB,1.406124173929042,1.0412676528826363
A. Ivan,LM,1.5445562192977103,-1.006463857766425
I. Šunji?,CDM,1.3587423920828043,1.249626608953583
S. Andrist,RM,1.5127597130238222,-1.6469758756162045
Q. Cornette,RM,0.9773243419675304,-1.1322913824185366
Carvamelinho,RB,1.598728296008077,0.16050548402265186
R. Oudin,RM,0.15906347550915795,-2.0232381353549966
C. Stengs,RW,0.24149555902563358,-1.9718049705210547
I. González,CB,-0.285330361774987,2.4684967129443582
S. Dallas,LM,1.6999963719817006,-0.18282982625615654
S. Walsh,RDM,1.311995274191691,1.5031229163725972
U. Radakovi?,LCB,-0.7127550049262148,2.6753825074759856
P. Schobesberger,LM,1.3588970964520475,-1.2075067479106454
Jaimosa Cavaco,RB,1.2953383132949263,-0.7562807873227778
M. Turner,GK,-4.631695213715309,0.32010601771685043
Alfaro,RM,-0.17696840010593576,-1.494866725665581
M. Havel,LB,0.3496341316413613,1.7371600691500924
J. Hegeler,CB,0.7070620063044257,1.2746812270146464
M. Fares,LM,1.649607451438935,0.35583782599948366
C. Techera,RM,0.4945511173320042,-2.0854105650197545
F. Tomori,LCB,1.0146921057803437,1.2511298175162218
H. Takahashi,RDM,1.1586054602399922,1.462125650810667
A. Rivas,CDM,1.5218334124654591,0.5842578485280472
J. Mosquera,LM,1.3734413759555169,-0.9739814865086268
A. Linde,GK,-4.654276057653943,0.20724659442435836
C. Bonilla,GK,-4.47010512033553,0.14764004652319931
Diego Capel,LM,0.620886745227638,-1.9715817957241712
Leandrinho,CAM,1.2157539804656832,-0.30387961612155723
Susaeta,RM,1.4349339582948695,-0.14346441185794534
M. Zimmermann,RB,1.3474045158391563,1.0099830766376734
E. Demir,LB,1.5157665953727606,0.452940962510972
Marco Sangalli,RM,1.6861548963985882,-0.8623232851309736
T. Hayashi,GK,-5.907461703308768,0.4411638384587374
R. Bormuth,RCB,-0.4079632489210234,2.2147308135600534
E. Hernández,LB,1.7386055169128813,0.4543722032299065
B. Martella,LM,1.9407731807430262,0.4676680210316635
E. Oikonomou,CB,0.8276750526848397,1.5530527490185082
L. Choutesiotis,GK,-4.419197085159787,-0.33439271251409214
J. Blaswich,GK,-4.207755129978837,0.3935891121270207
J. Huth,GK,-3.912474305716531,-0.14551992647249537
I. Sackey,RDM,1.0467650764043768,2.3592179670897546
Jang Hyeon Soo,RCB,0.19208850166834696,1.7850050396658745
A. Rosati,GK,-5.319439230434535,0.28036730673538185
J. Cabrera,RW,0.8095943332692441,-1.9589733179739992
Anderson Lopes,ST,1.0731201657864267,-1.7425098946495092
N. Byrne,RM,1.7974208850442013,0.05594163387550372
A. Trajkovski,LF,0.39963035900716215,-2.0675161872623877
Alex Geijo,ST,0.20123400542836792,-0.728117887056409
Iván Sánchez,RM,0.5510625466624697,-3.2405605542021227
J. Carranza,GK,-5.317318454420839,0.9101087363754895
E. Ocansey,RM,0.5397275522568232,-2.5817883168526783
B. Uphoff,GK,-5.0431637620094065,0.09241615470702431
Wu Xi,LCM,1.6043873238282191,0.37916357881340446
C. Skuse,RDM,1.1257952087233678,1.2893566146065887
E. Rexhbeçaj,CM,1.163416204948292,0.35075445659947374
G. Åsen,LCM,1.4886583369945412,-0.039901250954141244
M. Laba,CDM,1.5767566042625807,0.8877948221986338
G. Carabajal,RDM,0.5853067887571234,-1.5740684929668396
T. Fontaine,CB,-0.365783764932566,2.517841822947431
J. Villafaña,LB,1.7777637680602205,0.3792773539501354
B. Tashchy,LS,1.3521841926370117,-0.5566969837052128
J. Vaughan,ST,0.7878758527428638,-0.6915546748725613
J. Moya,CB,-0.28919449959906757,2.4394292111067357
N. Sangaré,RB,1.4191696487492718,0.7319342441791535
Kim Kwang Suk,LCB,-0.05475638938388687,1.5161271492693684
M. Rojas,LW,0.46845529438907135,-3.2045480926760637
E. Ta?k?ran,GK,-4.99830336778889,-0.578356623876968
M. Gersbeck,GK,-4.200915710790758,-0.11592949335047498
U. Çiftçi,LB,1.3805107523902216,0.7480958022226754
Lucas Galvão,CB,1.4875054436836517,1.0310033227606468
B. Riascos,ST,1.2462503563003757,-1.2352215722990216
E. Saveljich,LCB,-0.07071456575804191,2.425184918355664
Tang Miao,RB,1.3269377781780674,1.5201384580806396
J. Mees,LW,0.32317657045605175,-2.528735598775711
C. Cáceda,GK,-5.672589264409929,0.060168174367423395
O. Fernández,RCM,0.5659815040431642,-1.991268052216
Jeffrén,RM,0.6432407582349444,-1.0554420577093835
K. Manneh,LM,1.2760573729380487,-1.8404959145619644
G. Larsonneur,GK,-4.1597115332811105,-0.36843773478187675
O. Kúdela,RCB,2.0818622074657234,0.8541122844001757
E. Bourgaud,RM,1.0449355661121427,-1.1085631087168697
P. Huspek,RM,1.0194924563202825,-2.8541382928910926
G. Maluleka,CM,2.0367846789088375,-0.4661933694668125
T. Juri?,ST,0.7903789880904459,-0.3186399805388807
F. Scaglia,CB,0.16404499298015948,1.9097901274996718
David Rodríguez,ST,0.6000916901754915,-1.3803434354158721
H. Kekana,CDM,2.0691034465046827,0.8411278030238016
C. Dibon,CB,0.6844435700057178,1.5945561779509165
R. Petretta,LB,0.9504394969147001,0.9016167176759278
M. Scozzarella,CM,1.9285623819644422,-0.7870012500097802
M. Kaye,CM,1.9839084387724009,0.479032086690398
Y. Toyokawa,CF,0.1781702215216699,-3.158026278037792
L. Bittante,RB,1.7082897013046197,0.2752826895186201
E. Velarde,LB,1.3200948535945978,0.849927000713492
D. Jones,CM,1.6841298781347542,0.5490920471942786
M. Cahais,CB,0.44568104490810484,2.21878873425778
M. Olivera,LB,0.07240924746973176,1.7872051630941022
M. Sax,RM,0.4244488441855893,-2.0344976278202607
A. Mühling,RCM,1.8830195697254348,0.3404963684419942
P. Bråtveit,GK,-4.467267109815591,-0.4470333074320608
F. Píriz,CDM,0.6855892251370989,1.9941208531037282
Ricardo Lopes,LM,0.8301412239916344,-1.3444027387569515
P. Hamel,ST,-0.45134280607563476,-2.1426056233578725
K. M?czy?ski,CDM,1.4244096048840447,1.076541516946904
M. Hamdy,CB,-0.304338930838825,1.8114994121489176
R. Pröpper,CB,0.5029589586917909,1.750070243473596
C. N'Doye,RCM,1.7802160501011446,1.7718963457190728
Fernando Karanga,LS,0.09032196585112456,-1.7376118485003458
C. Carter-Vickers,CB,-0.17526090107692674,2.1252056582518075
E. Cobbaut,LB,1.245648288312366,1.3383734190944057
M. D?browski,RCB,0.2542494932257372,2.2862976430767867
F. Picault,LM,0.7063693154669116,-2.7077820214770374
R. Romo,GK,-4.723016447718018,0.16882464034763922
A. Corzo,LB,0.3632687722655567,1.1981557160601881
L. Dickmann,RB,0.9108606986099177,0.7330778373254963
Luis Pérez,RB,1.708152484176471,0.37677653481902457
A. Barkok,RM,1.270136720941978,-0.5837695160443617
M. Watkins,RM,0.6331996735855885,-2.239151711931863
H. Arslan,CAM,1.8098289441545166,0.5552991085334644
A. Camargo,RCM,1.7649084203229575,1.47025003926772
F. Müller,GK,-4.553832660299965,0.11977156022639573
B. Behrendt,CB,0.21454461325813573,1.7874766451322248
L. Zingerle,GK,-5.685676580205292,0.049887462214848764
Mei Fang,CB,-0.27096120805534335,2.189121940546799
M. Svanberg,LM,1.4492857495769447,-0.8402808282978077
D. Bernhardt,GK,-5.118912025148137,0.31626977146350943
K. D'Haene,LM,1.7760441589628975,0.1477015803453385
J. Malagón,RCB,0.08676443596747821,2.4543961987312617
Paulo Fajarda,CB,-1.5474468857677954,2.7445347567866647
Germán,RCB,1.3731348918720407,1.833602329569779
B. Idowu,LWB,1.2879812134626905,0.9334971068482936
B. Mkhwanazi,RCB,0.20205921508306085,2.061406720786633
Toché,ST,-0.2239398037069248,-0.6958523296321241
Hélder Ferreira,RM,0.11669132387063871,-2.3445330417757626
G. Mandjeck,LCM,1.6853079776165911,1.3686902953511233
S. Morsy,CDM,1.7191339877875138,0.9603670926251617
T. Antonis,LM,1.5500241248320092,0.10908841167984579
M. Duffy,LM,1.4621939167836135,-0.7092296682260376
A. Ndour,LB,0.5962488966146933,1.072785083166512
Rafael Costa,CM,0.7734929251435065,-0.4783819807625225
K. Walker-Peters,RB,1.0734739215753755,0.6382944513458344
C. Luna,ST,-0.7269685799274549,-0.844197041882729
J. Bidwell,LB,0.9135299168296608,1.2759321214502157
F. Noguera,LCB,-0.2563585187109578,2.4232619075100206
T. Weah,LM,0.3768992303541834,-2.4040411112885582
J. Paganoni,RB,1.639296151878231,0.1479574058380195
A. Collin,CB,-0.32809700312840206,1.7965569893383753
Ripa,LB,1.2657619011684678,0.8913623678893102
Galán,RB,0.9288666843936026,1.7427722260314389
M. Bolados,RW,1.9849518959705899,-0.36561024910435846
Sandro Maceira,CAM,1.3132133169880997,-0.7399832246442535
R. Ibarra,LM,1.4138651692098183,-1.7034957200642316
N. Al Shamrani,RS,0.973053268757355,-1.1878634384570184
R. Holmes,LM,0.8673746937068167,-1.8078271935459835
J. Cordoval,RB,1.0961909908289735,0.9561990142225323
M. Radovi?,CAM,0.047510420143540684,-0.892017076177196
G. Zigoni,LS,0.6075313897110615,-0.7802827019814527
J. Corona,CM,1.4948886142475817,-0.1396116254702955
W. Bruin,ST,0.35326231949686754,-0.9261552301285364
J. Glad,LCB,0.8378559493108733,1.8773123447484583
D. Gordon,RCB,0.06750250413919044,1.98409472650071
P. Rodríguez,LW,0.6706241126264726,-2.3286316658751125
E. Konsa,RCB,1.5547327740424317,0.9518044131369142
O. Darfalou,ST,0.42719913369324897,-1.9351790975758403
L. Murphy,CM,1.8250825689457177,0.8062120869651405
Chuli,LS,0.4392781847023324,-1.647246487945058
D. Suzuki,RCB,1.1670743762926816,1.433721190895492
A. Gholizadeh,RM,0.8719785750244777,-1.4623617520092405
I. Ouali,LW,1.1728299355811926,-1.5612390813993484
B. Holman,CAM,1.453736700771449,0.006372554819393317
J. Gyamerah,RCB,1.4320975745692466,0.9437551916878314
Cai Huikang,CM,0.9355711858079793,2.191386192828638
M. Pittón,LCM,2.1846453203122644,0.884151267281954
T. Kuszczak,GK,-4.791904287866408,0.4258776190960401
L. Blessing,RW,0.9270536927663873,-2.4522255905183594
D. Meyler,CDM,1.6709347924785063,0.9593528118531387
J. Czerwi?ski,RCB,0.19472117881674178,2.231624673419319
R. Vilchis,LM,0.8575065134183555,-1.9748391172372117
G. Valsvik,LCB,-0.1699406716004427,2.5986011375607734
A. Giannou,ST,0.15452697430614182,-1.5892803898570018
J. Hobbs,RCB,-0.4206658487313203,2.393153847294177
R. Gíslason,ST,1.289260235437187,-0.9220039909116522
C. M'Bengue,LB,1.1423182339738405,1.1029074434259174
I. Jiménez,RB,1.2548424455312162,1.068841370158396
A. Al Khaibari,CDM,1.2422147192400024,1.581490288588579
S. Yatabaré,CM,2.3554358883369773,0.6639022308185588
J. Lowe,LDM,1.1598513129294061,1.3134570552934908
E. Jeleni?,RM,1.5691631772369685,-0.537682054923756
M. Abero,LB,1.3681894948697197,1.6818215720817922
A. Teikeu,LCB,-0.690791072446866,2.277335180985823
E. Castillo,LB,1.9323668279951105,0.29164656206961054
M. Wagué,RB,1.1442249961877446,0.21155722920329928
P. Klandt,GK,-5.142324038496392,-0.12368083584510461
Farley,LM,0.212479854113374,-2.797252387503388
Luís Martins,LB,1.396739433117498,0.45957837889565517
S. Riether,RB,0.7740404800628595,1.0047827380832115
L. Diarte,LB,0.7650160769719073,1.544241153614032
G. Bojanich,LCB,-0.1771736095850127,3.0621287640311667
B. Mansilla,LM,0.8965768714555733,-2.4121896704681878
Fran Villalba,LCM,0.7194020067614579,-1.5141397712345912
L. Peltier,RB,0.8631800298542993,1.5257194815865722
M. Knaller,GK,-4.944986908607095,0.3378014833661923
Baena,CDM,0.2966323264658787,1.7289059081540543
P. Ziegler,CB,0.9477981165507806,1.5994310265157223
S. Wangberg,CB,-0.47309478409013384,2.3052947604523464
N. Thomsen,LM,1.313032461023453,-0.4659609071759955
D. Boer,GK,-4.134744384995212,0.2511400797908293
D. Hernández,RM,0.39951546657049636,-1.5616423091238876
A. Šporar,ST,0.4046527860645694,-2.566797541121843
J. Jantscher,LM,0.8125676555072607,-1.7132598634676404
E. Huws,CM,1.7430130119040887,0.16661029512442585
U. Mati?,LCM,1.8177311064351653,0.48830753690237877
A. Ashraf,LM,0.8139196041728924,-1.3924412043370809
W. Bakhashwain,LDM,1.4060752309420144,1.599489144748932
H. Aiesh,LW,1.4210722889874552,-0.9862459428297649
S. Prevljak,LS,0.40021711183527453,-2.2902369569039864
A. Aldrete,LB,1.560430034416738,0.7110395556568715
L. De Bock,LB,1.1823431029221263,1.3155954476132679
J. Hunt,RB,1.5749645859678452,0.42199652030026025
L. Ceballos,RB,1.435743098234146,-0.02600501797585751
Javi Muñoz,CM,1.5176080681066844,-0.020001962319305625
Alson Botelho,CDM,1.2594975606345682,1.578115635699707
O. De Wolf,GK,-5.62473651584402,0.037548815334162204
J. Arp,ST,-0.4508765912574216,-2.346401952154225
J. Ardaiz,ST,0.010752774485024734,-2.3864515091933245
L. Moult,ST,0.3959887772845101,-1.0970673871272945
Arthur Caike,LM,0.8339868211533946,-1.9813023381013515
I. Rivas,CM,2.0547588785011888,0.46889741960185877
N. Onuoha,CB,0.4532514838359687,1.9177864301333194
Mika,GK,-4.517175839589198,0.6328023070965757
V. Klonaridis,RM,1.458989048744951,-0.7806370567242134
C. Stankovi?,GK,-4.777660050730809,0.2694412359997326
M. Gómez,LM,1.9322913174989058,-0.2340405553725016
L. Klünter,RB,1.9441504911335654,0.04226062248875022
A. Farrell,RB,1.6686638782241028,1.1567870649350565
G. Tutino,LS,0.3468894708643206,-2.277288098638648
E. Kouassi,CDM,1.255287833333951,1.1365684394008908
I. Cardona,ST,0.7784185759209933,-2.2153876306461
G. Bruno,LM,0.3673395726854858,-1.7498945992497748
D. Accam,LW,1.4054456675943774,-1.287869654500505
Pablo Valcarce,RM,1.5273087832108545,-0.6787212579063762
Filipe Ferreira,LB,1.4632100293004178,0.4515214982717599
E. Triverio,ST,-0.04162474973816184,-1.1297236514545619
Wellington,RW,0.9342543547715794,-1.702048175134519
B. Nehrig,CDM,1.3525559487551888,1.408226067509097
F. Campbell,ST,0.4792918161231482,-1.824418311732774
M. Yatabaré,ST,0.03512097774749228,-1.4651504081502387
E. Lenjani,LB,2.0207186878923054,-0.19116419807949872
F. Bredlow,GK,-5.759280559298054,0.14577673971078633
Y. Takahagi,CAM,0.9312257554753243,0.6861432738285443
D. Arzani,RM,0.37451486470740386,-2.943124703461933
A. Bencharki,LM,0.896272976113778,-1.2873747274360503
B. Ampuero,CB,0.04376109799864105,2.4371206215135897
G. Pu?ca?,ST,-0.2276162096753802,-1.8421438369182834
C. Chávez,LW,0.5640532149762855,-2.493575908342636
V. Marcel,RW,1.4995452424526814,-0.8798977359253345
I. Pillud,RB,1.2205384920940423,1.3947049166182943
B. Dja Djédjé,LDM,1.498372273987155,0.5953322318706541
M. Baki?,CM,0.46732277211901385,-0.20484576263644128
P. Sané,ST,0.5585594312931745,-1.4014576829476608
J. Clarke-Salter,LCB,0.33888237334971494,2.023389833561854
I. Radu,GK,-4.827249227215811,-0.0452750722377
D. Gibson,CM,0.6955132982482606,1.2265584854418006
H. Özmert,LCM,0.7401685327391857,1.5127714033345667
L. Spendlhofer,RCB,1.0738300275466488,1.895830527053746
Pomares,LB,1.2743461179927156,1.2616830246979562
A. Costa,LCM,0.7203529741702472,0.6335917754083504
Pedro Porro,RWB,1.5942973727195295,-0.48719779295088
Y. Stark,CDM,1.7365212079288885,0.9585715194543522
M. Tankovi?,CAM,0.8025037347099192,-1.6912761311783144
R. Lindgren,RCB,0.6060929844514462,1.8657054034616163
Raúl Llorente,LB,1.250722528824006,0.9649756197537587
M. García,LM,1.8330775652436724,-0.5764244107909887
M. Kucharczyk,RM,1.3831872818689952,-1.2319353768146883
M. Havenaar,ST,-0.4105663188379714,-0.8425982833816379
F. Bahlouli,CAM,0.9186510996519355,-0.3434965659763275
C. Roberts,RB,1.3435474836392616,0.9750001182698043
Servando,CB,0.6308142998993036,1.531909090852411
Lucas João,LM,0.26692170637404294,-1.6645504925054144
K. Kodro,ST,0.6058303275344061,-0.9714289089042569
Lucas Tagliapietra,LCB,0.08783683439728529,2.8342758765759117
G. Maroni,CAM,0.5801036156132238,-1.2081409801474694
O. Altman,CAM,0.5093331029516522,-2.3341304220637205
J. Legear,LM,0.44071060252345123,-1.0509755600761685
Crislan,ST,0.5667015770232396,-1.3522649158262647
S. Hakšabanovi?,LM,0.48876213951210706,-2.0570066521121197
M. Christiansen,CDM,1.190423782940839,1.5001030655961936
D. Sundgren,RWB,1.4387887757862952,0.7746835304603097
A. Parot,LB,1.7354223509139008,1.443740050885377
M. Petkovi?,RB,1.9079844702322184,0.5732757702579458
C. Charisis,CM,1.7116460122001418,0.6383048013071424
Diogo Coelho,CB,-0.17689549955973402,2.147797516474767
M. Ibarra,RM,1.7644663223228512,-0.47769037761088284
Riqui Puig,CM,0.7798836658380911,-1.1040576256053511
M. Pereira,RM,1.5945729343032586,-0.14004072270375748
Ilori,RCB,1.0618334257039033,1.396369949635029
M. Zeffane,LB,2.0497342983492475,0.31232258889628695
Tomás Podstawski,CDM,1.27007283640222,1.1252746781281384
Jo Sung Jin,LCB,0.40010578539187935,2.099612020338098
H. Yamada,RF,1.6628280159408397,-0.5470857742676553
Antonaldo Laforte,CAM,0.11768642805975672,-1.6137711780678017
C. Beck,RS,-0.4073380052231829,-0.8811617148103155
E. Rivière,ST,0.15323635278547998,-1.7746206741709434
I. Parlak,CAM,0.2745202284074646,-2.109983422955834
B. Montenegro,ST,0.4140546514429302,-2.401646450957855
V. Demarconnay,GK,-4.360444494430377,0.0427682650461346
A. Ajagun,CAM,1.0066428132798138,-2.857626590031535
G. Madine,ST,0.014776690255515375,-0.6438672292324163
F. Cordero,LB,1.792906654567315,0.25686037359076186
R. Stearman,CB,-0.18429832823027475,2.2109484224231104
H. ter Avest,RB,1.4861128795889351,0.6748310923478873
J. Medina,RW,0.842022457885659,-2.376437629171523
V. Anita,RCM,2.026098413399897,0.44498797002211316
C. McManaman,RM,0.34900969679700833,-2.2714664729483425
Oriol Rosell,RDM,0.9713764524635362,1.1912478949910812
Paulo Daineiro,LAM,1.1637623561897095,-1.5718522113407125
R. Vincelot,CB,1.520057683895086,1.0923916632369213
R. Lenis,RW,1.2948932952145276,-1.3387660374544026
M. Mier,LM,1.1226271268771375,0.21652630332319278
Y. de Lanlay,LW,1.1914430614403202,-0.8384903160083723
J. Gómez,RCM,2.106143510325703,0.07126070529782848
I. Lichnovsky,CB,-0.03078865231436061,1.6706665199784156
C. Muñoz,ST,1.1872764097726767,-1.438817503182421
J. MacDonald,GK,-4.511561595169439,0.49045647209332394
G. Boyd,RM,1.5888326633774295,0.2863917254408149
E. Lichaj,RB,1.3821285813855062,1.116794582642588
M. Wittek,CB,-0.13728174826979567,2.190095833307889
C. Jenkinson,RB,1.2368691499820221,0.9429011441804586
A. Öztürk,CDM,1.5949565513533024,1.0655608086597135
J. Pérez,ST,1.398432152316327,-1.3756165948489245
Zhang Chengdong,RM,1.3840229748112622,0.7560855502542277
F. Renzetti,LB,2.021534786103538,0.5215071031009584
B. Paulsen,RCB,1.0658619053302711,1.2447722056152462
F. Aristeguieta,RS,0.5636791597189472,-0.25138172269144415
A. Ramos,ST,1.0642694777944126,-1.460297043282404
V. Nelsson,CB,1.0635451810352365,1.6665657463997074
Ever Sineiro,CAM,1.0820110654765542,-0.745630966350568
M. Costanzo,CAM,0.9617385517067834,0.08930514926124254
Yohan Tavares,RCB,0.5408746907263005,1.763342329350821
D. Texeira,ST,0.15382376822225885,-1.528164942846328
D. Toth,CDM,1.5593869054226104,0.3831834941729809
L. Barrera,LM,1.4655581122418242,-0.9727137109809249
K. Bua,LM,0.8179383143722473,-1.7083927730841637
I. Anya,RW,1.8675090096612081,-0.21900197492699103
P. Hoban,ST,1.0003694710184516,-0.8009241927362638
Hugo Basto,CB,0.1328274742906423,1.8965127815363299
Kanu,CAM,1.5887499765299156,0.4346423603978615
C. Arango,ST,-0.021418657726824147,-1.6964661661454956
M. Karl,RCB,0.42562393017115957,2.0160915505466197
Y. Movsisyan,ST,0.4002170457850641,-1.5319605998360424
Puado,ST,0.40155388598200864,-2.187345666410344
M. Abu,LDM,1.6290752083821023,0.7194510049478204
D. Moberg Karlsson,RF,0.9367971368294584,-2.8504455979295926
E. Rescaldani,ST,-0.04249379522318699,0.1646857266217734
J. Narváez,CM,2.0153229628879283,-0.31975351896330145
J. Hoogma,CB,0.562435165444379,2.1155996006415183
S. Beitashour,RB,1.7080003724427073,0.9006749341631861
M. Janko,ST,-0.5112491425379279,-0.24261586925239098
S. Willems,LB,0.0414188258473259,1.4718682260135294
O. Scarione,CAM,0.6896268609717794,-1.3168420871354038
Alex,LW,-0.07628250719330971,-2.4697153455697483
S. Gallagher,ST,0.47369083507352167,-0.6139981700272834
J. Blanco,LM,0.7281695763291937,-2.074113819186187
O. Hamzaoui,ST,0.5733274702406597,-1.9763337590552574
G. Milovi?,RCB,-0.35074863461002503,2.182102364620407
P. Hosiner,ST,0.29304182723414385,-2.5009012595418145
Caro,CB,1.0170617050821953,1.3533705824940656
Felipe Pires,LM,0.7256143913367242,-2.2516246639043733
S. Chernik,GK,-6.303552350549136,0.6309207199722249
Renato Rochela,CAM,0.40997883804381213,-1.2093560392712912
J. Henry,RCM,1.2900023858748935,-1.103121887440401
L. James,ST,0.3130644225481754,-1.364207189363889
P. Reulet,GK,-4.650172432970282,-0.15459633475867418
M. Miloš,RB,1.5203348048368837,0.5243815704382665
L. Valzania,CM,1.5341423355834742,0.033229209868648815
J. George,LAM,1.0841100689685954,-2.021225327853477
G. Robail,LM,1.0431631163494013,-1.3528659819385072
B. Beckeles,RB,1.612249229606965,1.8182337699343523
R. Brežan?i?,LB,1.2627947224041673,1.1325400437025281
D. Camara,ST,1.2429428155283624,-1.1742644522026775
O. Barreto,RM,0.16962373220229982,-2.928532865193059
J. Igbekeme,LCM,1.9616140678317133,0.8532867642012968
D. Álvarez,ST,-0.7782081505394157,-1.2635829566931773
S. Neumann,CB,-0.44420135717037085,2.5345323932382136
Diego Barcelos,CAM,-0.11429394893174649,-1.8005629642991767
M. Wallace,CB,0.3670600488731493,2.3027782552774303
D. Bottinelli,LCM,0.8955585310747283,-0.3757860010363963
C. McLaughlin,RB,1.4683793272270336,1.0228373635147943
C. Gamboa,RB,1.6138828199883972,0.5098204733099257
J. Vanlerberghe,CDM,1.8859045396527663,0.7785612673546726
M. Osuna,CDM,1.6954642412457952,0.9952801822806358
K. Miller,ST,0.9016015095967245,-1.0676023610835566
M. Ciani,CB,-0.8484150827627498,3.1741587175139423
L. Vásquez,RDM,0.26231045254895147,1.8401472999038866
G. Troupée,RB,1.8704817779714527,0.5288848247787271
A. Erdem,LB,0.9882226804473876,0.4500874813186705
D. De fauw,RB,0.7642464971711045,1.6315171047472001
D. Cavaré,RB,1.1513843198828464,2.0660460842433594
F. Maouassa,LB,1.8071237870945682,0.1956259509553416
N. Dovedan,CAM,0.6883773370600854,-2.3692234461232404
V. Hedenstad,RB,1.6565983533320876,0.30561132045961803
J. O'Shea,CB,-1.4001488251703944,2.484620991884008
Y. Wildschut,LM,1.870455843239096,-0.42351078034524203
P. Dawidowicz,CB,1.3672495625088397,1.50260268444096
P. Bartolomei,RCM,1.9569222276607974,0.024723495588899948
Rômulão Selva,LS,0.2992458291092394,-1.8759168491540419
K. Higashi,RM,1.467225273214121,-0.22169832840499465
L. Mora,CM,1.3228659953704072,0.24436013052806385
J. Abrigo,CAM,0.09856855138064982,-1.8542608454439475
M. Diskerud,CM,1.9008362066449707,0.06343181633245523
E. Torregrossa,RS,0.5237456224829855,-1.2008918768348487
C. Cadden,RM,1.5671446944644558,-0.0695917434979228
D. D?browski,RCM,1.1174566979540386,0.9198663047360113
Fernández,RB,1.5928777555144655,-0.08361385941240597
Z. Yavru,RB,1.559914528466228,0.7584073429672121
L. Wallace,LB,1.8731893220648685,0.9990453470611045
J. Niezgoda,ST,0.765165987504104,-1.438953575645806
L. Abubakar,CB,0.7692134112261793,2.091004336171102
C. Leitgeb,CM,0.8863633519229185,-0.0025495982524574414
E. Pisano,RB,0.9897972037129354,1.6425148092372743
F. N'Sakala,LB,1.9811778968280975,0.48145907041045577
L. Thomas,GK,-4.399888633592022,-0.31828530635745744
Igor Rossi,LCB,0.133892507553074,2.2910596382264994
A. Sadiku,ST,0.4657806827173192,-0.9075190880123507
K. Bistrovi?,CDM,1.513669878348353,0.341494154983482
V. Elm,RCB,0.47437532833584556,1.7701140226137813
Carlos Ruiz,CB,1.0410609138821072,1.3848227924146168
M. Clarke,LCB,0.5559983075013565,1.9398721891229516
Witi,RW,0.8679998469344121,-2.8185810297380964
Auro,RB,1.5419600588215379,0.29282425183409316
K. Palmer,CAM,0.8252263696414,-1.3395458131211988
B. Radunovi?,GK,-4.511710325812234,0.23426927677578047
M. Diallo,CDM,0.45143357019880287,1.7559760922759302
Negueba,RM,1.2092541818177256,-2.242644749142793
J. Repas,LW,0.7911279695360681,-1.6067735010605622
N. Mäenpää,GK,-4.642834978752536,-0.03936643124081617
P. Cibicki,LW,0.8108791491764831,-2.0412806358286963
T. Touré,LM,1.1340123854853386,-0.9633633779204951
T. Jibril,RW,0.43088199883567446,-3.2960862079417415
M. Morys,LS,1.1411563918713192,-2.126252090855986
S. Schonlau,LCB,0.7384152646435573,1.6922125845265423
A. Favilli,ST,-0.008659081877630325,-1.8543456370717366
D. Pisot,LCB,1.0645630390815222,1.2263235056592716
Noguera,RM,0.797943635184114,-1.111184580198807
D. Rubio,ST,0.48793365539256117,-1.5803128872278411
S. Hedlund,LW,0.8797334416192032,-2.9378009801704748
R. Dugimont,CAM,1.3336321232265875,-1.0751224990662411
A. Montero,GK,-4.01793119003982,0.49828460915253986
M. Hartel,LW,0.686733767820051,-2.0883240798099463
Adrián Ortolá,GK,-4.355913949885175,-0.36074145203431746
D. Ismail,LB,1.6795966332776235,0.1107673357282571
T. Ambrose,LM,0.8452794846850842,-1.9499014270180752
N. Ueda,RCB,0.1576401832840301,2.032789992171616
F. Cassata,CM,0.8213851645255431,-0.23620669084979357
Kim Shin Wook,RS,0.055610906247235185,-0.0502174467836762
A. Keogh,ST,1.2389980838868793,-0.9011298900259247
Javi Galán,LB,1.6172118113495138,0.15410675699753001
D. Melo,GK,-3.8074741487989425,-0.1800239869254922
M. Vešovi?,RB,2.158796483872,0.16383907402070458
Pedro Pereira,RB,1.0313657145381827,0.7651944497096582
J. Kappelhof,RCB,0.9574402850422001,1.2523208468106644
Y. Okubo,ST,-0.5677061413725509,-1.964226224827565
F. Bordagaray,ST,1.0032650498945017,-0.9764818759709568
C. Akpom,ST,0.6693315649965638,-1.5545108608464286
R. Taylor,CDM,0.6351312094306035,1.233480075563391
Kaíque Mutto,GK,-4.9105979521289695,0.9489078742595709
N. Barrios,LM,0.116376903117807,-2.5646735118416055
G. Sauro,CB,-0.32614280041585214,2.1652230036604427
M. Riemann,GK,-3.1664749540033768,0.2723489388874603
Jung Jo Gook,ST,-0.36626061706956803,-1.5093952306854965
Xavi Molina,RB,1.2940430111015837,1.2236382841442812
S. Thesker,CB,0.08940580872293721,2.2241882257182963
Ailton Cardenhas,GK,-5.74688082183502,0.4896612584772361
G. Kyei,ST,0.49679930058918625,-1.3584190327217707
L. Wahlqvist,RWB,0.9201582080330553,1.3036708587163597
G. Lorenzetti,CM,1.446486180872258,-0.8006118030531096
João Victor,LW,0.600515475184892,-2.514529362823357
D. Sánchez,GK,-3.5031695337067927,-0.04574518011274032
D. Oberlin,ST,1.661104974257067,-1.8229300718640928
A. Avlonitis,CB,-0.0027225920892246847,2.4027643578736133
I. Sissoko,RCM,0.987465154306244,2.299004088530795
Aguilera,CDM,1.3091747142892625,1.2710914772047037
Z. Boucher,GK,-4.184074352159184,0.2849495112342519
K. Misao,CM,1.7871985007076272,1.0535209095891784
B. K?sa,CM,0.33430925022176317,-0.39819365002416157
T. Beermann,LCB,-0.09988079318956662,2.1027320599026615
G. Courtet,ST,0.7206194999149222,-1.4398989894345051
F. Oreja,RB,-0.22225518905393774,1.6193867473872652
J. Silva,CB,-0.21329231570180532,2.649097324339563
F. Ballo-Touré,LB,1.459755860155852,0.16844848002569776
S. Celozzi,RB,1.5394008088188247,0.5746453068992458
P. Kitchen,CDM,1.332031270975728,1.3788806040113675
T. Weilandt,RM,0.9406216125094473,-1.3052417936428178
M. Salvi,GK,-4.985534713303364,0.30518610862640927
José Mari,LDM,1.602857884378167,1.1075582277403144
L. Velázquez,CAM,0.6272645155854032,-2.5767555125746995
Fábio China,LB,0.8444468939360672,1.005857508262902
A. Guðmundsson,RW,1.0510697540153333,-1.3817313775033553
Niltinho,LW,1.1520214887399909,-1.865788057380091
D. Perquis,GK,-4.318285917334368,-0.02657141973831626
Fredy,LW,-0.014560567091799637,-2.862116537506077
Lee Seul Chan,LB,1.7131731908668981,0.24982862678359594
S. McKenna,LCB,-0.07035366865204129,2.430891556577455
M. Ciofani,RB,1.20695088053719,1.5189385323706643
Paulinho,LS,0.5588427598185408,-2.3311035298761476
S. Posch,CB,-0.49530067727249816,2.4763339272030325
N. Rapp,LCB,0.44030178718349233,1.8008268387889919
P. Sandler,CB,0.943812000763342,1.4110222320893535
Jorge Fernandes,CB,-0.3993035383728083,2.194814753811617
O. Mazuch,CB,-0.5797877535751634,2.392471506926054
Nicolas,GK,-4.463697082606796,0.5434996336031857
J. Lowe,RW,0.7513909133867933,-2.4474259406552523
J. Glesnes,RCB,0.7997626323593339,1.6836604595830713
J. Spence,RB,1.3449676059017701,0.8840240278602418
S. Sirigu,RB,2.147104652127105,-0.1612562909855317
E. Salli,LM,0.7750384569881453,-2.198276305184727
C. Arrieta,RB,1.6206645221968516,0.13686456279549516
Dani Nieto,RM,0.7626453693569966,-2.5279620578736326
S. Allagbé,GK,-5.239917108486388,-0.13667812338082586
S. Kurumaya,LB,1.619861405772943,0.6067573406015271
J. Fontaine,CAM,1.7789296216563237,0.509794043047185
L. Schmitz,LB,1.4836526973468724,1.0511036715931443
Joãozinho,LB,1.294775492964415,0.8173576004164383
C. Mo?i,LCB,0.04760776968073216,1.7466005964084093
R. Strauß,RB,1.5168516905677303,0.4918824930353572
F. Gulbrandsen,ST,1.8341531030354492,-1.427166425146487
C. Edwards,RCM,1.1940298900250712,-0.22020745924256122
Auremir,RB,1.723415157303744,0.5530681552850846
S. Rincón,RM,0.44684556589313884,-1.936369302073344
J. Harrop,CAM,0.1707021671260572,-1.9154137944269942
A. Kwarasey,GK,-3.7257024711320317,0.32540495946498016
J. Fejzi?,GK,-5.167447427769508,0.5630955646352075
Cláudio Falcão,CDM,1.5309560187711149,-0.19080984539802454
B. Sosa,LB,1.203489070833665,0.9461281620889771
D. Marcq,CDM,0.8856540831427826,1.649038950674484
P. Seguin,RB,1.6344835172815495,1.3231401701391294
Z. Y?ld?r?m,CDM,1.7069309906175576,0.8894804726232506
S. Fortès,RCB,-0.16078601473780382,2.3961072951845437
T. Iwanami,RCB,0.03322818174290078,2.195997295658655
J. Carrasso,GK,-5.162851350920861,0.0330296124115478
M. Vilhjálmsson,ST,1.2646720026243425,0.48267866688592986
Helton Leite,GK,-5.862161828034519,0.08329396309249103
M. Stefaniak,LW,0.5282498018479562,-2.0265705015818116
Sergio Santos,LS,0.848134313767509,-2.1089520135457693
A. Kalulu,RM,0.9160895464015825,-2.5484237618301897
Vinícius,CB,-0.3665784862940116,1.9129716700347437
D. Stockdale,GK,-4.474537552975328,0.2678349776536488
A. Blanco,GK,-4.739972610939246,0.26355620262884927
J. Butterfield,CM,1.2580778271626014,0.40253542964899774
Bruno Brígido,GK,-4.854991870349336,0.16846540678528224
D. Tonucci,RCB,-0.6534215874397311,3.032953557800904
N. Lima,RB,1.7860460362603376,0.04032646232723246
A. Mitryushkin,GK,-4.687918783002706,0.10098107143455366
B. Sagredo,LM,0.5987666840517974,-2.3759377586408923
Omar Perdomo,RM,1.0738428791724963,-1.5140521806405254
C. Kipré,RCB,0.021587558560935267,2.3998295193197334
S. Escudero,LM,1.4756201432084302,-0.7608554831287488
D. Llanos,ST,0.3679424635665046,-2.182030018252094
J. Caicedo,LS,0.31595033947475776,-1.3422066438868874
M. Normann,CM,1.5762080111456422,0.6120606326594298
C. Keita,LW,1.2525216362689486,-0.07615468248114692
J. Lazare Amani,LCM,1.791840728356333,-0.489264524747925
S. Hain,RS,0.31050042044019877,-2.62666508068767
K. Kraus,RCB,-0.4254801152618478,2.5085336045825786
Raillo,LCB,1.163190457000501,1.5593608281856912
M. Baši?,CDM,1.4530949173648962,1.7550753385068778
J. Carreño,CM,1.9968146334091474,0.24888431042417708
P. Erras,CDM,0.0806162826116901,2.403067050267412
J. Peters,CB,-0.06934355859084589,2.0308866288207374
J. Ruiz,RM,0.3158897593882733,-3.0890349004073614
J. Mansilla,LB,1.0622389112247757,-0.3890249092777739
G. Monachello,ST,-0.2536051888918255,-1.5539082792678698
Jonaldo Monteiro,LB,1.5944868933623244,0.6413826809705613
Y. Njie,ST,1.0607957565096051,-1.2243740935646772
P. Garcés,GK,-5.631031291624535,0.07764136463427329
J. Rassoul,CB,0.9104967509267563,1.4275739583216167
F. Schleusener,RS,0.7778621766708912,-1.8461909801112737
C. Guanca,ST,1.0951067870717042,-1.3451862030856414
P. Abrahamsson,GK,-4.7879926160172195,0.577963658876119
A. Abdi,CM,0.46186979014062796,-0.4002736101704122
A. Barberis,CM,1.3732657798877583,0.9905497967315341
S. Rochet,GK,-4.203482961872666,0.19869642579307545
S. Çiftp?nar,LCB,0.264991336380519,2.314761365676753
M. Frydrych,RB,-0.02189243820878907,2.347817875031011
N. Chernov,CB,0.4892585731000459,1.6875297484008145
M. Moreno,LM,0.930194518722213,-1.8776538706077004
M. Autret,CAM,1.0129395764547586,-0.8373412086461591
D. Diamantakos,ST,0.6325175532871151,-1.6938767707030233
F. Honorat,RM,0.04025859075342769,-2.983276712745796
R. Zapata,GK,-5.142292712046008,0.4332640389106337
G. Taylor,LB,1.8609200284621128,0.4220167789912576
D. Davis,CM,2.3700635980680955,0.9212360483744954
S. Benrahma,LW,0.6713219573459553,-2.3303564067436686
P. Burner,RB,1.7880959581104163,0.09390381398534475
A. Mbengue,LB,1.1761591727634118,0.06967845796754712
J. Pi,RDM,1.8964810794885698,0.7984644128650676
S. Vegas,LB,1.465486197250011,1.5331159328073705
Hélder Tavares,RDM,1.7976090002919118,0.8949606361567363
S. Ekramy,GK,-4.838566276948271,-0.21087528529500066
Júlio César,RCB,-0.17608713720589378,2.3126514838120866
M. Mustacchio,RM,1.2715069218303237,-1.8383745882736127
Kim Jin Hyeon,GK,-4.617654396765579,-0.09339157815040333
Héctor,LB,1.6935199023156897,0.48640537736757866
Wang Dalei,GK,-3.9386336131157034,-0.9695480628165024
G. Lovrencsics,RB,2.0420694414730542,0.30062738846372483
Rui Silva,GK,-4.903345667620992,0.33402037784166705
F. Öztürk,GK,-3.651699419931411,0.7266124098960778
J. Ramis,ST,0.6289162052168891,-1.7266316131956594
T. Serbest,RCM,1.3790526006991854,1.1685913139498125
M. Araujo,LCB,0.2643629649089988,1.299301948464806
L. Pernica,RCB,-0.2963185739707758,1.9419202489508003
J. Fuentes,LCB,1.6578274223371785,1.0192302216340479
R. Pich,LM,0.7588429179722225,-2.7550540834122152
R. Schiavi,CB,-0.8382470601708678,2.3961089770845714
D. Warmerdam,LM,1.886661285726577,0.7407261387237156
I. Gómez,LDM,1.554450487974018,0.589810309215223
J. Rojas,LCB,0.7558944359829726,1.8845132264630502
Huang Bowen,CDM,1.699976598316726,0.5385316078071073
J. Laso,RCB,-0.02029953221559156,2.358357929367428
T. Jod?owiec,CAM,0.9035419487803565,2.285676208549078
H. Hermannsson,CB,0.05116860773348845,2.1290273404090003
P. Forsell,RF,0.40235588290778507,-0.5885954711111298
M. Bogado,CDM,1.5914341946365795,0.1352777469440079
R. Rodriguez,LM,1.2621360654526343,-1.2152481663434234
T. Çal??,CDM,1.48978214340914,0.8540746347364729
R. Krauße,CDM,1.2049510104677685,1.574746412576136
O. Ejaria,RCM,1.362613404487611,-0.7301370909086214
H. Duljevi?,LW,1.5251936223926892,-0.9323073249771457
G. Arabidze,RW,0.5462216313463025,-2.654276614375492
E. Pérez,RB,1.3955976274557582,0.7948267958708001
Felipe Silva,CAM,0.32994776984299845,-1.5754822174839134
M. Sonnleitner,RCB,0.5130001868026807,1.733342679128801
T. Kirschbaum,GK,-5.074435506628336,0.07311173326966584
J. Verhoek,ST,-0.5538490626017805,-1.0222935598967733
Q. Bernard,LB,1.8547065761235861,0.8690300293298194
E. Ruud,RB,1.4757815282188942,1.0831334433083102
W. Johnson,CDM,1.5859219104945435,0.7657692253080797
M. Hartmann,ST,0.7227527896282518,-1.253212388611666
F. Mattia,RCB,-1.5141780356633812,2.9539507078523997
Y. Opanasenko,RB,1.372775694774606,1.0247998018287734
J. Grahl,GK,-4.4732160916011185,0.5476703503593796
B. van Polen,LB,1.532634826918248,0.8704893728406888
F. Brorsson,CB,0.15263887315915708,2.010504632748169
D. Saint-Louis,LW,0.8037541925894782,-1.8736265499247142
J. Fuchs,CDM,1.6349727122752868,0.5534763527051024
L. Coulibaly,CM,2.3382265183197735,0.8750632959660766
Jonathan Pereira,ST,-0.04011027498136153,-3.3271852711465453
C. Avinel,RCB,0.5858359051914456,1.6531857668271335
Felipe Macedo,CB,-0.4270598213724986,2.481446820952333
M. Çelik,CAM,0.5184886533153977,-2.591792368376258
M. Etame,LM,1.1801004646810849,-0.6407319610141609
Adrián Diéguez,CB,-0.040302596863813225,1.8925666194625532
B. Shuttleworth,GK,-4.290201660794776,0.6364523772078394
C. Salcido,CB,0.4312377444292491,1.8762560980269525
J. Gastien,LDM,2.3792030395462915,0.37127482153477737
A. Vural,GK,-4.488464185755921,0.12850737229070255
M. Roberts,CB,-0.5958504505947236,2.323156079423802
A. Mac Allister,CM,1.200374246857597,-0.8218640253091725
C. Schneuwly,CAM,1.6203149884070918,-0.4209460375988269
Edu Ramos,CDM,1.3766765328205124,1.0159644923641051
P. Calandria,ST,0.14457264590106145,-0.8650125425607659
J. Medranda,LB,1.8575503747980004,0.21892505191454945
L. Stulac,CDM,1.5980289801091965,0.759044215366277
S. Moutoussamy,CM,1.7180049024140505,0.1129781948026269
M. Schönbächler,RM,0.5567499818640579,-1.2829388324121545
N. Giannetti,ST,0.07590629903442038,-2.1698369916229425
J. Joronen,GK,-5.141124966990684,0.14715084259026695
Pablo Pérez,CAM,1.2323302130901586,-0.2547531883239029
M. Dupé,GK,-4.836487791394111,0.4789411479705132
J. Roye,RCM,1.6620433613368801,-0.5439977956881181
S. Rossbach,GK,-4.120464159188425,0.20448467666304868
M. Diemers,CAM,1.2414212046523208,-0.39037545652731875
Matheus Reis,LB,1.2291876791983443,1.3487539102410948
Jon Toral,CAM,1.1093871423858181,-0.5353257881587126
L. Melano,ST,1.1815658529322524,-1.5742052820657488
C. Kazim-Richards,RS,0.6171105454395226,-0.9485529470543332
P. Haring,LCM,1.3909126693715745,0.9718320176015384
G. Niedermeier,LCB,-2.1325908037871892,2.144694082627862
A. O'Brien,LM,0.9562603119670394,-1.4312219587181083
J. Holt,LCM,1.936701197083676,-0.048205349548017445
S. Rosales,LM,0.479993887971963,-2.5039878561322726
N. Reniero,ST,0.32052432303123546,-1.7405565689558105
L. Singh,ST,0.7235794677087393,-3.1790603108489193
G. Papunashvili,RM,0.5876236081268239,-1.6803510165153297
S. Souprayen,LB,0.9764786015823456,1.5361427228688351
Tomeu Nadal,GK,-5.4963512881987135,-0.5296521143305482
B. Schmitz,RCB,1.1923109794147888,1.1854782002124267
A. Robinson,LB,1.1090480831683005,0.7751576540989803
I. Jebali,ST,1.3673875977538517,-1.025516593533149
L. Damour,CDM,1.5942751072210821,0.4931260576488694
M. Modolo,LCB,0.7381946385193644,1.6694589094903771
M. Fossati,CM,1.2675702593971303,-0.3208100955810085
R. Echeverría,CB,1.7078316013032437,0.9570318507118952
H. Fertoli,LM,0.808301040553596,-1.399019092562397
Jhonatan,GK,-4.736473682698027,0.5748015186659784
C. O'Dowda,LS,1.118942112575572,-1.4839626432404163
D. Monsalve,CB,-0.6172379541137042,2.6047309764750213
Brian Oliván,LB,2.0629473017016715,0.3783862826235463
R. González,LCB,0.07920686021386789,1.9642218620803464
P. Tsintotas,GK,-5.554481940239427,0.5427525290976134
M. Ponce,LB,1.5810854676357784,1.3129555295613533
D. Novaretti,CB,-0.8281090728120258,2.947080254699333
A. Lang,CB,-0.4211061694852498,1.9941869120358062
S. Villa,RW,0.6306136795272584,-2.4530170079915
B. Nasti?,LB,0.8329231435783816,1.4925959821042487
S. Bornauw,LCB,0.7947161918072917,1.9018707255073917
A. Karabulut,LM,0.959540026538156,-1.1341563601577225
Isaac Becerra,GK,-3.666398380774322,0.27437614349458533
L. Mühl,LCB,0.9397188298263294,1.6222902955248424
L. Bénes,CAM,0.2646362695529814,-1.6074884217918393
M. Hansen,GK,-4.803934817528732,0.18769051267727402
F. Espíndola,ST,0.7754496047916077,-1.7621679389123448
A. Matthews,RB,1.36451140151868,0.828060286063445
R. Millar,RCM,1.3981287798448543,0.6166386257276486
A. Traustason,LM,1.3322953819152088,-0.900233712296609
J. Zacaría,LW,1.6327877295561464,-0.2507759748489027
A. Bodzek,LDM,0.7565272121281242,2.098034988127428
Aníbal Capela,CB,-0.861148840351888,2.8887791737335973
M. Kolke,GK,-4.323912258220683,0.7531159680494283
Emidio Hoffman,CB,0.5871106770388401,1.4962400390556212
I. Ganago,ST,0.5695952210071332,-1.3377698322962
O. Ben-Harush,LB,0.9201581626465871,1.412714680369352
R. Weil,CB,0.749551467810578,1.7377401546990368
Álex Mula,LM,0.8967931306148251,-1.180313795389995
Tomané,ST,0.1652416370004246,-0.8119671880726015
C. Sapong,RM,1.0466919828063486,-0.6443112341281801
S. Asamoah,RDM,1.3183123618272012,0.5370331876042193
J. Cavallaro,LM,1.066128616464733,-1.2577504106113655
H. Choudhury,CDM,1.0842968785722378,1.3807270030656242
B. Pitman,ST,-0.7167978096591655,-1.3348373805478537
A. Kovácsik,GK,-4.2382119039748,0.1131463860903313
K. Kawamata,ST,0.5641403727985103,-1.1228510556399838
M. Martínez,CB,1.476170116545886,1.6890427354755835
J. Orejuela,RCM,1.558049981596555,1.0374056295367868
L. Caicedo,LCB,-0.5458704457150463,3.0426903209522127
D. Vente,ST,0.5014232785414032,-2.024580534056793
M. Thiel,LM,0.8653785717083813,-1.2177496647850417
L. Galeano,RCB,0.4784292887365929,1.844703830081659
F. Passlack,RB,1.9956755393528791,0.6029655811950992
N. Daghfous,RM,1.7290415321875543,-0.5278963011022493
T. Smith,LCB,0.2628111815788562,2.172030695616769
R. Leonard,LCM,2.3764546486677802,0.6134408004180159
Filipe Melo,CDM,0.7174727325796452,2.1687153219053457
Undabarrena,LCM,1.2635890116004933,0.9532539910397443
H. Belkaroui,LCB,-0.5714622398563654,2.287024100103625
R. Živkovi?,ST,0.4794247839301002,-2.619830443758432
Arsénio,RW,0.8435890169909108,-1.331094415749119
M. Riquero,RDM,0.7052420211858503,1.7641202747608742
T. van Weert,RS,0.04226500149210813,-1.8456777628877694
Césario Figueirido,LCB,0.3100555350401507,1.6589457635431268
Brahim Díaz,LW,0.21119848348875309,-2.976948628889977
Ratón,GK,-4.252651933060785,0.08236877839465567
D. Soddimo,CAM,1.466404082968069,-1.1881120802296512
Diego Caballo,LB,1.6805213798772884,0.11572489645354372
L. Grimi,LB,1.0663290666381855,1.0319809566744398
A. Ienaga,RAM,1.0914502612792172,-1.0600449754852854
César,CB,-0.5617686385612707,2.4840490330992684
G. Prömel,RCM,1.4333059336304306,1.0346506351169253
D. Cataño,CAM,0.45888987115402147,-1.321806393914804
O. Kolá?,GK,-5.7672189201603,0.2661721209701003
M. Samassa,GK,-4.29768545659512,0.3848856077821525
J. Pérez,LM,0.19850766456366484,-1.5639375969148486
M. Richter,RM,0.4869732936970182,-2.3959857663897934
J. Hyka,LM,0.861180380420125,-2.203000944010279
A. Hjulsager,CM,1.9362122799124994,-0.32780013827540383
A. Sjöberg,RCB,-0.5345898790078812,2.6266908042121457
M. Fernández,CB,-0.27721262739428726,2.4130601149651896
V. Muratori,LB,0.34261335479856336,1.4927122804338349
E. Hovland,RCB,-0.4995831400376172,2.6405944262423118
D. Furman,LCM,1.3685473189883,0.7868386979433374
G. Machín,RCM,1.5791570556601746,0.5569178829288854
F. Starzy?ski,CAM,0.6243533319965774,0.6128827917920425
K. Vandendriessche,RDM,2.0941613994572803,1.2598624358157993
D. Romney,LCB,0.5976749558145017,1.7242782861643409
S. Hagen,RCB,-0.04358683421304041,2.5064552571829233
H. Nakagawa,CAM,1.0662359941504223,-2.6088003132032402
L. Tawamba,ST,0.4155170658730297,-1.7944531712905327
B. Bodin,RM,1.1945105918825818,-1.2010913817722464
Willian Rocha,CB,0.4053667417204787,1.813906923481923
A. Traoré,LB,1.6290147738052767,0.6630451852397955
D. Bisoli,CAM,1.8676569019103322,-0.24674274396260207
S. Ganvoula,ST,-0.028291770876411482,-1.2578408824365213
Kim Kee Hee,RCB,0.4576125246599311,1.9906248731988292
G. Barriga,LB,1.5847748489199598,0.5153313095053598
R. Zentner,GK,-4.021287893463891,0.2749547165995289
A. Schenetti,CAM,1.8045940180140396,-0.37400624947278843
P. Szymi?ski,CB,0.41020898414704254,1.7304689426852387
K. Ziani,RM,0.966993927156264,-0.9462208816580929
H. Jurjus,GK,-4.539860138992315,0.16111039519517853
Rochinha,RM,0.635753512855304,-2.5937777255005225
C. Manea,RB,0.9862714922901088,1.4624361858456632
O. Kakabadze,RB,1.8555937369236544,0.5490665313191488
J. Choplin,LCB,0.7438696163341619,2.2056034048122077
C. Pasquato,CAM,0.005201921311958881,-2.7110996891507626
Muralha,LDM,1.9543119506416358,0.6475506380943883
M. Romeo,RB,1.682936251365123,0.5992025162470027
Minhoca,LW,0.6503420470676562,-1.6023790693044992
C. Núñez,ST,0.621011569533117,-1.5976029270965515
K. Zachariassen,LM,2.460562737934568,0.17527439060417174
N. Frey,RB,1.0933888479468619,1.5326943066762109
W. Sandilands,GK,-4.776875315761713,0.34060218737067144
A. Vuletich,ST,0.5216159825927247,-0.7837297389278033
C. Fandrich,LCM,1.0392570236293224,-0.9739780966140502
G. Bueno,LW,0.18118196508299048,-2.475820700824722
K. Çelikay,GK,-5.030330587039225,0.3367235187057347
G. Stewart,CF,0.08378846896054648,-2.512437251296244
C. Teuchert,ST,0.7792926264575566,-1.854982270460703
J. Larentowicz,CDM,0.8066995670465434,1.378863564485562
Villalibre,ST,0.16990982342393499,-1.1620412433738159
M. Grün,GK,-4.352661998815496,0.3122884375440849
M. van der Maarel,LB,0.6614534250758163,1.342575646750486
J. Obiang,LB,1.0393737982024598,-0.4850024217108593
S. Kingsley,LB,0.9410285456719271,1.0177806352231638
Gabrielzinho,RW,0.615698708873158,-2.554917453108755
F. Poli,LCB,-0.27499763249189335,2.400156458498341
M. Cranie,CB,0.963997827605232,1.2991497743278162
David Rocha,RCM,1.17557406187974,0.5612527147474464
F. Bandinelli,LCM,1.6208648431637194,-0.0926738663412085
Vágner Norteiro,RB,1.2253849601880726,-0.6496591024025904
P. Rojas,RM,1.0265864195953445,-2.887275988061673
M. Tchokounté,ST,-0.34413022204534477,-0.86926858825886
J. Mutch,CM,1.261825693434485,0.26006244248445043
E. Boateng,LM,1.156186928397312,-1.3553631830097883
Avto,LW,0.4319959828495584,-1.9271664806333584
Alberto Perea,CAM,0.17151042831355004,-2.0558061354983357
E. Flores,LM,0.9060990157917651,-1.6203158225133287
J. Stage,RM,1.7320823169563495,0.11595956145413402
G. Flores,RB,1.1444583606409955,0.747991531693784
A. Bangoura,RM,0.5065824969001302,-2.188016580726278
P. Lugüercio,RM,0.9606067099280411,-1.5671265816629625
I. Hagi,CAM,0.6750398848384722,-1.4957577569007985
M. Pedersen,LWB,1.5948744900755096,0.04795839032252145
J. Lawrence,CB,0.13639769809370167,2.109709646103274
A. Mazzarani,CAM,0.700897833729225,-1.560156112550419
A. O'Connor,RCB,1.3875508354002655,1.1312515320153147
M. Bagayoko,RB,0.49146950305624504,0.969583606237069
M. Pedersen,CDM,-0.0312494171791864,0.01898836062157677
Danilo,CAM,0.6944634894985964,-1.6444962611748335
P. Ngawa,RB,1.0984976132602953,1.0570490601074802
M. Somma,CB,0.3092068519468835,1.6311064591296205
B. Webster,CB,-0.5467706114730975,2.1417909975076848
S. Holmén,LCM,1.344000747153311,0.46420333776640854
M. Zambelli,RM,1.4779305067382622,1.3841811710332879
A. Zre?ák,ST,-0.3262332498647216,-1.2556301907801846
C. Canío,CAM,0.43157875319860894,-1.103138047893584
Kaio Pantaleão,CDM,0.024175202286524387,1.849360842677909
H. Mier,RCB,0.5531725174868676,1.2147691053387735
P. McEleney,CAM,1.6327836107637819,-0.5216503556568324
Cristiano,GK,-4.552537294239077,1.0022474902394094
A. Oueslati,CAM,1.7347915766668054,0.4106123308154073
C. Brannagan,LCM,1.2925530365321847,0.27884536609999844
E. Burgos,RCB,-0.2923911490380289,2.807068896933328
D. Graham,ST,-0.25001540490326685,0.1570042904533966
A. Aosman,RF,0.7616484451199934,-1.3223381239304435
Sergi Canós,RW,0.9309488127932082,-0.33998452179338673
Mauriçio Clerez,CB,0.26896270564327646,1.3638665426812535
Koke Vegas,GK,-5.166051249632475,-0.3989158221833569
J. Sainati,LCB,0.410319192073948,2.0582255250144397
P. Hofmann,ST,0.046111472905619906,-0.5310146786849691
Kang Sang Woo,LB,1.5065411542150478,-0.05353289389160089
V. Jugovi?,CM,1.6522265932970062,-0.0649114323535921
Márcio Velinha,GK,-5.1179271213183535,0.13261608536636274
R. Curtis,LW,1.5871963578503012,-1.2297642251346124
J. Andersson,RWB,1.532057699273971,0.14712929378150075
F. Uzoho,GK,-4.564430152136986,0.24095068471130637
A. Hammoudan,RM,0.31838573522643987,-2.4358053362262284
Unai García,RCB,1.4600849723651572,1.5454594772238595
F. Mladenovi?,LB,1.2834322399208025,0.6961450335877316
C. Ripley,GK,-5.339785234639791,-0.5009632499220784
R. Andrich,CM,1.612474877325954,0.9117901309326011
V. Bozhikov,LB,0.35600694771980795,1.7988329207452347
K. Sierhuis,ST,0.04191498246868279,-1.4222060629465985
A. Escoto,ST,0.637131383549636,-1.4233555446564543
C. Rodríguez,RB,1.1543484548062748,1.1180377963169486
Lee Keun Ho,ST,0.8125443152587035,-0.47987324509591683
D. González,GK,-5.1160400099154,0.6428784111081193
Oh Beom Seok,LDM,1.5425063526753546,1.1800534199778205
D. Ljubicic,LDM,1.8200401601312488,0.2947608094961315
G. Abán,RW,0.6255107821080167,-0.9022264406759551
Raúl Cámara,RB,1.652325619328746,0.3052385030689305
E. Velasco,LB,1.2175035529853155,1.583179686318883
S. Nsoki,LB,1.1133272330210167,1.290179143002136
R. Maniero,RS,-0.4284503042557387,-1.2564456815996798
G. Piovi,LCB,0.43406403081509937,1.5097679322657964
D. Lemos,ST,0.000920078557253625,-2.301021687351666
T. Mr?ela,CB,0.0808299308636412,2.7827245554083637
Y. Yoshida,LB,0.8189898601265841,1.0646298777173777
C. Sheridan,LM,0.13655587797532362,-1.5745702582087138
L. Burliga,RB,1.8690433032523224,1.1156866865026345
S. Ezatolahi,CM,1.4184633878642539,0.693552992264896
M. Andersen,GK,-4.4723972511218015,0.8447748532890959
E. Özbir,GK,-5.382748073368554,0.40039773151830277
Merquelanz,LW,0.6216614021285973,-1.231387805552832
A. La Gumina,RS,0.30804091368788955,-1.6055130483489777
K. Londoño,RM,1.6966420104848126,-0.053506145855960655
D. Guastavino,LAM,0.4146862595175736,-1.3876542905349125
A. La Mantia,LS,-0.1364209574460548,-0.6646716914211079
M. Friedl,LB,0.6764896944590949,1.1027902964117853
A. Turgeman,ST,0.18564297508127905,-1.9673139704705396
T. Baši?,CM,0.9523232330938585,0.7537211919359037
R. Gabrielsen,RCB,0.642734506153413,1.5816648702955725
M. Palmer,CM,1.663404598342591,0.334869635713991
V. ?erný,RW,0.36272921418525983,-2.7168290637061685
J. Nolan,CM,1.91420506060132,-0.2900248426740393
I. Rivero,RM,1.3590839349479198,0.6922088802089242
Carlinhos,RS,0.9591989450320637,-2.106538844286903
C. Baird,ST,0.4971985634646491,-1.9027746288048568
W. Kamavuaka,CDM,0.9102000562221535,1.8190119750061604
A. Gabr,RCB,-0.03194214508934057,2.050717224538012
J. Drachmann,CM,1.6482185308654647,1.0404575989290277
Jorge García,CB,-0.9145738384300048,2.005239598169234
R. Gall,CAM,0.7359997379002865,-2.166219976264004
Jorgino Baumer,CAM,0.33306771451279943,-1.516047825385163
P. McShane,CB,-0.7005562160105872,2.1138166674709016
Eugeni,CAM,1.493075177106571,0.05830202056464538
Reguilón,LB,0.6504271033763296,0.6324606951901919
J. Carvallo,GK,-4.666951368208092,-0.6232015166015458
T. Acar,GK,-4.901951362354123,0.7384195508618393
E. Berko,RM,0.9925662607895817,-1.4893589813488983
G. Gil Romero,CDM,1.4632959938844206,0.8903317634840918
F. Harek,CB,-0.17165883342600877,1.776669067942358
M. Asiri,ST,-0.07671223075193752,-1.4493878410903183
F. Arancibia,LM,0.397593453231451,-2.4143804869634087
Y. Leiva,RM,1.4463872032056657,-0.5165567711871283
L. Jallow,LS,1.3480836080274503,-1.9293358196191834
M. Alphonse,RB,1.3880061686643244,0.3820786246673824
K. Salazar,CAM,0.4115162791297531,-2.222196757415513
E. Fernández,LCM,0.2647129033497275,-1.3554902514239844
R. Benatelli,RCM,1.2976874514608674,0.7265163960327748
R. Becerra,ST,-0.6866120358597884,-1.140168376402952
Oh Seung Hoon,GK,-4.743893776365124,0.12618740265584988
Fredinho Mutto,LB,0.7953100966120469,0.7670098796095238
D. Zagorac,GK,-5.763891812089841,-0.6578724950804529
F. Di Tacchio,CDM,1.5103284975864362,2.2880823942217274
T. Watt,RS,0.2030424828386003,-1.7236311734421148
S. Baldock,ST,0.6748730051054254,-1.708048345187112
D. Valdés,ST,-0.00846019469646503,-2.0885590175094904
S. Moharrami,RB,0.9642788680138192,-0.007730092383707295
T. Dangda,LS,0.014261320099359404,-1.886939726257908
S. Nicholson,LM,1.0770841104760296,-1.3126223432026465
T. Browning,CB,0.2536309882014023,1.6237713982166047
Song Seung Min,ST,1.5213161392383872,-0.3723344280779779
Macedo,ST,-0.06461523906390829,-2.2369131126932245
Y. Eteki,RDM,1.5988906055064849,0.9912376300340813
E. Alfonso,GK,-3.8530137002256852,0.14988316444047078
D. Mattocks,ST,0.6768356378082897,-2.4581245944260806
R. Sanusi,CDM,1.5439108219712063,0.6755012119127588
Adrián Maideira,CAM,0.9723671434717585,-1.6359862570178008
Soriano,GK,-4.959870492849327,-0.18411228159059131
T. Röcher,LM,0.21013014516510964,-2.136213037875521
Gerard Badía,RM,0.549262676544779,-1.684090107030605
M. Núñez,RM,1.094345171355272,-1.5366495894267582
S. Alakouch,RB,0.8063685236910605,0.8576358306992402
L. Rose,CB,1.1183838974374378,1.3649282877592077
B. Thoelke,CB,-0.48872354027830234,2.431465052366576
W. Droste,RB,0.7608022527136402,1.2439189224543077
Sun Ke,LM,1.8183696739843944,-0.5003722470550741
I. Mo?ini?,CDM,1.1092304237879167,0.6642910538858706
A. To?ca,LB,0.8765507367770398,1.0150195476294361
Daniel Mestrança,LB,0.7980895657421065,1.48557077928911
J. Arias,ST,-0.23966569722459802,-1.8451843684899707
M. Gorgelin,GK,-4.895621461575301,0.23664516768528648
Cristian Ceballos,CAM,0.21567590132409453,-2.119725615391127
J. Croux,RW,0.5234077631853039,-1.965758086765581
D. Kort,RDM,0.17052035813058167,-1.6595767103300336
J. Grant,LM,1.7913567119391667,-0.4833792269922754
I. Ledezma,CAM,0.19989048598741269,-2.108117984078024
R. Tavera,CDM,1.289586238712024,0.5304058520117927
Davide Eustáquio,CAM,0.11672039395032419,-1.6912612931849085
M. Kvesi?,CAM,0.29784444197804805,-2.2912802256189915
K. Fortuné,ST,0.26724043816496207,-1.9995449953242401
J. Lundstram,CM,1.6169688574892553,0.8218248865680259
Y. Brecher,GK,-4.443697057408067,0.3852003648531158
S. Nachreiner,CB,-1.2511804141059275,2.9639069765592647
Y. Thoelen,GK,-4.990546209396865,0.14233268755079595
T. Deric,GK,-4.9667226591105935,0.022381528587461126
M. te Vrede,ST,-0.6632132728877991,-0.5864105193021613
Ha Tae Goon,ST,-0.05972133723128938,-1.138148006905773
G. Bunoza,LB,-0.4690601543935457,3.1252818205263484
D. Wydra,CB,1.330673431574268,1.100259309305068
L. Vigen Christensen,RCM,1.843262247482102,-0.35800311001682883
M. Kuster,GK,-5.146546362168696,0.24245373589079047
S. Bolbat,LM,0.03823924111333277,-2.3616687170962885
D. Valoyes,RW,1.1102122268016141,-1.419094347857133
C. Soukou,RS,0.9887661061062454,-1.600900892361602
Yu Yang,CB,0.3247076401831223,2.1209173943599735
Jonaldo Santoso,ST,0.2903042462563311,-1.0369177692806855
J. Agudelo,RM,0.8814628196122106,-1.5616146036049656
K. Barmen,CDM,1.671009497640957,0.8002136781121155
Ricardo Nunes,LB,1.4619994386173842,0.7471107315583032
S. Tarashaj,CAM,0.16419532676617096,-2.171620498837909
A. Garofalo,LM,2.0813689186733506,0.5926150619217634
Sunny,LCM,1.293727772728432,1.241090785125356
T. Kane,RB,1.3234145839532456,0.3993248992450826
O. Gaber,RB,1.6214041355141993,0.7079953780993858
L. Payares,LCB,-0.3219410697625154,2.6220919044648543
G. Nauber,LCB,-0.15363685426324364,2.20609542191007
A. Montalto,ST,-0.049653932328915525,-0.8826591328966426
T. Pettersson,LCB,0.665733943310912,1.269673971113752
F. Flores,LM,0.6682008710694711,-2.207446647323313
L. Henderson,CM,1.8635754986768212,0.31866074544287426
A. Fulignati,GK,-4.8136874375946554,-0.01880797874933659
R. Wood,CB,-0.599139185567251,2.6232114760704013
N. Helenius,RS,0.553264954254739,-1.2746027673073022
C. Rodríguez,LB,1.6166620095411812,0.6494384696652047
M. Bueno,ST,0.7079985987134894,-1.4134262162160194
S. Gonda,GK,-4.3694862242811565,-0.18949844090989837
P. Fabian,CB,-0.20731112036297303,2.302904572672529
R. M'Bolhi,GK,-3.979718713225224,0.6124250438639227
T. Nguen,CF,1.3005403782846956,-1.6824229432889617
F. Kaplan,GK,-4.692484516129543,0.5136186071133343
J. Swift,CM,0.946916122844253,-0.5510457592915003
G. Teigl,RB,1.575665102430885,0.08412564840778178
K. Moore,LS,0.9820575475150213,-0.1360637475968104
K. Redondo,LW,1.209445782737054,-1.5992278545562488
G. Gudiño,RM,1.5660793699804383,-0.9234762055935456
Tyronne,RM,1.0618823421810775,-0.3482302230372405
L. Puyo,LW,1.500602856583986,-0.15378001122287957
J. Vela,CAM,1.7291856505694723,0.08947921237496716
Rubén,GK,-4.630457769370063,0.0013758513889203432
M. Zenteno,RCB,0.5933989761425897,1.294559554234765
Anselmo Meirás,RB,0.9414485126231147,0.9834704653566232
J. Valencia,CM,1.3876668658614018,0.5325128695386621
L. Maina,LM,0.019004911297979,-2.848042102041733
K. LuaLua,LM,0.5434374300043735,-1.5075573984465869
G. Corral,RB,1.3296859585341299,0.6364440504899038
U. Bech,ST,0.3787750878855699,-2.493421285157001
J. Ankersen,LM,1.3618492064236967,-1.3663591016289993
Fausto Tienza,LDM,1.6440996224819062,0.9868803916294382
A. Robles,RCB,0.8822815895567325,1.6055596262960257
B. Lambot,CB,0.2544042823397185,1.791349079117861
N. Bancu,LB,1.3313841680843341,-0.22290013111494225
S. Kutschke,ST,-0.08309945084343595,-0.02780068477428843
Pejiño,LM,0.46555364504982427,-1.6421101280744053
A. Djoum,CM,1.3692750413382375,0.320025362885359
S. McDermott,GK,-5.082541588060289,0.022270361241809228
Marquinhos Pedroso,LB,1.6365216414159365,1.1172787108803786
R. James,LB,1.4275735505904088,0.39434006913327474
M. Balanta,RM,0.6704302689709251,-1.6887030676226447
S. Taylor,RCB,-0.47463109398069014,2.2811346115507507
B. Jovi?,RB,1.0592783315131509,0.534246494902952
M. Calderoni,LB,1.587945432184322,0.9808578512865939
B. Kumordzi,CB,0.32785016090220964,1.5836947196431372
K. Holmberg,ST,0.8437423939218487,-0.9374548575381093
L. Ruiz,ST,-0.2726584122657559,-1.207083634630823
L. Paganini,RM,0.4278680712066406,-1.812402584259761
Guilherme Lazaroni,LB,1.2770876077238942,0.33841546788908583
A. Al Jebreen,CDM,1.785020044375709,0.6654863107839317
S. Caldwell,CDM,0.7989380783855192,1.2233384697188356
Lee Gwang Hyeok,LW,0.689378108633836,-2.4651969776094624
M. Taylor,ST,0.33797144384172734,-2.238380064955447
J. Speroni,GK,-4.733595419908404,-0.4840324172113048
C. Quaner,RM,0.8356788496591918,-1.5868896683192497
R. Tunnicliffe,CM,1.5674540185890997,0.7911960986631856
David García,CB,1.0195606362142617,1.3867533886449057
Nosberto Vila,RB,1.2095599329032765,1.1580649413010682
J. Koprivec,GK,-4.821252258658923,-0.1486780045782787
J. Fuentes,CM,0.8348917872667301,0.10483221894468626
D. Gómez,LM,0.20516630302626304,-2.4957818851188347
Thiago Martins,RCB,0.04850220648641328,1.4139422438083877
A. Bobichon,CM,1.6113077182037463,-0.4552154556827831
L. Godoy,RB,1.4782205585728563,1.4393508456077435
Im Seon Yeong,CM,1.7953534615011402,0.4015461831851707
L. Gooch,RM,1.079808023281172,-0.9638224815229386
E. O'Kane,CDM,1.5599007729043146,0.47925329475216305
D. Buballa,LB,1.7836613962710361,0.8397627945054404
D. Murphy,ST,-0.7002618200403027,-0.09861012181772964
A. Vasyutin,GK,-5.120484594595442,0.07803816670928723
Jiang Zhipeng,LB,1.6217599148337922,0.17790815900042958
Yi Teng,RCB,-0.12198106661567801,2.7285233592961715
M. Putnocký,GK,-3.3192124990731107,0.28988149706224986
Eder Pinhanços,CB,-0.9955326547306778,1.9232684759987526
T. Awoniyi,ST,0.29655722196559314,-1.6900638322860684
S. Colombatto,CM,1.0226702369864722,-0.2350117710412766
Yoon Bo Sang,GK,-5.142435721384832,0.46460957393434293
T. Guidara,RB,1.2589233460584548,0.7761299412145469
J. Bela,LM,0.7019642398754812,-2.8926065666370264
Z. Clough,CAM,0.17879610534369803,-1.7831113541490775
J. Pitroipa,CAM,-0.5669415637167702,-2.482136886282816
B. Brereton,ST,1.3413639742614325,-1.190736565353517
Y. Bárcenas,RM,0.5870852954492384,-2.245115968385103
P. Sammarco,CM,0.8962292481895381,0.9106464097684154
M. Cafaro,CAM,1.0662784057779042,-1.1156065022129618
A. Nuhiu,ST,0.3802030678269726,0.23722564042404146
P. Jagne,LM,2.025446183948776,0.7066296887845775
Y. Endo,RM,0.6410378919747528,-1.1108594791073652
T. Schick,RM,1.3500092750160857,-0.470539573323263
A. Asiri,RCB,-0.11431807528266602,2.0824550297214754
E. Palomeque,LCB,-0.7128959740128152,2.8191490842447537
N. Cherubin,CB,-0.9171571469275099,2.7114464611349716
P. Iliev,GK,-4.4574603221522375,-0.019978484619251034
R. Farfán,RM,0.5306988568000645,-2.021147672302865
G. Mencia,LCB,0.6231739706210367,1.455446059861727
F. Dagerstål,RCB,0.848173637876761,1.5903418274999093
N. Citro,RS,0.11435142779379492,-2.6374627704804925
R. Martin,RCB,0.4807205745589254,1.7824986011203925
F. Daprelà,LWB,2.0034612515066206,0.5314809753193901
B. Ba?da?,CB,-0.254078511002728,1.8287297820216106
A. Esaka,LM,0.600527390493995,-1.5209800906362445
T. Trevisan,LCB,-0.05770468131717077,1.9353376227688956
A. Almici,RB,1.22770576884437,1.0149204829904281
F. Al Qarni,GK,-4.680576084342285,-0.34492940595950516
Bruno Monteiro,LDM,0.9504858025895212,0.7896717819608055
M. Mo?d?e?,CDM,1.9200033183649203,0.30670148832892147
Nacho Méndez,CM,1.0874157284283785,-0.4596623934939392
G. Hubert,GK,-4.728490688669662,0.40360223189285754
M. Arini,RCM,1.1985263859215864,1.7256845720599432
A. Nandzik,LB,1.2669650969202395,0.581121559954445
E. Rashani,LW,0.8777082999103074,-1.4693633461887268
Alcatraz,RB,1.8912578083224696,0.1356647428871124
C. Ikonomidis,CAM,1.0264172230288306,-0.7936636948663242
M. Koval,GK,-4.471562011820298,0.13407295235106959
Lucas Medeirão,CAM,-0.32451104108897744,-1.4266903591870599
Y. Herrera,RM,1.1861465748641848,1.0297692912104288
Kauã Zanson,CB,-0.09561803981701524,0.6156388635840733
André Luís,ST,-0.1013944045976146,-2.047424212547244
M. Djuricin,ST,0.15740260945980156,-1.8240584169882104
I. Akhmetov,CAM,0.8906668624087271,-1.9738400059431664
Nando,RW,0.5775167168581868,-2.079535639073205
T. Gjertsen,LM,1.2392266612078404,-1.1895639620713307
S. Sabelli,RB,1.4069551506002143,1.0358540161245862
D. Novoa,GK,-4.489042753576987,-0.1445195025279566
L. Ospina,RCB,-1.162470591224551,3.0386141770088564
P. Schönfeld,RDM,1.7906718003707531,0.2695121518276321
S. Ajayi,RCB,0.31651669691368667,1.988942994342491
M. Gajos,CDM,2.3627194276981762,0.3548731909293905
F. Muslija,LM,0.6877036473880045,-2.1924885080858507
K. Mavropanos,CB,-0.33892621623184044,2.0748702596877626
Lee Jeong Hyeop,ST,0.48136203476450135,-0.4831100201239829
V. Lekhal,RDM,0.8351894298110479,1.414982354451511
B. Diawara,ST,0.3549602387276429,-1.1728054770293226
E. Izaguirre,LB,1.3754990529065967,1.303462251270025
K. Drygas,LCM,2.0360118212399643,0.49377065235985695
K. Alt?nay,RB,1.3777033916927228,0.6153726081225782
D. Ortiz,LCB,-0.9220792404043606,2.6168347301786414
L. Aveldaño,CB,0.43657416017673795,1.8633373490530023
J. Schauerte,RB,0.9451537978218231,0.9563189599887563
T. Meißner,LCB,-0.45746300632156645,2.353335187434108
R. Jérez,GK,-4.591886892254503,0.5438328956533481
J. Pajoy,LM,0.7230633511393842,-1.7911882748087793
L. Steele,GK,-4.311985043607486,-0.1716924442071796
N. Kreuzer,RB,2.037694898138059,-0.23344374663769984
Eduardo da Silva,ST,0.22536648876545665,-1.5501351411139155
B. García,LDM,1.4424341986827958,0.07153497008448725
B. Saller,RB,1.3838226528610293,0.6101140862755746
D. Gómez,RB,1.7835462640339526,1.2581655941920837
N. Kilkenny,LDM,0.4516537525424607,1.3884948952062337
Dener Rolim,CAM,0.2350164382077215,-1.619011686520147
T. Teuma,RDM,1.301337361761982,-0.8078928323893759
J. Moreno,CDM,1.367919016668842,0.916823407665183
L. Fariña,CAM,0.25810434170128466,-0.6935615122361592
A. MacDonald,CB,-0.20091548769517115,2.1026552968353367
T. Pellenard,LB,1.0354045538472523,1.3305419044671352
A. Vilches,LW,-0.007417191439071165,-1.950800934154022
A. Piccolo,CAM,0.8181616615065292,-2.199010904690545
A. Nsiala,CB,0.2747806617007735,2.2919623390376915
M. Potzmann,RB,1.5993220205992895,0.22943699874177445
M. Cremonesi,LCB,-0.503058004285711,2.2049691564974703
D. Hylton,ST,1.4548132862224192,0.09776747581923684
L. Cadamuro,LCB,0.6810301337180515,1.3088784406486111
A. Papadopoulos,LCB,0.4163370116364343,2.1354582852322452
M. Osman,LCM,0.7821898695011584,0.28384888054233876
C. Martinez,LW,0.4274696431713903,-2.3593086196674777
K. Medel,CDM,1.4923597496238405,1.3640802740144584
D. Hägele,RCB,1.8111699385888087,0.847551652525798
B. Girth,ST,-0.26102303177718006,-2.032766612603347
V. Parigini,LW,0.18508690244224948,-2.625002166514855
P. Mina,GK,-4.757571952113483,-0.04156581315209613
A. Cesped,CDM,1.640363643042459,1.1049234375437904
B. Boulahroud,CM,1.3846324890583206,0.20684720360637507
K. Kanak,LB,1.947812595758926,-0.23852989896884913
J. Brinkies,GK,-4.042105951264894,-0.0008749326386980479
Fábio,GK,-4.100624769831542,0.4827595327501934
Wang Shenchao,RB,0.9467105902380435,1.6074593479025352
Park Yong Woo,CM,1.235919470968715,1.4832325042076069
S. Makienok,ST,-0.33676747450873906,-0.4342533146022962
Javi Hernández,LCM,1.042672836857529,-0.7644964619176517
De La Hoz,LDM,1.866529397075273,0.7140141077086802
Felipe Curcio,LB,1.4816612353933278,0.4358562893729982
Kim Young Uk,LCM,1.471869944212858,0.363080695262058
V. Alvarado,LCB,0.5598705423894124,1.4442093470539552
Danilson da Cruz,RDM,0.8011152553140806,1.838475626501537
Juanma,ST,0.15632604035576436,-0.18103616195045658
F. De Col,RB,0.9653202758995958,1.581060838063427
L. Kelly,CDM,0.7725432469343058,-1.0229360458127426
V. Bora,RM,0.5077081261745822,-1.1513906390585245
E. Juárez,CM,1.8871655315776223,0.7262966831148864
G. Ndy Assembe,GK,-4.574013305284412,0.507905862803015
R. Mazá?,LB,1.2807097348971073,0.891348376116638
A. Hammill,RS,0.9471606532967531,-0.8590896255507068
S. Schuppan,LCB,0.9769104524749831,1.4089888129332104
D. Pollet,ST,-0.16116441132145037,-1.074017443664547
J. Meffert,CDM,0.8961181779487588,1.410536022810859
Y. Yeboah,RW,-0.12554379994892326,-3.373130321600856
Josete,LCB,-0.016148578589994574,1.0978390012392563
N. Ozokwo,LM,-0.6265320139934337,-2.624735990749632
C. Dielna,CB,0.5746577333697714,1.7786652151244309
M. Vidal,GK,-5.091816595959882,0.30785557136337866
V. Sielis,CB,0.8326253944110275,1.8894174937688566
O. Bosso,RB,1.00201507322819,1.1671621863707655
S. Gleeson,CDM,1.5841282612981302,0.6547450842331703
H. Muath,RB,1.7864994884203367,0.2146273564489593
S. Ruprecht,LCB,-0.45780652254499743,2.0720051866033162
K. Escamilla,CDM,0.889403119158698,1.3414759109369827
J. Arboleda,RB,0.9806426949432479,1.2069772194909263
E. Olivera,RCB,-0.08023952180752543,2.4006708885062924
Carrillo,ST,0.028201062007440183,-3.0817854693402693
A. Wiegel,RB,1.9855743660422447,0.23615587836576013
Choe Yeong Joon,RCM,1.5944907880188521,0.07882158580794259
P. Weihrauch,RM,1.3431040266729257,-0.615876520466604
C. Spinelli,ST,-0.23720636124474295,-1.9105136951233457
K. Gjasula,CDM,0.8659621549720967,1.9821820188021744
E. Manu,LW,0.7884284203093432,-1.7577777219086623
B. Gómez,RM,0.48238266406734553,-2.392274154977738
C. Solly,RB,1.087921322811305,1.106782126253036
K. Noborizato,LB,1.4577157217889951,-0.2561339060830293
R. Smallwood,RDM,1.278229265272738,1.2248370335881498
A. Barrios,RB,1.4342197733618551,0.7355159793067816
D. Jiménez,ST,0.6231941860936235,-2.1033705266674447
K. Freeman,RWB,1.4010391911518585,0.25914373106331207
Tan Long,LM,0.6380677895420109,-1.0348564156128897
J. Sills,CDM,0.8624005149667557,1.7129897822188747
M. Jakobsen,LCB,0.8563402276191676,2.064856405925849
Jadson Castrelo,CDM,1.2655293954912568,1.6655326020711823
K. McFadzean,LCB,-0.2571171772634359,2.2987247467016396
M. Baudry,LCB,-0.4359110014424541,2.5368430621832396
F. Ben Mustapha,GK,-4.485827513783643,0.18549166336982073
S. Blondelle,LCB,-0.03165416112629914,2.3261038799128073
Nam Joon Jae,RW,0.8301222715838332,-1.6015639492487093
Lee Dong Gook,ST,-1.1398994668656337,-1.5632670661806254
N. Pulzetti,RCM,1.6510046105634872,0.8947320358054238
M. Chrien,CM,0.8539465208194963,-0.08576491262456179
T. Perthel,LB,1.55854528648626,0.7509071348218435
R. Ligeon,RB,1.2331744142021186,-0.7512666028833886
Fran Carbia,RM,0.6602117698216684,-1.648606508008557
M. Sayouba,GK,-4.407742803516583,0.393323941153622
T. Margasov,RB,1.3688846988676033,0.6311659978316269
Adão Salvadaldo,ST,-0.03011123317638376,-2.71243515596483
T. Kida,CDM,1.1583753878987955,1.3608422678367331
Zou Zheng,LB,1.3198060812436645,0.4518601927173465
M. Hornschuh,CB,0.5524698529312436,1.3333740927266515
A. Nabbout,ST,0.7677243887820127,-1.5598326005521062
J. Amano,RCM,1.7649176756884923,0.049392119377869005
L. DeVere,CB,-0.18260047576968733,2.4549251049102687
N. Giani,LCB,-0.670084375146546,2.2248602326558338
M. Fenger,CB,0.731755397544187,1.7052256208614882
J. Castelletto,RCB,1.0717121203327415,1.555198733735413
Y. Hinestroza,RB,0.9020354365356184,0.9636567617802472
Iván Villar,GK,-5.058543897646105,-0.08359664755934737
M. Curado,CB,-0.49324976190527764,2.27592842030153
N. Mazzola,ST,-0.311016990930516,-0.6904366669211374
Kevin,RB,1.2197155550568697,0.48162705699498337
M. Jonckheere,CM,0.8715550504357962,0.1562912615337398
C. Alhadhur,LWB,1.2523306070403768,0.460101394412076
S. Gustafson,RCM,1.0718870542763717,0.16399016344187137
F. Grillo,CB,0.8861743389305362,1.1646533188943782
C. Borthwick-Jackson,LB,1.0762776563913938,0.7288301336759665
Luis Valcarce,LB,1.9871399249143487,0.21100856967003184
S. Heltne Nilsen,CDM,1.2797721328419567,1.3286508345991306
Pleguezuelo,CB,1.0547017398839245,1.0911596927553016
R. Sukuta-Pasu,ST,0.8206587875580238,-0.30819809408549637
Charles,CDM,1.2741444553526322,0.4128900534587529
N. Dussenne,RCB,-0.9215074851816466,2.7622308570333938
A. Tighadouini,LM,0.5752802017064411,-1.4333395137119562
O. Salinas,LW,1.1990605230471656,-1.8380973049557965
S. Ntshangase,LCM,-0.005698789002848742,-1.5353672376531933
M. Villanueva,CB,-0.11807122136085085,2.514883262692702
L. López,RCB,-0.6798125729641371,2.0552996606661913
R. Majewski,LM,0.5472867272020527,-1.0474611959633926
A. Pomini,GK,-4.873817813093977,0.37148084043399543
Lillo,RB,1.3744756731267487,1.376015921479462
H. Bernardello,LDM,0.271571952492573,1.3866087772763938
D. Vallejos,ST,1.3375075192709567,-0.731400031212262
Borja Domínguez,CM,0.45289634278458435,1.2132233013513527
K. Németh,ST,0.7826076845698487,-1.455665199137528
T. Adeyemi,CM,2.107981390101375,0.8403393076242116
L. Sánchez,CB,-1.540332641279646,3.0490685029635967
B. Turner,CB,-0.20954947849059513,2.130874349492299
I. Laki?evi?,RB,0.858485613331235,1.164759405965349
J. Raitala,CB,0.7506846637524732,1.4111042878833355
R. Würtz,LCM,0.8202473905816742,1.4149112721438257
D. Hediger,CDM,2.0701507733864526,1.0960410239454574
M. Tirpan,RB,1.1095321023259164,0.36304714838853996
V. Basha,LDM,1.492429573478758,0.8732911368547787
M. Terki,CDM,1.6833551883222946,0.7157405118471672
D. Calderón Caicedo,ST,-0.079334366230874,-2.0459536187073954
Yu Hai,LB,1.5871169404680605,0.5000089645780853
S. Camara,ST,-0.14066640012592338,-0.4733679171496673
W. Yarbrough,GK,-4.0318127927930005,-0.03633669044415929
L. Laverone,RB,1.9689072864502846,0.3831851508550962
Y. Al Mosailem,GK,-4.577738658382887,0.19152350669952034
Z. Bergdich,LB,1.34434073912239,0.7941369359543218
M. Abdul Shafy,LB,1.048806013788816,0.8650840613661117
K. Hyland,RDM,1.2106752863158499,1.5609701922522994
V. Amiri,LW,0.31241798787909003,-1.904866758644323
D. Manos,ST,-0.11358629955057231,-2.403315492718013
A. Leitner,GK,-5.565815890315801,-0.8050353957516581
Baraka,RDM,0.5725599925683985,2.1631720460165855
David Concha,RM,-0.08106381169707806,-2.4274381318318867
E. Amor,LCB,-0.47884207973108117,2.730622848557979
Manolo Reina,GK,-3.993245664452254,0.0543841864603614
J. Angulo,LB,1.0564431807684316,0.9177199965683402
V. Sasso,RCB,-1.2948657050079673,2.4288464015476796
S. Nakatani,RCB,-0.04617287758444711,2.2122234292209964
M. Niemeyer,LM,1.1550202086016688,-1.6045327963111098
Léo Silva,LCM,1.5218885237214728,0.9323803984891303
R. Boateng,CAM,1.9961572023144882,0.3340998670410053
Lucas Venuto,RM,0.9009371400451879,-2.5757068994626957
J. Lewis,LB,2.0171440123960322,0.3934155605314642
F. Schönheim,CB,1.1762527750609304,1.4268347501224221
Nuno Campos,LB,1.1286382266070352,0.7086486645705603
S. Slavchev,RDM,1.5773002290313656,0.9923720007347758
P. Corral,CM,1.646018037244566,0.36976584832754705
Kim Won Il,CB,-0.4725639555421583,2.03836831586089
A. Luna,LM,0.5623002470105836,-2.730607588171051
S. Marveaux,CAM,0.7886296554782908,-0.8695980113307179
A. Araujo,RM,-0.023582818123658388,-3.162816706858178
Kaio Figueiras,LB,1.5978469393730879,0.6548699570551675
N. Bahoui,LM,0.7203911744611907,-1.377476453974258
Rafinha,RB,1.0715023492808682,0.933061543154752
L. Greco,CM,1.1301159322291598,0.8509390647378462
T. Hateley,LDM,1.547883580143495,0.9726305423440388
A. Youga,LDM,0.9956156078819232,2.0487181839256405
J. Mombris,LB,1.0214420651746343,1.0853105152342966
A. Pérez,LB,0.4445679328469384,1.7779025667491373
R. Mühren,CAM,0.5251214073012285,-0.5068009289917947
Lee Yong,RB,1.1162080211418888,0.559151448925357
H. Urrego,CB,0.26162842788302365,1.8971790743713233
M. McGovern,GK,-5.493281116842385,0.23196414287229034
J. Ledesma,GK,-4.420832364951163,0.0732733697767982
D. Nagy,LM,0.706316118448504,-1.6249377286004985
J. Torres,RM,0.9600818526598074,-1.5976296296444472
T. Chancalay,LW,1.2427625089825678,-1.7318246933335328
Pacheco,RCM,1.040439840900683,0.7364315130251387
Z. Diallo,CB,-0.307076988230713,2.692092936111775
A. Lindegaard,GK,-4.6908098907355225,0.15465814270939618
J. Aguirre,LM,1.3457502796552248,-0.9726102224809389
V. Mogos,RB,1.720820401715091,0.8556285373482049
N. Gavory,LB,1.6219206249370415,0.2627547344957314
G. Barnes,ST,1.4368798423610736,-0.20529174257035512
D. Jovanovic,ST,0.1079401549992302,-1.9930007990273653
L. Kehinde,ST,0.13446407349695996,-1.7279642248704585
J. Cifuente,ST,-0.5844652214358853,-2.7625988214025816
A. Castro,LM,-0.011379193761356834,-2.8140360242244404
T. Schwede,LM,0.8136700494296182,-1.6978414158144906
J. van der Linden,LCB,0.024598620660011887,2.057479258974107
A. Kochenkov,GK,-4.450223067367633,0.2615861544405883
A. Baptiste,CB,-0.1293591405075771,1.8605598682995748
L. Chiaretti,CAM,0.37179036254337106,-2.483334066240156
A. Acevedo,RCB,-0.6184623355035608,2.32657450151156
W. Andrade,CB,-1.246373682279606,2.6163972880159876
S. Iacoponi,RB,0.6828862362830853,1.2395428487758602
M. de Luna,CB,-0.15686724349593179,2.4045957423632816
M. Kuhn,RB,1.6632611402976405,0.011591210048826383
J. Buxton,CB,-0.967948243714113,2.4028274999242574
J. Mahecha,LDM,0.8233035423350582,0.5231740036244085
L. Ramos,LS,0.047656844528915235,-1.5129314619962613
Freddy Cardouso,CAM,0.6535691286134531,-0.5852281254322664
M. Herrera,RCB,-0.357774338882702,1.6868693074850352
B. Zolinski,RS,2.2513357124632902,0.29504815736566986
A. Delamea,RCB,0.6309592038641723,1.6003401502573946
Mama Baldé,RW,1.9932534457117903,0.2685743096300078
S. Schäfer,LCB,-0.022318452986654025,2.150130608684275
J. Grounds,LB,1.1073748542809898,1.7697919625491823
M. Chirinos,RM,0.8211636164191825,-2.063132669589381
L. Gallegos,LM,1.300110954812839,-1.1746834030987514
Shi Ke,LCB,-0.2505585002433897,2.523636880661824
M. Mehlem,CAM,1.0364272317346215,-1.0109569197225283
R. Brosco,RCB,-0.786392173350591,2.659396732853868
S. Parker,ST,0.15264750933234683,-1.7758096769700935
G. Evans,CDM,1.4020691168448465,0.5289786736942518
N. Maturana,RW,0.9465011428293408,-1.0705577314529813
D. Etienne Jr.,RW,0.844769924894355,-2.014572210160537
E. Pogatetz,CB,-0.8534881782834718,3.097255986909358
A. Geipl,RDM,1.5181463955728698,1.161447220785306
P. Magalhães,RB,0.8979187023263173,0.8898770415091467
V. Mantovani,RCB,-0.16625632748367122,2.1705536112977946
O. Noorafkan,CDM,0.8598655280106304,1.1556891570810977
R. Bocalon,RS,0.5928278037678457,-1.048714067353381
J. Müller,RCB,0.4266949652072664,1.4889136621858665
Vinícius,ST,0.004452435654868756,-1.7786076168648877
M. Nelom,LB,1.2143509894347004,0.11373518310512681
R. Kristiansen,LB,1.424455412152061,0.5142109168055732
M. van der Hart,GK,-4.723820554033089,0.21488337310677955
C. Lepoint,CB,1.40228401912754,1.3253869793210689
A. Weis,GK,-4.949815915044357,-0.03417566769578938
H. Sakhi,CAM,1.03764612058759,-0.8071120806225698
Querol,RM,1.2622221727165386,-0.6495628076126299
Adão Morrinhos,LS,-0.17892307520126327,-1.9290620700885408
M. Schubert,GK,-4.833591165351859,-0.10402747116407644
M. Ureña,ST,1.0608264687271702,-1.0836925116395897
M. Branderhorst,GK,-4.932939398093222,-0.2770140209560178
I. Díaz,ST,0.30400283352466306,-1.5470801694087806
S. Marinovi?,GK,-3.689818455513932,0.5093996317402237
E. Knudtzon,ST,1.5360178489403362,-1.139510649056887
Alex Muñoz,LCB,0.9480322388353205,1.42781612843606
D. Kinsombi,LCM,2.215638524562093,1.1756093597261816
A. Armstrong,LM,0.871519269306726,-2.2603815784924506
Heitor Mutto,CAM,-0.5239650550885199,-2.2681286848572717
Y. Otsu,LCM,1.3136961054222451,-1.0897703171876472
C. Osmanpa?a,RCB,0.5202885235653263,2.319840544941278
S. Amallah,RM,1.0966281398094901,-0.7663061819928003
S. Andersen,GK,-3.988248197201349,0.27090565256713617
S. Kurata,LM,1.3726819684416305,0.3589104337630207
M. Beister,RM,1.0377108992747455,-1.0701242677382408
D. Bain,LCB,0.057495814972315464,2.168264570317546
J. Payne,CAM,-0.19395232742196183,-3.007220169778313
Sergio Gómez,CAM,0.2790580949952662,-2.4241380769512544
F. Berenguer,LCM,2.0549429713472285,-0.5721924945460489
B. Kee,RS,0.13623321965031557,-1.016844013925322
J. Dunne,LCB,-0.2331906394966864,1.6385168006570325
H. Sogahata,GK,-5.4318025628627575,0.07489463875289006
R. Camacho,LCB,0.5328721006648393,1.771607390235005
A. Polo,CM,1.8116330461850632,-1.1558364567693875
S. Camille,LB,1.616050797459514,0.6653645782719713
C. Muñoz,GK,-3.9139109878784506,-0.09072091658158536
D. Louiserre,RDM,1.1888751725747744,0.487258664970052
J. Delle,GK,-5.126487856899598,0.3999542947591701
A. Piech,RS,0.7623130168719489,-1.2887866019848144
P. Hartley,CB,-0.36631023740877383,2.5557225984489547
D. Pineda,LW,0.33788222084801867,-2.5857782770395823
G. Díaz,RB,1.559232144312304,0.5663825306019169
Han Kwang Song,ST,-0.20744795856173362,-2.612789864078207
N. Backman,CB,-0.1292286026358168,1.4861173355072128
P. Pentz,GK,-3.956300074251329,-0.026310680260781743
Gorosabel,RB,0.7297535102038993,0.9227194665476124
A. Kashi,CM,1.350428039551876,1.6952033743899622
M. ?yro,RM,0.5851387471758546,-1.0894684743877388
B. Paw?owski,RM,0.8009692250921588,-2.2915635496842888
D. Mohamed,RCM,1.7425651314706045,0.6037160080500166
S. Salazar,CDM,1.0575045797384086,1.459723497521268
J. Kayembe,LW,0.3499312122054432,-1.8909604268877394
Arthur Silbeira,ST,-0.06706585124911452,-1.6930081118971367
M. Kegel,LDM,1.1374838119177175,0.5748619111424876
J. Smith,GK,-5.278371293628666,-0.39052197669136796
K. Kele?,LB,1.5061699147175251,-0.30474487080895124
F. Kalig,RCB,0.5700325018222333,1.221909327809721
Bellvís,LB,0.9887968061864701,0.6381939497103283
H. Lybohy,CB,-1.0212941431936378,2.846012226785415
S. MacLean,RS,0.8002147563519704,-0.8989133252981576
Fábio Cardoso,RCB,0.4664290594690031,1.8251236940797444
T. Nedelev,RM,0.27498206781297996,-2.483468580177549
Mesquita,RB,0.8668526061428751,1.4216494424947204
Nouhou,LB,1.5758566862839365,1.0301130628038762
M. Uslu,LB,1.2766083908541273,1.4087667670669977
L. Noriega,LDM,1.650730228583115,1.0384293822139827
S. Xulu,CB,1.08110931578776,1.020198984299259
D. Mitov Nilsson,GK,-4.395188604472033,0.705222553687119
Héctor,ST,-0.005842755221810268,-2.6680336011383883
Wu Xinghan,LM,1.6734346483846374,-0.5280415725798923
D. Badji,ST,0.9355637057845856,-1.4902166894121136
T. Tzimopoulos,CB,0.38258931312418226,1.9840911069465843
B. Pittón,LWB,0.7668210869945526,0.7229273519564756
G. Ghazaryan,RW,0.8706288530293412,-0.6894031452527685
Eduardo Neto,RCM,1.5350583314606459,1.8591943492247187
Liu Binbin,RM,1.3568041534620476,-1.4774407394670486
P. Eze,ST,0.4808085668391611,-1.6270178960266113
Enzio Julião,ST,0.8915908890541512,-1.3633856988425326
R. Peña,ST,-0.19125608321482654,-1.974307199320643
L. Wakalible,LM,1.014499287412954,-1.8365982831194914
Marco Matias,RM,0.31628375448228213,-1.8969815476344307
C. Embalo,LW,0.8247008096161993,-2.614238335156324
F. Sotoca,RW,0.997207268029046,-1.2294691065476964
K. Hoggas,CAM,1.1333439533597347,-0.5216879532318425
H. Abe,LAM,0.7983353093495332,-1.8772680597319307
H. Robson-Kanu,ST,0.9163088351948562,-1.2513815446373577
José Machín,RCM,1.2601536412218262,-0.024146123490877903
M. Spielmann,LM,0.9548025301162285,-2.166940260970728
M. Emnes,ST,1.030373366330084,-1.7607291548232815
G. Bushchan,GK,-5.684251447685724,0.47610335000586257
O. Hernández,CM,1.1812935687223016,-0.7947687274745859
B. Pelé,LM,0.4075125332500919,-1.8433762394287703
Delmás,RB,0.9789208669711217,1.4644268237554776
H. Rodríguez,CB,0.3035518783312777,1.6473639639522109
M. Kightly,LM,1.1576946585067063,-0.8136078727403864
T. Lockyer,RCB,0.9351380319329484,1.5304415963151987
P. van Amersfoort,CAM,1.5682952020226129,0.17235168754044536
L. Balanta,LB,0.6377707524738748,1.286157445910431
A. Mulenga,RW,0.4532804950593069,-1.9544465427933329
A. Jeremejeff,ST,0.4369098235569508,-1.439296205809172
J. Huentelaf,RW,0.5260189482632359,-2.4846049390806795
M. Frýdek,LCM,1.8363697256896188,0.4218068214254626
Q. Beunardeau,GK,-4.388621687781157,-0.3891302783324208
G. Koomson,RW,0.8122624784702029,-1.7652558870709674
J. Moulin,GK,-4.4906592839813175,-0.4306410450657674
J. Akpala,ST,0.630852711658775,-0.7425351841569295
J. Mattock,LB,1.233045779442333,0.9780241493267094
J. Ahlmann,LB,1.3656278922850758,0.8075986231726212
D. Horgan,LM,0.843220115990152,-2.4452367984303733
David Carmona,RB,1.2052293723538186,0.9592336739205976
Kim Seung Gyu,GK,-5.031389823130191,0.4471335125934282
E. Isnaldo,LM,0.847176232327869,-1.7746239282613396
R. Neudecker,LM,0.9084752072236989,-1.1981142566719423
A. Bassi,CAM,1.0009029860578476,-0.8109656915475055
M. Bara?,LCB,0.25673329479830553,2.1864343784707287
A. Contreras,CB,0.5857403089646648,1.7440250896912732
M. Fall,RW,0.924071019676221,-1.6038955862822968
Gonzalo Villar,RCM,1.3436289350808117,-0.35288026797549954
J. Rodwell,CM,1.0533543991463852,0.6987750168319153
C. Bejarano,GK,-4.597922985655207,-0.768292045307336
M. Kanno,RDM,2.0122754444052044,0.676556628014038
E. Taffertshofer,CDM,1.3649492307997257,1.048603957831672
J. Brunetta,LM,0.8863838792375187,-0.8614986314680434
G. Torres,RM,1.7052936981764286,-0.4132440997757343
C. Martin,ST,0.16732920470926776,0.23097335805069383
N. Ben Khalifa,LW,1.1238676027011072,-1.6051448457802877
J. Contreras,GK,-5.922563046378907,0.29170597865035314
M. Kilgallon,LCB,-0.35761027444725246,2.3285073905325926
H. Osorio,ST,0.003236802203884233,-1.122640396735093
F. Müller,LM,1.9052655614211282,0.059212627016216976
K. Pierie,LCB,0.8071349853200811,1.288889837018013
F. Friday,ST,0.3438508563793367,-1.6901841360418652
J. David,ST,-0.44084877797798033,-2.3358091405507966
Kim In Seong,RM,0.2041160061782847,-2.5630680678737536
V. Dávila,ST,0.8241619061083023,-2.160813983378769
Y. Ideguchi,CDM,2.1682455138751275,0.3755676842907775
Mario Ortíz,LCM,1.2203356844062287,1.017076521592392
Roberson,ST,-0.05725080592975621,-1.3475382383085652
D. McGeouch,CM,1.0019713142160889,0.24176566132900518
A. Niz,CB,-0.11483619799683932,1.8107087978428855
Kike Barja,RM,0.49799144810819734,-1.7560843239782666
Dalmau,ST,0.43247594263622996,-2.008460793921994
G. Bouzoukis,CAM,0.5457684444577936,-1.3675396980807188
A. Correa,LB,1.193978302113828,1.1774635827494897
V. Cabrera,CB,0.5689428501898499,1.289095877183296
Cheng Yuelei,GK,-5.504069668100434,-0.323904864218082
A. Taggart,ST,0.6968252650136004,-1.225353769019573
S. Väisänen,LCB,-0.09314331492178016,1.6730716362870888
Raúl Guti,CM,1.6728247268846175,0.759717381565169
M. Wölfli,GK,-5.461293157142078,0.10914874371519702
D. Wilson,CB,1.088091687427067,1.53836464860005
A. Santurro,GK,-4.466531938850821,-0.4345377535481585
I. Cissé,CDM,1.1496713561343617,1.455082206366095
A. Novakovich,ST,-0.030894573387468937,-1.956012801181675
N. Pedersen,ST,-0.31915594761782506,-0.6906427579906113
P. Hanlon,CB,0.4237346060108569,2.014900567281615
O. Lee,RCM,1.7547486656633342,-0.1304290669390741
K. Haugen,LB,1.740527882022332,0.5467408892043087
Matos,LB,0.7094154966979603,-0.18885161029308856
M. Davidson,RCM,1.919886162175156,0.33805354391960984
A. Boljevi?,LS,0.49990394275915806,-1.850301084292942
S. Moore,RB,1.4782165463990768,0.5360516521938954
T. Aoki,LCM,1.3653530309092055,1.0914886658654126
J. Elliott,CB,0.0483994838515616,1.9615664860513338
H. Mosquera,CB,-1.1018498399296976,2.266530629100995
Campabadal,RB,0.43816363313873063,1.60999577976107
C. Alzáte,CAM,0.57357819626882,-2.3800632007292513
F. Godoy,CDM,1.0409924736693161,0.7795488930362015
E. Kwateng,RB,0.5576366703116451,1.0679570560867448
Lobato,RM,0.9712826795633787,-0.25086103485285977
J. Verlaat,LCB,-1.0659433422620146,2.614173559622532
A. Skúlason,LB,1.5840064250543038,0.5074188885301231
M. Martínez,CB,-0.6560468528827275,2.3908168011607884
A. Blomqvist,CM,0.7720692706899156,-0.45633088537377303
D. Holmes,CAM,0.45448656950676986,-1.6260431570066982
D. Crowley,CAM,0.36091115527067724,-1.1769675327992781
B. Bese,RB,2.1109609828847957,0.7641865381859689
M. Aarons,RB,1.6178765237746726,0.3776526434946232
E. Segura,LCB,-0.007211065319545763,1.9773861153165428
Olmo,LCB,0.25164828586433724,1.2092750580101237
M. Zullo,LB,1.6995709371044938,0.12757082502130437
O. Osawe,ST,0.5472624765142539,-1.8954701660605984
K. Gorré,LW,0.7963687877717137,-1.304180296004237
B. Yard?mc?,RB,0.8830667189602784,1.169355167859346
L. Gör,LCB,-0.6150380778323763,2.5719096842091953
Jessé Ferdeira,LB,1.1640883555639856,0.9638288484809062
D. Johnsen,LW,0.586127036332739,-1.8435138794430503
A. Gravillon,RCB,-0.5862086507151439,2.4292302641017445
A. Brighenti,ST,0.29786860751382765,-1.372017830734442
A. Grimaldi,ST,0.382681396694665,-0.7502892290699466
D. Díaz,RCB,-0.08704425860022669,2.1767094478022546
S. D'Elia,LB,1.203613506712642,0.7408987637024761
A. Pulji?,CB,-0.3929469544031796,2.012884663860678
B. Rother,CDM,1.3521767709555794,1.2335761719687934
M. Sá?ek,CM,1.4102894478962122,0.49045294502453923
F. Boli,RS,0.25955849236711687,-1.95301697513714
F. Falcone,ST,-0.8057064662305996,-1.656466657029592
Chi Zhongguo,CM,1.8445137996224785,0.5264557061733183
R. Gumny,RB,1.2551198679233726,0.9385487335873223
B. Zech,RCB,0.4702960355208438,1.9571277548139414
J. Laporte,RCB,-0.30533142173750405,2.410566343227489
J. Horn,LB,1.1450146650534476,1.0192217204451308
J. van den Bergh,LB,1.0963473439310694,1.2391210858171842
A. Vršajevi?,RB,1.5912561287874962,0.311996714665009
J. Magennis,ST,1.299943268179272,0.3091874519863428
C. Rivieyran,LB,1.2850604656515148,0.821173570651076
D. Koita,CB,0.7320934305191562,1.1398001612363684
P. Polomat,LB,1.4223262866458006,0.9011205014341047
Y. Ono,LAM,0.6207016105490911,-1.4835484821794995
Hwang Hyun Soo,CB,-0.6649125754838914,2.4073329976556894
Joaquín,CB,1.3146032001458405,1.3685041731394814
Vitor Costa,LB,1.4171309772375373,0.4685145812044783
H. Kryeziu,LCM,1.819181908211207,0.623753494708458
J. Bajandouh,CDM,1.2386532744335808,1.2586107711170764
T. Wellenreuther,GK,-4.28968466049546,0.1162215959068787
M. Barrow,ST,0.05383954190511584,-2.1792819032331594
L. Hallenius,ST,0.48068047904228334,-1.1384406244648162
D. Mancini,CM,1.3646602348095942,-0.21888765509355437
L. Álvarez,GK,-5.5938099153776255,0.5902083078425229
D. Burbano,LM,0.7944570860957307,-1.495920557849264
M. Fissore,CDM,1.1382231007686208,-0.17573931248832067
J. Promes,LCB,-0.15342662770634263,1.9800544167663239
R. Cannon,RB,1.5229858573287032,0.6157431577274807
H. Akbunar,RM,0.1620869761623874,-2.771736410457468
S. Tonali,CDM,1.3988773176483698,0.6843996318202942
M. Reginiussen,LCM,1.7618804181822032,0.009404710850440447
S. Elbers,RM,0.7661541670095309,-2.4064959868367133
J. Michel,CM,0.4302040434994476,0.6485758548049914
U. Ikpeazu,ST,0.21633477958884129,-0.938468890959225
J. Yueill,LCM,1.316379007998718,-0.3383800936515503
André Vidigal,LW,0.13294297764329066,-2.351244969083469
E. Herrera,ST,0.5478682573185262,-0.07245175353751399
K. Stewart,CDM,1.1793875564488263,1.0517592979918822
I. González,GK,-4.273649758458306,0.35447475741211254
J. Dompé,RM,0.5935058236208076,-1.5937016254875582
Zequinha,RW,0.5524146600007762,-1.797959182475326
U. Sadiq,ST,0.2569375033630634,-2.0507680634079466
José Juan,GK,-3.6559161607499275,-0.28954936013331134
D. Watmore,RM,0.666895384490983,-2.126469771703076
D. Poha,CM,1.9583880077333498,0.5472836278381239
T. Werner,LM,1.0966665280858912,-0.6796925956761906
M. Barbieri,LW,0.6626744122337425,-2.4492055047712618
O. Jansson,GK,-4.857818896997354,0.11698575691736084
J. Valencia,LB,1.3389703444815042,0.9322739738161753
Y. Croizet,CM,1.22824407543813,-0.8646054743342189
M. Cacutalua,CB,0.6575516739432729,1.4344644064145835
A. Green,LM,0.9184336407589248,-1.890278898763032
J. Wright,CB,-0.8481710479722173,2.225106561119921
S. Whittaker,RCM,1.5323894555890227,0.8548676217353474
Leonardo,CB,-0.46728879053737504,2.6001080277758044
B. O'Neill,LCM,1.882349256846975,0.9805954643438565
J. van Aken,CB,0.5000970376828181,1.8184489666063728
Everaldo,ST,0.28366903425895235,-1.8589549392047042
T. Roberts,ST,0.7653730976368756,-2.0667582818047174
Z. Vanheusden,CB,-0.16108580477799245,1.935100535458664
M. Delgado,RCM,1.8761904493232862,0.32239764325591014
S. Cuthbert,RCB,-0.16081424168637767,2.4356887192147942
J. Zimmermann,GK,-4.343749628303522,0.019197815914215717
Nixon,ST,0.3363869860435521,-2.0619388022978153
P. Gibaud,RB,0.8263171951768892,1.7741851417492307
A. Pilkington,ST,0.3301099955111558,-0.9862342655437363
R. Osorio,CB,0.4794692238252572,1.7044494539953732
K. Mahlasela,CAM,0.5080812181276835,-1.3987948997722666
Deng Hanwen,RB,1.1171201885402091,0.7768154508323029
M. Lysov,LB,1.1746147519819725,0.6263834881128798
L. Palun,RB,1.4281278928627363,0.7653715451071373
D. Gerken,GK,-4.007674899618212,0.1380884224385371
E. Marcondes,CAM,0.7547006525178472,-1.830841269513821
S. Darbion,LM,1.465017517805248,0.24125879728919405
Ataúlfo Anjos,RB,1.4816685969153516,0.9118584577968348
S. Kaba,ST,0.5442992690990027,-1.0893312899834973
K. Yamamura,CAM,2.166590013659708,0.5851888510790085
C. Cuevas,LB,1.618099284625741,-0.45095169425354953
L. Pirard,GK,-5.615372013702453,0.5496880229335024
M. Bareiro,CB,1.611768912022405,0.8599547209095755
J. Torres,CDM,1.484161631390342,0.14794492528072048
A. Hloušek,LB,1.8781812069232893,0.7498386191322225
P. Mlapa,ST,0.5451589022124149,-0.880944032646889
C. Esquivel,RM,0.9275031428438678,-1.5398912787363987
J. Leist,RCB,-0.6760063362813234,2.9056449048132365
F. Koch,RM,1.454915348201591,1.0159670815151716
Jung Seok Hwa,RM,1.1219686798065955,-0.6830809014897955
Alain Oyarzun,LW,0.47239443696145184,-1.0597096691938417
A. Grgi?,CM,0.9192396028225854,1.180207467533162
B. Woodburn,CAM,0.32967545967566314,-2.194228305218305
Juan Carlos,GK,-4.08907967835331,0.005874119411057223
D. Petrucci,CDM,1.58352918084493,0.9083468955368155
G. Hall,CB,-0.10435307394184383,2.079011023193124
Guille Donoso,RM,0.3641176876091431,-1.547625006586647
S. Mraz,ST,-0.01239380356239457,-2.243215078436841
S. Schipplock,ST,0.8141679286408241,-0.5273965605376764
Y. van Nieff,CDM,1.0410507851290105,1.1176574202110638
Jesús Valentín,CB,0.3100348128193273,2.2258066568485395
M. Senesi,RCB,0.39499993051665516,1.9060335134095898
A. Hayashi,GK,-3.953475645169365,0.6172465519167522
J. Drost,CAM,1.5696295057855378,-0.7117244879349429
O. Ovac?kl?,RB,0.9510026526635222,1.210232380507328
A. Al Bulayhi,LCB,-0.2931395686073788,2.097607541298125
B. Amos,GK,-5.289200057195777,0.10366039979094113
N. Moumi Ngamaleu,LM,0.9621841199542215,-1.8743672417829855
J. Aguirre,CAM,0.6248063271888452,-1.8929678068995035
S. Hlanti,LB,0.7643902008169094,1.2344011749112205
D. Button,GK,-3.8038957870367978,-0.9120811178224141
K. Özer,RM,-0.04326479063776569,-2.561456520081209
Álvaro,ST,0.5434293866442831,-1.88738068765477
K. Opare,CB,0.604364844495243,1.38081242904197
J. Andersen,RCM,2.076774283427362,0.47791488662925313
M. Diagne,RCB,0.2497821672637071,1.8357992592887966
S. Skrabb,CF,1.035037914592376,-1.465142999253621
V. Muriqi,ST,-0.049855574971213686,-1.1451321949501676
H. Y?lmaz,GK,-6.092246457396481,0.6680857990123032
Y. Merdji,ST,0.3930090880615659,-2.2944890784741196
J. Matoušek,CF,0.21523991630220501,-2.829723905993323
Licá,RW,1.0828714833866788,-0.634388433838557
P. Valdivia,CM,1.4652153225671383,0.9871957254512289
J. Shaughnessy,LCB,0.8091129205402654,1.6351378124471945
J. Green,CAM,0.5278691341435992,-2.6982519084234236
J. Parraguez,LS,-0.010720683346440323,-1.1126517628078467
Marc Pedraza,CDM,1.5160066614969308,0.9732945701552024
Q. Antipas,ST,0.7416482374908258,-1.6839548791025611
S. Bain,GK,-4.7332969834951655,0.042528786786044666
R. Towell,RCM,1.5010777254797272,0.30144856625445665
C. Donis,CM,1.6092654374068898,0.0046875132565393895
J. Muñoz,LW,1.1269762734681188,-0.8467601459328736
C. Antwi-Adjej,LM,0.782509212306072,-2.633368638978674
Iván Rodríguez,RB,1.147784725780559,0.417579586471445
A. Bono,GK,-4.391396379091613,0.3669826530174254
S. Ugarkovi?,LDM,1.6538868427754159,1.1433833688749564
C. Gonzalez,GK,-4.758755640794221,0.09110853233216035
T. Pekhart,ST,-0.3246715032075867,-0.6131544163225761
J. Collins,LS,0.5842184213129031,-1.1144629378334372
M. Haïdara,LB,1.439453897385595,1.1188568315920455
M. Al Harbi,LB,1.6668732991023212,0.4256985402985215
B. Peacock-Farrell,GK,-4.3089834452075575,0.08728012296666178
S. Peña,CAM,1.0740068406686367,-0.7314606930185792
K. Rüegg,RB,1.5806451681359013,1.1206560003590313
Ivanildo Fernandes,LCB,0.3371021037842171,2.2195301339069156
F. Raspentino,ST,-0.13699780991370192,-2.4520249643584084
Etxeberría,RB,1.0453046656972338,1.3584372164426293
Helito Caldeira,RB,0.8204275665571682,1.138631355069721
A. Santamaría,RCB,1.4377752767621106,0.7664393552097275
S. Lowry,RCB,0.5477706322565525,1.6805995741096276
C. Connolly,CDM,1.2922644600363198,0.266579892909718
Pedrosa,CDM,1.328797901079275,1.1567686177012868
W. Kanga,ST,-0.1618789619298249,-1.7061070165420766
M. Madisha,CB,1.2820186025382478,0.5958154952673858
J. Mousinho,CDM,1.0714380722126187,1.4351939078601978
N. Boogaard,RCB,-0.738134888875928,2.6049469893975443
G. Moncur,CM,1.846807063286753,-0.21733008246238833
M. Araz,CAM,0.6472071713763367,-1.5833121216875845
Nuno Tomás,CB,-0.289638639687849,2.10305625106648
G. Páez,ST,0.11186869414256966,-2.6390631356988163
G. Galitsios,RB,0.49915333295100617,1.654294511024778
F. Semb Berge,CB,-0.6560013427615788,2.656093188664743
R. de la Fuente,LB,1.4207731133858914,0.8705518827537213
M. Rodák,GK,-4.5920164753050905,0.2617200041553956
S. Johnson,ST,1.1099105909571543,-2.0467819793715742
Óscar,RCM,0.6961136203749412,-1.296736736126162
J. Parr,LB,1.8947258014058908,0.4873709230800405
L. Vido,RS,0.4443831762750348,-1.8336360370636595
G. McCleary,LW,0.609577040609146,-0.8673756576439238
L. MacLeod,CM,1.0996416189753155,0.1194848194701115
G. Dobson,LCM,1.82692974794843,0.8542965055106566
F. Aursnes,CM,1.9546275170264342,0.12680254188619394
Y. Boé-Kane,RDM,1.1485768886018912,1.8825817777167897
M. Viloti?,CB,0.1774727690163509,1.741853652351226
A. Androutsos,CAM,1.6818333800255167,-0.6047968469840918
Edgar,ST,0.28709717830078474,-1.3317648702916198
M. Smith,ST,-0.8651986117796624,0.20674438582650306
N. Bellomo,CM,1.4043188317176378,0.1857351233664024
Toquero,RM,1.4512789299701754,0.4465195288806937
J. Chabot,LCB,-0.6338774144728858,2.4957777704560193
L. Bertone,CM,1.7255866005672587,0.10785731807708358
M. Herrera,CB,1.1474886631895191,1.261279740718492
M. Clark,LB,1.107199032985106,0.7377485299864628
A. Benedetti,LB,1.181310579696231,0.4452263384040804
E. Håland,ST,0.7275411703316349,-1.3724230686245178
O. Buff,CAM,1.0660175938671852,-0.06040440073455587
K. Friesenbichler,ST,-0.5820356652269866,-1.9859874983990005
E. Ka?,LB,1.6484917426904637,0.23941361750434048
D. Martínez,GK,-4.905148340928911,-0.6990077785325598
D. Post,CDM,1.0671345860338508,1.9417813663179204
L. Balbi,LB,1.2396507803952332,0.7864973344655871
A. Jovanovi?,GK,-5.88023062394992,0.5749529683040396
L. Lamprou,LW,0.3601580375860439,-2.562639357511986
J. Collins,LB,1.5219573207440291,0.8216620968510338
G. Vargas,ST,0.17856790169212144,-1.788998123780689
A. Bonnet,LM,1.124827177755737,-1.2944605858621299
R. Ruiter,GK,-3.8628550816770217,0.15972737608522236
P. Farkas,RB,2.0832734335047554,-0.01002880241273069
R. Grant,RB,1.8778736709225359,0.8775756533865257
D. Ulvestad,LCB,-0.4674277517137263,2.329981645054469
Han Kyo Won,RM,1.63030259821614,-0.5056547053328203
H. Marín,LCB,0.026431393734294352,2.1602350729700586
D. Dos Santos,LW,0.9985697392055749,-1.826902892933872
Kim Min Hyeok,CB,-0.4480213375382117,2.0571944042140395
M. Titsch Rivero,CM,1.5097318203904875,0.8201143515276837
S. Maier,CAM,0.16379361685538082,-1.6347121638179432
A. Maund,CB,0.5859764002849743,1.4919806783133476
A. Le Fondre,LS,0.2028736397056948,-1.8438397654031442
H. Eyjólfsson,CB,0.6937471282733313,1.48325386116602
L. Bacuna,LCM,2.087630646014715,0.4988726530302806
N. Röseler,RCB,0.4687481982151774,1.7223570816345068
B. Meccariello,LCB,-0.26447895493828255,2.2824101349655743
Bai Jiajun,LB,1.3025522328024366,0.03145671456490282
R. Glatzel,ST,-0.6226094696324754,-1.2433215641679864
C. Cortés,LW,0.25164243620066573,-1.3348276309089424
I. Jeraldino,RS,-0.48916797269769524,-1.9115282457875695
N. Dicko,ST,0.9303394393510035,-1.4507173039147612
F. Sbuttoni,CB,-0.7940963526092824,2.8012142911029825
I. Conté,LCB,0.34040963065640023,1.9533324035753465
M. Bostwick,RCB,0.7026640943945621,1.9868821481066086
A. Settembrini,RCM,1.5134604596884667,0.13161407330075817
A. Modiba,LW,1.3110959917762708,-0.7801888161264942
K. Vollmann,LM,1.5462515631265397,-0.8105251557332954
K. Przyby?ko,ST,-0.21340089086777828,-1.3913372282615228
Mario Barco,ST,-0.6178316817823628,-1.5472013512437564
Y. Baraye,LW,1.571538287803175,-1.7779036911186719
O. Werner,GK,-4.654367168660736,0.8647005023049937
R. Rotman,LDM,1.8790175874843358,0.7044742111435337
I. Poblete,CAM,0.9781209798287827,-1.380170303998549
Javi Jiménez,LM,1.6567686255122656,0.6393350998707177
L. Gassama,RB,1.423617378361354,1.048545507424895
S. ?ahin-Radlinger,GK,-5.217452362365327,-0.05373428088746178
A. Miljkovi?,RCB,1.3819258060131434,0.9845133314125294
M. Richards,CB,-0.0443599348363732,1.4238336688763131
A. Ka?anikli?,RM,0.030113617557421896,-1.3855183201124581
N. Marsman,GK,-4.309145586072659,-0.18990740537892348
D. Roßbach,LB,1.242470691574024,1.477277421715992
Eduardo Henrique,CDM,1.727395573794126,0.5461938039015287
R. James,RB,1.3620004842007989,1.0404626766528113
J. Mabokgwane,GK,-5.400493014128952,-0.17449325171413113
Y. Court,RM,1.4770922216780575,-0.6697005447522099
O. Duarte,ST,0.9264438795950621,-1.9131079910729119
M. Turay,ST,0.7833381602695553,-2.4527073419522964
D. Capelli,CB,-1.0570965885364814,3.039791894683905
Bruno Perone,RCB,-0.040580192778175386,2.261615503376355
A. Merkel,RCM,0.7968068897894954,-0.4924667273870474
Ibson,CDM,1.341427628196004,0.603751661975827
J. Gamonal,GK,-4.144353247818881,1.1193198130178135
K. Vacek,CM,1.3401346055861236,0.544390125185144
S. Fürstner,CDM,1.1151754291235243,1.420011020282495
D. Bulthuis,CB,-0.6664357405515212,2.864564449725539
M. Lais,CDM,1.9124500621753435,-0.13778739424995862
B. Addae,RCM,2.1346260635785574,0.9736466842644995
C. Bedia,ST,0.8104677247778489,-1.018171844151408
M. Vojvoda,RB,1.0727688088589296,0.9588874271088146
S. Iljutcenko,RS,1.0368850072057803,-0.6099001116047115
M. Pessina,CM,1.5497034635984992,0.13737158417043216
H. Calcaterra,RM,1.096445508668333,0.07458522547978817
F. Bednarek,GK,-4.302969579368192,0.48971496775849843
D. Mitchell,LB,2.013876942708719,-0.4805149683506845
A. Salazar,GK,-4.790327989771823,0.16378727759027603
M. Pinto,GK,-3.6833040358106044,-0.31548372828682913
D. Pudil,CB,1.1468465758580448,1.2412853626906952
L. Castiglia,LCM,1.318120377986177,0.8243325701976105
J. Pereyra Díaz,LW,1.093312150752327,-0.333471438416115
S. Marreh,CDM,0.04436399922454469,2.3911183682529695
A. Pizzorno,CB,0.4284755049195755,1.3273863600246387
T. Blackett,LB,1.0774478614871241,1.7029421483031335
Park Chu Young,LS,0.12354724644615955,-1.2086250471494604
Carbonell,CM,1.3597424067559183,-0.2744964457048641
J. Holland,RCM,1.5147027611222186,0.7925775726088358
C. Râp?,RM,0.7783227908118853,1.0742402906824882
D. Fällman,LCB,-1.0270709314862796,2.2631993646958684
M. Perez,CDM,1.5397104037248472,0.6567537001788484
Y. Meité,ST,0.7746888911638568,-0.9456313919719911
A. Dej,CM,1.1926045569085373,-0.09703807642799558
A. Shinnie,LCM,0.70640117398424,-0.5680983241868739
J. Lotiès,CB,-1.4488495197213258,2.3886120921466265
D. Giraldo,RB,1.1969137634533225,1.0915824369236642
I. Toney,LS,1.1137012678610843,-0.5942995318497671
Choi Jae Hyeon,LW,1.521446311508666,-0.1802640613922678
S. van der Water,RW,0.6507604331717856,-2.2298749013249477
J. Baxter,CAM,0.26317852556941823,-0.7213057434948456
M. Pourié,LS,0.7473876639199568,-1.4110439391688874
J. Moore-Taylor,CB,0.8131213938983207,1.6731969245795222
E. Zejnullahu,CM,1.4025147505880693,0.15807192633499126
G. Akkan,GK,-4.234510421294876,0.34678688030166754
G. Saunders,CDM,0.2841551531217951,1.1202988898124817
M. Bjørnbak,RCB,0.14624993474774625,2.3323623814425383
H. Çinemre,CB,0.06444234301344341,1.7127886420987284
M. James,RCB,0.5101470123100955,1.841095862888103
R. Griffiths,CDM,0.8961757393754014,1.6177430228134386
Deng Xiaofei,GK,-6.20167822262742,-0.7343863684427075
M. Zúñiga,ST,-0.17315186205960592,-1.4801101243334438
A. Al Qarni,GK,-5.075236536799495,-0.5295337123690729
T. Lorch,LW,0.7241195176497058,-1.4008979404887694
N. Hammann,CB,1.1106613088124968,0.9965256093921484
Catena,RCB,-0.29719492567534345,1.9763821922153384
L. Marengo,LW,0.29675827052394566,-2.6979338407178246
L. Memela,LW,0.6256211906896438,-1.2671533998269813
T. Mikkelsen,LM,1.0217973543677354,-0.8824163252414711
M. Perrotta,CB,0.01841964410236735,2.001441725466671
E. Hyndman,CM,0.7738855755455282,-1.2265820393556373
Mamadu Candé,LB,0.8836638645968561,1.4798670152315854
José Suárez,GK,-4.401373008903341,0.05089207270983724
T. Nara,RCB,0.36709539533593466,1.6315295101492224
N. Eardley,RB,1.0561289665043008,0.8783626241870888
W. Moke,CB,1.1870612060956416,1.8480439529804733
A. Davies,GK,-5.159521143694177,-0.2857776747826767
C. Lade,RB,1.035010841681379,0.42294886231025786
R. Feltscher,RB,1.02095822705307,1.7451250802683789
E. Kujovi?,ST,-0.9373787081803243,-0.1996493081176311
M. Chrapek,LDM,0.9322071329988046,0.20328345217507227
M. Kobyla?ski,RCM,0.3335519333035086,-2.2451294096988756
B. Hines-Ike,LCB,0.6976557243053978,1.1682142442521783
A. Campbell,LCM,1.4433335929124644,0.8581468856061826
S. Kaikai,LM,0.20568278387186795,-2.229396100989284
F. Onyedinma,LM,1.3110729208746603,-0.7597455389449432
N. Aguerd,CB,0.5588690882728885,1.3463194917543289
Wellington,ST,-0.14578383253682045,-0.40767644041808593
F. Rai?evi?,LS,-0.31937978901044745,-1.342136926879257
M. Szwoch,CAM,0.755300983741552,-1.752860680161325
M. Connolly,RB,0.632129802076196,1.5911326239149668
R. Le Normand,CB,-1.0012739499382979,2.405499025274253
W. Buckley,LM,0.4766856291602103,-1.1780783850348593
L. Vilsvik,RB,1.866682224631705,0.3916276228862641
J. Flanagan,RB,0.9423455929754675,1.3749406074488097
V. Yurchenko,CM,1.0247086102896246,-0.7500970982384623
A. Stephens,ST,0.28405743918900855,-2.9331489493238334
Héctor Verdés,CB,-1.4946948731410805,2.887130336498042
C. Evans,ST,-0.16535126100480851,-0.4600773489691966
M. Koch,CB,-0.8790127005618,2.6300439030903657
Guruzeta,ST,-0.13734036721570028,-2.4829929720959654
J. Aja,CB,0.004092734623911779,1.8706734063983876
Josema,CB,-0.6593021137943692,1.9244355482932174
Quini,RB,1.758733004828913,-0.2205487154059994
D. Lovitz,LB,1.4661535676889836,0.4298264822175222
José Kanté,ST,0.2448550695956951,-2.3619847219859333
H. Maïga,CDM,1.4554889369664528,0.992180186548159
M. Lumb,LB,1.3164700282103048,0.9090907553533235
B. Koïta,ST,-0.3683723979399647,-1.5783003595158165
V. Eicher,GK,-4.501021863709255,0.5281501636191331
F. Rodríguez,LCB,-1.3125183291654474,2.656758605514675
D. Lafferty,LWB,1.1513721213640848,0.5861031359978012
J. Newell,LM,1.5133046641240995,-0.16502362232327072
B. Romo,LCB,-0.3663031078967982,2.111996192266424
T. Thiele,LS,0.5373271885236156,-1.8729757588357983
D. Mesenhöler,GK,-4.3062519812704565,0.2057022082059116
Tomás Nuninho,CDM,0.8391296019784537,1.4976078852850723
A. Saroka,ST,-0.2280756129574214,-1.7052922383364446
M. Dreyer,GK,-4.450796650399796,0.10537091757256835
Y. Toutouh,LM,0.8562329536325158,-0.7533548459900259
A. Vargas,CAM,0.06839980003652162,-1.3951022672887585
S. Ojo,RW,0.42791927824088094,-1.8213042381918485
Ramon Lopes,ST,0.3845084281532938,-0.9775795749676309
G. Zarfino,RDM,1.096139302681034,1.4637002404355202
N. Gerzi?,LCM,0.3999717880617827,0.885515557930806
M. Godden,RS,0.021619640942545273,-1.7399305236416227
Y. Tafer,RW,0.7727379044896261,-1.433253209607745
A. Koura,ST,0.008932773641768628,-2.690002069847735
David Bruno,RB,0.9618933477009329,0.8463000952744016
Fepe Avedo,GK,-4.560264937318405,0.14671225873399613
F. Signorelli,CM,1.3124884058527975,0.6863183659672546
J. Jørgensen,RCB,1.0808372801127164,1.4336180028081984
I. Chebake,RB,0.9131377538893667,0.9675544994275826
M. Kenlock,LB,1.0735776141521223,1.01763876430669
Mateus Tangil,GK,-3.9698282535409244,0.44158509868823514
Hwang Jin Sung,CAM,0.8652605864616997,-0.9720754148799523
N. Maynard,LS,0.3229157454026327,-1.641902256136354
L. Cháves,GK,-4.315944242591128,0.10265133355002505
K. Paal,LB,1.3644545728157986,0.3983137856266683
M. Campos,ST,-0.048353129394286716,-1.5671238296559895
B. Hamer,GK,-4.3993910119207165,-0.00488676836340341
A. Jung,LB,1.5955171934554069,0.4639150639138295
C. Morgan,RCB,-1.4079668954067495,2.8823009014597436
Y. Konno,LCM,-0.014234472298466144,1.524084797982245
P. Pellegri,ST,-0.052442262066943045,-2.3573759468726165
F. Andriatsima,ST,0.00735296135943369,-0.8651919432255435
E. Soriano,ST,0.6354506872627069,-1.5395962906529048
N. Poulsen,RCM,1.1749152516192856,1.1803368481288772
A. Ba,CB,-0.21945700526709488,2.517716561683424
L. Šimi?,CB,-0.8058985014267078,2.079158038995721
M. Baudry,CB,0.23219384396846257,1.6858835172067916
M. Tandjigora,CDM,1.2977896104859714,1.2848154470834965
D. Mendoza,ST,0.5500077543414669,-0.8411091388502828
Ren Hang,LCB,1.2242729510095605,1.0782684538655483
Caro,GK,-4.405033338739996,0.5320490609783359
R. Koike,RB,1.2609199113764917,0.18084902241462167
J. Nikolaou,LCM,0.3378460115448467,2.132716673892863
Cristian Rivero,GK,-5.957355762697509,0.04416845034800123
F. Amuzu,LF,0.3143268257540558,-2.2342801466664084
V. Lundberg,RW,0.6197327032180581,-0.6598826032112871
Yago,CDM,1.2264417470761144,1.3002141371076286
Traeira Lopes,GK,-4.618817111494827,1.4060427275252916
C. Grindheim,CAM,0.6100984516075906,1.1449545027222907
M. Álvarez,ST,0.2388577095394621,-1.6123870808471923
D. Malone,LCM,1.0264058879294777,1.6178332265506004
A. Gasbarro,LCB,0.7933422423852098,1.748317073207484
S. May,ST,0.6972315619904064,-1.540924982957043
Miguel Flaño,CB,0.5078549050202784,1.377118851369688
B. Thompson,LCM,1.3747983889466326,0.8962294062418293
Paulo Henrique,RW,0.650758001142713,-2.3982645242176286
Marcelo Djaló,CB,-1.6031814960763464,2.7014313997279524
A. Seydel,ST,0.11588828173018387,-1.5055964472203869
A. Al Fraidi,CAM,0.8950900487314776,0.07171790408018137
J. Wójcicki,RB,1.6729180526738487,0.4847138525312338
C. Hountondji,CB,-0.15341127235640548,2.246999260427654
I. Mhirsi,LM,-0.15018152627338782,-2.13331416223427
Ji Xiang,RB,1.4237776102776694,0.9189045593052175
J. Young,GK,-4.28321538380355,0.35605339961675614
Welliton Helmes,CAM,0.545510194604564,-1.8557580057165397
E. Grezda,RW,0.5845437083309676,-1.9016000566494733
S. Mielitz,GK,-4.879001749968501,0.20827912713873054
P. Riese,RCM,1.3933827201237983,0.7805427225040671
N. Körber,GK,-5.1281599925381025,-0.16187150142578247
A. Rodriguez,RCM,1.571812523798181,0.7773138815891332
A. Calisir,CB,-0.12435385792918915,1.7682194998482357
R. Torres,CAM,0.39805405392198695,-2.2929843004091985
R. McKenzie,RM,0.9567943914863959,-1.6499491963358917
D. Iorfa,RWB,1.2385626636248042,1.2261976413594404
L. Rosseti,ST,0.4045114531360051,-1.2705398778442722
Dani Ojeda,LM,0.6517557116343918,-1.3737360309749915
M. Preston,RCB,0.1872135739347246,1.906735333916218
Josan,RM,0.44924066908592764,-2.353820664409582
P. Dahlberg,GK,-5.30820288709064,0.20985738126094797
Kim Ho Jun,GK,-4.544851234700356,0.09538287431847094
A. Calello,LDM,0.9177985193925399,1.6394434570977583
J. Sims,RW,0.17724825417683893,-2.369892476784102
B. Borrello,RM,0.4201884484363762,-2.1526016397290832
T. Andreu,CAM,1.0266016821667878,-0.11114871903024802
J. Hendry,CB,0.8621092688944624,1.3933534571317245
O. Albornoz,LB,1.381831412674509,0.4264621159471901
M. Thiam,LM,1.285098858594912,-0.04444898316613915
B. Djimsiti,CB,-0.4799681893707957,2.508773450146734
Y. Regäsel,RB,1.001439503848896,0.8433912437585979
Jo Young Cheol,RS,1.0967314067917058,-0.0512789802840486
L. Kassi,CAM,1.3841582386564,-0.47353361504584257
A. Mowatt,LCM,0.8450424026869482,0.2657394915806198
H. Rivera,LM,0.7481111619872962,-0.8449332828298355
André Claro,LM,0.3338777860830787,-1.5550508242324452
Felipe Saad,RCB,-0.4785556862371408,1.6078708130135264
Asdrúbal,ST,0.8039115523058724,-1.4140776293832567
S. Nieuwpoort,RCB,0.49856142635267503,1.4200383620946457
Clemente,ST,-0.7193107469306164,-1.8046427511108891
Luan Peres,CB,0.13396449727104526,1.774836592160797
A. Lioi,RM,1.4351662263042975,-0.727852832536369
M. López,LCB,0.5103190070157851,1.4613237978287739
E. Vega,CDM,1.0068420867124523,1.3391339839996539
A. Messaoud,CAM,0.10958277651707844,-1.2709168520462286
L. Silva,ST,1.2969714940682624,-0.20253453153845224
J. Højbjerg,GK,-4.355725254398137,-0.2593753925010589
J. Delgado,LM,0.3260305901883025,-1.2698859187405644
M. Schwäbe,GK,-4.064056046787356,-0.020113250511712682
Kwon Kyung Won,LCB,0.2853051609843749,1.8148808874387878
M. Zetterer,GK,-4.412369847392713,0.27722554350002454
Fred Soidares,LB,0.8951431389672747,1.62182276780657
L. Menalo,LW,-0.09756438624893267,-2.4054180579874234
Juan Muñiz,RM,0.6553552232149721,-0.489251411365485
Kike Márquez,LM,0.13362441552275656,-1.6403333844094707
P. Netzer,CB,0.20912222123737043,1.671686354594237
S. Skarlatidis,LM,0.22055103805280288,-2.6601039453872324
L. Owona,RCB,-0.09177402415650607,1.991737431394476
J. Samuelsen,RCM,1.142328574626127,0.46305244487549596
J. Cummings,ST,0.6894349445479427,-1.2453405169064409
R. Preißinger,LCM,1.7298842857369916,0.9778048101272218
S. Pettinari,ST,0.7843622249206895,-1.6436301859608327
N. Dams,LDM,-0.03388099953866985,2.0586326599950575
B. Edomwonyi,ST,0.7538594304048706,-2.090189324057788
R. Naranjo,GK,-4.7929834860478575,0.6140218601459468
J. Tinhan,ST,0.7820685879968244,-1.0802726270624425
H. Mizumoto,RCB,-0.7880665539952748,1.7868156368423453
A. Brosque,RS,0.4544876971513286,-1.9820240851371442
S. Becker,RW,0.9995015771767315,-1.5654509932396574
Yu Rui,RCB,0.35132216140980876,1.5483101306741944
P. Senderos,CB,-0.9385003333871933,2.67045105836536
F. Rodríguez,RDM,0.22532532323428456,2.1749544217187187
H. Sato,ST,-1.469213020424233,-1.280741672587179
R. Matthews,GK,-4.896740794582597,-0.5135615547766901
T. Bishop,CM,1.2529245351938842,-0.6121950227113488
Lluis López,CB,-0.44256761245764703,1.3968560255281135
S. McLaughlin,RM,0.6383536940142291,-1.9738563162899205
E. Aguilar,CM,1.0487392537315696,-0.35644658196512197
M. Asselah,GK,-5.126349015483637,-0.10120239128065252
A. Dembélé,CM,2.3997322750108303,0.5074168642493031
Breno Laranjeiro,CAM,0.7878506524706114,-0.8280466934061537
J. Nietfeld,ST,-0.4942983692594358,-2.375055646233286
A. Šemper,GK,-5.953424976281223,-0.1820534453348088
T. Hájek,CB,-0.22132906243946873,2.15068827671566
Dani Rodríguez,RCM,1.2727010497555824,0.1295543026603387
M. Deplagne,RB,-0.27084397029563884,2.380955912561242
G. Díaz,LM,0.06344097226807231,-1.657829314120473
C. Brunner,RB,1.3984854216779847,0.7829140196394476
P. Lipski,LCM,0.27888490659296217,-1.0667403950023422
André Ferreira,GK,-4.590545220265898,0.4899699889685981
A. Ribera,RM,0.7648907617415688,-1.4638768540140408
Assis,GK,-4.539000696701054,0.11802745094753749
G. Hernández,CM,1.4537805465163753,-0.3533551533280815
J. Pineda,LW,-0.17002555777484482,-2.3252024488361873
M. Donoso,ST,-0.3922071991480522,-0.8357036481380037
L. Zander,RB,0.9967234793690657,0.7524356352298159
Curro Sánchez,LM,0.5183964940587462,-1.3982108420246295
Santamaría,GK,-4.612262803424402,0.08353289221925175
Z. Dedi?,ST,0.4832099386254396,-1.2826884002313141
C. Vargas,GK,-4.639673277769534,-0.187290560457943
Akieme,LB,0.7281989513187986,0.87152721486209
Tete Morente,LM,0.9041033981608313,-1.2888124368858156
Shin Hyung Min,LM,1.6211401549056847,1.0327013164870094
N. Yennaris,RCM,1.7203594268276374,0.379101145053533
P. van Ooijen,CM,1.0142884590981873,-0.12830007152929926
G. Cvijanovi?,CAM,1.5654087867054804,0.16262762349975365
T. Taguchi,LCM,1.7120801308110347,0.10577650118729195
M. Saunier,CB,0.01877000113615609,2.3664424871756364
L. Parunashvili,CDM,0.9344816928666447,0.8805665777621697
R. Acquafresca,ST,-0.508839976885187,-1.9819262426924333
C. Tabó,LCM,0.39687596253399454,-1.9998554325232674
Claytisco Branco,RB,0.547264956528248,1.418581762240024
S. Nijland,CAM,-0.62593264549316,-1.5125375288331877
J. Guthrie,LCB,0.7368828475558845,1.7922135471847604
J. Fernández,LCM,1.8072039216180327,1.0456338721781802
R. Crivello,LB,1.2360289808459244,0.5531403570539493
T. Ayasse,CDM,0.8655843203000778,1.6835199794195244
D. Zúñiga,LB,1.3321125011130368,0.8534507026201881
L. Za?uska,GK,-3.747278317857917,0.39905203146805324
R. Vasilev,ST,0.006275805306901319,-1.4422525704914566
M. Schmerböck,RS,0.7549803618114315,-1.4872398618918783
Y. Abe,CB,0.5101713951019374,0.5869308169413823
J. Ruiz,CB,0.7585522114464657,1.4366318431029985
M. Bravo,ST,0.8321235611543167,-1.3970314634804422
Augusto,CDM,1.0631730035600466,1.1160964599785683
A. Maxsø,LCB,0.6141185247710869,1.0303143931268008
D. Vergara,RM,0.8719803314451702,-1.765153535515364
Park Dong Jin,CB,-0.14285603717151632,1.8152691064424442
A. Maksimenko,GK,-5.653425179646854,-0.20812687015743556
M. Vrushaj,LM,0.38716530559881845,-2.0788808209770613
L. Garbutt,LB,1.2147189580710231,0.6438345233955219
G. Munari,CM,0.606387560007897,1.7911762218519323
C. Burke,ST,-0.362493201581226,-1.7553803160287784
Rudy,RM,0.8921071778631203,-1.052400478583322
S. Kneževi?,CB,0.0015338836670331876,1.9002739835843967
M. Heider,RM,1.4496134196808343,0.08133146620076588
J. Alnwick,GK,-4.1370981977078705,0.09038033803525458
S. O'Donnell,RB,1.9089773013659186,0.9551053147073879
S. Edera,RW,-0.24406895018759034,-2.6174911578036357
A. Arellano,CDM,1.412554060037013,0.7535579033311642
G. Hupperts,RW,1.083848365230436,-1.02450133219098
L. Isgrove,RM,0.6142646484639717,-1.6355699244442343
M. Lampson,GK,-4.526203156281455,0.5770404578138916
R. Di Gennaro,GK,-4.371882444493581,-0.17893171039135505
Melvin Regalito,CAM,-0.11660505552785663,-1.6600507813778376
L. Akins,RB,1.7789016695525166,0.11221916311784672
J. Valencia,ST,0.12292511116711595,-1.3424791381594683
L. Ayçiçek,LM,0.32082974761865496,-1.3656425998399884
E. Albín,RB,1.172132679367887,0.4904263030283126
M. Troiano,CM,1.3690414400263176,1.8694861974187018
F. Escobar,CB,0.28307991809002425,1.7271515374513748
N. Linares,CDM,1.3834942334511107,0.5850773123423636
J. Ávila,CB,-1.3998452480786823,3.4101269062810675
Nuno Valente,CM,1.234488789631381,-0.393745327686022
R. Baku,CM,1.840782854723873,-0.4938986808126455
Samu,LM,0.4996036426773295,-1.7727873205625546
D. Vicencio,CB,-0.5930829653959467,2.1462831937104445
C. Shields,RCM,1.4259811520808536,1.1624864911697554
Choi Sung Keun,CM,1.5304459409865747,0.7369498372959239
O. Sow,ST,0.5339977642283387,-1.8031605588557171
L. Orejuela,RB,1.5445782023800572,0.6210240989413749
S. Leuko,RB,1.181749607358043,0.7122959640301866
D. Goutas,CB,-0.04236178619998964,1.7350578911860246
Wilsson Rosito,CAM,0.08442770223959858,-1.051082167514064
D. Rigo,CM,0.3817950991903714,-1.020916415916951
A. Bastoni,CB,-0.8074679947717246,1.7306201963790349
S. Eastwood,GK,-4.218982342927369,0.40377594839888764
T. Boyd,ST,-0.8744149324840047,-0.6734210713557887
F. Nájera,CB,-0.9353215216117116,2.001742339218607
Jairo,LM,0.19793910479256083,-2.985051122044751
D. Milinkovi?,LM,-0.06894232464881794,-2.1059795851242753
F. Ayé,ST,0.2879815527300663,-2.3118646700666945
J. Vachoux,GK,-4.884209849354742,-1.0124543805057784
N. Bajrami,LCM,1.5202978643466767,-0.2953277204183078
P. Mandanda,GK,-5.2205062053395075,0.18222086943408672
M. ?uri?,ST,-0.3902803219193576,-0.33665049612507997
Éverton Luiz,CDM,0.26288648168445133,1.1156558700365642
Puertas,RM,0.9668020281140898,-1.3963149455365313
J. Duverne,CB,0.4660641960573308,1.5008318816314872
G. Dicker,RCM,0.5515583500059362,1.5995167520786595
G. Massey,RM,1.5640569413052865,-0.5729501661226916
N. Stefanelli,ST,0.7549774907102091,-2.340424319537438
J. Andrada,CDM,0.8610555132534021,1.5375078926859276
R. Zhemaletdinov,ST,1.2405472024316402,-1.7071754371713401
L. Sercombe,LCM,1.8692844224219922,0.013580267935090458
D. De Belder,ST,0.7609055407688676,-1.045849476319163
J. Kubicki,RCM,2.03230388617539,0.6482327101990173
J. Rasmussen,CB,0.42510516424203265,1.6283989734468354
Y. Ramadani,CM,1.444004179196546,1.1131090126390346
E. Akichi,LCM,1.409601818655719,0.6061271917571115
C. Chiricò,RW,0.31874940675191266,-2.3025972016535006
H. Sacko,RM,0.6756925007604121,-1.853008836340757
Chris Farminhão,CB,-0.1900103946011493,1.1902307649012194
D. Keita-Ruel,ST,0.5170886688794136,-1.374375444532859
P. Zulu,LM,1.1781836595035269,-0.1947639090176417
H. Bahebri,RM,0.7469255146100033,-0.9093062696497037
C. Arias,ST,-0.11597383145315443,-2.036304201400688
Jeong Woo Jae,RM,1.6727838600611438,0.1487254999236866
W. Dammers,LCB,0.7773129649032818,0.5249665550423834
K. Kotsaris,GK,-4.554281057003119,-0.021404090400323737
M. Poletanovi?,RDM,1.1739729806115617,0.5198791135713704
J. Hopcutt,CF,0.8733989343493016,-1.5784960100769343
P. Ma?ecki,LM,1.3266850484858996,-0.7158831157947535
B. Mitrev,GK,-5.769467177337725,-0.714314055502658
Qin Sheng,CDM,0.9832584912354027,1.2704906843539756
Marco Soares,CDM,0.6750430353498942,1.0963293343818
Romário,LCM,0.7603508215467496,-1.8775947450786465
Pedro Trigueira,GK,-4.548889007051966,0.05607295271362581
A. Hrusti?,CAM,1.0642160027845573,-0.10108339577403337
U. Segura,CM,1.2055347133891003,-0.36710837090895887
J. Billong,CB,-0.3506434550827801,2.1375418035065734
L. Arias,LM,1.391494118110581,-0.11398872991302321
K. Arkivuo,LB,1.0690491883938655,1.020909406230758
S. Palombi,RS,0.2662226468189937,-0.784995359452907
G. Maggiore,CM,1.1175714255932785,0.9909070648402064
M. Konrad,RDM,1.4337887635311464,1.3610585950595178
Zheng Long,LW,0.7343227824134494,-1.2615174446570292
A. Lazaar,LB,0.8996493908302343,0.668985046497811
J. Donachie,LCB,0.3538727791283299,2.121700776892936
J. Bizama,RB,1.3979591479531852,0.87952491325584
A. Rossi,ST,0.13886022369123618,-1.2393940383848228
Nolaskoain,CB,1.4449977030298125,0.657477141341624
H. Singh,LCM,0.9494275209831665,0.8637098128735917
João Carlos,ST,-0.23394985527266127,-1.6711643588400644
J. Nation,RCB,-0.37324493585323204,2.1957739847336715
S. Kulovits,CDM,0.7781051502673061,1.196639449299303
T. Grøgaard,LB,1.2327613499853298,1.0708499851773825
R. Williams,RM,0.4569139473282682,-1.8587520816420895
F. Miguel,LB,1.1636042508618083,1.0266764046614574
M. Bukata,CM,1.17612365138097,0.38826836807891935
K. Broll,GK,-6.095323019384916,0.19939028320321642
M. Jiménez,GK,-4.813820589579074,0.013168759774167326
K. Nagai,ST,1.398830544385549,-1.68559910702876
C. Philipps,CDM,1.0262457633785913,1.7941771801044597
M. Sadler,LCB,0.4867190759494186,1.7999395992097478
F. Centonze,RB,1.7294089155043477,0.3984819138776934
J. Ligali,GK,-4.547866551488068,-0.08560615155104201
A. Sánchez,GK,-5.567129988493855,0.309556137115787
A. Nalini,LS,0.15245980427259945,-1.9522631818586607
Zheng Zheng,LB,1.6423309464571494,-0.014208373438615278
Héctor Rodas,CB,-0.23694157579066213,2.035058635365736
D. Høegh,RCB,-0.08226080841751235,2.1290095972470615
C. Martschinko,LB,1.526936031799468,0.520273712538417
F. Micolta,ST,1.8553726359932414,-0.4282561616229055
J. Piotrowski,CM,1.6483447494850916,0.6741055311707432
M. Carretta,LW,0.7801461308438448,-1.713696803464256
J. Skalák,LM,0.4570894583852771,-0.714950799124898
L. Lindsay,LCB,-0.1965665128903424,2.198849028266792
V. Hoff,CM,1.65066420178516,0.09718369294899208
M. Zaccagni,CM,0.100094959425672,-0.5221261113527985
R. Vera,RCB,-0.6846999252742991,2.4879916798490593
J. Riedel,LCB,1.2193189970897613,1.0764364885340072
T. Yalç?ner,CDM,1.230240538789353,1.050574119522958
B. De Alba,CAM,0.08201281709206223,-2.5726014834914155
A. Nouri,RB,1.665404842867077,0.8853199858761439
C. Gartner,CM,0.945394305265886,0.7411354179976102
T. Geyer,LCB,0.14459841395603482,1.768909647748544
L. Domínguez,CB,-0.09099970135076703,1.7176453851540143
Naldo,CDM,0.8800643186454897,1.5283747081820154
L. Kelly,LB,1.2867522008194672,1.0326809486442614
S. Whalley,RM,0.9144136781351637,-1.5105941913139291
K. Anzai,LB,1.0046678307342662,-0.3969085377870857
C. Pontius,RM,1.2260374662235725,-0.155283937725089
E. Zavaleta,CB,1.1723261936125149,1.1202949256962333
G. O'Neil,CDM,0.5280683708393826,0.5680396711991474
G. Loovens,CB,-1.4932735723220618,2.396994032721794
A. González,RCB,0.4488338829714774,2.1826217663986087
Luís Cortez,CAM,-0.40504261538627845,-1.1846735943306081
M. Hernández,GK,-5.195141031454172,0.4894432963904968
C. Donaldson,ST,0.016318094069072718,-0.8768604100770941
D. Mendiseca,LB,0.5084576433950465,1.6465637450790735
S. Cronin,CDM,0.9494676130730021,0.6468103839953931
J. Taylor,LM,0.79950978905061,-2.2073259926915516
R. Hall,RM,0.22481166848381126,-2.6111110663903765
S. Gbohouo,GK,-5.352075547337343,0.21273397083194726
N. Yeri,CM,1.899213623467978,0.5350992159294355
M. Pinato,LCM,1.7636586694640528,0.17217909225488845
M. Johnson,LM,1.0208469863087473,-1.1366588489490437
D. Wouters,CDM,0.13729526678238013,2.4103414646410832
J. Campuzano,CDM,1.6202377502751868,0.9912341317999779
Z. Valentin,LB,1.1059675935001296,1.0635606318712367
L. Néry,RB,1.2146132451079876,1.1170113990300978
J. Iglesias,RDM,1.7159473145950719,0.25375591050770846
M. El Hamdaoui,ST,-0.4810938555436955,-1.4206718247760806
Welson Leima,CDM,0.3258626408025526,2.1178966532715875
M. Little,RB,1.393975062228257,0.688517934980153
B. Lennon,RB,1.8773807117060766,-0.08812385557625385
N. Mitrovi?,CB,-0.39412194073882983,2.48006677942806
Serginho,GK,-4.751680573381076,0.6836373227253281
R. Buess,ST,1.3132282130348525,-0.38029364734385157
A. Al Sahabi,RCB,0.23117483415921924,1.591101103363462
Y. El Jebli,CAM,0.4990963568411886,-1.6471390090625955
C. Durkin,CDM,0.9665571303967762,1.1237822903338437
P. Bengtsson,LB,1.0254469588999022,0.5020567533213128
F. Kamberi,ST,0.206772530669997,-1.2061874793213687
D. Irandust,CAM,0.9550662224974122,-0.8157209987413439
L. Nomenjanahary,RW,1.3965417357062582,-0.5895512167714277
D. Steres,RCB,-0.08638997664119162,1.9468357118898254
G. Donyoh,LW,0.5513842906649749,-2.705363746041793
Castro,ST,0.36255779878371963,-1.5589960910018108
F. Troyansky,ST,-0.02677465263873604,-2.2715347553151743
D. Koppers,LB,1.1063954001122953,0.6207684150952346
M. Moscati,CM,2.108376573585029,0.326851947904282
J. Roa,RDM,1.319690679526482,0.7498876502008613
Lu Wenjun,ST,0.1989424297272053,-1.7553328007257019
F. Crivelli,GK,-4.583395306928295,0.43283751624706623
J. Amoroso,RM,0.5592750051889278,-1.2140031077458862
A. Barillà,RCM,2.263853196860531,0.2937234548144787
K. Agard,RW,0.9407245926863224,-1.0653525763804963
Y. Boli,LS,0.37543290172184157,-1.7343141414049181
Borja Viguera,ST,-0.4010238715652109,-1.5769972949791358
A. Masika,LM,0.4278243444385331,-2.937631891441658
S. Kroon,RM,0.5865816548782554,-1.555202291149315
A. Al Hafith,CB,0.1055852239020619,1.9794963613714562
J. Gradit,RB,0.9562905703432348,1.8370983980083087
L. Boeder,RB,0.4104046349976289,1.8028985119214165
T. Pochettino,CM,0.90406070067355,0.34574948863609617
A. Robic,RM,1.0976884911850697,-0.39656488868519685
E. Nazaryna,CM,1.1172918012707382,0.38051122332401344
J. Cascante,LCB,0.25306847716032715,1.4181702968451566
A. Ibrahim,CM,1.364814002355192,0.906614476915979
F. Ulvestad,CM,1.5370347572611207,0.7183447180592317
C. Çavlan,LM,1.3704186609875104,0.011824115414350383
F. Ben Youssef,LM,-0.11371102630595585,-1.1345300224151231
M. Pu?ko,RM,0.10849599428186224,-1.9037217175203265
C. Gönen,GK,-4.538775061484787,0.06952157210494485
S. Moore,GK,-4.559453887928666,0.048685581694750325
L. Taylor,RS,0.7795771347111583,-1.2846754290246716
M. de Leeuw,CAM,0.26473188188338065,-0.01424321196009595
A. Ngamukol,ST,0.6898245397003224,-1.8888874652202414
F. Brandán,LM,0.2514149474750621,-2.6036130290501425
Zubiaurre,GK,-5.823289817906493,0.13716819587622384
S. Quinn,CDM,1.2193301592940948,0.2953973917138742
S. Bertram,RS,0.9661288850074896,-1.309959611961886
Z. Korcsmár,CB,0.2789374396626533,1.6362299068444794
Camacho,CAM,-0.061122859624157234,0.48967502910804744
D. Sorgi?,ST,0.3030854533631199,-1.3001693307986506
P. Mortensen,LS,-0.20956672730852235,-0.7944867327383194
Tekio,RB,0.925194205059724,1.290226399749214
P. Ofosu-Ayeh,RB,1.6575345054116988,0.5406493160195801
M. Bíttolo,LB,0.8333908815726668,0.35244774424625896
B. Djiby Fall,ST,0.018535843025000304,-0.2633740596698673
D. Cardoso,LCB,0.12980639279055572,1.5520901767861366
J. Demetriou,RB,1.6656214612864277,0.4311506441854084
Ilhamjan Iminjan,RM,0.5497980678920401,-1.6319588474007907
M. Ritzmaier,LCM,1.1296668389499855,-0.6911277295476981
C. Dell'Orco,LB,0.24024005520507852,1.0380654711939301
H. Shala,RW,1.1104236886976544,-0.7736219844826335
R. Williams,GK,-3.569802725431792,-0.3579286768499135
S. Molina,RM,0.7812666464804348,-1.0985023944099495
J. Ángulo,LB,1.414735292589657,1.0679580464566651
F. Guichón,LM,0.6597457846055323,-0.3672939360808745
G. Tormin,RM,0.4454373705977325,-2.0524020676126233
R. Noya,RCB,-0.36577961344595367,2.2685932565392424
L. Clemenza,CAM,0.18881155327506524,-2.6857192690212033
Paik Seung Ho,CM,1.403603380881212,-0.02410040552158734
L. Wolszty?ski,RS,0.5662553183764011,-0.9648371708779244
P. Göbel,RB,1.2178921051147158,-0.37221284356280476
A. Gouiri,ST,-0.21961848396585804,-2.572654627551216
S. Bruzzese,GK,-4.636524710945111,-0.20957341978241656
M. Njie,LM,0.5499246775259986,-2.3383015234183557
S. Raggett,CB,0.06554109595024447,1.9066686594494575
P. Klewin,GK,-4.7302225192115595,0.29327454911266615
G. ?ucudean,ST,0.5209126369567131,-0.21424164520829572
J. Ward,ST,0.9433553232408424,-2.09844296311321
S. Jovanovi?,ST,0.648979493634036,-1.8905568548123246
N. Schouterden,LM,0.8262787879903524,-0.14456186172358512
S. Wannenwetsch,RB,1.3754576328806503,0.9260227433106663
R. Oxford,CB,0.41810734292423873,1.4990258258310005
R. Gelmi,RCB,0.9832670957073695,1.243851247335106
Elgezabal,CB,-0.31566865304235536,2.104867297132805
C. Schorch,RCB,-0.14776120865423917,2.2179794964557273
F. Migliore,LB,1.1316656244152914,1.3397271752573503
M. Gilks,GK,-5.150865247174217,-0.016345138641179223
Renan Tojeiras,CDM,1.0510003860401735,0.7472819729290887
G. Miura,RCB,-0.10539828267908055,2.14124002025624
Juande,RDM,0.9208670872693958,1.4218059918971233
H. Rojas,CM,1.0835253657349821,-0.260599003717875
Nuno Cedrim,CAM,0.5806692145578388,-0.8528330465234615
F. Orlando,RW,0.6691197206606619,-3.111472628743468
I. Henderson,LCM,0.5011732646945086,-1.307097207369822
L. Bostyn,GK,-5.807133110691979,0.37582832158244656
L. Abergel,RB,1.1175131437105144,1.024794659053422
A. Zapata,RW,0.7337595923005519,-1.6796759742693959
M. Smith,ST,0.30673373000783877,-1.007054954609036
N. Zimling,LCM,0.5879262450725496,1.2798361505831648
J. Bager,RCB,0.13638884777596105,1.6224414835494365
G. Masouras,RB,1.1431947330083367,0.06826946657074984
G. Bourillon,CB,-0.23319486281972723,2.329189942802694
A. D'Alberto,RB,1.0020555793177235,0.9521485228424098
Lee Seok Hyun,RCM,0.8425813569746515,-1.4686839794552222
W. Francis,LB,1.3959935079100168,0.6749975872132336
B. V?t?jelu,LM,0.9946892270772572,-0.46596965060880663
M. Bani,RCB,-0.16414239003433068,2.3569093335169664
N. Butzen,RM,1.8938512618174996,-0.01314687219418689
L. Ili?,CAM,0.574087850191067,-1.209762754992084
E. Trejo,CM,1.790991040492311,-0.2700542706760325
T. Eaves,RS,0.055713968508425915,-0.37282162231460847
D. Del Fabro,CB,-0.40952808438516214,1.8577897417496396
Pol García,LCB,-1.1148992155438047,1.721095448219366
F. Escobar,RB,1.2700533464782322,0.4574494189463179
D. Agazzi,RCM,1.0755939160779093,0.8842288349552624
C. Cambon,RCB,0.6138873405066345,1.0186807556325579
A. Tembeng,CDM,0.2501395142665531,1.7965351875585323
A. Gomes,CAM,0.13824703366982463,-2.128995847824824
Estevãtinho,CAM,-0.5353248215361639,-1.4097776772380894
S. Lex,RW,0.48319204746497935,-2.377265474872919
Bernabé,GK,-4.319817988613797,-0.05315987998875978
K. Matsubara,RB,1.499324368584901,0.6934162796740523
E. Purita,RB,1.401243756939786,0.8584271514068236
S. Guri,ST,0.14460549566364805,-0.872664210581175
C. Albanis,LM,0.6596059262332161,-1.1468905871686832
F. Holthaus,LWB,1.4652623809433662,0.7876537849853077
L. da Silva Lopes,RM,1.0834696454339687,-1.69904013439895
S. MacDonald,CDM,0.9307134935480109,0.9239499887792505
M. Reynolds,CB,0.34914407019919835,1.5585570685602435
M. Janota,CAM,0.6500242750064902,-1.56578844002816
Piao Cheng,RCM,1.7056175705722598,0.034683968973358285
M. McNulty,ST,0.47046017081862673,-1.6955587072864322
Alan Schons,CM,1.221646645650448,0.5128634276716201
L. Heredia,RW,0.601438702980581,-1.3560319909128553
T. Elliott,ST,0.26320805595734664,-0.8440744359787208
R. Lundström,RWB,1.7719388236793783,0.13399189031608047
S. Ganz,ST,0.3464661766721108,-2.2616306516006146
A. El Kaabi,ST,-0.2867981450532255,-2.1649256460213646
P. Testroet,LS,0.9354604766510237,-0.7905034510454063
S. Benyamina,ST,0.07597426980786114,-1.3897997200167667
C. Sepúlveda,LCM,1.3383303694558066,1.0771841692376736
E. Assifuah,ST,0.8349585957429712,-1.5998260617173252
L. Robles,CM,0.8705798359046298,1.6495016817813926
V. N'Simba,LB,1.554538813820227,-0.4306005537289839
C. Handke,CB,-0.2050050433859438,2.4691263238920693
S. Córdova,ST,-0.0035426920832322523,-2.0133509406643673
K. Kratz,CAM,0.6665541618515626,0.455977798834461
M. Lowe,LB,1.0658325628742245,0.539664052092926
Claude Gonçalves,CDM,0.7584517616212256,1.1973834273698891
D. Swanson,LM,1.0444237253427875,-0.281485879849744
G. Trauner,CB,1.5683963416125848,1.153104993053777
Accioly,LCB,-1.0203994443953286,2.2224714332177697
G. Iñíguez,CM,1.4685565190638181,0.7140418445689833
D. Furlong,RB,0.8166405545570613,0.9530540180021086
J. Larsson,ST,0.16618955262748447,-2.333923663085949
Matheus Índio,RM,0.4125595134032511,-1.8521214752619697
Guarrotxena,RM,1.3633490580556737,-0.17590174990211432
D. McGowan,CB,0.7601166824151278,1.5361361052777776
B. Sankoh,CDM,0.2859445489933973,2.2122288938932635
G. Evans,CAM,2.1306872948718794,-0.021483711949077933
J. Gómez,RB,0.9116583361237985,1.1967320203165956
A. Márquez,RB,1.4380496202236257,0.8659309972892308
O. ?el?stka,RCB,1.2445634690378289,1.1646838660431125
F. Öztorun,LB,1.3543287360104144,1.0022070952996935
C. Mafla,LB,0.9377013288965352,1.17168765382617
I. Ochoa,CDM,0.9122987034481168,1.0625188786297024
Lucas Fernandes,CM,1.1930691229493382,-1.2452443428568107
Fernando Andrade,RW,-0.1243940157973373,-2.3710691778133994
T. Breukers,RB,1.138750929685169,1.153997325650107
E. Salomonsson,RWB,1.538853805405904,0.4406176456873982
A. Iacobucci,GK,-4.564792891580409,-0.03911549973073513
P. Izzo,GK,-4.036249481496773,0.1531668684963821
M. Farrona Pulido,LM,0.3583811285631017,-2.719407068136621
S. Diarra,RM,1.5482549642871257,0.33638686303046195
Frederico Rendel,CAM,0.965919504785409,-0.6499611984899806
R. Tait,LWB,1.4295048097744618,0.8032303028136958
Y. Kurtulu?,RCM,1.4313121067076224,0.1827130513513505
M. Starke,CF,1.117200273007127,-1.8864969460428687
J. Wilson,ST,-0.017438489619589204,-1.864360894391103
E. Tozlu,LM,0.777726653067771,-0.5768512800924801
Javi Flores,LCM,1.0533031687349552,-0.717432845475768
R. Cereceda,LB,0.9746825721521711,0.4681368426071228
E. Padella,LCB,-0.48056683003914763,2.5054461355786537
J. Onguéné,LCB,-0.250546551033953,2.080986193580086
B. Bahn,LDM,0.8753797103568111,-1.6779506279890735
D. Prokop,CAM,0.9129115456852208,-1.46416176881112
N. Seufert,CM,1.1566342085486199,-0.0611679835950026
S. Lobjanidze,LM,0.4081170557842779,-2.9344064304659763
J. Miño,LDM,1.3742853376780413,1.3384691611262298
M. Ullmann,LM,1.3026383919555309,-0.12625891044736817
M. Mandorlini,CM,1.205863491128774,0.8295884834636088
C. Mahoney,RM,0.5971161181743324,-1.8838326859413055
J. Fortes,RB,1.4200897303987894,1.0259199916488195
G. Mastinu,CAM,0.15216503337129422,-1.6340750723310042
Alex Doneiro,CAM,0.20153733308615604,-1.8358495467567324
Miguel Oliveira,GK,-5.213119095577752,0.7339479085871663
J. von Haacke,RDM,0.9373217815097152,0.42900662866347367
Jang Yun Ho,CM,1.0204543985721535,0.7338242337959371
F. Beijmo,RB,1.2824403155491446,1.0029155591361838
D. Furman,LDM,1.8392220304022253,0.3216986708459153
Park Jong Woo,CM,1.737444602528165,0.351256368189417
E. Lieftink,CM,1.58208760753775,0.9043651775967061
Diego Aguirre,LM,0.8576494689222394,-1.4573828830559559
Gustavo Pastinho,ST,0.9332758346661532,-1.979647074666427
R. Manaj,ST,-0.5483682103499918,-1.9383209203352645
F. Kadioglu,CAM,0.4372078021999524,-1.6823585055655617
Alex López,CM,1.0388388002529163,-0.15350701705976127
D. Perkins,CM,0.8662299552477126,1.2283577787008817
J. Bendik,GK,-5.808585499565268,0.22611486330917865
Varela,LM,1.0046841031335778,0.3085505497185037
Oriol Busquets,CDM,0.9376863375714538,1.1955273076585513
Pipa,RB,0.9808087310652129,0.9279119241452185
Pardo,RCB,-1.1593422864036593,2.4244699149914046
T. Lam,LCM,1.2221967604678246,0.9894418557338484
J. Rodon,LCB,-0.03991066185343965,2.0010603596368894
Abel Ruiz,ST,0.19684467338615783,-1.9669284342739664
J. Attinella,GK,-4.195865055226022,-0.6039968067608128
A. Mendoza,LB,1.5883912227858539,0.7403277463511169
P. Zinckernagel,RW,0.9393411699923392,-1.264549269173491
E. Güral,RM,0.17460214529441964,-1.137907406002603
Ko Seung Beom,RM,1.8461096639893597,0.08139203390305962
E. Zhegrova,RM,-0.032751845682279845,-3.240984097350766
B. Baráth,RB,0.675539715294841,1.1032162952055342
E. Bakker,RCM,1.3594360362237479,-0.028948686825904946
G. Kastaneer,LM,0.8189102857750334,-1.5016340428218835
R. Rubin,ST,0.4416984155879067,-1.5977893702105208
F. Altamirano,GK,-4.281575488639196,0.3407332850026949
M. Wanitzek,LCM,1.3554760285187333,-0.22939989091528742
H. Fujiharu,LB,0.5624247226606512,0.714063703512664
C. Colmán,ST,-0.3224964788501104,-2.1965849720292208
K. Kuchaev,CAM,0.9078541649208324,-1.2107986619737847
J. Shonga,ST,0.44403724765578784,-2.710015533502552
S. Sararer,LM,0.6943557796907032,-1.4630851561836902
M. Grimes,LB,1.0345080322811,-0.09263413906543311
G. Kamara,RCM,1.4017155207136813,0.9713206025116629
J. Salas,CM,1.40427893860137,0.7249978312972446
R. Perraud,LB,1.4840440979578324,0.00642260472731486
G. Baldock,RWB,1.5855559583263092,0.41996380051409965
Y. Nakayama,LDM,1.2932243924535622,0.8736972382813478
P. Eler,ST,-0.12018469877034421,-2.033443972639
Nano,LB,1.4485679158809255,0.8025838374261192
X. Mlambo,CM,0.814512833141819,-0.6644245254694565
O. Andrievskyi,CDM,0.6107221664519389,0.7582430193066769
A. Judge,LW,0.15041123297987605,-1.3057922012240344
E. Alvarado,GK,-4.428597693463089,-0.18585149749415125
Buatu,LCB,0.21547058459041174,1.7292538419133272
A. Czerwi?ski,RB,1.2435422310044808,1.0028570032633863
V. Sarno,CAM,0.23517847308359704,-2.1171290085229915
M. Puši?,ST,0.8538410720240983,-0.47316685632255734
E. Fryers,LB,0.9745578870184429,0.7988903629388738
P. Caballero,ST,-1.3656109215528716,-0.737565757912044
A. El-Abd,LCB,-0.20010119969754708,2.250457985749674
K. Wojtkowski,CAM,0.4957833951930337,-1.4194061018452222
T. Boss,GK,-4.650638114685791,0.12865800342724523
J. Earl,LB,1.5509968983357452,1.016280253943715
S. Özkan,LM,-0.06268952540319836,-2.2749756466977473
J. Murillo,LCB,1.55531975734757,1.078404123714612
S. Jaime,ST,0.9802472531302542,-0.23058845331382188
M. Bader,RB,0.9969972970932384,0.9018169906274479
D. Arboleda,CB,-0.9365870041284762,3.38794647018328
B. Merlini,LM,0.9015855277365181,-1.935968834187946
M. Smith,RB,1.1495558434724793,1.019908962410147
M. Helik,CB,1.0592276528447235,1.1535474345068009
J. Föhrenbach,LB,0.6768433878433101,1.2622215974405655
K. Mizunuma,RM,0.887035422972699,-0.891001640357318
S. Jamieson,LB,1.4634661398512205,0.831008278249054
R. Grange,RM,0.686851256983456,-1.0869343098679554
D. Nazarov,ST,1.0049588576943458,-1.6777298760829549
C. Robles,CDM,1.200772461441579,1.5962632808562536
M. Akba?,CB,0.07765619921634052,1.9607157794098515
J. Eggestein,RW,0.13404815897519315,-2.0577073765909017
P. Bouby,LCB,0.5924025039064658,1.4464524692024252
V. Berisha,LM,1.1800130016858001,-1.1164731049614407
Sérgio Marakis,CDM,0.8203873638204069,1.3956909400034945
N. Rubio,CAM,0.4754246390835649,-2.6719754593033347
Xande Silva,ST,0.28498240072622316,-2.097429795830683
Claudio Silbeiro,ST,0.81458328678071,-1.4695209917366807
S. Marzo,RB,0.8514403552063742,1.4465001681528145
G. Villagra,CM,0.13686837251073514,1.5992197044252967
Carlos Abad,GK,-4.010555951525658,0.5105853697594542
M. Prévot,GK,-6.077572000963124,0.2771364334547526
C. Maguire,CAM,0.8252877057742248,-1.0628893966493493
F. Serrarens,LS,0.4207046021545481,-1.6177186466464402
K. Løkberg,RCM,1.5271894162382302,0.09137408630773272
S. Scherder,CB,-0.5785718663528827,1.621401988053193
Venanzio Meirás,ST,0.15787298256280705,-0.8984532874690544
João Pedro,ST,0.05618225363587708,-1.2439861517174848
L. Duarte,RM,0.7098788380140136,0.41645448602933793
Quintanilla,RCB,0.36257152230577705,1.748107534291612
E. Carvajal,CDM,1.5407002498662883,0.16800336563205528
T. Fosu,CAM,0.35931561412143115,-2.5094897670458236
L. Caicedo,RDM,2.0599070098130015,0.8168327850429532
Néstor Albiach,CAM,0.11953883980858308,-1.9060538826634066
A. DeLaGarza,RB,1.1802765043655803,0.6663753363530853
A. Durak,CDM,1.4916565232428314,0.40557296603323145
T. Haye,CM,0.4259017617904055,0.06451919505223903
Jaílson,CDM,1.3823496387647898,1.1149884235087224
J. Steele,GK,-4.309238389548763,-0.16030456130045254
P. Vlachodimos,LM,0.13157267465339198,-2.0620390986676336
D. Bohar,RM,0.24516662729695995,-2.0905198295793346
H. Elhouni,LW,0.6082565189217701,-1.8566035744513312
O. Mihálik,ST,-0.2677972210424353,-2.088404946938787
L. Nestor,CB,0.4230859291748827,1.634112862547686
J. Thomassen,LB,1.3624187857635488,0.9429879055781546
S. Lewerenz,LM,0.31004603353427196,-2.0018674822970173
V. Marchetti,LB,1.331374905288023,0.20859557864369707
G. Lódico,CM,1.5308413843632898,-0.28879153079589187
Leandro,LM,0.5774008026585107,-1.775369012838366
R. Colclough,LM,0.7823757168902418,-2.2727886075932573
J. Ampuero,RCB,-0.6616849976032563,2.812709957360623
Dani Romera,ST,-0.11910429596717502,-2.3234603306045027
C. Acuña,ST,0.05044013714368816,-1.3025361690014559
A. Radovanovi?,RCB,-0.7130251115252688,2.752991227595403
W. Moimbé-Tahrat,LB,1.2897498522865019,0.8565134328325305
R. de Boer,GK,-5.1922375356912704,0.4807768186639486
N. Julan,ST,0.02257711343121604,-1.661201580108517
T. Ebner,RCM,0.8786329418667042,1.635182229447956
A. Vindheim,RB,1.9026729138931313,-0.02834675413550708
L. Acevedo,RCB,-0.5437857601048439,2.485592558058268
S. Zúñiga,RDM,0.2583200925236762,-1.3126177972781758
T. Vlietinck,RM,0.7056088867702772,-1.1363135789341938
E. Friberg,LCM,0.8470010107776125,0.208069368532506
A. Oshilaja,RB,0.9602826737683074,1.5515806090902584
G. Herrera,ST,0.8648050082836777,-0.20424278249030592
J. Nyholm,CB,1.3386687270138238,0.8458909804502011
D. Nishi,RB,1.7137804000187988,0.8010944687054332
Nadjack,RB,1.1513515869812658,1.2028924183399794
K. Broadfoot,RCB,-0.7320865239827693,2.767015357029442
K. Omori,LM,0.8964017385800959,-0.9115262260257384
K. Begois,GK,-4.673143239484504,0.49314630977398144
Alemão,CB,-0.8016885628726305,2.7251535487961305
T. Asta-Buruaga,RCB,0.409434418713922,1.324839321795574
K. Azamoum,CDM,0.9418381020184883,0.7939894752184998
A. Mozo,RB,1.131652701658819,0.35976987206350314
A. Gilbey,LCM,2.1215613480928965,0.7728986812037456
S. Nagasawa,ST,-0.397068476878693,-1.111043108848742
Jorge Fellipe,CB,-1.136391005946189,2.6235463078269436
M. Rutten,RB,1.2358458655322038,0.8906104094503471
Neris,RCB,-0.2519182055217041,2.550900109092302
Moon Chang Jin,RM,0.4205271216434362,-2.0119687353713798
J. Mena,CB,0.0004997129520690581,1.6165220834780547
C. Espinosa,CAM,-0.9945444526763113,-1.305546809741536
A. Nkaka,LDM,0.7764410329261171,1.2679146181489482
Álvaro Tejero,RB,0.9335944188808496,0.4722286341070967
F. Concas,RM,1.6043590496377205,-0.8058450847837803
A. Co?elev,GK,-5.753993879122096,0.8227572870566572
D. Kolovos,CAM,-0.15525823977179157,-2.062413894794981
Zhang Yuning,ST,0.004613887910453626,-1.5003481468807616
J. Perch,CDM,0.6680156537115264,1.3316676208745124
Rafael de Aseiro,GK,-3.716907278307323,0.10654390219431997
I. Niane,ST,-0.19684308260840944,-2.718287008267846
J. Anibaba,CB,0.5065009600246854,1.5977699448303266
Iñigo Muñoz,RW,0.30003217750747707,-2.3523901607505837
T. Sana,LCM,0.8638214683532267,-1.929060044352282
P. Papp,CB,0.4972746765336863,1.2630270399681551
T. Tzandaris,CDM,1.3149967448683815,0.5587101584901418
K. Staude,LM,0.7866742832619541,-1.3023954207033328
A. Oumarou,ST,0.6711699059416151,-1.2080393783852204
Lee Bum Young,GK,-4.711272175018228,0.5631964191027771
I. Kecojevi?,CB,-0.7980071088181858,2.771250826893616
L. Cárdenas,GK,-3.3918899022113833,0.42535202150970297
L. López,CM,1.2072272043899863,0.6356768481571992
A. Sedlar,LCB,-0.6363928363061772,2.5429777064054493
A. Woodyard,RCM,1.4459424445914981,1.143987719284954
I. Koné,CDM,0.5860794429314888,1.8490905416228731
J. Hernández,CDM,1.5279490227196109,0.6817284043562365
J. Espinoza,RB,1.2802041259623795,0.38496898582479594
T. Hamed,LDM,1.255608710611906,0.4736096103753572
L. Dvali,LCB,-0.08247331858945642,2.59036059279531
T. Ugajin,LM,0.9780607634858915,-0.26336143474026225
Abraham,LB,1.3859281491681688,1.1086577704725205
G. Edwards,RM,0.880428998271774,-1.882808478999836
J. Zuluaga,RB,0.8101439880761858,0.6332802786364234
A. Lundqvist,LB,0.7863931844374594,0.2277207796166779
C. Wyke,ST,-0.03867822935026645,-1.0939748865484689
B. Godeau,LCB,0.07505869250872145,2.0285171422557533
P. Mullins,ST,-0.5606911072420093,-1.535108620094036
T. Sekine,RM,0.28621280420291967,-2.4926728204212596
Zé Turbo,ST,0.21304962583349119,-1.951895578693704
I. Franji?,RB,1.361844835788325,0.4583840968279944
M. Boxall,RCB,0.5786464720317217,1.467358163288721
J. Schoop,LCM,1.4192823407825934,0.31429178845345124
C. Traoré,LB,0.918247762946401,1.2065346538944761
J. Williams,LCB,1.0710850507196796,1.1718223375779135
A. Jackson,CB,-0.12083346993495314,2.0973196491376194
L. Povea,CM,1.5585556416252317,0.2085236158686314
S. Ngom,ST,-0.14295770994710183,-2.0522044948125684
Adaílton,ST,0.5197664391556798,-1.7586158677447632
A. Bell,LB,1.5613258525374056,0.31047429325947506
B. Galloway,LB,0.7080326284891467,1.0751779444264562
F. Bravo,CDM,1.1535058759431474,1.574657531960339
Rubén Yáñez,GK,-4.458454556201983,0.29270176726775127
H. Belkebla,LDM,1.7336187519840063,0.5664726270431603
Y. Mut?,RS,0.9995797482325278,-1.2532523932800315
P. Frattali,GK,-4.92950860356893,-0.11766577722407359
Yu Dabao,RCB,0.6317780310106423,-0.9278665305313022
C. Noone,RM,0.2295524519408267,-1.088731498663481
D. Kempe,LWB,1.0377592758596255,1.4114998423477059
J. Thomsen,RB,0.5554840570804468,1.5824325932482903
Derik,CDM,1.2340913103677842,1.1892315579363795
N. Lomb,GK,-4.563385629586425,0.22893495886885973
S. Traut,RM,1.0564998575814593,1.0171572133860898
J. Ryan,CM,1.3102803259996898,0.4862302807910868
J. Morris,LM,1.3589640230125903,-0.15526993032039635
S. Goss,CM,0.8660863991818769,0.12269661613041793
S. Aytaç,LB,1.543707554809122,0.8418346085828953
K. Miyoshi,RW,0.6418929833831714,-2.1201420864542224
J. Opoku,RW,0.6752656358378695,-0.8317802184139941
S. Sutter,RB,1.6577529514436522,1.114152179228034
R. Vloet,CAM,0.7291753795672791,-0.7135260940458845
I. Depe,RM,0.038519706272219734,-1.9199817017062282
S. Campo,CAM,0.3787666952869251,-1.8867269451553663
G. Gotti,ST,0.09746714335855913,-2.3845333498247574
Zhao Mingjian,RB,1.3589432797510197,0.7908362278929671
V. Rennella,ST,0.30839374640552997,-0.719371072001152
Nacho,RM,-0.1601369284378017,-2.1975681578441852
Ícaro,RCB,-0.7076084445686832,1.9893101104385367
A. Crawford,LCM,1.6707867453462608,-0.2518601253122561
A. Ajeti,RCB,-0.5380363559685017,1.9262912038288698
I. Vetokele,ST,0.46406363346877955,-2.074397737588978
B. Aloé,RCB,-0.6736717160851738,2.1149265630355605
B. Véjar,LM,1.579791542783184,0.15380982570239854
M. Al Kuwaykibi,RM,0.31216360474957905,-2.8656401810682617
Z. Ismail,RM,1.0200325348127306,-1.8499906853732395
A. Fletcher,ST,0.03382833414951579,-1.555447273411686
A. Martinelli,CDM,1.2045907221063483,0.9698592231122074
K. Henry,RDM,0.6498616569954401,1.4913073643718353
L. Guwara,LB,1.1433885845944292,1.2213498448189442
Sancet,CM,1.1790371174338092,-0.3545785501238239
Mandi,LCM,0.3181973849102859,1.6315877973582409
M. Sarr,LB,-0.02031828721811422,2.323166297548697
S. Hefti,RCB,0.4329692239203036,1.4035037249863787
C. Monschein,LM,-0.14542161463451056,-2.6706295045049173
L. Belingheri,CM,1.1515410033593776,0.01046618669209808
M. Lovera,CAM,0.6477169630301913,-1.9623780891313733
J. Nerwinski,RB,1.0038947946784431,1.054417648406553
M. Turner,LCB,-1.2019033400931893,2.804893376382429
Cesinha,RW,0.1779140571703492,-2.583440651590578
M. Escudero,CB,-1.1764656241194886,2.3513231444834553
J. Rivas,CB,-0.4365972481237723,2.3659861553284025
S. Szyma?ski,CAM,-0.48687014403543283,-2.992397714440058
E. K?l?nç,LM,0.02783627402339258,-2.045485098141389
Jon Erice,LDM,0.8874096607278352,1.3940807940797086
F. Sears,LM,1.1226182096259651,-1.3812364500438563
Kang Min Soo,RCB,0.40708018585513056,1.7851316052259407
P. Lienhart,CB,-0.21586502590059006,2.085834288781781
T. Miller,GK,-5.262575956033579,-0.2996912665694207
R. Fennell,RCB,1.5875042834293691,0.7515014168637932
M. Ibáñez,GK,-4.366449905461266,0.5916917512687621
A. Arrighini,LS,-0.3377929586642639,-2.1811243726891156
J. Cádiz,ST,-0.3380670103307617,-1.0130627248510164
L. Kozák,ST,-0.8096850344346833,-0.7637876632126297
T. Hoban,CB,-0.04845135352293756,1.9163602014839796
B. Romero,ST,1.4602448010192948,-1.522907218298681
G. Togni,LW,1.0657006504703526,-1.0219084951951654
R. Perticone,LB,0.40890576154531866,2.152846444171911
K. Kitagawa,RS,0.2867789317075089,-1.8898013248668144
G. Tello,LM,0.7179091657290693,-2.962161961051341
I. Pallas,CB,-0.4809505396467678,1.9591130274134265
B. Carvallo,CAM,0.21692025557982725,-2.5498021926373635
J. Hesketh,RM,0.06139521060801758,-1.6777427873022646
J. Clément,CDM,0.2148727675438105,1.1876109008251028
C. Songkrasin,LW,0.3019231407875768,-2.1987222200250294
Quim Araujo,CAM,0.47215381969501374,0.08427385336603116
K. Hause,CB,0.5065754834657509,1.7057299898364828
D. Quiñónes,LM,1.4038345042583429,-1.1857642488497293
T. Wachsmuth,CB,0.17248289656624943,1.3976085305504993
J. Harvey,LB,1.4316436497246705,1.0237115868099411
Hwang Ki Wook,CDM,1.1433043450782252,1.222848932570582
K. Pusch,CAM,1.4763733072973122,0.1343115922869842
K. Ota,LB,1.6128360479869632,0.5869658191376753
M. Mouandilmadji,ST,-0.3280779670572657,-2.1679822112367892
J. McCarthy,RB,1.6962992513638855,0.8817362882306162
André Bahia,CB,-0.4959565779458018,2.726113733393718
B. Kopplin,LB,1.4435731899514261,0.6467608854515858
S. Contessa,LWB,1.0929195954175648,0.5797828992769549
J. Löhmannsröben,RDM,0.8959903020800083,1.820680738958729
T. Rowe,LM,1.7176093754366144,0.27410845415258234
M. R?du?,LM,0.6305092407829207,-1.3474361868746432
M. Hamdaoui,LM,-0.3821663689497273,-3.0305760647430557
I. Bandalovski,RB,0.7035974720969707,0.6090656102349133
D. Bamba,ST,0.3697388978196266,-2.2350824028893155
H. Berríos,RB,1.5187258201127527,1.3890495182810387
M. El Allouchi,LM,1.2446997243526734,-0.41329843300759384
M. Barreto,CAM,0.7150348130004022,-1.8347192095240004
F. Tardieu,LDM,1.4182746262243113,0.5095924070536938
A. Barbaro,LM,0.3505002213902168,-1.6750548123073907
C. Verdonk,LB,1.1596973079778772,0.8579279448087687
A. Blondell,ST,-0.11920204718719664,-1.7582363527511586
Eddy Silvestre,CDM,1.519209444263677,1.1278477218890637
Z. MacMath,GK,-5.024595061127983,-0.23959170567457772
M. Sao,RM,0.44537593664777236,-2.5589124643662826
T. Bingöl,RM,0.6214732763929824,-1.8644189226763643
M. Busch,RB,1.3432460814334701,0.5446225004982195
T. Cantwell,CAM,0.19743423936032597,-2.154796155238909
Xiao Zhi,RS,0.5188338201580568,-0.12412345524055661
B. Smith,LB,1.1718461002562317,0.26734806022572793
E. Suagher,RCB,-0.44613333356544155,2.1712660957399477
C. Flórez,LB,1.0103922904950635,1.6946209820481892
T. Ebuehi,RB,1.200789593343162,0.5223985744255919
Kaio Aldair,RB,1.2904646983604602,0.09599468389565895
I. Groothuizen,GK,-5.439564088195215,0.44321225132187686
Provencio,CM,1.0815085647881397,0.32835044902257754
Jairo Morillas,ST,-0.09383860828007931,-1.4176967703811032
M. Al Fatil,RCB,-0.665046492126978,2.6411534107556434
T. Deng,RCB,0.6954622217834824,1.5775163816222122
D. Lamkel Zé,CAM,1.9622951460903473,-0.9270443509292006
V. Luchkevych,RM,1.3626617114904451,-0.3506042034912648
J. Edmundsson,RM,0.7548526004328202,-1.0422123541373713
G. Long,GK,-5.10023145419474,-0.1818974673332275
J. Radoševi?,CDM,1.0829060022090082,1.2368700791464888
M. Pennington,LCB,0.22774927144294424,1.670732595249589
Z. Ondrášek,ST,0.4716440434122951,-0.9489222358599487
C. Remmer,RB,1.2154594617196177,0.7728131587985337
L. Slagveer,RM,0.8986205563942697,-1.3607443296690525
F. Lewis,RB,1.4864667804028233,0.23899622404551008
M. Rivoredo,CM,1.277657661264809,0.9286245944420994
J. Vásquez,CDM,1.0061724548734106,1.213953940324844
M. Svilar,GK,-3.9152456129332793,-0.3228312111930924
J. Jeggo,CDM,1.6510744551760896,0.37152272879564313
G. Navarrete,CAM,0.24435105620223035,-0.9545168849915256
Alemão,RCB,0.7353892728593499,1.40452713233521
Y. Coulibaly,LB,1.518989176800839,0.5621386192762686
F. Saavedra,CM,1.1069975227879332,1.1016374628203602
R. Framberger,RB,0.49838692440630045,0.7464346939828707
J. Vargas,CF,0.4141617603854224,-1.7142914759626218
S. Aluko,RW,0.2718753034804927,-1.8116697856033206
M. Power,RDM,1.4044285349870975,0.6416235809369181
S. Pasa,CM,1.144994530930661,1.3542814711394902
F. Valot,RM,1.4276057996694855,-0.2917285316256504
J. Kalla,RB,1.1605821697712695,0.8464778346431889
S. Chhetri,LS,0.06168611303588303,-2.046884724802601
Bicho,CAM,0.12098586251603309,-1.2700125654377352
M. Parensen,LB,1.501778090250594,0.9332232606849529
R. Manning,LCM,1.4661721916102042,0.2733186982864422
Rodri Tarín,CB,0.3838035879655128,1.552719676603795
A. Mbekile,RB,0.7531734273826884,0.8569951113198374
R. Arias,LCB,-0.5222564424277863,1.9728485030624958
S. Singh,CAM,0.3902350862985581,-1.3164920037444288
L. Schweers,RCB,-0.46126700805217513,2.1750821688745137
H. Hansson,LCM,1.272190248072317,-0.8872118258925193
J. Whatmough,RCB,0.16012335014496895,1.8467798341916328
H. Cummings,LCB,-0.5697007322620795,2.553892309804021
T. Kløve,RCM,1.5134042889495232,-0.7106576792874438
E. Mosquera,LB,0.9176427395769801,1.3202216196749008
G. Di Chiara,LB,1.074935329188046,1.3125208950716678
João Silva,ST,-0.747858991070451,-1.897428075945624
N. Solís,LM,-0.00613508873786218,-2.8619097838927074
J. Monreal,ST,0.4293713861672453,-1.198607066060672
W. Cartagena,CDM,0.990369086966285,0.7450381686115712
G. Itter,LB,1.1638267623336214,0.5160276972936695
Bruno Costa,CM,0.5797976805946192,-1.0921428921486565
D. Dervite,CB,-0.3590597968535713,2.3710648314476916
Lee Jong Sung,CB,1.2833917081591468,1.2973713798908848
E. Palomino,LM,-0.18137618553829132,-3.062883477392126
R. Lindkvist,LWB,1.734789418610955,-0.26024155171396957
V. Kostevych,LB,1.6456429237190786,0.6846743285141232
D. Rowe,RM,0.5462872582217168,-2.1733898092257204
Diego Maurício,LM,0.9896533309511385,-1.3951381646743828
M. Guidone,ST,0.334575436921041,-0.1528226166647381
B. Jones,RB,1.1394274945324228,1.0756820426217555
S. Ishizaki,RM,0.5340289414839293,-0.2286343737362556
B. van Hintum,LB,0.7225124626624994,1.16949507379583
E. Brítez,RCB,1.0400738449373061,1.2124482817527646
S. Aresti,GK,-4.770830451459257,0.025878436622396722
W. Pacheco,RB,1.499042684298781,-0.4134721782470637
K. Fisker,CM,1.3438491010402411,-0.8406628770178607
P. Förster,LDM,1.6408227908594162,0.2852817446228069
T. Rogne,CB,-0.6714398290720567,2.802078079731971
B. Rymaniak,RB,1.1140351022470683,1.7431114588503216
R. McGowan,CB,1.3042240111474246,1.3790480883609337
D. Bingham,GK,-4.421219592622115,0.344023883752274
S. Bradley,LCB,0.1003862517905187,2.105103107107935
Tiago Gomes,LB,0.7908389166639339,0.8049983853280034
D. Marsura,ST,0.9001471255057052,-1.6511186559550999
S. Zurbriggen,RCB,0.7954508259417241,1.4070716395390224
N. Valentini,CB,-0.3333387726751611,2.4120575461491542
S. Field,CM,1.0599344221302516,0.09518079974347912
C. Seitz,GK,-3.9355622296604627,0.7051254767030452
A. Winter,RM,1.158891863606843,-0.7918777537003788
L. Azouni,RM,1.4658197879655137,0.9800532964581419
K. Larsen,LCB,0.02622855351335314,2.045040249155433
J. Coppinger,LW,0.3328166522919964,-0.34461191539428865
L. Feeney,RM,1.2141013947623165,-0.8168305919530985
K. Cissé,ST,0.7215861407242482,-0.8465028357254065
H. Martínez,CB,0.1390808453976362,1.6531064723727746
C. Townsend,LB,1.1328973842446932,0.9526838483417036
L. Delgado,GK,-4.868068471742319,-0.8868916887713305
F. Heerkens,RCB,0.47621337559918786,1.7493544382656026
T. Dierckx,RM,-0.0510012124411338,-2.561814775485357
L. Rolón,RM,1.0255937246942008,-0.4068781419374003
J. De la Cuesta,CB,-0.26484885868313085,1.5568881506861463
J. Martínez,RB,1.7140889211851031,0.4745787889774569
J. Spearing,RCM,1.5076003326062142,0.6251316334080174
J. Edwards,CM,2.0458926796144112,0.3966365229463777
J. Gonzalez,GK,-4.45454848636803,0.19284523961228056
K. Karami,RB,1.279212826535106,0.4630755278219595
N. Lozano,LCB,0.6292117452574032,1.5606976883850374
L. Camp,GK,-4.500134657860777,0.46388544209398813
L. Hyam,CM,1.962051954720178,1.1052367898759317
O. Vásquez,CAM,0.5210576112476122,-1.5011727340286136
M. Polster,RB,1.884792612866327,1.2356921832674295
Ribamar,ST,0.13006908446982315,-1.757481586605649
R. Sandoval,RW,0.7340792050706426,-2.3288412291251714
Gonzalo Verdú,RCB,0.6820684656923937,1.443404598778297
A. Halliday,LB,1.9686169606572022,0.2656227945541082
T. Casasola,RM,1.6201274236835437,1.2073923730505376
J. Stojanovi?,CAM,0.7306424907383516,-0.8307878647558324
J. Buri?,GK,-5.235749989245321,0.3286575597523845
H. Stengel,LCM,1.2417106916126508,0.7577093717127217
Paolo Fernandes,RM,0.5196996815752706,-2.274186673538778
Rufo,CAM,-0.29830133029170514,-2.823063311050582
T. Hysén,ST,-0.10218830033893726,-1.4435955333219024
Yun Suk Young,RCM,1.5151570361419167,0.32265011572845415
J. Forster-Caskey,CM,1.5143439877605767,0.030214697286712396
N. Palacios,CDM,0.7196102194935894,2.3117051300922156
Jhonnattann,LM,0.636119724334036,-2.313468468542101
D. Efremov,RM,0.8408099731228137,-1.1971921833377583
B. San Juan,CB,1.0572980626201731,1.2800309732895236
R. Henry,LB,1.5010218390875543,0.12881421130876908
B. Baningime,CDM,0.4837304010723971,0.9945832083949282
Zhao Xuri,RDM,1.1212429739733107,1.5583610084060606
K. Luijckx,LCB,0.4362367840200477,1.6176939832532478
Tiago Caeiro,ST,-1.9259526319735039,-0.669475015108732
S. Moreo,ST,0.5993319512421147,-0.6757288380735149
L. Maciel,CDM,0.9158275416570869,0.9612498731993198
M. Gibbs-White,CM,0.8056317434688358,-0.4586787604515648
Ibson Melo,LM,0.578122850425145,-1.3738174764995088
D. De Silva,CAM,1.2154066281459044,-1.2007978226030607
N. Hagglund,CB,-0.2429069455108151,1.8909378654040117
G. Gutiérrez,LB,1.2741721161086472,1.1919189353891768
D. Nikolaou,CB,-0.5307238753656399,2.0088589249269657
J. Valencia,RM,1.3050311992581163,-1.1434178411792364
K. Nagasawa,RCM,1.3308452781924602,-0.5296250784042191
I. Yagan,LM,-0.06441939707771191,-2.0264095272805482
A. Bruce,CB,-1.2542529209675,1.823994811786911
M. Bokadi,CDM,0.5435348802970316,2.1015069282800707
Cleylton,CB,-1.3306110978584618,2.9572607537375304
Ilsinho,RM,0.4786240940079894,-0.1767649666298647
G. Moncini,ST,0.18581548922425284,-1.5880422708265132
M. Jarvis,LM,-0.024162276085547687,-1.463949228819146
F. Carvalho,LCB,0.3022175689719562,1.6125156021018268
Iban Salvador,CAM,0.5662977441045981,-2.353950675218835
Ricardo Machado,RCB,-0.22269197315224049,2.2319396979612423
M. Vigorito,GK,-4.3720261199045405,-0.10807916960169553
S. Gallucci,RDM,0.9254975386565197,1.3192982668088382
F. Manzano,CDM,1.3436903555291246,0.8765396637876377
B. Sweat,LB,1.0554801692742606,0.864533411523817
V. Rodi?,RM,1.1953511457555417,-1.0329525727239643
M. El Hankouri,LW,0.5072861755617518,-1.7222870300137956
M. Figueroa,LB,1.0721274139257697,1.5023829000685867
Hicham,RM,0.24116655357354294,-2.443360056255491
M. ?ovilo,CB,0.6935551202111011,1.9724886039808491
G. Hamer,RCM,1.2662766355774244,0.275268662447633
P. Kammerbauer,CDM,1.4162124060690335,0.10252050206057334
N. Ramos,GK,-5.630430705056767,-0.2744518039677275
A. Grant,CDM,1.6726546624085665,1.0747267618735754
M. Gómez,LM,0.9302468833446942,-0.9557972063628861
Javi Sánchez,CB,0.014612559942811585,1.7418193620336022
L. Brattan,CDM,1.518201371491827,0.8306269669362163
H. Jimenez,LB,1.289847635449033,0.28089966078041784
V. Vermeij,ST,0.0518085833982344,-1.1401922421563344
S. Muroya,RB,1.4591417023395712,0.2526955255785306
P. Michorl,LCM,1.5536351686588494,0.5983812054455158
F. N'Goma,LM,1.4117886471603462,-1.0006574417237561
M. Lekven,CM,1.375713023034258,0.2061469437779359
R. Tafazolli,LCB,-0.1267719103976376,2.476305812791558
F. Telechea,ST,-0.7129490487432234,-1.6125395649023435
J. Hergault,RB,1.5469373887362692,1.090660954323615
T. Loska,GK,-4.674761451247108,0.10454725332948948
L. Geminiani,RB,1.0554618050153426,0.7903672730754944
G. Arteaga,LB,1.0890947989612232,0.7462976061918623
C. Del Grosso,LB,0.2878713999081285,0.47066056015410396
D. Srbeny,ST,0.5021498286592375,-1.1401698079606504
R. Meara,GK,-4.56881049059435,-0.24801867093593638
E. Acolatse,LM,0.23837481363978527,-1.9997984300810447
M. Garrido,LM,1.2234573351943503,-0.15044033778696714
C. Burke,RM,0.5624914376713284,-1.41884603242427
B. Vides,ST,0.7120380449637219,-1.1555669203728056
L. Comas,LM,0.6955562443323988,-2.951987230851039
Benito,LM,0.1198877375369851,-2.1995948376778838
J. Martinez,CM,0.6375524455665408,-0.8572630971332609
Fali,CDM,1.136279460498858,1.856614903767401
Chus Herrero,CB,-0.4921881138669681,2.0526671657843365
Kim Oh Gyu,RCB,0.500072352573486,2.0425223041107725
U. Rivas,CM,1.479568024494218,0.8551432185908834
C. Lizarazo,CAM,0.36361331305384503,-1.631655625183572
D. Braaten,RW,0.7619961194927322,0.1649264367229219
Lazo,LM,-0.16949771593243798,-2.143053257611174
L. Mago,LB,1.0453198184321841,1.1068305229028967
A. Bannink,RM,1.2827514284419244,0.49599071279453305
S. Wootton,CB,-0.07677360720854272,1.9871394074054394
H. Mojica,CAM,0.8849709447333761,-1.884769722261759
T. McNamara,RCM,0.360566848305193,-0.5455094094790222
Kwak Tae Hwi,CB,-1.675979611718915,2.251432137169125
C. Martins Pereira,LDM,0.8055227719803152,1.0767641742788137
O. Bogle,ST,-0.015684570255240837,-1.1507110867026138
N. Devlin,RB,1.6212645256849936,0.3708329755593593
M. Marras,RW,-0.041059246979396995,-3.0112198176375964
B. Godfrey,CDM,1.214594996518806,1.3577047705244758
D. de Wit,CM,1.531797932063205,0.06107115330947102
José Carlos,CB,-0.31918043687115205,2.0657786135576184
M. Sordell,RM,0.8894106497232805,-1.264988817606209
S. Carrasco,CDM,0.7259577553816394,1.0398412198883116
M. Gelabert,CDM,-0.26997381686178307,0.7648637740609818
H. Watanabe,RCB,-0.08433061146779393,2.4142884304442775
K. Rodrigues Pires,CDM,1.254896104701293,-0.6274172626828066
B. Manuel,RW,0.33848410016576497,-1.3364671721397996
Álex López,ST,0.03606854790596387,-1.210616006788542
L. Cabezas,ST,-0.5816275379224144,-1.5839511598014586
A. Bussaglia,LW,0.021724878956282258,-2.1453677154161133
L. Copete,LCB,0.3044957569823366,1.7390242431312732
M. Crimi,LCM,1.7415271928016185,0.4308778714609765
D. Toia,LB,1.1012935579653371,0.7551510606482685
D. Bakker,CDM,0.9935888490272919,0.7324419613066817
Lucas,RCB,-0.8928877571834546,2.6771722177534376
Neto Borges,LB,1.490286697081388,0.6097851359642836
D. Frare,CB,-0.13367540862727656,1.6086032264382624
C. Rivas,ST,0.5168456877127756,-1.5314765179599334
B. Straalman,LCB,0.3373585587182704,1.7397168908529306
T. Chalobah,LDM,1.175733020188307,1.122776318861201
K. Jó?wiak,LM,0.9092412207236424,-1.372409708003198
U. Bangura,CB,1.3866595376106992,1.0604610254715046
P. Strand,LW,2.17237870793465,0.01585678449706438
F. Ahmadzadeh,RM,0.39474275849323265,-2.508449594922143
K. Engel,LB,0.6405819878907257,1.3191734783342122
A. Straith,LCB,0.20785290129364561,1.9785423717285404
Y. Rivera,LM,0.6055817786139862,-2.8819055145046155
K. Opseth,ST,-0.3770856793917151,-1.3478192030713385
J. Naismith,RB,1.5066321200900386,0.878377819455444
Evander,CAM,0.23185324658581588,-1.789285466635052
Íñigo López,LCB,-1.293249622958789,2.238849907714592
E. Correa,ST,-0.2923115143253078,-1.306264700028758
M. Steinmann,CDM,0.6357360783714798,1.1139768304188167
Y. Toyoda,ST,-0.618823202783461,-0.7283070607692949
E. Atuesta,CM,1.351790281934299,0.3532599554889001
A. Abeid,LB,0.7133836772985528,1.1341704929085066
P. Barrios,CB,0.3696623320426305,1.362358368709625
H. Pertuz,RCB,-0.5162510838624018,2.5045398364625906
F. Strauss,CB,-1.477313710812816,3.197467383209106
R. Schwartz,ST,-0.09235769476556431,-1.361397892288618
F. Moyano,RDM,1.4234003708878653,0.4656283015324673
C. Kum,RB,0.6099383053130846,1.4197950662645968
M. Albertazzi,LB,0.33917491460653104,1.8247905909884736
B. Santalab,ST,-0.009741306046093341,-0.5981458159194313
F. Nordkvelle,CM,1.069194778461957,-0.021100877620613447
David Haro,LW,0.3769193070755713,-2.4868602439444363
Jadson,CB,-0.3985825960019731,2.116327589167661
João Gabriel,CB,-0.5624881827506679,2.037324883502945
J. Villarreal,CF,0.15942101093141342,-1.5197244533332117
T. Thompson,RM,1.0404055378199077,-0.7359587107720816
Reinildo,LB,1.2694797818676458,0.20798649060649851
Z. Flemming,CAM,1.2360818823188258,-0.14267614778961624
A. Forde,RM,0.577107029140894,-1.4110279183265855
F. Olinga,LM,-0.4407839748933529,-2.5261880633060447
Gaspar,LM,-0.3903943343286813,-2.0971998728397385
H. Okuno,LCM,1.4263575580496866,-0.8596227188615106
Y. Takahashi,LDM,1.1372018758219045,0.8006947033398377
M. Miri?,RCM,0.14508475592363826,-0.8458529891725985
K. Vassell,ST,0.4039845834710895,-0.9747732549638564
Rafa Páez,LCB,-1.3499670724964863,2.9738649597594953
D. Dianessy,CAM,-0.2675945033255184,-2.4520860950568597
R. McGree,RCM,1.6510844289580897,-0.29555781225078714
J. Goossens,CAM,-0.7762835384758667,-0.4160231734858837
G. Acosta,LM,1.2404259022767097,-0.7419568073217034
M. Ihiekwe,RCB,0.2901651107442969,1.5445285100993178
J. Wildsmith,GK,-4.423312239469308,0.6764699280737246
R. Burke,LCB,0.323362223889807,1.4432728309023566
N. Larsen,GK,-4.3488046283795745,0.17680574848785205
A. Al Ghamdi,RM,0.44796108140522894,-1.5509801403578336
Manu García,GK,-5.152255711766541,0.6053837610612961
J. Keita,LW,0.1191202066398409,-2.8698246426689824
D. Adorni,LCB,-0.3816817449373932,1.537292121600263
C. Gutiérrez,LB,1.2901029570704503,0.8715256182745644
Ha Chang Rae,RCB,-0.23575231893659382,2.105996647293565
S. Kiyine,CM,1.0286470431011983,-0.092896221311262
E. Eze,ST,-0.5002877507784992,-2.106653955617295
M. Ødegaard,RCB,-0.18817305379356725,2.280897844536745
V. Rankovi?,RB,0.9977235973362286,0.1617564099176586
Pedro Chirivella,CM,1.3369919337149851,0.7708310880950298
A. Al Obaid,LB,1.3625363895357931,0.4007872230657659
B. Gimber,LCB,0.22951624892921588,1.7656700109224894
Theo Ryuki,CAM,-0.8011543414161435,-1.6940708431495302
Miranda,LB,0.7251140545907915,0.6530335872608206
B. Inman,LM,0.9238042271037546,-1.1799836834928872
Aridai,RM,-0.059782789321524615,-2.218702394304772
C. Lenz,LB,1.0764166402122577,0.762102120195421
Sun Jie,LCB,0.12871368669349117,1.9797989614357547
B. Rovira,RDM,1.3401233771112562,0.8745817294820252
R. Pirrello,CB,0.07426788970753133,1.603568147091321
G. Vlijter,LW,0.7152200047863283,-1.6868380683915796
Álex Díez,RB,0.7513420025560243,0.1558677137113391
N. Dumitru,LM,0.8166753644406259,-1.5918852772446308
K. Al Ghamdi,RB,0.8543705146383466,0.6923274398548158
M. Boyle,RM,0.47678147260378195,-2.3186702078829606
D. Saddiki,CDM,1.1956923468722556,0.5990106425599635
S. Franklin,RB,1.2001080046123738,0.5976407059635448
S. Ingelsson,CM,0.7196236652684435,0.10013154109959539
Josimar Feijoo,CDM,0.7286877063397619,1.5898373565822985
S. Diaz,CDM,0.7089833158672095,1.4694111845997664
Manu Vallejo,LM,0.029407657116982674,-2.087397629090755
Lee Sang Ho,CM,2.0317992848694293,-0.6630260440024114
F. Kurto,GK,-4.049132075411894,-0.08920775388249132
A. Witry,RB,0.8953949259290749,0.9379816916618169
L. Varney,LS,-0.31011233343503836,-0.700562269550913
Valverde,RM,0.046196837405790926,-2.6908895805811754
H. Taniguchi,CB,0.6802469284924185,0.63270516787866
J. Blåbjerg,CB,0.9456618801692058,1.0659797340878117
J. Emmanuel,RB,1.377897715876129,1.1406339400548104
N. Gauna,LM,0.45528724414619265,-1.7374493920510705
P. Ková?,GK,-5.25875766421403,0.025158456010865003
F. Holst,RB,1.3194804425601443,0.1019111173945652
B. Barker,LM,0.45829977601295213,-2.1434235690571635
L. Trotter,LCM,1.2422595584410434,0.8865663856619781
F. Narsingh,RM,0.16166290448772336,-1.9677327828436768
D. Gustavsson,LM,1.100817833107852,-1.6619896503419191
C. Dajome,LS,0.5545497416362994,-2.4877426209458595
M. Trapp,LCB,0.08717911642152905,2.068035287944903
A. Mintzel,LB,1.118077630056666,1.0743165622692905
M. Piossek,RM,1.3422354461118255,-0.3738802228165661
Borja Granero,CDM,0.9062004689915437,1.0783541123334148
Son Jeong Hyeon,GK,-4.332742428059956,0.47462832994943877
Kim Sung Ju,LM,1.043891592860108,0.5895386944947064
C. Dieng,RW,0.4626037661274937,-1.6778795773256425
L. Sinisterra,RW,0.4265380547088187,-2.8076190900594846
M. Cabit,LB,1.0214175902892213,0.7230732763412584
O. Wijndal,LB,1.0223856934286741,-0.11407424713267475
N. Vujadinovi?,LCB,-0.5729455067637307,2.3748673216736766
M. Dela?,GK,-5.364577756834743,0.19912010128597293
D. Herner,RCB,-1.9675715617879739,2.7373473775013335
M. Hilßner,RM,0.45769383907078576,-1.127876651983424
Beto da Silva,LW,-0.47574553934506203,-2.8608873806706097
Bastos,RB,1.0597450885558557,0.5674262044427483
D. Jastrzembski,LW,0.5126708332957784,-2.1598177475935314
F. Farnolle,GK,-4.417138322467689,1.0291205582105796
M. Lorenz,LM,0.8766607542760028,-0.2159792821196507
K. Kallaste,LB,1.3183612359685961,0.9019151134266001
N. Opoku,CB,-0.1359954494998552,1.498331576118133
S. A?çay,CDM,0.6263256204382384,0.8903157062070494
M. Wassey,CM,1.0625409129277172,0.3262773432652493
P. Micin,RW,0.11080917899388971,-1.6008526453909002
M. Crépeau,GK,-4.584729422654448,0.3382447268449191
J. Helmer,LW,0.6392977263126954,-1.4838818948023522
C. Doudin,CAM,0.3823597075993618,-1.0515405184281283
M. Mak,RM,0.33273406889594503,-1.4410311620777503
S. Sharahili,CDM,1.6672464954464763,1.0657725534783002
N. Datkovi?,LCB,-0.6443402691071994,2.8901800875712937
E. Lancini,CB,-0.31075950538845604,2.0383537559501232
Jailson Acuna,GK,-6.500178673506177,0.12145794585205048
P. Pawlett,RM,0.8284557565692604,-1.6365804831264468
J. Hardeveld,CB,0.3533075397015517,1.222652909091348
J. Kliment,ST,0.26872113735545006,-1.5279515238853798
R. Goreux,RB,0.6042888498827937,0.8063271972237761
C. Vargas,LB,0.424310844886937,1.1329681073752271
A. Fuenmayor,RCB,-0.7427926353817621,1.8899889055232677
R. Åhman Persson,LDM,0.06334508409291666,2.0039991478215766
M. Slavov,ST,-0.3943229965748399,-0.8294370442530841
Lee Chan Dong,LCM,1.3690409920377795,1.4262221819046002
D. Szyma?ski,RCM,1.379496550697342,0.47754850895741385
S. Stolze,RAM,0.1926238167086052,-2.5976249740807087
B. Tekpetey,RM,0.09774104893226848,-1.918427876112686
F. El Mellali,RW,-0.19340120988595788,-2.9633019829018146
M. Doughty,CM,1.383752887192488,0.27161218353525474
M. Szczepaniak,ST,-0.1596229085171136,-1.8157715607051437
A. Martínez,LM,0.9201339613974265,-0.8377199949229948
T. Teniste,RB,1.1801506264706472,0.401623025358663
G. Korte,LM,0.6162555428221078,-1.9027139176155359
B. Alnwick,GK,-5.1899788355060075,0.17135662366339066
D. Acosta,LB,1.4899387115281901,0.7524222104803959
B. Manu,LM,1.0813643171711944,-1.937610932034344
Jin Seong Wook,ST,0.16728041284647335,-1.796434639848255
S. Akasaki,ST,-0.0030898169258765677,-1.4224977000695571
S. N'Guessan,LDM,1.240223960002699,0.022157310835957934
A. Angoula,CB,-1.6906103003046484,2.3385805921975713
K. Pedersen,LCB,-0.02273857667848642,1.9060656925295765
J. Brayford,RCB,0.7614935639397331,1.3933139939771297
S. Suciu,CM,1.4310292174804735,0.8747469782252174
M. Ricci,CM,0.8732456784121481,-0.45354026478949505
Morillas,LB,0.95722040751521,1.3153158873680078
K. Andersen,CAM,-0.05090003504860196,0.4511533768157194
F. Varela,CAM,0.939546163195157,-0.538523805668867
Júnior Negão,ST,0.11429610432616731,-1.2911648624043468
F. Casarini,CM,1.8551788680918784,-0.21274897218938954
J. Omolo,CDM,1.0581135995692879,1.2112146073111374
C. Chapman,LCM,0.7695928716054175,1.4439449635253523
Rúben Oliveira,CAM,0.10891721278165742,-1.0085847916005861
S. Lizana,CAM,0.7215957328674723,-1.186806534138756
K. Hidalgo,CB,0.4911511684268693,1.6213660214356422
J. Mackie,ST,1.2963385299003567,-0.14325688076317641
Han Seung Gyu,LM,0.8644828180053441,-1.263745895662556
Narcisso Mau,LB,0.21209319654733974,0.21686079790591073
L. Reis,RDM,1.57542647612957,0.20811121478948283
C. Gomes,CDM,1.1082649576760255,0.31178980237177817
L. Angulo,LCM,1.6149313402276255,0.5346311677965443
E. Domaschke,GK,-5.079140218962806,0.23498919826427303
M. Nizam,LB,0.6065616877304435,1.115542701672983
B. Halloran,RW,0.6635539750187328,-1.4602540622073936
P. Möschl,RW,0.38226023639876433,-1.7215843783322915
M. Milec,RB,1.050296601293424,0.09311580794131304
F. Bambock,CDM,1.1036026136671346,1.5788700680544365
S. Vasiliadis,CAM,1.404671517104568,-0.4950171141045903
Rui Silva,RB,0.6811016607893008,0.43607073305241134
T. van de Looi,CM,0.8028697910696039,0.7595639596507127
M. Orozco,RCB,0.4251565669384709,1.2641001841665773
M. N'Doye,LCM,0.642222979212768,0.9173860600286585
E. Sarraj,ST,0.21501712319250377,-1.881444359604329
Fabio,LCB,-0.7887232920431042,2.58604595925037
J. Graham,LM,-0.1041172174593155,-2.6388767118629235
E. Farias,CDM,0.7085732694739614,1.6826365780541779
Mica Pinto,LB,0.8778649662852913,0.8676976022524402
J. Tanaka,LM,0.6158659090752139,-0.828729940865966
B. Whiteman,CDM,1.5790199832644094,0.1729586066219696
Nazario Serpe,CDM,0.06947053562564486,2.1239983206005455
I. Arce,GK,-5.6285889098001,0.049647908076025295
R. Hollingshead,LB,1.2719025974685807,0.7602395730525279
Botelhinonsa,RB,0.9139022184543155,1.766455157090242
Lim Chan Wool,RW,1.4032792045773728,-0.2605425161268251
Joca,CAM,-0.2784314881326855,-1.8914245940187766
J. Sandoval,RB,1.5017844289914764,0.8389072893936566
B. Kneževi?,CDM,1.3327660227658318,0.2618678840837919
Y. Anchico,CM,1.5552822015617545,0.6569947936569694
F. Del Sole,RW,0.14735913641897758,-1.87404791826133
Dálcio,CAM,0.41764296687303404,-1.2894195860499873
F. Cosenza,CB,-0.8463082873593107,2.632038952875087
P. Daka,ST,0.37395193115025105,-2.1179890751279813
O. Ribera,RB,1.0451798395861742,0.5398040667329337
V. Andriuškevi?ius,LB,1.0999865178193629,1.5370244090388985
R. Clark,CDM,1.354041802845136,0.5889854488795
M. Angha,CB,0.9341948467121852,1.2587843093269147
J. Dasilva,LB,0.9122566900100884,0.3430543076881198
M. Bär,RS,0.5807205939718827,-1.216351765313747
J. Mora,LB,1.2822518005561243,0.3778951805154942
G. Rodríguez,RW,0.32014933598233936,-2.43621951864108
F. Diarra,ST,0.6936832709829204,-1.3427294288574523
K. Igboananike,ST,0.664472376726505,-2.3246405924636786
S. Horvath,RM,0.7261314880716776,-1.4553589300609246
J. Levi,RW,-0.03261827669226334,-2.440142032867901
D. Cole,ST,0.5742313173003816,-2.2262228010138605
M. Hallberg,RCM,1.2135414612657425,0.3148615960163644
Carlos Blanco,CB,-0.9849958989954087,2.2825421345676418
R. Guerra,CM,0.8272498409099228,0.47752775886673055
S. Scannell,RM,1.0519589427263956,-0.8687775329837026
J. Marquis,ST,1.1143020381129507,-0.30673610852193484
Park Gi Dong,ST,0.30831355125091126,-0.8731601269569468
N. Jackers,GK,-4.9920805771813095,-0.7060944096143188
M. Schröter,RM,1.2228520165265515,0.04837615027368924
L. Bro?,RB,1.371421967716938,0.5516069923317303
J. Dodoo,LS,0.8742438485550642,-1.236471521590816
C. Ronan,CM,1.011859800696246,-0.8635109630472897
Edenildo Lagoas,RB,0.3378078022622605,1.103484235446193
S. Freis,LM,0.6653766507968236,-0.9375686356192764
E. Diaw,LCB,-0.7485759007066561,2.336146241898394
E. Owusu,CDM,0.9454289065638012,0.756018572669601
L. Vácha,CDM,0.49441192815384694,0.8591778657254768
L. Hutten,CAM,1.3999744274189734,-0.39004461368128324
M. Dittgen,LM,0.40385919526200703,-1.635356286994922
Park Han Bin,CM,0.08117402061606606,1.9080774951912767
R. Matsuda,RB,1.2077526542390788,1.2561944133990557
D. Frick,LDM,0.7902367456024545,0.8349187694403443
Chuca,CM,0.8911684625883127,-0.2561998032277389
A. Lamas,CB,-1.6172331671546387,2.0442559802498463
A. Grant,LCB,-0.7743528179618168,2.9092675009171987
Hwang Seok Ho,RCB,-0.4073164598959153,2.4624410404148382
G. Berthier,LM,0.44389813193026956,-1.5789956849266233
F. Depaoli,RM,0.0022848128006643605,-1.2834588984521453
E. Godoy,CB,-0.06192227827357268,1.9667067740730773
N. Dorsch,RDM,1.1461611812393127,0.4015667080122953
M. Massop,LWB,0.5042733448570219,1.532522037424051
D. Blacha,LDM,1.265922562183874,-0.02631250874996819
A. Angulo,LB,1.1708582004491748,-0.14088695396135245
R. Niemeijer,CAM,1.0583970470092356,-0.8272236739949834
M. Melluso,LB,0.6571634424545137,0.5145837182283798
Kim Ho Nam,RM,1.134018806973999,-0.4979664583398676
L. Cabrera,CDM,0.9403012416445338,1.0007581420469354
P. Dziczek,RDM,1.2656694926177585,0.7739573748945954
L. Badiashile,GK,-3.612708172093259,0.26220429999587436
H. Shipp,LM,0.30658280154594947,-0.7798367938827246
O. Cissokho,LM,0.7137787975368624,-1.0293672155479519
Ricardinho,ST,1.3049997456611386,-0.4695237533866342
P. Tomasik,LB,1.0437611329857452,1.0433289036887263
T. Leugers,LDM,1.0738054978750908,0.8316027262969616
T. Wada,RB,0.6472688338675523,0.6337323131214223
A. Beghetto,LM,1.0308359260242814,0.0743200457705083
M. Inoha,RCM,0.10007219740281162,1.565192462791601
D. Cappelletti,CB,0.6932573879653906,1.3626495491814987
D. Murillo,RB,1.3122463121374925,0.6886795757825689
D. Blanco,LCM,0.618244147986939,-1.4728432800525062
G. Kobel,GK,-5.871493773403871,0.6730006713793548
J. Bøge,RB,0.8646818834927485,1.1281119760188276
B. Valette,GK,-4.321300183621628,0.14982097962918925
S. Davies,ST,-0.0340827683308848,0.18021003118489745
F. Proia,LCM,1.5294254269284333,0.6006912845435854
O. Kiteishvili,LF,0.9055276184360159,-1.8923908164527308
C. Forrester,CDM,1.9392027782996768,0.08790968728102125
D. Balanta,LCB,0.47195671036004344,1.9831957358965124
L. Montipó,GK,-4.778450323427134,-0.3708360108400143
J. Tverskov,CB,0.6524434366331577,1.2230490478939045
D. Barinov,CDM,0.559084072906376,0.8090555788282107
M. Hughes,LCB,-0.4030254688913858,2.5555655171490814
S. Brandstetter,ST,0.41540786673725866,-1.420280853594901
R. Seuntjens,RCM,0.48718422210654744,0.5983439618726274
D. Samuel,ST,0.5086002225800552,-1.5754393516502778
E. Palmer-Brown,LCB,-0.265951842743251,1.3322683454411497
Y. González,CAM,1.4569472282559017,-0.22896079972567518
D. van Bruggen,CB,0.47602602124625215,1.1896968676985968
G. Pacheco,RB,0.7330041064357289,0.9604303058316698
P. Ochs,LM,0.9003496635363917,-0.6148633839741168
Miguelón,RB,0.4019602082360562,1.0451448456605013
J. Horn,CB,-0.48686537461361334,2.2617059234003274
E. Boldewijn,RM,0.4721012976898581,-2.1578025171128594
Stéfano Pinho,ST,1.1522914992330686,-0.5029043010832125
P. Bochniewicz,LCB,-0.7442995343447092,2.3789087335686374
E. Caicedo,CB,-1.4015815887323226,2.6166876107538855
P. Sisniega,GK,-3.940335242922802,0.08226757594302536
F. Wadja,CDM,1.1534488047466487,1.537810886603726
A. Al Faraj,LB,1.4336053298283153,0.4803523761246013
S. Al Muwallad,RB,1.3873211895673485,0.5766671187145068
Yang Cheng,GK,-4.984493236312892,0.8726939146053426
N. Douchez,GK,-4.736285116115248,0.2143099087595035
U. Jenssen,LCB,1.1671256628690245,0.9276483809967149
C. Dawson,GK,-3.816024919217932,0.06848095117415286
F. Gino,RCM,0.9698789108995152,1.070744646708217
Alberto Soro,CAM,0.47531653709402977,-1.1054230626730783
C. Carrillo,RCM,1.1008385453316334,0.45272545902749234
D. Palacios,LB,0.7113117749326937,0.7255166964289875
A. Baclet,ST,0.7422849225743678,-0.7110593312276374
E. Jääger,CB,-0.324211035045523,1.1689193916575062
M. Hofmann,CB,0.33033012046130666,1.281703891268887
J. Jach,CB,0.4234734146546327,1.6332709683944076
G. Docherty,LCM,1.662080274109484,0.3572747862951672
L. Escorcia,RCB,-0.801716307900626,1.983675241613826
R. Rebolledo,RB,0.7873430897744741,1.046202996759343
Toni Martínez,ST,-0.44363969434773665,-2.2714435735447838
Ander Guevara,CM,0.517759619173546,-0.24179682295441784
D. Drescher,LCB,-1.7623568772146878,2.8328835789719635
J. Gammelby,RB,1.8397265896385213,0.5137938944536364
J. Watts,CB,0.5536084777138982,1.2095816288400774
R. O'Donovan,ST,-0.10166318392065213,-2.08556138669966
J. Rodríguez,LDM,0.7327791703570621,0.9778727461156835
D. Bi?ík,GK,-5.625459420230961,0.10561386012357939
N. Vergos,ST,-0.2844763338324971,-1.4660622872093165
J. Narváez,RB,0.1811402682438633,0.5464423786949476
R. Nyambe,RB,1.3667895400926595,1.2265829332633005
E. Reséndez,GK,-5.054679867223888,0.29059046626591056
D. Widgren,LB,0.9683466113701937,0.7161602941867187
A. Cocco,ST,-0.10306300899486442,-0.9861184727086619
O. Kefkir,LM,0.09524675983274504,-2.332610252405107
J. Tutuarima,LWB,0.9359149217933448,0.35747967301006006
Bruno Leite,CM,1.4702369855869961,0.5801920317388612
J. Meekings,CB,0.4087743931919963,1.4974882563254344
G. Lloris,CB,-0.1324352826858869,2.0146463588826165
M. Konczkowski,RB,1.104964239388068,0.33132905068593443
A. Jovanovi?,LCB,-0.5013603138876657,2.668773165902702
C. Depres,ST,-0.6849247726432242,-1.2012593003162395
B. Cufré,LB,1.57214190153089,0.4621582490115657
J. Asoro,ST,0.16892786192891962,-2.7197332581544313
R. Boguski,RM,0.12655571712881303,-1.3429235361142728
A. Jacobsen,ST,0.5869298015331325,-1.8663552271617616
S. Miangue,LB,0.4680313536355609,1.2448853626876812
A. Bernal,LDM,1.1083973435124201,1.6519666006175966
E. Capradossi,CB,-1.2342867397003556,2.0761059151253547
F. Perucchini,GK,-4.437254693103258,0.5673595334763675
T. Agyepong,LM,0.5067887400780813,-1.934459797565622
G. Kharaishvili,LW,0.2198667194842467,-1.7619526765071192
Iñigo Vicente,CAM,0.4321562782584711,-1.8913257553812557
J. Baldwin,LCB,0.8268671202164457,1.4173183028292458
R. Dekker,CM,1.3172064793652796,0.61678345612268
Cristo González,ST,0.436095781818498,-1.966625173619227
Diogo Costa,GK,-5.129782563789306,0.2504934611369161
G. Koyalipou,RM,0.6913383477289254,-1.6280890704224762
Alan Sousa,RS,0.8528040734991847,-2.521834616766603
R. Ramírez,CB,-0.7492258093500777,1.9712850232994523
S. Fischer,LCB,-0.09042603165573622,2.2423746369789206
L. Kelly,CDM,1.6502747334008876,0.7529230863177507
C. Dorda,LB,0.5655464316498693,1.5896805127077394
N. Næss,CB,1.0185270516250537,1.290310816576434
D. Asprilla,RM,0.6669319456541756,-1.2843305131186504
K. Endo,LW,0.9792938442049808,-0.20090178654752128
B. Sævarsson,RB,0.9402061987040189,0.9685274903537467
A. Acosta,LB,0.7710359458985918,0.8564656092691596
S. Carruthers,CAM,0.9300992448398979,-0.9682863132529842
P. Mpanzu,RCM,1.9690323267365317,0.9042210123882565
G. Milan,CB,-1.2107131832980076,3.5142868568741172
K. Chiba,CB,-0.48420706231248173,1.778635857997779
M. Boadu,ST,0.10781534337186045,-2.1796499926941624
C. Doyle,GK,-5.023276798468755,0.04719849039655969
Fran Rodríguez,RB,0.6343081105719893,-0.2645226106427981
S. Jakubiak,CDM,1.1852400904788745,0.561386916120585
M. Buchalik,GK,-4.564542107136,0.6605994960652207
N. Proschwitz,ST,-0.4439154742331704,-0.7174285028769521
F. Banguero,LB,1.0344909434162683,1.2452948240471795
M. El-Shenawy,GK,-3.9826456707639353,0.3621622687368673
H. Iikura,GK,-5.363123851917026,0.5351174244089748
K. Gehring,LCB,-0.2887262473324253,2.2089862590777116
P. McGowan,CAM,1.3513422183671313,-1.1534785619679473
J. Pierazzi,CDM,0.5874360609798376,1.6037039475019594
Wang Yongpo,CAM,1.0765149974799622,-0.2641071907640367
M. Sánchez,CDM,1.1933008301377823,0.5671190609169627
S. Gannon,RB,1.4657120493480569,0.6118411521578625
C. Capone,LW,0.26230202680483555,-2.7440112536672236
C. Taylor,LM,0.5683555838192882,-1.0015290594962545
R. Lange,LM,1.1704076217077746,0.6163194183744339
A. Keita,ST,-0.04242886555886969,-2.055491034345824
B. Gueye,LS,-1.5518471531990314,-1.6599865463378165
K. Wagner,LB,0.587329504991364,1.2654268406834992
Xisco Campos,RCB,0.08512780534432564,1.7773372597716934
C. Robertson,LCB,0.5951499384522583,1.5232297870118985
C. Conway,LM,0.4875171740035827,-0.4895385510841285
Jajá,CM,0.8266949604172207,-0.25489841686081277
A. Vanins,GK,-4.788342303512152,0.33802230932097377
O. Mendoza,RB,0.5940583105632882,1.4806967414686665
A. Faltsetas,RCM,1.1471571456694596,1.5732860574083758
J. Elsey,RCB,-0.1486871624702838,2.32605591070453
A. Plizzari,GK,-4.806673110847997,-0.008291335292833197
D. Martin,GK,-4.487963754273599,0.29498622993236884
Gu Cao,CB,0.9520671088618201,1.0124412610067683
L. Strizzolo,ST,-0.18427567525828656,-1.3654873343952945
Juan Rodríguez,CB,-0.3065265136991382,2.4193682081074086
S. Moyano,GK,-4.259688962357064,0.19283739500980907
A. Schetino,CDM,0.7110710117503519,1.1080608104102454
A. Caci,CDM,0.9533018437185417,0.36960274125316983
V. Janjetovi?,GK,-4.5756964098312904,-0.13926766958934014
N. Haas,CM,1.3312422082848623,-0.3170480666321062
T. Valls,CM,1.4673177004174054,0.48227208777373604
P. Herrmann,RB,0.3234933906632438,1.8086076365400945
C. Ramsebner,RCB,-1.170422759024135,2.733386726005307
L. Martinelli,LCB,-1.4182825341727612,2.6013763773283065
Freire,LCB,-0.6024943853239819,2.1805416478828317
T. ?erný,GK,-4.296756521642423,0.4384385412057318
N. Spalek,RW,0.18368335780755954,-2.692673610746747
N. Madonna,RWB,1.0415770018481407,0.5685622045883713
M. Kobras,GK,-4.5357527176565045,0.5096809256976004
N. Bärkroth,RW,0.26521636628302586,-1.9067222644058301
M. Busellato,CM,1.7698523931093861,0.7908875103319061
M. Stein,RCB,0.5600625072552814,1.4841665720927697
N. Bertrams,GK,-4.17198562611142,0.08137543648291412
A. Doukha,GK,-4.2189183414758,0.2921349920647088
E. Quiñones,LM,0.3495159012147245,-1.5919492210154589
A. Sørensen,RCB,-0.07553067252180941,1.7542438145089223
Wang Zhuo,GK,-5.714609337912285,0.6936462327171901
B. Easton,LB,0.6906512217761467,1.7248890933526633
A. Boyle,CB,0.1270761073204447,2.165433205543283
V. Kravets,LB,0.3578079478061392,1.6098482250291613
N. Law,LM,1.4041960960713127,-0.20197242020592257
Basilio,GK,-4.695633624478637,0.17851375453202328
K. Pearce,CB,0.31693293771324493,1.7535467145890862
M. Edwards,RM,0.028773728259989483,-2.6060650300484953
P. Bro?ek,ST,-0.9208294386029876,-0.5729293938294413
L. Ravanelli,RCB,-0.2263642597975461,1.1840187366207382
A. Taylor,RCB,0.006772689538779878,1.9244915082296918
M. Nalepa,RCB,0.4992471640850659,1.7055611994205708
Lee Myung Jae,LB,0.9117206201737649,0.44096616548080764
Tang Xin,LB,0.46813107206913035,1.653892520776099
A. Arregui,RCM,1.538343440729386,0.8495989321489872
H. El Sayed,LB,1.2158558319779642,0.21866863179721202
D. Horst,CB,-0.9937646823979116,2.7724332136618943
Álex Barrera,CM,0.7565873710234441,0.9298747062161971
Ricardo Vaz,LM,-0.26101103684336363,-2.8572614199532835
L. Röser,ST,0.7536000351556861,-1.4864485265567995
C. Feraud,CDM,1.0659861509013053,0.4281770236546746
R. Eckardt,RDM,0.7255333712853164,-0.733639029971312
K. Heerings,CB,-0.3389237995537972,2.230501902288014
Lorenzao Masca,ST,0.8529564299232475,-1.6032742481061695
M. Ojeda,LM,0.5787667432234828,-1.9174483123428911
M. Ndockyt,CAM,0.49003904743508897,-1.2184598647131095
P. Funk,LCM,1.241343539492678,0.7894914331276935
M. Fallatah,ST,0.007319041212102428,-1.7564678993280114
Euller,LB,1.5369808342436133,0.17775813258544038
Liao Lisheng,CDM,1.3225580211402053,-0.05413914611844459
S. Findlay,LCB,0.08646658434674401,1.651536191261039
H. Sönmez,ST,1.0014213796120472,-1.2612791736989808
W. Norris,GK,-4.412312005855272,0.1133988889217412
M. Spano Rahou,LCB,0.026350204028321857,1.82604669402818
L. Zarandia,RM,0.5572894307114596,-1.6354035781937308
Fábinho,LB,1.318037534681629,0.49857409147549636
Zé Manuel,LW,0.13489077581687894,-2.3545680282433152
B. Innocent,CDM,1.232059838121657,1.3019994704755902
L. Page,LB,0.6590402780699163,0.35045122007791235
B. Van Durmen,CDM,0.8201210494605319,1.155984699261517
Jano,RCM,0.7147609118071959,1.2092179264371306
E. Larsson,RWB,1.5026780231433468,0.2526364075419424
M. Ehmer,RCB,1.0201084214297096,1.0884098252717909
V. Solomon-Otabor,LM,0.7595493469842559,-1.4212769851808744
V. Janji?i?,CDM,0.8545898536271876,1.2286217385371778
R. Blanco,CAM,-0.12004194382673729,-2.0996290827985677
N. Toko,RDM,2.2992334791781075,0.3101217842896193
J. Rafferty,RB,0.7125201848637098,1.0085923212254908
Higinio,ST,-0.0633250777467736,-1.4131399730761869
Danilo Sacrio,ST,-0.08353894417795102,-2.0972177215573
T. Szántó,CAM,1.7265730705251372,0.17447815151524687
N. Ravaglia,GK,-5.363883583336257,-0.24190507699788322
H. Alpsoy,CDM,0.844145543170979,1.2498375093176144
M. Migliorini,CB,-1.8441348877212782,3.008047174526747
Emílio Trevões,ST,0.2702809696466471,-2.8318453705827524
L. Bergsma,CB,0.21268500002548618,1.4528312399621617
A. Marciniak,LB,1.32822050776018,1.0411814564940103
S. Kotysch,CB,-0.7733973425911628,2.2109342607522264
N. Peñailillo,LB,1.738435081249608,0.5924898571542098
Fu Huan,RB,0.9111286229258089,0.6803517218652191
B. Emir,LB,0.6938279033600805,0.9038935464639424
Flávio Triginho,ST,0.12595312534604633,-2.1793273252727725
D. Haas,GK,-4.722603831691712,0.6512776483062327
Magno Novaes,GK,-4.923759200235747,0.3930621685934384
S. Ferguson,LM,1.3142028005448871,0.09694252649163783
S. Sinovic,LB,0.8886175342806529,1.0529962208032313
B. Enobakhare,RW,0.4289004087038391,-1.6239503878604327
T. McMahon,RB,0.8828410394484305,1.0401087447979906
E. Ba,RDM,1.3215805158130194,0.8717020334486404
C. Ayala,LDM,1.1379507417462826,0.7916201386357712
Manuel Sánchez,CDM,0.6883682402985088,1.8491762132853118
O. Bulut,LCM,1.7254383997686435,-0.1539422868501909
R. Godínez,CB,0.28642353376875196,1.3300071094961907
S. Anderson,CB,-1.1030081829350924,2.620224363364808
A. Marchesano,CM,0.5848301410267899,-1.826570186539047
E. Ndoj,RCM,1.4398406706613354,0.48005077826935394
D. Rose,CM,1.4247873797248631,0.49304594509918864
J. Oumari,LCB,0.20011532957679756,1.6899454974993013
R. Festersen,ST,1.2311764127034388,-1.0287867369714219
J. Blayac,ST,-0.12773274258758277,-0.8922400916584456
M. Ljuji?,CAM,0.9572490425920386,0.03429976564483803
R. Vodišek,GK,-5.5624213031865954,-0.03985000968396307
M. Mari?,RCB,-0.525931621774991,2.262274923893185
L. Frecklington,LCM,1.0534064646619326,0.3378153657465856
M. Awad,GK,-4.883809343596374,-0.5262654082768605
Dong Xuesheng,ST,0.04899406235350092,-0.30640437899924544
J. Düker,CF,0.2497301682554549,-1.3830562415928576
A. Dreyer,RM,0.5498670075074068,-1.7191273479313245
P. Estupiñán,LB,0.27582674292318876,1.0079289330502288
D. Mast,LM,0.6564220850444057,-1.7004561384563388
Andoni López,LB,0.3952532383158568,0.8572998524079714
F. Canales,GK,-4.2140511358857875,-0.31084228636992034
S. Scappini,RS,-0.3851239699578987,-1.6340387001447505
S. Nutz,CAM,0.8589460098077135,0.10075179635486284
J. Byrne,CM,1.1434246001928594,-0.258909336231285
Dilson Calegari,CAM,0.29515884122383185,-0.6563710216304827
Cris,RDM,0.5321068871953074,0.8299892868190586
K. Pannewitz,LDM,-0.03941201353557211,1.0464472194171712
B. Kopacz,RB,-0.6248511938289544,2.3098118277316586
H. Patronen,CB,-1.3533845839031837,1.9878072833490792
A. Capello,LS,0.5338179397395659,-1.7804431300115169
He Guan,RCB,-0.5375753583731642,2.170946458158522
V. Skjerve,CB,1.1158991298258512,0.9693064365417394
S. Williams,RB,1.2518718356012435,0.31037597345856793
A. Hughes,LB,0.6548381712765035,1.5463996713027408
M. Jansen,CDM,0.9046333509809831,0.7755589022533934
R. Yates,CM,2.053757106046924,0.9770541183813622
D. Zeefuik,RB,1.078081010787121,1.0632973321912083
F. Della Rocca,CM,1.1960311092396192,0.21140452029615908
Z. Alomerovi?,GK,-4.995065031390602,0.28650856133040886
M. Gouaida,LM,0.2608061493291376,-1.5980013160865305
S. Adekugbe,LB,1.7515818555525005,0.44970971171065854
N. Molina,RB,0.9459782987409693,1.3212046029332738
M. Maâzou,RM,0.5919434063652025,-1.630907078566766
M. Lieder,ST,-0.1473317081009751,-1.6319525493721494
W. Kaptoum,CM,0.828825976219331,0.10785416247465658
M. Finotto,LS,0.2744980169962691,-2.0344266143199254
P. Becker,RM,0.07752370744707275,-1.226695106624763
D. Rangelov,LS,0.009171913268126159,-0.5365793877847759
M. Oxley,GK,-4.825709875931934,0.6340204599696267
B. Coker,LB,1.0548266713742438,0.6889111524483307
Sim Sang Min,LB,1.3496138264558504,0.6653440837398803
H. Zuck,LM,-0.2832663416409574,-1.6837709807121661
H. Zapata,RM,0.8870655347362253,-1.0701797957776358
C. Lines,CM,0.5673074640789845,-0.17612728546050632
M. Sollbauer,RCB,-0.16644062591725972,2.1702742785187357
R. Jansson,LCB,0.18986170651604498,1.7699297522515138
A. Guido,CM,1.0869542689268212,-0.13265012771707052
I. González,RB,1.278166765391359,0.9174629150107259
H. Al Hazaa,ST,-0.06484812779148466,-2.2951567062296556
F. Castillón,RM,0.15857106927833464,-1.9663866300969035
W. Harding,RB,1.146971997833025,1.3587501741589156
G. Tansey,CDM,1.4514749134092548,0.776915544715161
H. Ojamaa,LF,0.8442560224360337,-2.071654443129554
M. Ríos,RM,0.6115840310770425,-1.1128242880336994
M. Tévez,RW,0.47753455575009024,-2.204942195269528
E. Sosa,CAM,0.22218019704854075,-1.6308120277440874
T. Lapslie,LDM,1.2732926751585507,0.8307232595122005
M. Sauer,RB,1.1028575095514412,0.20664704509744802
R. Descamps,GK,-5.981972979092628,0.25688207936736124
J. Álvarez,LM,0.5754853414150821,-1.5728869598698365
A. Ludwig,LCB,0.745259446329503,1.3387978632550248
C. Dunne,LCB,0.9387034034743413,1.225287716840185
L. Rodríguez,LB,1.1105894912573184,0.06693447805872266
J. Gómez,CB,-0.09864319377423757,2.1735342948145466
J. Aribo,LCM,1.385784198522716,-0.3869618721696703
Gabriel,CB,-0.45166812900762005,2.1465568433680535
C. Machado,CDM,0.689938559542714,0.6765994354434963
L. Kruse,GK,-5.336295292401953,0.4045138163274664
S. McConville,LM,0.7719052249224561,-1.2778041226077999
D. Drocco,CM,1.246431972000667,0.25409949944251475
A. Sušac,RCB,-0.35027719281443265,1.826078040204255
M. Perlak,CAM,0.46719355173574684,-1.0559287713766734
B. Clarke,ST,0.16931142235650798,-1.3286674801696725
Eduardo,CB,0.6775096124681453,1.9996429468191645
K. Dawson,RM,1.584627983308351,-0.1846896092563516
H. McGahey,RCB,0.6313753026820722,1.5246486879418388
Gu Chao,GK,-4.303683214248616,0.35551050449301286
R. Caballero,ST,-1.1594621453925733,-1.4986584658483082
Ever Rodeiro,CAM,0.9248964925768444,0.6682261929410939
X. Arreaga,CB,-0.8556803148069394,2.0793147916243577
C. Cercado,CB,-0.5142174086382104,1.9060829096773253
H. Al Raheb,ST,0.1796291134274451,-1.5213415161207093
C. Schuler,CB,-0.9317480539938618,2.1908892911285855
S. Mantom,RDM,1.0230987708424302,0.3923008698023943
O. Bouy,LCB,0.7306042713590483,0.8629200613741868
J. Dongou Tsafack,ST,0.2544828839806021,-2.0504147519649716
P. Mainka,RCB,-0.21528995200885762,1.9107810806709165
A. Kantari,LCB,-0.47408500282678084,1.8997807884147635
T. Mavromatis,LCB,-0.530087898741781,1.9102366433266624
Li Lei,LB,0.5964008050443919,1.2201010170116557
Raphael Doninho,CAM,0.5890205997520471,-0.6166258346175179
K. Bülow,LDM,-0.34362235163413135,2.3289333726839696
R. Magyar,LCB,-0.3408728162520838,1.8095235651932025
F. Brillant,RCB,-0.6514476305132377,2.5060331507630527
K. Tamada,RF,0.11081138887818673,-1.3231305580300092
M. Ballmert,RB,1.0195755041659955,0.7795094197551812
M. Laínez,RM,1.3825568018585588,-0.5075478364789788
K. Mayi,ST,0.2513489257118538,-2.236345403827521
N. Manfredini,GK,-4.715547003247429,0.7606578007399788
K. Koizumi,RB,1.0102315439718799,0.8171168014609301
C. Aneke,ST,0.834998624570835,0.5803190714434386
Juan Cruz,LB,0.7550271666221188,0.9718427590691964
S. Olivarez,CB,-0.293659437992555,1.572360364099975
P. Gladon,ST,-0.6320435112724462,-0.9561269773362824
E. Aydo?an,CM,1.0838506531621284,0.011505189782737556
V. Pule,LW,0.4427698422712311,-2.3199935305476216
Daniel Fuzato,GK,-5.642529470078029,-0.013331100528483379
G. Valverde,RCB,0.6978545277333114,1.377778663683108
D. de Vries,GK,-4.669013875606555,0.7169695846008941
A. Lithgow,LCB,-0.32627794711490554,1.8181945513230886
L. Nicholls,GK,-4.964565026777812,-0.35683432887677874
R. Teibert,CDM,1.1303374245689013,0.2181002177576171
M. Figueroa,ST,-0.05921112318138842,-2.023772196646326
A. Nübel,GK,-4.135240875976047,0.18170603038647884
Z. Al Sahafi,CB,0.6119623355262204,1.4189951242717103
J. Schouten,RDM,1.0947206767573203,-0.08957062483950981
R. Rep,CAM,0.41907176737160046,-1.6893464395466995
M. Rubin,LB,1.0713510832072284,1.2710126175209364
L. Guldan,LCB,-0.5743505770850299,2.472948662177523
C. Telo,LB,1.2970589511514752,0.4131184503146004
M. Pearson,RCB,0.7760284996028496,1.2439941274617032
Ricardo Alves,CB,0.44323895931460927,1.1309188892790327
T. Paredes,CB,-1.0961959948306486,2.6479025244266454
Kauã Reisende,CAM,0.07074135954228533,-1.8137186615926517
L. Madrigal,ST,-0.2870196178053964,0.14207913948973197
Augusto César,CAM,1.3903599978830838,0.04666473016610121
D. Holm,RDM,1.2455044881648911,0.5842917204427921
Y. Akimoto,GK,-4.332839722645706,0.30446771666128275
J. Beckford,ST,-0.2903574105618471,-1.1682219895944734
N. Crovetto,LB,1.4019899743970972,0.04590359245915312
Y. Maruyama,CB,0.5569394385876868,1.6669023139675614
B. Jatta,LM,0.9212702714074168,-1.8086197495209109
G. Merebashvili,LM,0.6216734833477434,-1.2397571714474094
D. Vaughan,CDM,0.042360465240983095,0.7710192763108995
T. Mauricio,RM,-0.09630962941072106,-2.3594059623029118
K. Dougall,CDM,1.0749438038495527,1.0089278000995783
D. Arreola,LCB,1.5988424815857645,0.6207041880055841
J. Cousins,CM,1.4240449709160758,0.30235516082257174
J. Duma,RW,-0.2798311028815403,-2.4521606363110324
T. Spurr,LB,0.7799105113322781,1.034138472505267
J. Martínez,ST,0.37879610169973543,-2.263505174235189
C. Schoppenhauer,CB,-1.4313920968604614,2.322156213644985
L. Roberts,GK,-3.9850820175045456,-0.10084966005689816
M. Pellegrini,LM,0.5861155454686824,-1.3093675923122585
C. Schwegler,RB,0.78890746449168,1.3547451883875654
K. Petersen,CB,-1.1077259851859707,2.328352341734875
J. Vet,CDM,1.455422161264639,1.4008866743337849
H. Kawano,RM,0.91958744722113,0.07346649244698428
F. Stokkers,ST,0.05108559140530001,-1.8541681038649405
G. Gómez,GK,-6.064140488359081,0.9490055756287108
M. Lund,LCM,1.2451850414107082,0.8884745545287701
M. Jankowski,ST,1.2409249534592754,-0.6071191234918947
A. Maisonnial,GK,-3.8688440241106394,-0.17819488936640304
M. Lugo,RCM,0.47757668202319103,-0.6502506031698745
D. Niwa,CB,-0.7689004454744522,1.916680093545583
C. Riegler,GK,-5.538529024746576,0.5712739112950248
R. Lundqvist,CAM,0.22983008881810632,-1.5937921265369477
S. Muniru,CDM,0.40532537148956727,0.8742024071268849
Zhang Lu,GK,-4.934405771065738,0.12126597704782426
J. Reeves,CM,1.6803779155344367,-0.044397453810363925
E. Ward,LCB,-1.3572317525874293,2.328924223925703
J. Tamm,LCB,0.23856334784187944,1.5960635278641981
M. Heylen,RCB,-0.20305914431091882,2.0729139469714006
G. Gallon,GK,-4.634016257221746,0.26994584199283206
T. Adarabioyo,CB,0.016875367117582418,1.8731977572071972
L. Martin,LM,1.272854826854976,-0.35878477484745835
F. Ferrari,ST,-0.3145443737726006,-0.6575436629416426
Trujillo,CB,-0.4760283565252462,1.8882485100241162
Kim Yong Dae,GK,-4.503056812897494,0.34890502768921866
E. Babayan,LM,1.0275760047633558,-0.463569760189072
Diogo Santos,CDM,0.42828548126197674,1.986142115818485
T. Borevkovi?,RCB,-0.152716902690384,2.164764158661932
J. Jacobson,LB,1.488021306819569,0.5955310086750335
Benja,ST,-0.41889450525256405,-0.04866336806076802
D. Phillips,GK,-4.23675735084923,-0.12634206999390768
G. Aburjania,CDM,1.104785876923759,0.7688389834253212
J. Riley,RB,1.0832306348567875,0.4456239055775012
A. Mat?j?,RB,0.769764023804579,0.8287095241000784
Filipe Brigues,RB,1.353688628936817,0.7185853558044473
J. Zelený,LB,0.801206209910419,0.544597266049063
S. Svendsen,ST,0.8744517875594258,-1.7587000482411286
J. Moreno,CB,-0.6837585002586554,2.3171446882747655
R. Bushiri,CB,-0.7125049469544272,2.3629607105878567
H. Rivero,ST,-0.5663566604784762,-1.3315915334712047
M. Grella,LM,0.7897621139989766,-0.34123180574808326
I. Lanni,GK,-4.131214331966091,-0.6586037012041617
A. Sané,ST,-0.13617078165566615,-2.3098065138918145
F. Castillo,LB,0.689241513373652,0.7476054661055245
M. Galmarini,RM,0.9588895367802718,0.89598642585715
A. Monfray,RB,1.2509801560814355,1.5124697823932791
B. Castillo,GK,-4.919955072108109,0.06205897605859372
S. Diop,CAM,-0.374120944364094,-2.5095603238545356
Yin Hongbo,RM,0.9856308490670814,-0.1811151774762801
A. Hainault,LCB,-0.6524835518609714,1.7917506002172559
D. ?otra,LB,0.4820831055090457,1.9141943558893928
C. Washington,ST,0.7142584213370128,-1.1763750096704366
F. Nimani,ST,-0.4039753194870815,-1.240384316708706
M. Macey,GK,-4.719911543753312,0.06776196251206937
M. Doyle,LDM,0.7738536499830136,1.5370131746435316
D. Raum,LM,0.4542049235726213,-2.1091321806976726
V. Retamal,RB,0.884390110996982,0.9183452603488576
A. Cruz,LB,0.8650258207195443,1.0613393410332816
M. Bruscagin,CB,-0.09936899306883422,1.7985178932241148
C. Morris,ST,0.23543852067166976,-0.9079033204649009
A. Syhre,CB,-1.182138874387056,2.470921279664533
L. Paz,CDM,1.3793352468800706,0.5835826129920572
L. Dos Santos,LB,0.5999962325317042,0.09736317205723599
A. Akinfenwa,LS,-0.06454767489214538,0.07318427719014708
Jin Jingdao,RM,1.2420199211265868,-0.6646879177869149
F. Bonazzoli,RS,-0.08172384911031476,-1.739279559087127
B. Tetteh,LS,0.14328011510336092,-1.8533288011745366
J. Grot,LW,0.6066623142183728,-0.40764041966077924
G. Notsuda,RF,1.0612994073102535,-1.0989380879010753
D. Jones,CDM,1.3019229708580358,1.3220102002404683
N. Hansen,RM,0.740317731146794,-1.796789176190831
T. Beltran,RB,1.2303213202844263,0.3121893144870072
D. Peitz,CDM,-0.42611876404334875,3.1399895431253437
D. Starkl,LM,0.09529415392462562,-1.6258843873467224
D. Erdmann,CB,0.2000821064762611,2.3798223401746457
J. Vela,CAM,-0.2963793468714406,-2.466917531936372
A. Jakobsen,CM,1.2772131460028677,-0.9462538469566961
J. Segura,CB,-0.6468142453021415,2.4026607501187542
R. Miller,CB,0.8468875564016464,1.0855329110020795
U. Cardona,LM,0.7087723473252139,-1.9569858985912179
J. Karacan,CM,1.6330774177309955,0.41125082049238904
L. Saldaña,LB,0.5936235123254542,-0.2802970200074715
G. Roberts,LM,-0.25276783023700694,-1.1744780839324145
K. Bennett,LM,0.8498308773552613,-1.4418944736084294
C. Tanner,RM,0.4532943664598656,-1.7144997932671522
S. Ernst,LDM,0.9570476529370789,-0.6465346164723635
B. Akintola,RM,1.340205224234798,-1.0817540666674252
A. Taylor,LB,0.7413133240158641,1.1304627400113267
K. Yonekura,RB,0.04292301893493197,1.709585399694814
Rúben Vinagre,LWB,1.597571831442613,-0.8521177341952059
M. Drudi,RCB,0.5566057114694022,1.0281037886225504
K. Ilsø,RCM,0.0028299484702884797,-1.752351145256484
V. Moren,LCB,-1.116221159760434,2.7119864351641416
Lucas,CB,-0.36390674590335487,1.796070592712165
J. Norwood,RS,0.6167590050188226,-1.2865042544872278
P. Frick,CF,0.28151453983234076,-0.5643630887016268
I. Ssewankambo,RB,1.3974936943834841,0.5772936343782646
T. Skarke,RM,0.414013697579911,-2.2469278993347985
Luis Marleiro,ST,1.0865471224001444,-1.0739336900575878
M. Pulkrab,ST,0.07339909134568709,-1.026834139254334
L. Brown,LB,1.3959610093174675,0.9116353541561298
R. Gaddis,LB,0.9682618991706476,0.6785790932190116
Lee Yeong Jae,RCM,0.8512811215846824,-1.0161535135273425
F. Sakala,LAM,0.3419777259427593,-1.6728065925339224
Park Jun Tae,ST,0.586533060310724,-2.6101031736588665
N. Saint-Ruf,CB,0.4023728288109482,1.6624157735240483
A. Lienhart,RB,1.1831349382866267,1.0552369175870744
M. Sema,RW,0.615473960758508,-1.8744555499418458
M. Bennett,ST,0.47312802645226754,-0.6116248683800909
N. Hasler,RB,1.4411475286454696,0.3609424835925837
Q. Moll,LCM,0.9079883513892876,1.1239327863962432
M. Woods,LDM,1.5265611001057697,0.14604821072192514
D. Templeton,LM,0.890341399373692,-0.9158561006389617
Lim Sang Hyub,LW,0.718569609630682,-0.7097443158170449
M. Rivero,CDM,1.4189706056974531,0.2480249479272574
S. Yamamoto,LB,1.112746943531497,0.7683735520210216
J. Biada,RS,0.7843500867687877,-1.295703326149287
M. Torres,ST,0.12151247065477684,-1.624377047942041
R. Janicki,RCB,0.3683386676621879,2.041799300159326
D. Mahmudov,RM,-0.000744738526847181,-2.7300392144433046
Aitor,RB,0.8856205123924791,1.4578266733935117
A. Vukoti?,RCB,-0.2461957654944465,2.3518259893453575
M. Marshall,RM,0.8816335631236408,-1.7286551455410246
N. Mohammed,RW,0.05022577920849449,-3.364576336534788
J. Walsh,RCB,0.5650129494237097,1.1761633781587217
T. Bergmann,CDM,1.312124161344181,0.5985869825979424
Jony Ñíguez,CDM,0.73887120240108,1.1384115602625349
P. Carlgren,GK,-5.068227083528693,0.34318811637678237
J. Rossiter,CDM,0.8636170742251701,1.1031122300310978
S. Sy,GK,-4.1600183923323,0.2311139662146942
C. Gonzáles,CM,1.1042712607002851,-0.49080259837748613
R. Nagaki,RCM,0.863155178088536,1.0004386018115135
M. Al Shalhoub,CAM,-1.4344481761757901,-1.9442525714699996
A. Le Tallec,ST,-0.17927303124532065,-1.24560585119504
D. Vidoši?,LW,1.0003860578214891,-0.3443337902499599
C. Guerra,GK,-4.709560152616805,-0.5305029237984725
M. Koné,ST,0.40840892773040754,-2.6557932824839687
Isidoro,RB,0.5305937468868187,1.3760092857859614
O. Halvorsen,RM,1.2739375588663102,-0.17509203295690406
F. Ciampichetti,ST,-0.48637580125272256,-0.8372789898612336
Li Ang,LCB,0.7000696003621774,1.3532187889108513
P. Kurzweg,LB,1.5666911239478347,-0.019093004118690166
Cho Won Hee,LCM,1.0726475345195836,1.0543318816692457
J. Drolè,RM,0.7208845856878465,-2.163023921999615
C. Itten,ST,0.15350742318163635,-1.0741198226154118
R. Guitane,CAM,0.09559332056867169,-2.32526687490063
J. Ojala,CB,-0.5542955150649381,2.9695831369668744
J. Abarca,RB,0.5496413758198618,1.5527578096172239
M. González,CDM,0.9863371362547332,1.1948290950479454
E. Ómarsson,ST,0.8458591454664443,-1.587113097892573
T. Hasegawa,CAM,0.4241865029402417,-2.71752177430964
A. Diawusie,RM,0.6294914150229747,-2.4113767854580095
I. Khalili,RM,0.6053627867251314,-0.6582732682841675
J. ?ubrowski,LDM,0.7873946212497491,1.2991394515824228
M. Št?ch,GK,-4.813486838007636,0.26428689770410646
O. Benítez,CB,-1.3403533921376485,2.653872563718791
A. Buksa,ST,0.27660571308270987,-1.5772677443061358
K. Tokura,ST,-0.29264574126389814,-1.8231727469882493
C. Madu,CDM,0.9112696684759984,2.0458080150402713
T. van de Pavert,CB,-0.009044673608092609,2.1224226339784327
W. Keane,ST,0.486919744539379,-1.2360150803802468
S. Branca,CM,1.230858187616381,0.555210288750979
N. Antonitsch,LCB,-0.20789475081783657,2.550474997554229
T. Umesaki,LW,0.4749657114245033,-1.0683537425639082
A. Nakamura,RM,-0.002755195485088059,-1.7901247180629156
N. Thompson,RB,0.9966677058937935,1.5451671157990434
A. Kolev,ST,0.8520901828998786,-0.41494220546217636
G. Bijl,RCM,1.3340922912791273,0.9373255054381158
C. Gunter,RB,1.3311378189905667,0.6398610049214254
A. Marin,CB,-0.5585273151461944,2.2717554155209183
J. Gatt,ST,0.8344465441303903,-0.9103347099659649
D. Miloc,CM,1.2460942844954783,1.1787920749359226
M. Wostry,CB,-0.3933328024532394,1.9779163399140753
K. Moriya,CDM,1.7201555650011249,-0.04664913256423299
A. Sigurðarson,LW,0.35831269915480674,-2.0235919444895414
D. Lowe,CB,-0.29250373013786907,1.809217057311268
Milton Raphael,GK,-5.6971570359778845,0.1410399741766935
B. Blume,CAM,0.8381058460507355,-0.7503016655307013
Jordi Quintillà,CDM,0.9188116645175946,-0.06527746763875515
C. Doucouré,LDM,1.1785521724855181,0.7354129530898772
Andrés Prieto,GK,-4.005939366931637,0.3955910075534305
Isaac Carcelén,RM,1.4981534954863245,0.7513029614176349
Y. Nakano,LM,0.8288178087692561,-1.10197568773157
L. Schwechlen,LB,-0.30676205193913797,2.278072018347328
Jonatan Lucca,LCM,0.751928520682883,1.2003339980378225
L. Hufnagel,LDM,1.2094634723812754,-0.478222201969893
J. Rothwell,LM,1.231114439625901,-0.4232206581338522
J. Rodríguez,ST,0.8143461585403478,-2.1899353796447576
A. Claude Maurice,LW,0.4062917559287958,-2.3062141363759237
R. Taylor,ST,0.4900953163790388,-0.1686609825559815
M. Mešanovi?,ST,-0.32598521717518747,-2.00281452573564
G. Plet,ST,-0.3711225283661224,-1.1356156830561133
B. Dickenson,LM,1.552216596379203,-0.16740766574744137
T. Takagi,LM,0.22532481248022135,-2.0062962292236626
D. Thopola,RB,0.551755333591574,1.2494025622057976
J. Juelsgård,LCB,1.0213529728187836,1.2343011659743144
A. Traoré,LW,-0.12936024232186077,-2.596029445065315
G. Sandoval,LDM,0.7544629601219884,0.9500132182380971
S. Mpontshane,GK,-4.181222573237931,0.23307087607062807
C. McCann,LB,1.0869193603610865,1.125195431975223
O. Bozanic,CM,1.461319499273247,0.13935741760929496
L. Lezzerini,GK,-4.481799744771917,0.29580351418722856
M. Yaghoubi,LM,1.0111212039941007,0.7107957885667872
Joni Montiel,CAM,-0.3493989526495941,-1.8169325115915418
D. Gorter,CM,1.0398888302395763,0.646324472213121
T. Mears,RB,0.7944904149681592,0.9500792621086102
S. Diakité,CM,1.4029700355440502,1.0201253412812954
R. Mulumba,CDM,1.2727825497392482,0.679406357539992
M. Høibråten,LCB,0.23346842508366,1.82539540186544
M. Lackner,CDM,0.2227657056397517,2.3127706045544434
M. Domínguez,LM,0.44858346035733876,-1.6258410016543556
O. Käuper,CM,0.7471905594579786,0.43026997634761294
A. Al Salem,CAM,1.0827474391083232,-0.003017075679608596
R. Vanegas,LM,0.5163567307571584,-1.74710653694011
Pablo Larrea,CDM,1.1348869504116417,0.2817524022338306
L. Craig,LCM,1.5159397769369667,0.30837457754034914
D. Gomis,LM,0.12596585990151626,-1.66388159386941
N. Blackman,RM,0.6501400641911432,-1.215679171656291
F. Kaufmann,RM,1.7329356492494057,0.12034135631298595
J. Ginnelly,LM,1.12516602413728,-1.0881082427437843
L. Nmecha,ST,-0.2807532246304229,-2.1235602923884196
I. Alhassan,CDM,1.508934793116019,0.5317157282709088
L. Crecco,CM,1.2314572705464213,0.5727833577896778
D. Charles,CB,1.5312339386207983,0.6817580661478702
Cris Salvador,CM,0.9557049444516224,0.8174953993922851
R. Benson,LCM,1.6847766684871666,-0.14259733829547588
R. Riski,RW,1.0288478453116607,-1.165548593298363
K. Hafez,LB,0.7459054181144332,0.9171974732001136
C. Harriott,LM,-0.43881636627060244,-2.517024476202079
T. Belmonte,RCM,1.098785515804248,0.5597785555933686
B. Eleke,ST,0.6236910372574439,-0.375008859235222
O. Beckles,LB,0.5402195702567198,2.0881625629006244
Park Jin Po,RB,1.645622990940855,0.6092400945277102
T. Naylor,RCM,1.288279555359651,1.094011033026918
G. Kiltie,LM,0.8874791772663672,-0.5272763084324092
R. Shirasaki,LCM,1.0878664650272878,-0.0840586330168074
T. Charles,CB,0.6742611024763459,1.1702075742256093
A. Falatah,LB,1.3038316547381792,0.9001791712550345
I. Tarasovs,RDM,0.9410272097282196,1.2563389359134087
P. Stolarski,RB,1.9263790365232516,0.09372311598822652
M. Odjer,CM,2.05909510912707,0.6009688991346531
B. Ni?aj,RCB,0.002119670729151545,2.2550265400357037
Crysan,LM,0.5133370754807659,-2.2051911367952335
O. Eddahri,CF,0.5804535139331053,-1.272674474743982
J. Obika,ST,-0.4072454128858393,-1.110478689398814
T. Zhamaletdinov,ST,0.2333021154945072,-1.4426795183303736
K. Mets,CB,0.6251677598966777,1.590871964092387
M. Coulibaly,CM,1.3379596787882642,0.601272243344978
D. Mayor,LCM,0.5863574591330871,-1.16495386892363
H. Pell,RDM,1.7217736595182567,0.6793327611331245
S. McQueen,LB,1.123963211450322,0.6705339366590946
L. Michel,GK,-4.67146069256914,0.0785982026024381
C. Lykogiannis,LB,1.5390374654910195,0.7173494332966263
S. Hertner,LB,0.763050836225524,0.8737943105724578
Arturo Molina,CAM,0.9540573257465328,-0.24971564346047181
C. Warner,CDM,1.1750576982864096,0.5228284920815476
V. Prodell,ST,-0.2783881793388775,-1.2485169065103439
T. Renault,GK,-4.417932396271445,0.2930160670622643
A. Muyl,RM,1.8780598993709787,0.5123917484042001
E. Apeh,ST,0.2744273636428034,-2.0318953998440197
Alex Pozo,LM,0.003973606443904078,-2.6596518284714086
D. Kikuchi,LM,0.9613225679355071,-1.3226641950475373
R. Austin,RCB,-0.12220571458018188,1.7007534897784031
M. Machaj,CAM,0.8953813464831967,-1.0716765598082425
H. Radetinac,LW,0.32224313585645864,-0.7579672881857981
M. Miki?,RM,0.5395261830289578,-0.1473168204002433
M. Guevgeozián,ST,-1.682568989361861,-1.345287325704092
G. Viscarra,GK,-5.700852583881199,0.19782694325936934
I. Lapshov,CB,0.45576640864525253,1.6680889989347643
E. Fejzullahu,ST,0.48409712775682,-0.9380550433577779
J. Ekstrand,CB,-0.7946763758634561,2.0715648625150775
G. Rolando,RM,1.1390698422557723,0.21791352997810648
R. Inniss,CB,-1.0032221022692258,2.721755637469476
T. Yamashita,LCB,-0.1224170346612834,2.2420192033650044
X. Emmers,CM,0.18917904045273648,-0.4874276172071977
L. Morgan,LM,0.6205549471636906,-2.0850547307494107
W. Kvist,CM,0.5701784394266253,1.7430538728921554
B. Jayiya,RW,0.5655528272266052,-2.25481243038589
J. Huyghebaert,LB,0.5719281115451333,1.128616042350696
José Ángel,CM,1.0129776123651522,0.9228341433968159
Y. Hurtado,RB,1.2178161736699162,0.7059067284097127
J. González,LB,0.6957589492140195,0.49624527427736403
R. Söder,ST,0.49888148597935583,-1.5071061674943909
Choi Bo Kyung,LCB,0.7144453406578142,1.7423803869341816
A. Hadouir,CAM,-0.8770417592462112,-2.096306505878037
He Chao,LCM,0.19080163089696428,1.4641195522788863
M. Booysen,CB,0.24439705167699866,1.7685644138086998
C. Main,RS,0.2912278547399116,-1.015740680003458
J. Grimmer,RB,1.4045978011455846,0.3038211133987941
A. Kann,GK,-4.322229031899063,0.6858303776189043
M. Lepe,RDM,0.7003627711257951,1.5941574145509378
J. Bandowski,LB,1.6048722474674408,-0.05819469283740199
Nelson Ferreira,LM,0.6406366361135551,-0.8204751543603691
A. Matuszczyk,RDM,1.2233696170578918,0.4954677079197632
D. Stahl,RDM,1.3468990396642477,0.9219100370698757
Yun Il Lok,LM,1.0400951016605144,-0.016529765525374118
R. McLaughlin,RM,1.5388211373627199,0.1155604492025585
P. Joosten,ST,1.0753727468892533,-1.4610462157796247
G. Magnani,CB,-0.33304767086620657,1.5382512474974424
F. Bong,RCB,-0.483090203184833,2.872239243875593
M. Restrepo,CDM,0.5076996804531932,1.1461368856718042
T. Akindele,ST,0.0660674162783364,-2.061785891199059
R. van der Meer,LB,1.2012561036315041,1.5470681551687688
R. Gartler,ST,-0.49840357057199325,-1.2335465423138867
C. Lobos,CDM,1.5499804326891002,0.5634798907394805
R. Cierzniak,GK,-3.935443824782421,0.0028267510448270637
M. Abdellaoue,ST,0.43717931029513224,-1.432100428158031
L. Novak,ST,0.4533587724884187,-0.1940907418855361
Jung Seung Yong,LB,0.8944288152862073,1.1605864357462157
L. Gugganig,RDM,0.9531658714413033,1.6627534464567553
A. Donnarumma,GK,-5.925627304304197,0.8009569886552572
P. Steinhart,LM,1.3024389908137213,0.6047171215058974
Olavide,RM,0.791403451706407,-0.36711255147204236
C. Jakobsen,LM,0.7018621755477645,-1.1335822766618617
Berrocal,CB,-0.053462013648908666,1.7688160791734462
R. Amaral,CAM,-0.4350625825487078,-0.9050221805491067
Abdón,ST,-0.3666013302692534,-1.6315073796292883
A. Al Mayoof,GK,-4.259802527830195,0.5015064775081557
A. Paleari,GK,-5.164813584994896,0.08793568665743563
José Lara,RM,0.0459651431574613,-2.153110466096309
A. Juel Andersen,RB,1.5612033901303168,0.6035586197703172
G. Vadalá,CAM,0.04463513700169513,-2.9665420687841664
Borja Sánchez,CAM,0.17896075492603786,-1.148294626920315
A. Ogogo,CM,2.3046383192082245,1.073909028174581
D. Pratley,RCM,1.6264581690462179,0.7839106760352934
K. Takayama,CF,0.2133804702691607,-2.0263679835427104
S. Bak??,RW,-0.6750694455082056,-0.7515386456105234
Dani Martín,GK,-4.73080197084467,0.09216933953388837
Zhang Wenzhao,LM,0.818569586680741,-0.6769092622076041
C. Goodwin,LW,1.362896416200136,-0.21483759170440522
J. Becerra,CAM,1.1286510095334854,-1.0252380375228805
C. Bravo,LM,0.3030120653954455,-1.490367175357571
V. Ramis,LW,-0.19187147595124607,-2.2920442483185157
F. Torres,CM,0.9443593498930266,0.7401164374357236
M. Mihara,RB,1.2903166636750438,0.8163262096510244
T. Flanagan,RCB,0.5858086051218366,1.5759618852584885
L. Thompson,CM,1.4093025940780894,0.8320539852299604
A. Schlager,GK,-5.580367208237436,-0.5600284069731215
J. Kaprof,ST,0.201910943716236,-1.8039662173880693
L. Mulholland,CM,1.2786761735303573,0.42532200840489726
S. Aasmundsen,LDM,1.271215584275921,0.11017455066229634
C. Ejuke,RM,0.2417891140186818,-1.5759679079745146
F. Apaolaza,ST,0.08918768411198576,-1.053336907424255
E. Butin,ST,-0.1739329467223421,-1.232804101371229
J. Fitzwater,CB,0.5305005800537331,1.4901966935248403
M. Cholewiak,LB,1.5797439651348135,-0.35481797726801745
C. Schösswendter,CB,-0.7578012231953803,2.711237011516142
R. Klaasen,LCM,0.7975981934210478,0.4136435701754999
P. Pervan,GK,-5.581271508436622,0.3030642057271155
M. de Jong,LB,0.7910502149707167,0.7573441492633646
Corpas,RM,0.30074348756492086,-1.912650820594586
A. Lukse,GK,-4.749662495891837,0.375985177218835
A. Wittwer,LB,0.9667469169830806,0.871015758482643
E. Ebanks-Landell,CB,0.04629537948399713,1.6152299633820935
S. Gündüz,RM,1.0487797838729644,-0.4274788600333524
A. Uryga,RCB,0.20834853942334192,1.8596008022432904
J. Absalonsen,LM,1.037160557676072,-0.6460853753080236
J. Willis,GK,-4.583479194792992,0.4876620023317453
E. Brophy,ST,0.8294693628900609,-1.162829669423287
T. Hübers,CB,0.25567758998986206,1.3904914737892282
Q. Laçi,CAM,1.130957231779122,-0.8954614481018821
T. Mohamad,CDM,1.211602282751068,1.0575014577190798
Dyjan Azevedo,LW,0.19986870329057932,-2.1060696660410994
L. Palmer,RB,1.5618420786700753,0.47870565710440643
F. Evangelista,LB,1.1738415702508962,1.093675858151743
Óscar Pinchi,LM,0.21119387462682476,-1.4968860118833727
Z. Laaroubi,GK,-5.743439141448213,0.21148562329799095
M. Palacios,RM,1.3363168333467303,-0.8411586170996352
Borja,RB,0.6569411470242178,1.140000005582739
F. Vanzo,CAM,0.7630169756426638,-0.00017696985954328775
A. Zapata,CB,0.8852658706400198,1.398163794593161
S. Szmodics,CAM,1.5835435491396028,-0.8757697741558389
A. Trusty,LCB,0.4875958326079302,1.608162977491184
Ryu Won Woo,GK,-4.125860605272334,-0.14359449657161114
F. Dick,RB,0.8517613159503545,1.1853119196026796
D. Rose,LS,0.7293422229543199,-1.4019751761999697
M. Oesterhelweg,LM,1.0115545076732775,-1.395243367593446
D. Mignanelli,LB,1.2981788194243002,0.1082041622197759
Lee Jong Ho,ST,0.5087099984541644,-0.2117870979272508
Z. Clark,GK,-5.378451946793774,0.39139018442681106
S. Stevens,GK,-5.053666118637573,0.14410563446160024
Sergio Gil,CDM,0.6794365776127861,0.728640818946778
U. Zeybek,CDM,0.9497986852983454,0.447629590028275
A. Acosta,RM,0.6525752085351952,-1.2058972044467862
K. Oi,CB,-0.795985521640125,2.8648147424468235
Y. Sari,RM,-0.06730802393698379,-2.660916636378744
M. Ruiz,LCM,0.7256453929438644,-0.3774825915204775
L. Holmes,RM,0.4940199608060004,-1.5340729656446006
D. Powers,CM,0.8449866110046496,0.349202017555701
S. Henderson,GK,-4.77874684137445,0.1599847027055778
S. Scougall,CM,1.521795485490125,-0.8849930465637339
Cho Yong Hyung,CB,-1.033389716826807,1.5509546740745193
Cho Young Wook,ST,0.16846659012180912,-1.870628221301185
H. Koffi,GK,-5.616314299897108,0.33310706211539887
S. Sandberg,RB,1.237392313905664,0.988263022669815
T. Gabuza,ST,0.38731858957885246,-1.0138901047313995
P. Muñoz,RW,0.48023911842239386,-1.9957525683025157
C. MacGillivray,GK,-4.145895538262631,-0.016468399901415975
C. Arcus,RB,0.827280518555917,1.0732494593155568
A. Dercho,LB,0.833664987580472,0.7161209964294185
H. Hauger,RCM,0.2993140717687549,1.6555579565544734
Manu,LB,1.089952402946929,0.6991085255128983
J. Leko,RW,0.34978938879075494,-2.559180143139892
J. Aguirre,GK,-5.455321598054782,-0.21117979182751656
Kim Chang Soo,RB,1.3600691492091908,0.29409426564965985
L. ?irkovi?,LCB,0.045779365600829125,1.7444825550910024
Isma Cerro,RM,-0.1043713394403181,-2.0895085402235356
E. Castillo,LS,0.9308980137172146,-1.6999319469298944
P. Downing,CB,-0.09852057950827207,2.0746850606812752
R. Vollath,GK,-4.999295531511564,-0.2966015106752593
A. Munksgaard,RWB,1.154866077910141,0.8569515634723716
M. Ogbu,ST,0.42587095461837954,-0.869575735951863
Jang Ho Ik,RM,1.9723583299213054,0.29471404007986063
K. Bartolec,RWB,1.6999875180556177,0.0970220521600284
G. Malcore,ST,0.0035727157722764205,-1.6926280929529807
V. Gvilia,CAM,0.6084628447311806,-0.6083536229350499
D. Burni?,CDM,1.1095304530580345,0.538923373326334
A. Öztürk,CB,0.12229193913959709,2.0576433142801127
K. Taketomi,LM,0.7396813410784149,-1.0151369181551972
M. Mancosu,CAM,0.9123830874669613,-0.1855987830226604
D. Jakovi?,LCB,-0.6703161203914083,2.3183363000528128
M. Saeid,CM,1.057693961545551,0.18076911983338234
U. Taffertshofer,RDM,0.8120080431384813,1.4817264172124731
A. Medina,ST,0.3636133758677768,-2.7926196364592357
M. Papadopulos,ST,-0.6156537801928872,-1.0346252403801857
N. Zaniolo,CAM,0.8203723928027171,-0.11325637626107486
F. Montero,LCM,1.3073589817312081,0.6595242941134636
J. Vukovi?,CDM,0.5603650472040491,0.8536864526021292
E. Barli,GK,-5.016935726339441,1.2032641184761688
G. Carrasco,RB,1.154915857455729,0.9876059398404244
A. Balijon,GK,-5.206858064519848,0.11599755939382275
I. Saavedra,RCM,1.3927411392126734,0.31148977247940457
Z. Janji?,CAM,0.557746819776087,-0.7543795998179972
J. Skjelvik,CB,1.932315015180259,0.4982115712955509
K. Kami?ski,GK,-4.698871837766367,-0.32542697052343234
M. Endres,RCB,-0.4532350859206299,2.2930002229739634
B. Delacourt,CB,-0.24121999001471833,1.7324836556697738
C. Rismark,CB,0.02193197725192592,2.0873895152552997
A. Ligi,CB,-0.3828292296648278,2.4127102136901426
D. Lachman,CB,0.8447358372348414,1.2950904153547362
M. Riascos,RM,0.8991273796322923,-1.869176081954742
L. Vignali,RB,1.2840630341823804,0.10003117498658555
S. Skålevik,ST,-0.19035320287872085,-2.2171996951591306
M. Djetei,CB,-0.03577022167110371,1.5758782995518463
A. Fuchs,CM,0.9646107354932145,0.4127267229552933
M. Könnecke,CAM,0.9168450605187287,-2.1538269425426235
E. Yao Guy,CB,0.2620780549078871,1.6469662859616232
G. Burke,CAM,-0.21268736391676468,-1.9387516400341096
C. Hemlein,RM,0.8125571435953599,-1.1658559276239646
D. Anderson,RB,0.9893088041497584,0.48604215060023187
M. Døhr Thychosen,RWB,1.770037880681872,-0.17798023018795672
A. Nordvik,CB,0.6901349414235141,1.252031286241941
D. Thomalla,ST,0.3763661257421951,-1.6002469073607473
P. Parzyszek,ST,0.45868409664789295,-0.860344998782366
M. Fornasier,CB,-0.7887432177687653,2.1447866488082257
Michel Douglas,ST,0.29892303058702063,-1.2197126419674604
Álex Cobo,GK,-4.47369647560361,0.2879216690927429
M. Çelik,LW,-0.20832692709334122,-2.1780418318673638
L. Woudenberg,LB,1.14125782696867,1.1541697102259694
T. Tekie,LCM,0.4983481647382551,-1.2229597091888524
D. Vega,RW,0.5890372260270554,-1.6121716718588512
N. Rusyn,ST,-0.776585468694152,-2.870543858609267
Víctor,RM,1.3134679221236638,-0.7439556960165804
A. Deja,RDM,1.210597887532653,1.1884525880003856
F. Cornejo,CM,1.1705452157282352,0.8164233262486625
A. Balboa,ST,-0.36693176898136926,-1.0614667840311334
D. Edwards,CM,1.5596055467245777,0.8077152764046912
F. Rherras,LB,1.4238062503291211,0.061587649423300785
Gu Sung Yun,GK,-5.300691738559787,0.4041578363906174
C. Mavrias,RM,0.9012020952193295,-1.112957009045943
E. Martinez,CM,1.2426429834767445,-0.12215063396527201
Lee Chang Geun,GK,-4.592671600719154,-0.052807360289391786
M. Mohsen,ST,-0.48284134398401596,-1.6666043600788096
A. Gómez,LWB,1.697989189167015,0.38090220623323967
N. Ramírez,LCB,-0.14983779271169537,1.3555193237123504
C. Gebauer,RM,1.2980283377967097,-0.5062059172787613
C. Knett,GK,-6.006015562245664,0.05596847655217791
K. Naismith,LB,0.7299949963008248,-0.8773286184746986
Rober Correa,RB,0.5728167656585447,1.2855367684555017
C. Escobar,ST,0.44717357750012926,-1.0994330211964518
J. Smeets,CM,1.2505895468714288,0.827954248376121
Borja Galán,LM,-0.29962367853040484,-2.2062599342326314
J. Intriago,CM,1.269489562903987,0.9160132883610022
D. Sjölund,CM,0.20673693785161712,1.2931491806786737
E. Bonifacio,RWB,0.55814394853906,0.7183820454132741
Lee Ho Seung,GK,-5.399987485943793,0.437770091268443
G. Hein,RW,0.48976941628688914,-1.9047539928114414
H. Abe,LM,0.5075142079588157,-2.9372838765922795
A. De Bruyn,LM,0.24534209163561554,-2.043544619357651
J. Akinde,ST,0.3165259783727882,-0.4764422535569355
D. McGregor,CB,0.6953473919108606,1.4774462627175429
G. Villarruel,RM,0.16754507466831167,-2.0137326837362184
Pastrana,LM,-0.37279352229490265,-2.099425326937493
Teixeira José,RB,0.6669740835739428,0.5624060135307175
A. Fernández,RM,0.9227636379653457,-0.31174609139243337
J. Devecchi,GK,-4.4988725969116805,0.2167060651228268
C. Früchtl,GK,-5.675522402885143,0.24132547467573756
I. Rondanini,RB,0.6733158103095217,0.7416679679854853
W. Creavalle,CDM,1.3763026955734659,0.6145437895253991
A. Considine,RCB,0.6380109318216349,2.241760107519913
J. Vitale,CDM,0.15070600019062388,1.774197924429556
J. Ryerson,CDM,1.2780324205301088,0.6471909819509696
J. Ríos,LDM,1.2499362545110582,0.22521288284491364
K. Dabila,CB,-0.763137890105595,1.8803249923994299
Avilés,RM,-0.3015611912292721,-2.270397144562328
No Dong Geon,GK,-4.875213984897957,0.3612093973281385
Benjamin Muscato,CB,-0.0927092402189462,1.2584626785924908
N. Topor-Stanley,LCB,-0.09614438424631147,2.7121450586628346
P. Clement,CAM,0.6704847657654092,-0.6839525674093201
H. Toffolo,LB,1.0003853241957772,0.4899358303720163
C. Colkett,CM,0.5360440566382307,0.05620639403789349
B. Çamo?lu,RM,1.038804149224938,-0.40241721186768314
Yang Dong Hyen,ST,-0.3788391697147508,-1.0794219011089297
S. Tetteh,ST,-0.03249982626268492,-2.651683211729468
A. Dobos,CAM,-0.7724996810592375,-2.938037365599602
J. Mason,ST,0.4840590722807999,-0.8252875183713272
Lee Woong Hee,CB,0.448840487287819,1.3735701625219967
C. Lavery,ST,0.5100239050293134,-1.7164070784602663
M. Savastano,LB,0.6347327014979781,0.7949098483194763
N. Granatowski,LM,0.8749718988972329,-1.3229335374794617
M. Stiefler,RCM,1.0380235373447926,-0.42061379231399126
L. Pavez,LB,0.6031200524049707,0.13826574871282601
S. Román,GK,-4.333948736019048,0.20863949763737438
M. Bakker,LB,0.728835635370983,0.6457507086423416
A. Sambi Lokonga,RCM,0.9206242503130451,-0.23564250335289155
M. Pérez Acuña,RB,0.6101106047995598,0.6376485231135564
K. Dempsey,CM,1.0759074045283434,-0.9449032754093901
Lee You Hyeon,RW,1.0143442212115663,0.49574870805892707
Y. Quintana,CB,-0.0655381992533515,1.9146505930125617
B. Knighton,GK,-4.759151013659008,0.16644710265939347
R. Bennett,RCB,1.0604367716802814,1.236886284480843
A. Lonergan,GK,-5.011466784722372,-0.18215350299003177
B. Sverrisson,CDM,1.3164539445935528,0.5519425821917691
D. Forde,GK,-4.196302110197656,0.672285343414954
H. Gong,RW,0.4462304216175062,-2.2147243283988027
T. Kupisz,RM,0.9145976974464062,-0.18234366053412096
M. Abusabaan,CM,1.2975628543531874,0.774527521147108
C. Amaya,ST,-0.13850899070765746,-1.7831890240066932
Wu Yake,GK,-4.951574684421448,0.22555870460967584
M. Schulz,LDM,0.7911770450227694,0.8672515479301943
O. Rojas,RB,0.5430435617883735,1.0329123680813594
P. Jaroszy?ski,LB,0.6315844661857755,1.0218431420568057
L. Reed,LCM,1.0175591923223097,0.03801595650088501
T. Elrich,LCB,1.2435971660276193,0.6430824831489103
M. Malaeka,GK,-4.568825183520478,-0.0378438536501196
C. Rentería,CDM,0.15101906880683763,1.6376827154777123
S. Cox,ST,0.518826980650282,-0.7310957445116176
A. Mannus,GK,-5.0893119178131965,0.214772978130293
P. Jaeckel,CB,-1.4820412567078574,2.118310846030185
J. Bijol,CDM,0.9803435078701966,1.0379006561785882
Z. Kozulj,RCM,1.0238730456288987,-0.5973028831714959
Song Jin Hyung,CM,1.170280168865021,-0.7448868414202335
C. Duvall,RB,0.8656254400834581,0.7740702260661413
R. Williams,LW,0.5395027915281521,-1.8742407419721003
M. Naamani,RCB,-1.2789750185377147,2.9217436859796835
M. Gollner,CB,-0.14214287881285081,1.7669221697401454
D. Pedersen,LCM,1.1535007052773407,0.9885578638767395
O. Berber,LB,0.32939075701626525,1.1251633738277391
Steven Vitória,CB,-0.20120797386772882,2.0320766412677913
B. Stokke,LS,0.01283701511034567,-0.4438349731640965
M. Ospitalieri,LB,1.1245752556340523,0.41725766607038806
J. Haugaard,GK,-4.581027201040087,0.5234256019997492
S. Mauk,CAM,1.3308364005176045,-0.06157887524360069
Óscar Whalley,GK,-4.043279458005095,0.46144432361064724
S. O'Donnell,CM,0.255910849232766,0.8808100057443974
Marquinhos Cipriano,RM,-0.381019761373918,-2.7653225870858287
I. Vassell,ST,0.7632341866981355,-1.1868078626395262
T. Lehne Olsen,ST,0.05962849178710752,-1.668376985220974
S. Pontisso,CM,0.9016319237778324,0.5084905513743092
Henrique Jardinel,CDM,1.164992534792161,0.08907497982282192
C. Almeida,LB,0.30007670458921853,0.38845724983695606
R. Yalç?n,LDM,0.8638474120762764,0.6527651101300332
S. Jhingan,RCB,-0.3082895400260473,1.6710047106728263
Jeong Hyun Cheol,CM,0.9835996359839632,1.106658064369014
M. McKenzie,RCB,0.03806063699552742,1.588560516816399
J. Deumeland,GK,-5.071094817619168,0.5040201826243418
N. Lang,LW,1.3860005038807355,-0.32032490291865856
V. Vries,GK,-3.079697950836992,0.00305367479289264
L. Verstraete,RCM,1.0071911547149908,0.7030124823542954
J. Jigauri,CAM,0.8935610757668262,-1.3367236969430298
D. Moxey,LB,0.9611694193213045,0.7435155227694316
C. Wernitznig,RCM,0.8002285928016473,-0.6131346825613315
C. Valeri,CDM,0.3276450199933431,1.6621563208790133
M. Mosquera,LCB,0.14667699549515026,1.7480744321321595
R. Kouamé,CM,1.2963983005630508,0.3851473860721585
D. Chima Chukwu,ST,0.33650424099155085,-0.8285001962520794
E. Harrison,ST,0.9819357386314259,-0.8835782404667194
T. Wendel,CDM,0.1587921758473452,1.9286814347874284
O. Schnitzler,GK,-4.985498404691058,0.37944727602392825
A. Coly,RB,1.6011543025152026,0.9612598147251058
M. Vera,CDM,0.6954113771450307,0.5915565946693363
R. De Vita,LM,0.7596031888808121,-1.1106078442528575
F. Lohkemper,LS,0.4565577814790597,-1.9619562513486193
M. Ajani,RM,1.4794370477069752,-0.22345717099522774
M. Lund Nielsen,RCM,1.5172894167912365,0.7820769791446589
T. Mpati,RB,1.1188444334841765,0.40661925639249524
Edu Espiau,ST,-0.494699697326638,-1.8728749765923607
H. Acosta,RB,0.31320248319197536,1.0049870551078322
T. Bu Haymid,RWB,1.5773440184147811,0.30034838595847674
D. Mikanovi?,RB,1.2121320154452528,0.20776544086471085
R. Massimo,RM,0.3670339584358289,-2.2686231474062453
A. Smárason,CAM,1.1388615254019814,0.23824912617877192
S. Brandy,ST,0.24178624137368537,-1.2774935269482148
B. Adjei-Boateng,CM,1.8278780113044883,0.8036577848546816
F. Milo,LB,0.7231800631670842,1.1633483269950071
K. Cissé,RCB,0.07307797951868474,1.4462531889715788
D. Castillo,GK,-3.1694589019619297,0.06761437677104451
A. Kreši?,CB,-0.5840862709090664,2.1537496913856433
Escriche,RS,-0.3430788725200588,-2.5330357439539384
E. Ataseven,CDM,1.3944786026041704,1.1087257653065383
M. Kopczy?ski,CDM,1.0348126605127104,0.5064600778568599
Mao Jianqing,LW,0.12613840053948475,-1.9156352470494755
J. Clarke,RB,0.7211978712014825,1.1333052163104096
Pak Kwang Ryong,RW,0.9795678468986461,0.07039220015671782
J. Husband,LB,0.8022041331573856,0.5173979255434537
A. Al Zori,LB,0.683548339775029,1.2166036723783888
Airam,ST,0.025011842947646253,-1.5173881968247998
M. Schulze Niehues,GK,-4.662251493444518,1.0121104934999443
P. De la Vega,LW,0.06301049572662949,-2.4404713494322787
P. Sweeney,RB,1.007076777555987,1.0421184635575493
P. Tuszy?ski,ST,0.37068059533717346,-1.0375467934470715
J. Mosquera,CDM,0.9593368797414199,0.6709411440943679
M. Coppolaro,RCB,0.7963061992022363,1.3478707920741793
R. Mmaee,ST,-0.054063876827066336,-1.8855756897938327
S. Inagaki,LCM,1.3800116665160853,-0.03673668649278324
E. Mwepu,CM,1.5669951246205538,0.18306510011467528
F. Viteritti,LCM,0.6717427035207829,-1.3498523662939472
A. Dyer,CM,1.5828480652191792,0.04685868926172307
M. Mak,LM,-0.16219043483643528,-3.1886808696502804
Bae Il Hwan,RW,0.31034940107496456,-1.268063505525297
H. Adelakun,RM,0.07496016638013048,-2.0499126778857684
M. Devlin,CB,-1.1983846095368962,2.711314589592103
J. Serra,LS,-0.5684070225108094,-0.5117590600559652
G. Faivre,GK,-4.91605820045102,-0.27939691408869244
K. Ellis,RB,0.8067211210264327,0.8165467145651909
L. Janoszka,LM,1.1539017127804292,0.25851376616029376
P. Azango,LW,0.09296194365205751,-2.1640071079454586
M. Kennedy,LS,0.9184231673024069,-0.6804549545051788
N. Fitzgerald,LW,1.397487958680957,-1.2097379986875632
M. Kudo,ST,-0.04883464922738619,-1.9533679750515442
N. Busch Thor,CDM,0.22037836879240505,1.0335843697014608
M. Harriman,RB,1.198748201002409,0.5336135895443188
L. Görtler,ST,0.1652259762448722,-1.6163550519024892
D. Ovono,GK,-4.78214668893137,0.25842981826751316
L. Pellegrini,LB,0.023273404620329237,0.3201297122350085
K. Larsen,LM,0.488042379912465,-1.5107624499773873
A. Kruiswijk,LB,-0.06082348889989493,2.3959947233584287
A. Jaakkola,GK,-3.925149041546945,0.14785078133671586
T. Chong,RW,0.7942182564928066,-0.8830462777727281
P. Alvarenga,ST,-0.8332445501663914,-1.5314199026227635
M. Pascali,CB,-0.16652590416868004,1.9612387101503534
L. Dyer,LM,0.7903711486048451,-0.6846542371436456
P. Delecroix,GK,-4.708556623702565,0.5478693058887139
E. Hooi,LW,-0.3890865553694607,-3.2737125668387987
J. Riley,RB,1.1892746315660674,0.43925390230898725
J. López,CAM,0.16771997779555006,-1.3067072945391016
C. Stokes,LCB,-0.5447680231527183,1.9427414724624412
J. Campbell,CB,-0.8145756202837605,2.639773118312713
Marcão,CB,-1.3591583483864103,2.432596286816022
D. Mungo,RDM,1.427026009378144,-0.41759796602976185
G. Marinelli,GK,-5.231575314974184,-0.6903754700434395
G. Wegkamp,ST,0.20449050604041683,-0.7221561158639626
A. Gersbach,LB,0.9591292234997449,0.8312573595338708
You Ju An,ST,0.5505994824696415,-1.1649001822807945
M. Tacalfred,RCB,-0.8935246232846892,2.0609868255563772
I. Durmu?,LW,1.0337928545667106,-0.5960179336228821
J. Méndez,LCM,1.1851796964480685,0.21088465821698849
A. Otero,GK,-4.430471907630258,-0.05041010649638602
Kim Jin Ya,RCB,1.2158159499221195,-0.7020568083589781
D. Christensen,LB,0.7610248646266277,0.32881488459426367
N. DeLeon,RB,1.1604266541417774,0.6004209344244992
L. Grozurek,RF,0.902904900210104,-1.095912903397914
L. Narváez,CDM,-0.5666996743759979,1.647346294610134
R. McArdle,LCB,-1.2552801491587124,2.601691735903511
J. Pérez,RW,-0.7802796890542995,-2.312391659620778
Loureiro,RB,0.583382367126336,1.3273734450095036
Javi Hernández,CB,0.5053443808513873,1.2466835367798272
K. Appiah,LS,0.4613819770003095,-1.1352057754108502
R. Kirilov,LW,0.011760473517912234,-2.9111047504587333
H. Matynia,LB,0.7344680505252676,-0.10634291467070932
Fran Gámez,RB,1.08438008927361,0.4817797808894797
O. Ademi,LS,-0.30394999106107623,-1.0060158113563415
J. Bjørdal,CB,-0.11578729751028788,1.970066427613189
A. Stolz,GK,-4.420838974294108,0.23664455138693702
Borja García,CB,-0.4676058534476888,1.8822443994925049
N. Sonko Sundberg,RCB,0.23333642839911437,1.3110938394348506
T. Boži?,CB,-0.43143539110041257,1.6066749033200527
Guridi,CM,0.3088085975120425,-0.898137958216621
Fabio González,CDM,0.8193127280701509,0.4194517710423228
W. Thomas,LS,0.3332813795354194,-1.5159357284754784
M. Costly,RW,1.312235331077884,-0.07226614699754137
T. Knoflach,GK,-4.206535947478136,0.1605016520365075
Z. Vyner,RB,0.4484247651853738,1.4631757523607267
B. Atik,CAM,-0.19055481428767446,-2.3162929569126556
L. Goujon,CM,0.9460377595523614,0.8478742723513005
M. Ferrier,ST,0.45537245095274587,-1.7916308864359487
H. Salinas,LM,1.4889392278471318,-0.015087316811694673
K. Nakamachi,CDM,0.1138207266455449,1.4704744210051013
J. Ekkelenkamp,CM,0.8457923978620826,-0.1661203549956691
L. Haquin,LCB,-0.5536178078250271,1.8160242840031302
L. Legge,RCB,-1.4287250331381454,2.512335129020251
K. Harris,LM,0.3546378940507439,-1.8043180638474987
S. Avellaneda,GK,-4.563927726808804,-0.35323183923425444
F. Ávila,LW,1.2605985246488551,0.27386767144082974
M. Almebäck,CB,-0.3251770355328118,1.8847603102157493
J. Günther-Schmidt,RS,-0.6961524202466587,-2.1198766033863565
B. Rivero,CDM,0.633155890244323,1.047972251027466
L. Argudo,LM,0.6095190517270636,-1.3556955822388759
J. Leutwiler,GK,-4.047227850060276,-0.20966729597790495
J. Ortiz,LM,1.189064155580067,-0.15763546286784538
E. Demirovi?,ST,-0.8398241280947216,-1.1790833495115043
H. Petryk,RB,0.895831860374089,0.9160855598459992
S. O'Keefe,CM,1.0791173852806455,0.7335408590942765
Woo Ju Sung,RB,1.0198787043692148,1.4511098188967049
A. ?ermák,CAM,-0.14431282691601263,-1.2669954808839783
E. Schreiner,LB,1.1888578520750561,0.5915719515920991
A. Ba,LM,1.1482791853351015,0.5424950154412926
U. Moses Ekpai,RM,-0.12210549790629203,-2.595272859505709
L. Daniels,GK,-4.133116100099946,-0.08474582951544875
R. Laursen,RWB,0.9366772975721136,0.29345382490403893
J. Cullen,CDM,0.9533612468300174,-0.11651133678563177
N. Kijewski,LB,0.7093422612348734,0.674818753854228
B. Passi,CB,-0.05989678832591793,1.2311734979020512
T. Müller,RCB,-0.4847089784493883,1.9594355148147968
R. Procházka,CDM,-0.12409592392970431,1.7996241025195883
A. Alvarez,RM,-0.030800584535821827,-1.202411226476417
Alex Vallejo,CDM,-0.9356986472332675,2.0768258951745238
M. Pepi?,RDM,1.2512576791521244,0.1789337588926494
Matheus Jesus,CDM,1.4289914378804864,0.7419100720619377
M. Gebers,CB,-1.1405342013423896,2.134541644780337
E. Pimentel,CB,-0.6699342537204531,1.495218357728645
A. Jackson-Hamel,ST,-0.5348581024190411,-1.6765640954515917
Paulito Zanon,CDM,-0.05249692668241304,2.0562012372661735
L. Amos,CM,0.9933128976913769,0.5635426568132187
S. Gomez,LDM,1.2831930988440956,0.5190422389255689
Omar Santana,CAM,0.4935907693182149,-0.9218164101918952
Y. M'Bone,LCB,0.8603250225332727,1.2979571538375032
Salva Ruíz,LB,0.3932100963533503,1.7168538880364987
J. Deschamps,GK,-5.042226042577936,-0.42305621895929596
F. Feuillassier,LW,0.1366964477284391,-2.153069037621513
P. Haglund,CAM,1.0017885832291136,1.0926095679054884
Henrique,LW,-0.02964408483323187,-2.6878975056633045
K. Hemmings,ST,0.45313109258712114,-0.921528721051915
P. Jerez,RB,0.5339058030382328,1.6888650181181881
W. Ponce,ST,-0.3371798981320668,-2.000367391199714
K. Ford,CB,-0.09283977982773306,1.8255336902053227
R. Grzyb,CDM,-0.3384943409800025,1.7384928230506396
G. Gunning,CB,0.20847870485744877,1.2841705816537001
I. Šehi?,GK,-5.7773692640043,-0.29605248737529266
B. Potts,RM,1.379394698754047,0.09926985225355547
A. Hughes,CB,-1.2341327920805898,2.443852531210285
J. Steer,GK,-4.7742800378743375,0.16154435164945719
K. Sharahili,GK,-4.344302324143915,0.5824704176954266
J. Hamilton,ST,-0.4720224988141482,-1.4306237539524471
J. Reimerink,LM,-0.16242606328174503,-1.7513014644748677
C. Woodrow,RS,-0.40988702522494275,-1.4640994183602756
D. Georgievski,RB,1.4396149461320147,0.7050299141716011
L. Escalante,LM,0.1076321086562075,-2.0662295177928116
K. Davis,ST,0.7050593636548689,-0.5673891941394003
V. Morales,CB,-1.0589303270863835,1.9323195740387702
M. Omoh,RW,0.5069951898019369,-1.3519858789128212
N. Guerra,ST,0.01480576222394611,-2.251176022123966
P. Schürpf,LM,1.0131513963425243,-0.07967038729251026
C. Davies,ST,-0.515481698762741,-0.7631788680885381
A. Keita,GK,-6.014791347135439,0.021776514163227335
I. Erquiaga,LB,1.092671080660564,-0.15220875997251362
M. Abena,RB,1.034556693652736,1.6955865210318777
Ham Seok Min,GK,-4.84387487292365,0.09332357781271615
D. Wheeler,RM,0.8830415072935145,-1.420763999244817
Fran García,LB,0.22434960932146134,0.9950303730011686
S. Sané,ST,-0.3909393061916606,-1.234521078935912
M. Solís,GK,-5.307833549589921,-0.11364180832069416
F. Pick,RM,-0.004843271869205077,-2.5860316329350415
D. Merelli,GK,-5.3490072973310685,0.17223313233406995
Zhang Lie,GK,-4.970141859306697,-0.32511228062639924
E. Šipovi?,RCB,-1.1586588688276056,2.7151064720938707
R. Miyaichi,RM,-0.7941791748262622,-3.1604108706957157
L. Burnet,LB,0.7714671603613146,0.20221330108048263
C. Bickel,RM,-0.01790538814626768,-1.6649087891001504
J. McCarthy,GK,-4.911459603710154,0.14913565935941683
T. Dekker,RB,0.32758282635338243,1.430478640776977
S. Niakaté,CB,-0.24498740350242168,1.8046392176599768
D. Marcandella,CAM,-0.11113282828910842,-1.9135827019979124
Park Won Jae,LB,0.40484235748176733,1.4303402810582553
N. Ioannidis,ST,0.05059284729983364,-1.458035346691757
A. Barylla,RCB,1.2269695344868714,0.4648749767537148
J. González,CB,-0.20441269949137847,1.255069323922233
G. Treand,LM,0.5025997540773258,-1.1563359718972344
E. Markkanen,LS,-0.08769837396924575,-0.4815551172041354
A. McCormack,CDM,-0.4319226088532485,2.0747447522075397
M. Firenze,RDM,-0.5397881435149006,-2.1348999688564336
I. Maela,LB,-0.4072233180256586,0.5578445200697243
L. Romo,LCB,-0.7156185203205639,2.089333883351592
Peng Xinli,RDM,1.6812773960540017,-0.20782967291204196
J. Zwischenbrugger,CB,0.4864216530156272,1.346206194906851
R. Taylor,RM,1.2926076828761834,-0.6573754494351803
O. Clarke,RCM,1.5910532131405948,0.9352537348508017
C. Cropper,GK,-5.494322403033025,0.030615103799332535
B. Garuccio,LB,1.277245695683164,0.0035013010000021854
M. Fofana,CDM,1.078562898468215,1.5656416639214414
F. Beltrán,CM,0.9050124666913547,-0.02856118885471507
J. Carranza,ST,-0.10766486251043998,-1.8667935434295815
J. Arias,ST,-0.23925850168193274,-1.32018042435374
D. Bergqvist,CM,-0.040468205388184984,1.8745164434072716
J. Clarke-Harris,RS,-0.9489136649223238,-1.5440178767146595
Juan Cámara,LM,0.7811064130853758,-1.2149429433367314
H. Da Campo,LM,1.1048951234976105,-0.30896845646328086
R. Scheu,RM,1.3537549333813506,-0.7319956908274651
G. Bigirimana,RCM,1.2939803448169955,0.4163357517005907
E. Hajri,RB,0.9797196094502231,1.2805793791737294
M. Langer,GK,-4.882011220279828,0.8540970404373273
G. Allison,GK,-4.967988670258644,0.6058735920673649
S. Walker,GK,-4.454955854996934,0.22316296746095496
L. Olum,CB,0.025602122931401544,1.6872499239086887
C. Giraldo,LDM,-0.20443477080915398,1.6308805315496913
G. Cros,LB,0.41362398708396936,0.2236291839083502
Heo Yong Joon,LW,0.166789048536725,-1.578213369947453
A. Ouahim,CAM,0.49176363718347194,-2.0369464376261655
K. Walker,CM,1.042095592972043,0.526061779064545
J. Benet,CM,1.2057616427592648,0.5763031500846294
L. Villarruel,CDM,1.086576590935918,0.8021274441418598
T. Hadebe,CB,-0.8993694196284567,1.651985432623196
Patrick,ST,-0.5424350611945575,-2.2739548292838054
C. Diedhiou,CB,-0.7389798674769692,1.880890556895646
L. Pérez,ST,0.3553763693877895,-1.4477839006011148
Sidnei Dalmeira,CB,-0.24459070080536485,1.2177509903612798
Alfred,RM,0.5860677324479973,-1.4941555941741413
Álvaro Bustos,LW,1.046362279930308,-0.7577493962771791
I. Azzaoui,LM,0.2513951928278617,-2.1649292908470676
Y. Marillat,GK,-4.718846930480542,-0.8074103414518726
Fidalgo,CM,0.5668836710851617,-0.5250022733244666
C. Togashi,ST,-0.5341247719959823,-1.6654603369102157
Roger Figueras,CB,0.09168647893708631,1.0553974593437663
Vítor Tormena,RB,0.09329251751074692,2.704394235561307
S. Matuszek,RCM,0.2249816179974417,2.1397830852866226
E. Tønne,LW,1.4718013035002735,0.13540238854637585
B. Samba,GK,-4.480604896298196,-0.00811827490098279
M. Aaquist,CAM,0.7456443188976447,-0.3504473494031973
Rúben Lameiras,RM,0.7358442558588416,-0.8873067926977487
A. Hinestroza,LDM,0.46872701837249864,1.845544066649205
J. Hingert,RB,0.9535197109397993,0.9015648343871503
P. Drewes,GK,-4.802153382080698,0.9167420903957695
S. Peszko,LM,0.28278007027743035,-1.3136521810933757
D. Petkovi?,GK,-5.3485996195013605,0.2705779404151046
Wang Xiaolong,RW,0.24491886055853612,-1.1556026916587543
E. Pezzi,LB,0.5709770904839356,1.4027208738037593
O. Hein,RB,1.2581823472208469,0.10210932036034887
E. Serje,CDM,0.9543450904249723,0.9263396805571298
M. Biankadi,LM,1.4887293772927142,0.30172720232264333
L. Miller,ST,0.298863442197938,0.007262035153424547
J. Müller,RM,0.9086099500512564,-1.3128519335746762
C. Alk?l?ç,RB,1.120165344600165,-0.37313112584373337
M. Kleinsorge,RM,-0.03374791409072035,-2.584074517680828
M. Dávila,LDM,1.562817677954939,-0.4031120757512202
K. Vincent-Young,LB,1.49109264418729,0.3952035968843222
L. Rajot,CDM,1.3715243321050945,0.3763369976458528
M. Amini,CM,1.0082023340528103,0.21461631710575327
J. Ring,RM,0.9807191932024506,-0.43905438126600216
C. Palomeque,LM,0.37097759920340884,-1.7161324799234594
T. Rehfeldt,CB,0.032627477443844144,1.7125226818275043
R. Gojani,CM,0.7001920739919103,-0.26392565987061317
I. Traoré,CAM,1.28921548608934,0.6237907726107793
F. Sánchez,LB,0.6385042003001339,0.7044130152910372
S. Torrizales,CM,0.4528334192827367,-1.1059286881940062
J. Leiva,LW,0.8725897451624932,-1.0890367262934662
T. Röttger,ST,0.7287136900453023,-1.1729435296762887
A. Duarte,GK,-5.562301582288786,0.3382734179582729
K. Ceesay,RB,1.496281644380032,0.6572630876153618
L. Königshofer,GK,-4.872944685009118,0.39908871678800634
L. Hoyos,GK,-4.256381831210637,0.16867257471483246
J. Murillo,LM,0.5221136756579999,-1.474548556120909
Luís Maximiano,GK,-5.3727635603225705,0.0622217669867523
Han Peng,ST,-1.6017883495638634,-0.8678212163046378
J. Derstroff,LM,0.08047377104678773,-2.3012973192600894
H. Bjørdal,RM,0.9845037127792504,-0.18366648432915988
H. Skogseid,RB,0.8213785871592489,0.9086387476665572
A. Hadžiahmetovi?,LM,1.520229677445567,0.6087440890528565
J. Balkovec,LB,0.7169724385719335,1.0394455316371014
J. Jones,GK,-4.977555241643303,-0.31952705167158835
P. Sohm,LS,0.5778050915359321,-1.5821995710684333
B. Figueroa,LM,-0.34672321114161475,-2.1014572040813735
M. Lorentzson,LCB,0.4148129668493441,0.9992785675673136
S. Al Duayyi,CB,1.0299404661206497,1.3231411537487519
N. Mbemba,CDM,1.19556351194945,0.0904029847049655
J. Rhyner,CB,0.10709488455338459,1.7018831856004928
K. Wrzesi?ski,LM,1.3097466656477272,-0.44369250758158496
F. Porath,LM,0.4233738316379646,-1.2680879141198735
T. Rodríguez,RM,0.312714995350246,-0.7709912093577168
O. Mares,LB,0.9693076183638952,0.15442917763913233
M. Connolly,LCB,-0.5436579442622188,2.321660924565585
P. Twumasi,RW,-0.03408042308117531,-2.9185575421457854
S. Al Sawadi,CAM,0.1679362339052504,-1.6309376453227777
Lee Ki Je,LM,0.9452564217055325,0.7706851672456044
T. Al Absi,LCB,-0.5405594638312479,2.3645993599699318
D. Torres,LB,1.0122512785423128,0.42793861799250194
Ding Haifeng,LB,1.1519377168052254,0.07807129168725818
E. Pernía,ST,-0.5208562552849064,-1.6342736817119659
L. Coyle,RB,0.8181138327804786,0.6878917291843827
S. Silva,ST,0.5734673915930502,-1.5685993695686422
S. Gnaka,LB,0.6730355592388109,1.1129142959801435
Y. Bourhane,LDM,0.8145277976631015,1.153248224157978
J. Stockley,RS,0.33979021100747175,-0.7236680708079772
I. Vásquez,RCM,0.014533076601001014,1.2522608823162393
M. De Iriondo,CDM,1.3330915384154693,1.1487284775146651
M. Damsgaard,RCM,0.8184018024237674,-1.3551432752558343
Kaká,CAM,0.08870514906213918,-0.7202905189040838
M. Blair,RM,1.385961550948978,-0.6755825320367487
J. Petriccione,RCM,-0.17105538044383353,0.16772526793929562
J. Sambenito,ST,-0.39581892780841965,-2.3132537926592733
C. Schoissengeyr,CB,-1.489216537137903,3.1182413350535962
L. Perdomo,CDM,0.702011585875206,1.6721826172007295
M. Röser,LM,0.5312999217280555,-1.2628160690550991
S. Roux,RB,1.1397528955739977,0.15769504664060466
Pol Valentín,RB,0.9215037203820071,0.20661092462374503
Óscar Valentín,CDM,0.6782001828856581,1.0973336610799291
H. Ruíz,RDM,1.0887218788906743,1.1807886690292788
Kim Min Woo,CM,1.3567182212010784,0.39897047260017987
F. Kippe,LCB,-1.7509445759583404,2.645391847104044
J. ?ezní?ek,ST,0.6754700861304824,-0.22616435931214682
A. Al Zaqan,RM,0.06587737963556287,-2.481543734933768
G. Acampora,CM,1.3036807376647201,0.4760939560436004
J. Alondro,LB,0.30394617537651025,1.8678781239795492
L. Ferguson,CAM,1.3342907588594761,0.010499953699655545
R. Augustyniak,CDM,1.139915991498455,1.241316553765563
A. Cannon,CM,1.7233061581746616,0.24161605132381728
C. Woods,RB,0.9527009262857756,0.7503199593745775
E. Sabbi,RS,0.12623039486854568,-2.839360095252623
D. McCrory,LB,1.0482334116433891,1.3678235511354342
T. Öztürk,LDM,0.03967499004664547,2.0701034981207673
De Los Reyes,LB,1.1435898209575097,0.7082054277466391
O. García,LM,0.8532026572373937,-1.7816475825251732
A. Batsula,CB,0.738466868340509,1.2964854678404134
R. Kerschbaum,CDM,1.0839041477121243,0.5751191896031366
N. Bakker,LCB,0.0027885271347130583,1.389991217945025
Raphael Silva,CB,-1.4093869846724953,2.089755282831334
L. Berry,CM,1.6399010549850528,0.22761689147819347
Mauro Cerqueira,LB,1.173390958520305,0.462312607906489
S. Bidaoui,LW,0.08046741135641998,-2.2521985689666675
Damià,CDM,0.8176872749246822,0.02672139233692077
H. Jele,LCB,1.1970180265556898,0.2585584623903373
D. Jones,LB,1.4522716138987801,0.42487286341284625
G. Poussin,GK,-5.638987363509964,0.19917616133167496
R. Edwards,CB,-0.6295595603422641,2.0386481486339285
B. Finne,LM,0.2080412489091775,-2.619887911978072
N. Varela,RM,0.05717344377125565,-2.4528643227352815
R. Tarifeño,ST,-0.017208491476044824,-2.993124099542454
Bruno Gomes,ST,-0.5313381593430052,-2.0532657096813085
M. Dombrowka,LB,0.8849216375412223,0.9949972420211648
N. Mezquida,CAM,-0.8247409942866385,-1.7807051175609174
M. Saadane,LCB,0.7685269911620447,0.9962416632801231
M. Fink,RB,0.49695362637802754,1.2043875227273437
B. Diaby,CB,0.7680582298255162,1.1798906929155262
C. Elder,LB,0.9300307636780903,0.8110316730718683
R. Ledson,CM,1.1586673669815812,0.23490413389021786
M. Udol,LB,0.5396389075225473,0.7020894856248487
A. Al Mutairi,LM,0.14151216813834075,-1.4451276944060658
P. Tschernegg,CDM,0.8747406510506306,1.6942496982377204
J. Duque,LB,0.4154637686927993,0.8774203092123454
A. Katranis,LB,0.939335157925648,0.5889910447445914
Aloísio,CB,-0.16268471682660487,1.4680158478919028
Evandro,ST,0.35195681483247143,-1.5063592909752306
G. Castillejos,ST,-0.6041747241141885,-0.8441605841776324
B. Renneke,RB,1.0609324217729208,-0.1904149902499797
K. van Veen,LS,-0.9853783827568485,-1.3724193473568775
N. Garmendia,CAM,-0.5189076118126705,-1.8262251815597308
M. Birighitti,GK,-4.496785679351041,0.12411552892715152
E. Alexander,CDM,1.2588053534003933,0.5894932147449338
F. Palacios Martínez,ST,0.16603457842783179,-2.7218573013480345
Luis Ruiz,LB,0.599214057755879,1.0014675466199736
A. Hunter,LW,0.1926306977946542,-1.6316342363224263
L. Owusu,RWB,1.5802272673033284,0.0765276755505923
J. Phojo,RB,0.9484128906153063,0.706876631958659
L. Rougeaux,RB,0.4482365253478008,1.6554031700006637
O. Fisher,RB,0.6809571677513492,0.20472119863577518
A. Benchaib,CAM,-0.3320418884576482,-2.0724167645632154
F. Fydriszewski,ST,-0.03892636868341113,-0.8125770722364285
T. Ndenge,CDM,1.2609005325351905,0.7027002738558775
F. Flórez,CDM,0.7961645582893923,1.0661428994494095
G. Risso Patrón,LB,0.666328318973818,0.5048309962649161
T. Parkes,CB,0.28794131740163564,1.8284193728191702
J. Untersee,RM,0.9032959647896678,0.12194485398910727
D. Gabriele,CAM,0.02640773224589036,-2.5203982177589186
M. Mbaye,LCM,1.473737723339826,0.8000909705832578
S. Lovric,RCM,0.3648903138233179,1.3587626659857808
C. Kerr,RB,0.8491672963746187,0.983607009914054
G. Zelalem,CM,0.15854039327306416,-0.4891630862289415
Song Boxuan,LM,0.14117409642295214,-1.0184510946984384
Ronan,ST,-0.960854884279121,-0.29387397127900794
A. Gruber,LW,0.008756603359290427,-2.1201611151449815
T. Nowak,CAM,0.9325099174856979,0.22200561963578264
S. Salviato,RB,0.9292839350834529,1.3381511554816556
G. Aguirre,CB,0.4219534727934287,1.1206060618870237
G. Rojas,LB,1.2611413816741692,0.24782723322007918
I. Openda,ST,0.10007251149241324,-2.2170970230473794
R. Wallace,LW,1.5606896563657624,-0.04890745507290736
J. Jervis,ST,1.0522622399452644,-1.4354683797606134
S. O'Neill,RCB,0.7232694163792329,1.00322254766226
J. Butez,GK,-4.592864526743102,-0.1146471297667516
Raul Asencio,ST,-0.036915968269839304,-1.8122452977075847
T. Ho?ota,CDM,0.9834109095308916,1.1563688770716338
G. Paquiez,RB,1.1137976575955002,0.8175941031467986
F. Costa,LM,-0.11434863507637862,-2.8645328345782586
N. Aankour,LM,1.0885062842141582,-0.5443547161233286
Erik Expósito,ST,0.09449762347861353,-1.3676364526766174
J. Donisa,ST,0.4911350699301074,-1.4164445735245985
Choi Kyu Baek,CB,-0.08044134911131484,2.0178451834654383
M. Rojas,RCM,1.13318271162121,-1.8330931690251016
Pedro Silva,GK,-5.805416315512247,-0.03021690554469503
M. Giannikoglou,GK,-5.371643721052809,0.38041520663704836
J. Hanson,CDM,0.29796052799505307,1.2273190563907854
V. Demidov,LCB,-0.8950728935934452,2.1438175589994977
G. Rehak,GK,-5.50489681522,-0.015453118045659625
K. Bare,CAM,1.062881006118804,-0.21430078779205222
Paulo Otávio,LB,0.9558387651387895,-0.35669833621756536
N. Oroz,RCM,0.9424866907089987,-0.5473191146351198
A. Walongwa,CB,-1.3924326418126152,2.399707023022787
T. Moore,RB,0.9231397214953354,0.35876261336374504
R. Yamanaka,LB,0.7250439310084469,0.6863735773645411
E. Hamilton,CM,0.7370069698801551,0.3746153074541609
R. Salinas,ST,-0.4666044827101788,-0.8833683122753871
S. Zwierschitz,RB,0.8421205544440608,1.0126928209774955
J. Vickers,GK,-4.294139216223361,-0.14292411689718565
C. Gribbin,CAM,0.4619173464413719,-1.010927658660158
A. Stewart,CB,-0.39475799811350465,2.044600777403472
S. Tronstad,RCM,1.3482194822205795,-0.15186150611202842
A. Castro,CDM,0.1841115209826775,1.7733848225461029
C. Chaplin,LS,0.49503765593523735,-1.6283287184119497
D. O'Dea,LCB,-0.41066567494452233,2.136780940373357
N. Bandiera,RM,-0.31457346610539916,-3.078814330024614
A. Figueroa,LCB,-0.6706707479025973,1.4223088485809499
J. Sternberg,LB,1.047075516082009,0.8278097258074559
M. Blázquez,LCB,-0.8382326118752684,2.4273859867940764
K. Grant,LS,0.11680824393083535,-2.2052933775602366
A. Al Zain,RCM,0.8861959556061996,-0.972740430511367
Hwang Il Soo,ST,1.0844378717663763,-1.4085727710181042
T. Fountas,ST,0.5625767307756234,-1.6716829121735466
N. Quaschner,LM,0.5830831669279917,-1.406512938343917
G. Sepúlveda,CDM,-0.4533118445832647,2.398971806645213
R. Aponzá,CAM,-0.12722850655281742,-1.879777527868058
Lei Tenglong,LCB,-0.7776998389896319,2.095113333177422
S. Lo Faso,CF,-0.3201064209448706,-2.1087349485465308
João Reis,LB,0.5852542168457834,0.6846171159522753
G. Nijholt,LCM,0.8845049462189691,0.5884017224295467
S. Conneely,CDM,0.9412474997980225,1.118248630130666
K. Conboy,LB,0.7393404191159507,0.8795630096016926
C. Nelson,RCB,1.0683173966906825,1.4693319597497467
S. Brown,GK,-4.73247158211872,-0.18854385129884008
Kwak Hae Seong,RB,1.1956379578526408,0.5273515431504205
M. Caranta,GK,-4.640302919903398,0.25396353644557784
D. Bassi,GK,-4.7570351503838415,0.27793968617968484
J. Kempin,GK,-3.970974053141727,-0.3342801588721611
Álvaro Traver,LM,-0.1711525077528937,-1.597582555044111
F. Brustad,ST,1.0137708611855563,-1.0752645826339848
E. O'Connell,CB,0.013773841457945978,1.387770048252633
S. Floranus,RB,1.5821959063992102,0.26997618644212157
Dani Suárez,RCB,0.1553628949646423,1.4318284425570114
S. Olsson,RCM,0.5506132360287743,0.6510328858840829
O. Verdon,RCB,-0.7070149524065554,2.4717914646750803
T. Brown,CB,0.05462291227724188,2.1250867743965913
S. Ibeagha,CB,0.09528617323106403,1.4318624218424583
G. Modica,CB,-0.5032733863782447,1.9463113747494907
A. Pavlovi?,ST,0.14808389917893353,-1.120645359695005
M. Sylla,ST,-0.150436547761734,-2.494527433657672
K. Guédé,ST,0.9654452490573594,1.1756126335644834
A. Østbø,GK,-5.7579609451782305,1.0058066802277212
J. Mills,LB,1.0657221474206144,0.7099743817088452
W. Marinus,LM,0.5806683171879277,-1.68099722301182
S. Al Jaman,LM,0.04852430831064988,-2.4309780524173736
I. Koneh,LW,-0.10904562196107985,-3.1181737445856994
H. Piedra,GK,-4.22512784074494,0.1374421083854421
A. Leautey,LM,0.04714147071428443,-2.7948041818425424
T. Børven,ST,-0.3489566872062772,-1.492152570427513
L. Nielsen,CB,-0.5664232761093706,1.9287556742455427
Bruno Andrade,LM,0.6642134504181729,-1.5991072836659574
V. Jacob,CAM,0.2027392879564465,-1.424296205348337
R. Lacazette,CDM,1.3925701946006357,0.7906012274254216
T. Nishino,CB,-0.5711575214276573,1.9709234841535215
D. Sosa,LB,1.56334605324873,0.6181975539260167
D. Kyereh,ST,0.024526602723171812,-2.7919930016742605
I. Ouédraogo,ST,0.19471694017251626,-2.1187508974004183
A. Smith-Brown,LB,1.1212827625696116,0.5716743781384157
D. Atanga,RM,0.45842004323124197,-1.893551948093478
R. Ogawa,LB,0.989714227739433,0.8983064510346225
Olabe,CM,0.2840447565880618,-1.0099933820439893
A. Skov Olsen,RW,0.4473376947183277,-1.785841285571198
W. Golla,LCB,-0.04216934016329869,1.8581867571707262
A. Çeviker,RDM,0.7297019438514082,1.0140811486332493
Chumi,CB,0.031905333902562456,1.3119250187536395
M. Ahlschwede,CB,0.28515745658731567,1.4711118609248917
R. Dadashov,RS,-0.41174582147439226,-1.056595961150003
D. Rodríguez,CM,0.7813957348056709,-0.726350789826348
A. Gerrard,LCB,-1.0776293212569015,2.42086398783734
O. Franco,ST,-0.7360022951162258,-0.9436634719807003
G. Liddle,RCB,0.15844991904076672,1.7609312688490304
C. Paredes,CM,1.2212113141887604,0.3097694560537807
M. Ogasawara,CDM,-0.6313917185727965,1.1233348414471818
L. O'Nien,CM,1.7258087082053641,0.36550206399218793
Einar Galilea,CB,-0.8908088139818328,1.7253282825443463
F. Tingager,CB,-0.5324534461727819,2.4226638415788226
R. Reid,ST,0.7788362604262673,-0.9363884879614675
V. Supriaga,ST,-0.20693740301331293,-2.57299291297233
C. Starfelt,RCB,-0.4469157652113354,1.9127041927800594
R. Boukari,RW,-0.6810022060887363,-1.6604088893515911
E. Vandenabeele,RCB,-0.15035523854405788,1.5441777597180952
D. Fox,CDM,0.3067551411657395,0.7772359929604366
D. Boldor,CB,-1.0587943868110525,2.2012095285626745
S. Narazaki,GK,-3.743479063077057,-0.09101577150450921
N. Brock-Madsen,ST,0.5304555232118903,-0.6006932216248376
K. Boto,LB,0.7340357639702861,1.2635975639497168
J. Bothroyd,ST,-0.9882080082769938,-0.795771905825199
J. S?owik,GK,-5.533145546283506,0.026186313706222594
L. Norris,ST,-0.30335921632940643,-1.3253927501161797
D. Schmidt,RB,0.6927999141249825,1.4707166456757959
A. Longhi,LB,0.8855646110552534,0.8249569415333002
D. Dziwniel,LB,0.9771541704316205,0.7459922545510768
G. Fechner,CDM,0.4631187308592033,1.2232999341028667
T. Diagouraga,CM,1.369953093987658,1.1264470503627042
Yoon Bit Garam,LCM,1.440815188571544,0.0769601224409393
J. Maja,ST,-0.2328059453659166,-2.3530892924680376
O. Cissé,CDM,0.9362750264816518,2.1302406807840306
A. Butler,LCB,-0.878129515685206,2.281386147253344
O. Marciano,GK,-4.509251951850661,0.4634464192456097
H. Kadish,LB,0.63191862281823,1.1931436256903845
J. Allen,RCM,1.710349837974713,0.2980506766898439
G. Melkadze,LM,0.809485144255912,-0.46705812877896286
K. Hashimoto,LDM,1.5050749327670665,0.3312698532074634
Hu Rentian,RW,0.9134706889071602,-0.7394398089253282
C. Pickel,LDM,1.129831749568196,0.6967891814666477
S. Chukwueze,RS,0.015169333723218806,-2.962147841661089
D. Andrew,LB,0.6264243566442762,0.8849503157262815
A. Kofler,GK,-4.374714582824262,0.24993698985943438
T. Walker,RS,0.4835399922405233,-1.7457647845529654
N. Venema,ST,-0.6499334317800012,-2.2021458913889824
R. Sufyani,RM,0.7531969992093024,-0.9991432619166757
J. Borring,LM,0.5193190681759541,-0.7064694082578408
N. Nyauza,RB,1.278890195604672,0.5052192825877148
Marcelo Vildeia,ST,0.505885324219439,-2.2415939289991056
V. Janelt,CM,0.7913317778531861,1.150919150063824
L. Nieuwpoort,CB,0.48344431304152063,1.350401245958022
Hu Jinghang,ST,-0.3471809810966381,-1.582072062647663
Aguado,LCM,-0.07544330203005874,-1.2856750718711618
A. Raineau,LB,0.8194139084149663,1.0410854084299657
S. Mölders,ST,-0.7818938631684281,0.13485324977954655
C. Mackail-Smith,RS,0.6796091533199533,-0.3851123912700659
A. Power,LCM,0.5996804983730327,0.9138083703491183
A. Sabbione,RCM,1.2856815106021255,1.3206262888500837
D. Tadi?,ST,0.5705403885476835,-1.1317692138811373
G. Karlen,ST,-0.29689565633715265,-1.0161858935063979
K. Jackson,ST,0.08952586321334578,-2.312874771179972
G. Zakuani,LCB,-0.47595978067785233,1.8054612821331082
J. Mezú,CAM,0.33317576635013385,-0.9902786207237525
A. Verschueren,RCM,0.624701899180638,1.1533743483004888
K. Miyahara,RB,1.08860949736152,1.2693404356789935
Nito Carbelho,ST,0.24478182102445667,-1.28514256459844
N. Manzambi,ST,-0.11077181157798688,-1.9499071869569318
A. Ferdinand,LCB,-0.16200995425960235,1.6282237443373633
B. Pringle,LM,0.7022734691747025,-0.5146437780066949
D. Boysen,RM,0.45647794157712873,-1.5580648525538696
G. Kusunga,RCB,0.3947448621024161,1.766270241507683
A. Tshibola,CM,1.3740824348435097,0.6754803542370671
C. Jopia,LB,1.504432852120193,0.6392749079080988
Francisco Júnior,CM,1.146575932195834,0.07486608378943982
M. Fox,LB,0.6028390582870987,1.2030226260595802
A. Hanche-Olsen,CB,0.28301425743665903,1.307792689029985
J. Welsh,CDM,-0.10323679294952079,2.0418138683255456
U. Garcia,LB,1.063256735140448,1.1126376039647399
Gao Zhunyi,RCB,0.5309772136537598,1.3305389332257802
M. Hildebrandt,GK,-4.866150730320763,0.45618551776613503
J. O'Shea,RCM,0.11102400642129492,-1.266779060015999
J. Thomassen,ST,-0.3087580582977382,-1.7787095844205272
B. Shea,LM,1.2974666751938477,0.16414624526957525
J. Gleeson,GK,-4.776924704742275,0.04903534762494229
M. Akça,CB,0.07650846746123195,1.2621265923837623
S. Romero,ST,0.20660696766653794,-2.182186106857718
D. Giannoulis,LB,0.8041550181560481,-0.016071755073309105
D. Mirfin,CB,-1.5990362436926286,3.012661662519612
C. Martinez,RM,0.7639553354510632,-0.8888493151283223
M. Nichols,CAM,0.9340107602896068,-0.24139768009398402
A. Borysiuk,CDM,0.8751962336895193,0.8628517691350874
B. Cargill,LCB,0.05771157820925617,1.5824013192354023
R. Shindo,RCB,-0.45528105138997177,2.132169426031434
Y. Adli,CM,0.6062494284023853,0.02533034226853253
G. Gigliotti,LCB,0.7696078662721063,1.1495665258863197
M. Benning,LWB,1.2390319698236825,0.47188106472382657
F. Ananou,RB,0.4705734286258944,1.2039026902214922
M. Scavone,LCM,1.257273964432679,-0.22153960525914962
U. Antuna,RM,0.339837890327492,-2.3627274552076982
G. Carpani,CM,1.313631393203378,0.1703742070338392
Bae Seul Gi,CB,-2.094335761442273,2.5972422144307274
P. Nymann,RM,1.1052349212950257,0.3239799080882747
R. Ramírez,GK,-4.457053253143056,-0.18161815987707935
M. de Fockert,GK,-4.64566932169835,-0.3131064998092299
Wang Gang,RB,1.5658813630184079,0.8456035448856326
J. Ngoy,RM,0.7396864660516231,-1.8888325399159518
S. Madden,RB,1.2340760799090928,0.9252269268663382
Carlos Nieto,CB,0.9188671649722968,0.8319199703790632
Oh Jae Suk,RB,-0.012860190574410235,1.7179313584991882
P. Sontheimer,CM,1.084669816839796,-0.19486000830574754
S. Karamoko,RB,0.7163820622676591,0.7910822795026395
H. El Mokeddem,RW,0.29134088041075384,-1.6117876426818616
J. Espericueta,CM,0.2668790493654113,-0.4144457425206128
Ka Sol Heon,CB,0.24355397709373564,2.0987932509580696
F. Götze,CB,-0.20716099210395525,1.595167925370896
C. Ekuban,ST,0.625997581004639,-1.4412948768859144
A. Tahar,CDM,0.8965230676805384,0.4218699456430696
C. Irwin,GK,-4.115423447801177,0.5476654223726221
M. Hairston,RB,1.5926730024000557,-0.38145686011599367
J. Jones,RM,0.22372120728895242,-2.7606318720248537
S. Barry,RB,1.1508722192890486,0.30886468268070544
A. Koita,LW,-0.18930446825186523,-2.3113332881749105
D. Worrall,RM,0.8447907356856311,-0.745163818226491
J. Guillermo,CDM,0.18670250677776234,1.4396379784385287
H. Guy,CM,1.2621115647356007,0.37844904757404896
A. Brunst,GK,-4.510656731620967,0.15130250166941817
J. Dacosta,RB,1.035283014890256,0.8597404229151386
R. Moriwaki,CB,-0.1593972856087667,1.3840345088003778
J. Brown,LB,1.3488323761047185,0.039586889845719314
M. Dyrestam,RB,0.9028557461147667,1.452451653491266
Jeong Hyuk,LCM,0.6723980621139889,0.5520928811659975
S. Grether,RB,0.7187600198207881,0.7221519594010309
J. Ness,LCM,0.8038473479289843,0.9793932782350997
H. Dahmani,LM,1.2535254523627135,-1.0220478213499633
T. Hopper,ST,-0.1316264054989363,-1.4362216604737
F. Knudsen,LCB,-0.5922250746280185,2.227509774197151
J. Pohl,ST,0.6325579984957084,-1.2717433475950721
I. Paro,RCB,0.04152933501350529,1.679957052444575
C. Munder,LW,0.5703009751788314,-2.1599626388991986
J. Cano,RB,0.5655730813354795,1.111502026328197
E. Iyoha,ST,0.35064809427355637,-2.406400019671304
N. Adams,RWB,0.9155175423599025,-0.12428333551861469
J. Godínez,ST,-0.2348210981424169,-1.3940902415122793
C. Mandouki,RCM,1.162713779602298,0.7358918074281119
M. Atwa,RCB,-0.27069489602452584,2.2872263127657666
J. Washausen,RDM,0.3899823773237914,1.8320429045332762
Shim Dong Woon,RCM,1.6693337918067581,-0.596855527786252
P. Jaquez,CB,-0.2798060829525979,1.5881927719443272
Everton,ST,-0.34020412098375935,-1.1056431785207452
L. James,RDM,0.6100459141913755,0.7106017840840348
H. Matthys,LCB,0.38148692648482163,1.0810149194773246
N. Ishihara,ST,-0.33921855629213415,-1.5463843925371605
A. Sabiri,LM,0.29612593415597677,-1.3639292246068027
Y. Thuram,GK,-4.527792761930679,1.0705130888570535
J. Willis,RCB,0.025838760191251826,1.5940021325240126
L. Ghiringhelli,RB,0.6705251074848225,0.49471341151413967
F. Kath,LM,0.7101152151571164,-1.095931344543038
D. Ball,RDM,0.629386202542041,1.124608393383268
D. Volkmer,CB,-0.8301538448597546,1.9985389906028936
B. Augustyn,LCB,-0.5131247447275337,1.8590223712960519
Ángel Galván,GK,-4.269582847046519,0.19233534423530885
F. Jamnig,RM,0.46733754346816037,-1.4884944295003097
J. Reinhardt,RDM,1.1378971894728456,0.6408455474231464
Liu Dianzuo,GK,-4.1879418406870865,0.4880944375961832
F. Reese,ST,0.11730625991538253,-1.21804237691478
K. Matsubara,LB,1.3019449385251025,0.38030855453357343
R. Janssen,LB,0.5579419525102401,1.2371882519335755
J. Ayala,GK,-5.6267752542511085,-0.1534950027911304
M. Lundemo,CM,1.1964479069013625,0.6012800209820777
A. Ciranni,RB,0.8173065263539584,-0.36885382846567655
B. Konaté,CDM,0.738633918070649,0.6792411184636478
A. Crognale,CB,-0.1315024085564005,1.457688735815415
Kwak Kwang Sun,CB,0.21730081384858832,1.1687213662783758
F. Boyer,LB,-0.1517682825922394,1.9919666599902106
Noblejas,LB,0.7204140037900681,1.433776384112459
Q. Westberg,GK,-4.6671877348132575,0.25700154884705345
S. Daham,RCM,1.302750939338864,-0.0813672650156575
M. Fellah,RM,0.527395661474371,-0.6839546544510767
T. Miyayoshi,ST,-0.3695355880651083,-2.013463195253972
J. Bellegarde,CDM,1.136754157404817,0.3793885153893408
O. Ba,LCB,-0.5619326595355648,2.303863057981777
M. Fetsch,RS,0.04296629525518416,-0.17125194228877128
H. Ekstein,RM,0.15593574055966314,-2.2197740299102358
C. Bayala,RM,0.30980873225564726,-1.5400484732460664
T. Cancellotti,RM,1.2600553567383503,0.6912666255229617
Kweon Han Jin,RCB,-0.09212409988845485,1.4387865217381066
E. Upson,CM,1.3927882984472069,0.24011211208329483
A. Cook,RS,-0.00022010708468196775,-1.1571217855941822
L. Miracoli,ST,-0.5539031640032136,-0.601469372483903
L. Jäger,CDM,0.469818550653631,1.4368118405877015
Park Yi-Young,RB,0.6232874869294409,0.8852803275685012
S. Payne,RS,0.2879821500690398,-1.3615077987364226
S. Arai,GK,-4.899267215420502,0.2681231977945596
L. Tipton,LB,1.1695860335521515,0.725193622668561
C. Doidge,ST,-0.01293932365466689,-1.2116188913521284
A. Ndom,CDM,0.7659825082996883,1.3706312081573244
N. Medvedev,GK,-5.648298899402527,0.12732351960524319
K. Murata,RM,0.701401404837676,-0.936777938431673
D. Gazdag,CM,0.481920231858588,-0.940670486158165
João Moutinho,LB,0.16783634016889792,1.4920554844078207
A. Annan,RCM,0.7653149554672025,0.737865922231621
S. Wagstaff,RM,1.196621542133867,-0.16218761526409836
A. Fukumori,LCB,1.2194019414913888,1.1317606961017312
Ryu Seung Woo,CAM,0.6939789723299924,-1.7297827712080867
D. Baumann,RS,-0.42256324262601985,-1.2563145674072531
O. Rodríguez,LB,1.1049701457280043,0.28348366421653065
Pedrinho,RB,0.3428355497993903,1.1772752326843845
J. Ebobisse,ST,0.5822702919219438,-1.925636227848649
J. Toivio,CB,0.23239772867614858,1.385021809177101
M. Bruccini,CM,1.395280986884991,0.477252761864903
César Ortiz,RCB,-1.0172477736598184,2.886283498822931
K. Veendorp,RCB,0.6469228916646752,0.9750311269331714
J. Amoah,CM,0.9036154607240147,0.2334446252712949
P. González,CM,1.3796733210322287,0.6810897133451119
R. Amin,CM,0.4584580140887435,1.1687724588824975
H. Otani,RDM,-0.21546275155676295,1.4866306137343246
S. Kikuchi,RW,1.8868309643504526,0.3364338572767189
L. González,RW,0.15324014162935123,-1.3069948937910358
M. Burch,LB,0.8055340020404802,0.6048315033421068
Y. Amankwah,RCB,-1.4923913860721483,3.0217113049687745
T. Mickel,GK,-4.427267529267111,-0.12256484983567605
Kim Dong Woo,LCB,-0.03819727742437501,1.8692656964270584
S. Calvano,CM,0.5520134474169364,-0.0651313624129926
J. Bree,RB,0.6627767772524954,0.8333269426386473
V. Damascan,ST,-0.5653039068699198,-2.5161923222286844
B. Körk,GK,-4.570388508086069,-0.3568959673588088
S. Takahashi,RB,0.29300664162802426,1.3505556282674736
A. Vallci,LWB,0.5893113517290722,1.533632359224306
L. Giovini,GK,-4.411820400608297,0.2132113471876187
E. Flores,LB,1.1646372994238114,1.128317183411817
G. Honeyman,LDM,1.473457916325538,-0.47716319052322476
A. Cairns,GK,-5.629056204344661,-0.816846044112758
Kim Nam Chun,CB,-1.0046563069334906,3.023891628936712
L. Solignac,RW,1.462251449882604,0.06407997921195364
Kim Yong Hwan,LB,1.5734991826681526,0.1853609008435153
N. Kuipers,RCB,-0.7679096830740846,2.806037300845784
A. Hopmark,RCB,0.02218601038752784,2.046374124313915
Y. Barnawi,RB,0.9597281615926043,1.206750342839909
K. Moleko,RB,1.2814770655802032,-0.04862273990116942
J. Kauko,LCM,1.4828404328674194,1.5484469721677256
O. Sidibé,RCB,0.46332200998901757,1.5219527529968053
J. Dacres-Cogley,RB,0.9662549581314916,0.14809837873532117
D. Bates,RCB,-1.002293297921003,2.1281237273814497
M. Budzi?ski,CDM,0.8647107331328093,0.6835598333592032
N. Lavanchy,RB,1.1752947964727334,-0.6213726084594953
F. Rodríguez,LB,0.6806416539846111,0.5958126703794544
D. Doekhi,CB,0.8031125340735539,1.1956204849100431
S. Fujita,RM,1.376463349079167,-0.6727141498912633
B. Mason,LB,1.0030355202873384,0.1535362431599346
Jorge Cuenca,CB,-0.28447741486668343,1.5870376978758338
I. Ramírez,CDM,0.5018340333303657,0.9984219512326848
R. König,RS,-1.7055979789118925,0.6449382595682265
S. Clark,GK,-4.82519001549783,-0.010488122321109846
Adri Castellano,LB,0.6166727433624458,0.7188209030460743
M. Guezoui,ST,-0.8050551416992198,-1.9510277038317707
K. Morris,RM,1.260399233254878,-0.37212457319284004
S. Lundholm,RM,0.4241556361498965,-1.027009782870594
G. Perea,CB,0.38029719940196616,1.8935775400267467
K. Ogawa,RM,0.921583154595214,-0.6158336752266241
C. Benavídez,CDM,0.7120677717983612,0.9781846591862076
M. Erb,CB,0.40281662712657174,1.0715619279357425
J. Rodríguez,LCM,1.208225204596282,-0.7867181292048372
B. Youssouf,RB,0.47918177829697167,0.7166797299657326
Grego Sierra,CM,1.0281141375241167,1.024491159710552
J. Sabbatini,RCM,0.8379868265329373,0.25011649915876405
N. Briasco,ST,-0.41682152337246137,-2.3547685731255745
F. Hansch,RM,0.1158771475575366,-3.3055062880994504
M. Ingram,GK,-5.588265619549738,-0.23134851470321363
A. Ibsen Rømer,LCM,1.4209909980323008,1.248520420957164
L. Filippini,LB,0.2786420832124943,1.3502532150660556
D. Dankerlui,RB,0.873294763904247,0.9002366381333863
Markel Areitio,GK,-5.049411132192756,-0.3746504834187365
J. Chapman,CM,1.0357001056907338,0.07973590447084256
E. Ampadu,LDM,0.21940386976751192,1.442350109840631
H. Kane,RCM,0.7737148091326118,-0.8081924942041744
L. Fiordilino,CM,1.1388832936722868,-0.11997735365389847
B. Verboom,LB,0.7083709348091527,0.5122412742734607
D. Gape,LCM,1.3761312522875113,0.6821533244058305
E. Miller,RB,0.8055342366503857,0.6812145113384015
Y. Maruhashi,LB,1.362374453816507,-0.07162098165424212
Yang Zhi,GK,-4.585532459561677,-0.1351425717659456
P. Larsen,CM,1.2261471647472546,0.8108695701833569
L. Verna,LDM,1.0130989111719764,0.5238030445293429
F. Silva,CDM,-0.028715735285085073,1.8590058564911056
B. Close,CM,1.282302705667644,0.44600677257677673
Pité,LB,0.7277073214374546,1.1939745996964493
Q. Amarikwa,ST,-0.07513581501180744,-1.7924873267727897
Marquitos,CM,0.7494364294059618,-0.6022689809857471
B. Tsonev,CAM,0.0878354581632862,-1.2197322143761993
C. Long,ST,0.08848112633990879,-1.7002853333096257
K. Bak?rc?o?lu,CM,-0.24809528752441457,-0.09140934843298741
F. Mendy,RCB,-0.7398932265027766,1.5586906868346693
K. Haraldseid,RB,0.9701121797641692,0.4520926046170919
J. Blomberg,LCM,1.3449069332942916,-0.1432431932086506
Y. Mena,ST,0.3855174527185973,-1.945237117498392
W. Eskelinen,GK,-4.1234979400182885,0.19903117661867434
Fan Yunlong,LM,1.305086543005701,0.1829741639043187
M. Honsak,LM,1.3965201609785542,-0.07727610927702258
D. Bouzanis,GK,-3.21089211872927,0.02981935009003721
B. Maubleu,GK,-4.265141724886824,-0.05197103118685112
T. Rühle,LS,0.5356893958922944,-1.7944904119769283
K. Shelton,ST,0.7052709929636571,-1.0398532585150202
Diego Parras,RB,0.4111819452994271,0.9779275272368922
L. Di Matteo,LB,1.1035087571086246,0.6058862229905873
J. Dalé,ST,-0.553868907617084,-1.8958029688685283
M. Hernandez,LB,1.1137119299590632,0.4007488128473356
C. Mancilla,RCB,0.35273716044870423,1.4974593738190092
F. Viáfara,RB,1.0544262600990155,-0.7567445203437282
H. Chapman,LW,0.21710974036346564,-1.6274446288564177
M. Antonucci,LW,-0.18248183242705326,-2.333980561523058
L. Neagle,LM,0.9665918544158408,-0.4337931995612631
B. Kamau,RW,0.4972864622753695,-2.348680279040502
L. Putaro,RW,0.6174210481608674,-0.8962222215191032
C. Giousis,CAM,-0.02108550995037034,-2.1032379663254868
E. Birniçan,GK,-4.711691702255506,0.017070722794355096
I. Akda?,RDM,0.2780385169101513,0.33507826692593606
J. Clark,RM,0.8079830220889397,-0.8683976902741654
S. Mrowca,CDM,1.2378377958870082,1.168835642574663
U. Nayir,ST,-0.338526074532769,-1.9298959729593739
J. Caenepeel,RM,0.24475967903211582,-1.9389642568937784
Iván Márquez,CB,0.0441104720148072,1.6504267758254982
N. Besler,CB,0.5302692979028273,1.1379528033845328
N. Loyola,LB,1.127368992360894,-0.47005282574961266
F. Rogic,LW,1.5725114847086352,0.3380372360032853
P. Hoffmann,RM,0.8669078245163228,-1.444600987181786
E. Córdoba,RB,0.7903342202982279,0.6831295872226338
Zhao Yuhao,CDM,0.4965597031905141,1.5560547822175699
Álvaro,GK,-4.663382792709872,-0.16535120152738264
D. Szoboszlai,CAM,0.04274262295096781,-2.0245200562226637
Q. Maceiras,RB,1.718164372840411,-0.004740376554413046
T. Augello,LB,0.391080551871809,0.4711579750998844
A. Kampetsis,ST,-0.5844950001656884,-2.0102332649816135
T. Schrammel,LM,1.260247236898154,0.48638914588765086
D. Poleon,ST,0.3762078382203825,-1.8486812460957542
T. Kemp,LB,0.72321812288639,0.8992665668395561
D. Diagné,CDM,0.7563077242497523,0.6438036411273351
J. Thorniley,CB,0.040520650660658554,1.509105158580294
H. Weydandt,ST,-0.26207777608914506,-0.6162351631389695
F. Sporkslede,RWB,1.0273221411266205,0.8107339354324034
A. Díaz,ST,0.008808311643301373,-1.9806219862761754
I. Zotko,CB,0.24832423337763587,1.3701236915615893
J. Mendes,ST,0.20508005907699856,-0.7260392704839299
C. Trueman,GK,-4.01860513255782,-0.47144584555387786
F. Azemi,ST,0.6356134105789656,-0.6410131413018395
Fernando,GK,-4.37146082007303,-0.053255135017060244
A. O'Neill,RM,1.6914559527386757,-0.33851996977513776
Javi Jiménez,CB,-1.0069286063768288,1.424475888648005
M. Dube,RWB,0.33211576210467825,0.8639183384161637
J. Mejías,RCB,-0.7812126442879641,1.48069057387594
C. Ohene,RCM,1.3675592501789364,0.6170249182780294
K. Risgård,CM,0.6693892563415181,-0.03064776538452681
F. Forte,RS,-0.8189385430471365,-1.5660864869988984
Han Seok Jong,CM,0.9508577024852815,1.2141201436128959
N. Avellaneda,GK,-4.567130560436813,-0.17361661429296757
Park Dae Han,LB,0.45195883538721754,0.7167607712567172
A. Erceg,LS,0.05185608365948478,-2.0715389030716063
M. Vázquez,CAM,-0.38984338450463324,-1.9134631083239406
L. Justiniano,LCM,0.21366337712870798,1.0068739521099463
A. Wildig,LDM,0.7470923104823843,-0.8377755686586638
O. Abdulaziz,CDM,1.1709981395513094,1.4104776184149492
F. Kent,RCB,0.7362156400628704,1.2521176321209004
M. Pink,ST,0.04088709193397357,-1.006888505011967
F. Morais,LCM,1.0457057564257706,-0.18975982369529615
S. Yesil,ST,0.06209868460374927,-2.5157699230139747
M. Bürki,LB,0.10715455252382969,1.9014722799603216
L. Mosquera,LB,1.109715403737599,0.4599604119427866
J. Horsfield,CDM,1.3335628347533113,0.8481825802373208
K. Edwards,LM,0.43018155242039047,-1.6227689694505703
O. Hawkins,ST,0.46313514685598506,0.43211364057988993
H. Opdal,GK,-4.721548618410988,0.24910978097785408
T. Albutat,CDM,1.0562841263580542,1.0597262489290447
H. Cid,CM,1.0999271005486668,0.9706299490748784
T. Edwards,RB,0.8239002476269808,0.7215118312689002
B. Arce,LM,0.24992043552645796,-1.5593979070804147
Sui Donglu,CB,-0.36345933809507913,1.3863475209523763
A. Palacios,RM,1.2181433908213095,-0.022863032799515865
E. Käck,LWB,1.1492822299211076,0.27185871830749764
V. Sierro,RCM,0.8059666036558476,0.25831211952268424
A. Rodman,RM,0.11475490692246568,-1.5975639021149082
E. Zenga,CM,0.7554893882009622,0.4617187048378854
R. Ruiz,RB,1.3081408298096295,0.5739835554969368
C. McHugh,CDM,0.9906902547126157,1.4588376067295086
Ferrán Giner,LM,0.971634680592438,-0.36665967406161043
F. Ponce,CAM,0.6428863573667596,-0.8726216240088636
A. Chicksen,LB,1.1175893063383624,0.22438250744671182
N. Miatke,LM,1.077895633247385,0.06667304407108361
G. Rólantsson Sørensen,LW,1.911197536174173,-0.01798119990144168
A. Damen,GK,-4.48939509920543,0.12347917446711972
A. Arroyo,ST,-0.7682141442386035,-1.4805786824820548
I. Voca,RDM,0.6066122335871155,0.8893167302680093
Fran Manzanara,CDM,0.9171523776375688,0.10421859601989712
S. Lawson,CDM,1.275064210747918,0.6077663092298468
A. Gerbo,RM,1.1199362755203728,0.0828964113784902
A. N'Diaye,LM,0.662672098417117,-2.425356233487294
R. McCrorie,CDM,1.1200249548469898,1.3610869722952126
M. O'Connor,RCM,1.2006617012720673,0.8919306111282002
L. Prosser,LCB,-1.0153170936643967,1.8543031300752457
J. Clauss,RB,0.6154994595689448,0.512754402048622
G. Cummins,ST,0.823578278051717,-0.508815288139478
F. Olijve,CM,1.02786887954123,0.050784042480434756
Maicon,RM,1.511647059719101,0.02380814606904177
C. Mosca,RCM,1.0752440553464861,0.4183020668408687
G. Castrovilli,RW,-0.43469210194221625,-1.6326307000289793
G. Nepomuceno,LM,0.5309274249876531,-2.039569270714946
S. Dembele,LM,0.03291172643916707,-2.1247287390817284
M. McKay,CDM,1.3149773253457246,0.313108329113724
S. Ringstad,LB,1.2555427220305846,0.5517052596391614
C. Evina,LB,1.5887062573579098,0.8155172673892797
L. Wing,CM,0.807461358334578,-0.17570821383984286
D. Henry,CB,-0.6656438084049501,1.5906004962705624
M. Jakoliš,LW,-0.7052542037359542,-2.334520483156167
G. Di Noia,CM,1.7808525512897628,0.3488990780407209
N. Ansell,CB,-0.5567049242235089,2.783507448415533
G. Wüthrich,CB,-0.4942859831191226,2.5167730647599025
M. Osei Kwadwo,RM,-0.014178345827587166,-2.2240445488526612
Nathan,CB,0.610890951603419,1.1166072031497705
K. Tokstad,RM,1.4486589746681633,-0.06260617104066488
V. Agardius,LCB,0.6609712689385985,1.3104770080420796
A. Sandona,LCB,0.5437506699148418,1.3736777252976275
K. Osorio,LCM,1.1513052278306013,-0.4948716814820952
S. Al Rubaie,RCB,-0.5529150297567318,2.019120972831795
D. Van den Buijs,LCB,0.21029730358013404,1.3325218889481598
A. Badji,ST,-0.06600597068572459,-1.9982582394688897
M. Eisa,ST,0.038166778309564,-2.111302736626583
N. Sessa,CAM,0.36507487701711894,-2.331597753215934
M. Álvarez,GK,-5.826930577974146,0.5529387572475769
D. Ball,LM,0.5792834757911192,-1.136225424938087
A. Thompson,CB,0.22007728151151232,1.60209133224206
G. Morrissey,LDM,0.9405920999403575,0.8883621632743188
D. Remick,LB,1.284793208322185,0.3449563887681526
J. Dall'Oglio,LCM,0.9928353116183947,0.5224915296177164
Yang Jun A,RCB,0.7313263863494053,1.1116152608554186
G. Beretta,ST,-0.13665506120678708,-1.3478689057368143
J. Córdoba,CDM,1.0234839094333308,0.6057576691953834
T. Craig,LCB,-0.6332766922752516,2.313873670487988
S. Monaco,CB,-0.1742759095612529,1.5686769358362984
M. Rahn,RCB,-2.596923048460806,3.179144867405214
M. Rosheuvel,RM,0.6860044625147791,-1.2640027376886505
C. Amissi,LDM,1.6055061946439204,-0.06889341860570339
Júnior Tavares,LB,0.8030341295379398,0.48151647080391835
M. Breij,CAM,0.4541901890128816,-1.3213717283233086
C. Vergara,CB,-0.16034464202957588,1.9937501498280676
Y. Rokutan,GK,-5.878301688849832,0.0006478033660991412
T. Danneberg,CM,1.4004029729915737,0.4626022454883979
B. Kwiecie?,CDM,1.0607107527830688,1.1539459371081011
P. Tietz,LS,-0.23071412640091118,-0.7864897852664091
M. Gostomski,GK,-4.91139249460036,0.2244548303847603
T. Ricketts,ST,-0.6240721073728503,-2.1771690593985475
R. Klingenburg,LCM,0.8201424322188,0.2747465756995952
A. Hoole,RM,1.0031279177144319,-0.514090876668876
A. Piu,LW,-0.4729628063178838,-2.058371680241584
M. Heyer,CB,0.44558144004986583,0.9667688977299153
Y. Opazo,RB,0.7079863073111152,0.8208554993739706
I. Sankhon,CM,1.1343496205990586,0.7407442709815404
C. Hussey,LWB,0.44679244990098455,0.6472040215973692
R. Atassi,LCB,-0.19213201855534878,1.6958419933691389
J. Hiwula,LM,-0.06393315311184448,-2.0111689665841013
S. Kashket,RW,0.2233095576001989,-2.687973673700354
E. Björkander,CB,0.5672195721456723,1.0850616681108283
E. Abedini,CDM,0.5741036144631309,1.0301689354706363
D. Giorico,CM,0.8218483560651689,0.6414085813904868
L. de la Torre,CAM,-0.565451859639381,-1.8207938039111193
Peixotacinho,CB,-1.1223264364179588,2.664341200606233
N. Hazazi,LCM,0.19165696279580727,1.4035210538498692
T. Kanamori,ST,0.6915827561681962,-2.3487217817613537
E. Moreno,RDM,0.9175969107713168,-0.31895439625097677
P. Malarczyk,CB,-0.07118185422271675,1.3996936887216826
W. Burns,RW,0.5200856538391413,-1.9501701888011962
V. Bergan,LCB,-0.17115106810713046,1.8683894408138244
D. Okereke,ST,0.03142027137493775,-2.6645990585558184
W. Vorsager,LCB,0.5745026597592782,0.8050754883234793
A. Bischoff,CM,-0.6069799144455812,-0.3640464963226883
M. Matras,CDM,0.61690338892175,1.6251357618749047
H. Kamara,LM,0.29887457766855685,-1.5933374720860574
K. Soni,CAM,0.04953190392753288,-1.2636610499113146
F. Al Masrahi,GK,-4.75027441428759,0.3085449863247401
Adrián Gómez,CB,0.567580749588718,1.0643221057919405
A. Petre,ST,-0.3264150585107436,-1.2790408069286077
M. Bakenga,LS,0.0872286489908846,-1.2401376659665904
D. Berntsen,CAM,0.3138218914219551,-1.3201696856345229
Y. Hiraoka,RCB,-0.6494962454597859,2.257685073012621
K. Enghardt,CB,0.7305858708477011,0.9273093018728191
T. Pope,RS,0.208960906366144,-0.026463302982254615
A. Ivan,RM,0.7903338512842333,-0.8919189223667314
O. Custodio,CM,0.9972311142353364,0.5101555882629447
J. Teunckens,GK,-4.970627569877951,-0.0870130759697423
D. Donohue,LB,0.8928239266298016,0.3855659990502631
E. Oti Essigba,LW,0.22163522781933284,-2.001133657404265
R. Kiernan,CB,-0.6196087917865738,1.8940478012502193
J. Lumley,GK,-4.51218036343273,-0.036730997234612706
M. Torres,RCB,-0.044120086638396144,1.7080632071124178
D. Bertaud,GK,-3.9845580022413887,0.0936423467804366
K. Oiwa,CB,0.16781505933371565,2.1025831354256845
J. Ramírez,CM,0.8440807044462653,-0.10211958761851542
Pablo Fernández,ST,-0.07386447551613608,-0.9071585291187779
Cho Soo Hyuk,GK,-5.692175262133471,0.1339239593060831
Z. Jovanovic,CAM,-0.15624417100640428,-2.3631756857119814
D. Islamovic,ST,-0.3079745057894035,-0.38926941750947464
E. Ekpolo,RB,1.1369031773239522,0.8987770366483235
D. Wynne,CB,0.3732085779888996,1.138633513462844
S. Surridge,ST,-0.36184810498598996,-1.1559188929400364
E. Huth,ST,0.0164367613382325,-2.1183470222365757
E. Pereyra,LB,0.34340368597037557,0.6967142936759576
R. Foster,RB,0.6986986392820578,1.0314121618444336
J. Donacien,RB,0.3911158702827326,1.2817789436209917
X. Tomas,CB,-1.177251402855443,2.406917405139788
D. Batty,RDM,0.8078922990247468,0.27555857606945594
R. Steer,ST,-0.05323292039848608,-1.0886655655025805
Mateus Couteira,CB,-0.6500486388593633,1.062773470810442
G. Diangana,RM,-0.06431880909731298,-1.7542461529454854
F. Aksoy,CB,-0.717927876817624,1.8474540055905557
M. Tootle,RB,0.8390538719244327,1.0934977968141772
D. Wein,RCM,0.6682899850809205,1.3121152979233264
M. Bravo,LB,0.4283616322752807,0.6631786362163421
D. Stroh-Engel,ST,-0.20704122624184484,0.03808113954370364
D. Orgill,LS,-0.001627095049533609,-1.380663329306785
N. Neidhart,LB,0.3779184091369496,0.02394890587274332
J. Ockford,CB,-0.7223040230372528,2.1597073082298497
B. Gschweidl,ST,-0.2959623842882097,-1.718939513097704
S. Yohou,CB,-0.004783951588740869,1.9566087903514644
E. Pantelakis,CB,-0.7619855417538226,1.7866876282134128
Marcel,CDM,0.2036931053690943,1.548077750553331
L. Leahy,LB,1.3546549170127213,0.293310648542397
D. Vržogi?,LB,0.7599839943116024,0.17999496163868617
S. Coulibaly,CB,-0.36400840669276957,1.4911365932919616
A. Rodríguez,ST,0.5345114832116602,-2.2025971879901407
M. Khubrani,CB,-0.9790970343245522,1.9976442653452458
C. Dagnall,ST,0.35316965452143034,-0.9940620256926213
Vasquão Junior,CB,-2.1765937366067716,2.3912944559093643
F. Björkén,RB,1.2039634235898327,0.4041587225872836
J. Williams,CDM,0.34192697954913714,1.1136235273721198
H. Al Ghaddioui,ST,-1.1812628121751527,-0.7193750246953207
S. Saunders,CM,0.9707304490960881,-0.09800285397799169
A. Sarcevic,RCM,1.1060371157375395,-0.1173734788943876
P. Zieli?ski,RM,1.2791132978968829,0.6041714948520964
F. Alastra,GK,-4.255996093532714,-0.1012248410205566
O. Richards,LB,1.2764034524946486,-0.17479282035098015
Y. Andia,LCM,1.3929096545948032,0.1980031299634626
Wang Yun,CM,0.14827440319300877,-1.0855666485796915
M. Sansores,RS,0.004692813601648533,-1.4639984196493385
J. Martínez,GK,-4.588170938680282,-0.03507380792917321
T. De Smet,CB,-0.12687985662717796,1.499222575716036
A. Obispo,CB,-0.21585875665345408,1.28233644473926
J. Colman,RM,-0.36802339235040366,-2.6826405844350925
A. Nef,CB,-2.6023639727637793,2.812200743764067
S. Lawless,RWB,1.3856792452104476,-0.30064772983634136
A. Seck,CB,0.43640211099181164,1.6348015470041388
S. Saucedo,LW,-0.054501911576385884,-1.9311439437563498
R. Marchizza,CB,0.07055843996683225,1.3892628715162565
M. Adams,CDM,0.8714726562111518,0.40940401380937747
C. Orrantía,RB,1.630157664636038,-0.36382744031234304
B. Bellot,GK,-4.456234353174182,0.20479381174962175
G. Zampano,RM,1.317352569684281,0.2662144247309601
R. Poole,CB,0.43065102478962625,1.1903392914019721
Y. Díaz,RM,0.6737658952074308,-1.2517506440424522
T. Berni,GK,-5.565799332441037,-0.3786396434920395
F. Nouble,ST,0.4898397734172921,-1.176445462642279
T. Gebauer,GK,-4.361600652916998,0.5903445323404325
F. Torgnascioli,GK,-5.875186448414891,0.2896917810104941
A. Etemadi,GK,-4.545569759554571,0.1989708702067613
C. Reilly,CM,1.5497670734761877,1.028253754243487
B. Rowe,GK,-4.034543215968997,0.14411877484191637
M. Vitzthum,LDM,1.1491405097541911,0.9264436265441682
O. Özdemir,CB,0.5288963898591057,1.5672544066043796
Alberto Varo,GK,-3.677729410238965,0.25395175175697626
Claudio Mouria,CAM,-0.13601047732412178,-1.6146317695582844
P. Staikos,CDM,0.8068321762563953,0.8296047179427959
N. Fazzi,LM,1.2188022434783614,0.8979226361296666
R. Cepeda,CM,0.7887768945929903,0.9685348319626927
E. Zaldívar,CM,0.9896334688440791,-0.935360528456675
Zhu Jianrong,ST,0.2632436077273638,-0.17497865926610578
M. Chacón,LCM,1.3572366512986385,0.3519068759260992
S. Londoño,GK,-4.326817596898571,-0.5447111015077801
S. Luna,RB,1.0988501603863194,0.48830391536678264
N. Mason,RB,0.5050991733678215,0.8420335796247611
S. Skytte,CM,1.1609478768662926,1.0705417238678068
K. Madu,LB,1.21531152051696,0.5227670573367863
G. Ruggiero,CDM,0.3567017172361121,1.2520279309203979
M. Legittimo,LCB,0.6946480339118862,0.8990553544677985
F. Assmann,GK,-4.948249753303159,-0.5610964015685704
C. Mueller,RM,-0.16955465708443787,-2.366841066960269
Willy,ST,-0.4918221084492735,-2.0992076627386496
P. Owusu,ST,-0.05387423794632371,-0.78756512157443
L. Diaby Fadiga,ST,-0.3083031018455637,-1.8825778784257963
H. Hansen,CB,-0.9218673102744807,2.417530679512358
R. Hayasaka,LCM,-0.15018083013326325,-1.2324204385091415
E. Lomotey,CDM,0.37915097765385325,1.6143866623790482
J. Marimón,CDM,1.1139914023990576,1.1278730049173717
Jiang Tao,RB,0.7359364277669603,1.2178547536151203
F. Bechtholdt,CDM,0.9066912558149777,0.9145543978607332
P. Salomon,LCM,1.0851649226684652,0.6520046118384261
A. Fukuta,RAM,1.150917491011218,0.045928474255038224
A. Carleton,LM,0.05824890784344994,-1.8786708567491226
Martínez,LCB,-0.2547732670000794,1.7518809769603045
Pablo Vázquez,CB,-1.1918987796541438,2.280637661559562
K. Michael,RCM,0.83596719561462,-0.8234373484335369
Rong Hao,LB,1.1859693736067116,0.5817659672192209
J. Szmatu?a,GK,-5.371006824791253,0.43083241947518036
J. Ward,RM,0.33434932189509964,-1.8673646852561872
M. Perdiji?,GK,-4.392892003892342,0.48434008614690066
Z. Gordon,RCB,0.7113945230707617,1.0789005949770556
J. Mendy,ST,-0.07946638931844778,-2.0456354713662304
T. Nishimura,CF,0.158664133504031,-2.166061061852533
André Sousa,LB,0.6113367731481233,0.46319336550111245
J. Amon,LW,0.38781174700036114,-2.184388295021663
A. Parmak,LM,0.18493484377814065,-1.8014603789638757
C. Gustafsson,RDM,1.421451452671273,0.2779844476833721
J. Bowery,RS,0.42282225267442053,-1.4340204078547678
Zhao Honglue,LB,0.6447968467461922,0.9711226921393945
J. Arvidsson,LB,0.5978131121627782,1.046462268428034
K. Abazaj,RW,0.25082277914659523,-1.9238729072733922
Cidinho,CAM,0.26354453649930254,-2.113725626575852
Marcelo Freitas,CM,1.1145913618561452,0.1788230226128368
B. Jopek,CM,0.8829309321972918,-0.5322256709402475
A. Masuyama,RW,-0.3589250230804327,-2.2205186584788557
F. Flecker,RM,0.33595850579167746,-2.3352061382034917
M. Zimmer,CAM,0.02298794272958095,-1.6605848774397165
K. Furuhashi,ST,0.0008090969256321958,-2.4227678333752727
M. Dembélé,ST,-0.6193194583901984,-2.3913870783434623
L. Geertruida,CB,0.5881782522336919,1.0007096812637262
Julen López,CB,-0.8857719731713057,2.14040406064439
S. Svarnas,CB,-0.5232757074380677,1.2649318325121046
K. Bryan,CB,0.6431390597710567,0.9249568780933345
Joaninho Chagas,CAM,-0.08335944267358293,-0.06856546188151401
P. Schmidt,ST,-0.5327283443728932,-2.553953097452717
N. Schiappacasse,LM,-0.20325821440985764,-2.3054079261201665
L. Ainsworth,RM,-0.24590430313213016,-2.8907224245879957
M. Ellingsen,CM,0.5922511681213295,0.042733952105135455
S. Mamba,RS,0.3290404119290662,-1.9239970291826094
R. Marquez,CB,0.18132240837713304,1.3678582426129389
I. Çipe,GK,-5.080264796062958,-0.29088758871482673
T. Knöll,ST,-0.6725670774718945,-1.6100198176323122
P. Prosenik,ST,-0.2019030507230991,-0.6564862366596657
E. Galekovic,GK,-4.260639319360726,0.3254501864241638
L. Schnellbacher,ST,0.41957433420238704,-2.4816052460804094
Sergio López,RB,0.8535664296424297,-0.3543597620498669
J. Bond,GK,-4.398370424935765,0.3452319744412804
Q. Braat,GK,-5.691837258233909,0.264919205469625
C. Romero,CB,-0.3384399884425973,2.1784534465263086
Mairdel Sampaio,CAM,-0.10760506363207431,-1.3554386591784597
A. Absalem,LB,0.1612561404928901,0.615229176045174
Lee Yun Pyo,LCB,-0.7618750048968661,1.5604207780495314
H. Akpan,CM,1.575880881526425,0.9450829875447878
J. Faucher,ST,0.008718160619672058,-1.8684149033271795
P. Wiegers,GK,-4.893414430965542,0.39822545845044655
J. Cano,LM,0.1494222096581687,-1.666819148819132
J. Cortizo,LW,0.697090500370553,-1.0465576551570086
P. Breitkreuz,ST,-0.8749760277241523,-1.3917468529566412
K. Rendón,CM,1.3422517069740982,0.13277618366051147
M. Lüftner,CB,-0.874161025399242,2.178453459786658
J. Mårtensson,RCM,1.2377121749216664,0.8897467381992339
A. Bernede,CAM,0.05559199076192322,-0.36855549245606556
R. Iio,RM,0.550145915692733,-1.0142343800983227
A. Zamora,CB,-0.17786910167383613,1.0567917015954158
S. Rudol,CB,0.4087064437085655,1.4211330850071358
S. Tanabe,LM,0.8142607964001709,-0.3799749140527608
J. Clarke,RB,1.4917384776399094,0.1873971778554075
D. Hofbauer,CM,1.1965020543010743,0.20172153167244766
M. Cebula,CAM,1.0861142306479854,-0.528607211231899
K. Baccus,CDM,0.8436619827163455,0.7824581310760105
K. ?widerski,ST,0.12272555322235969,-0.9599816539084903
Romera,RB,0.11478149923632995,0.2575441172372329
G. Álvarez,ST,-0.49104384517378424,-1.5401500522654508
M. Meilinger,RM,0.21777768659024702,-1.5405845409913685
M. Wieteska,CB,-0.25908065894877536,1.6214340671194964
Allef,ST,-0.4624821287045143,-1.8864376772858444
L. Gonnelli,CB,-0.8531520780997532,2.195476934500318
Y. Demoncy,CDM,0.8209919389927406,0.5181879298045696
N. Knight-Percival,LCB,0.080094229317373,1.8405036591679718
R. Allen,RB,0.6904749266194092,1.3072661756878194
Bruno Silva,LB,0.32054295553750145,1.168448929738686
D. Peri?,CB,-1.393753428262936,2.4533120215905195
G. Martínez,ST,-0.014998872917573743,-1.7459209334019337
Cho Suk Jae,ST,0.07690288540275363,-1.9747245232733095
J. García,RCB,-1.4671499272548847,2.6330335828035976
F. Hormazábal,RW,0.7393463546289119,-1.2757732982907566
D. Perquis,CB,0.3867689774063432,1.5624760311496764
S. Piesinger,CDM,0.4612583220850544,1.5377965173715633
F. Woodman,GK,-4.489800774316343,-0.19867775368225676
T. Amang,ST,0.35214915505346933,-0.9550495431947678
H. Delbridge,LCB,-0.024744442949186485,1.820681568144937
M. Pedersen,RCB,-0.1096720130515473,1.7423030632350052
C. Smith,CAM,0.3116033807647382,-1.7624624761538161
C. Nielsen,CM,1.4072864107565903,0.06721935939030167
Z. Sanogo,CF,0.41271585367837216,-2.5239752600754355
H. Weigelt,CB,-0.8197557680500484,1.9550523707330756
Kim Soo Beom,LB,1.0479160475274356,0.20647693825790694
A. Gilliead,LM,0.2031540048379036,-1.9400537604132788
J. Aigner,ST,-1.9336793215630739,-0.6827091027414594
P. Ceccaroni,CB,0.014980082532472343,1.1118222557327513
O. Aydo?an,CAM,-0.6170877713127797,-2.4619254243917466
Hong Jeong Un,LCB,0.004170836761528906,1.915470575606611
M. Soisalo,RM,-0.3824301023765051,-2.0268793991429854
G. Loiacono,CB,0.1885524104073917,1.3914450866962307
J. Aguirre,LCB,0.3707782224964698,1.3797107613699497
Tiago Marques,ST,-0.6421396403938687,-1.9017679152276852
M. Pietrowski,LB,0.8868368618673346,1.2809456657535367
J. Laursen,LWB,1.1132161165411623,0.5277543685834226
A. Tanaka,CAM,0.9254123709725811,-0.5549216471209131
J. Goitia,RB,-0.06400066245816846,1.376899474765829
J. Thiaré,ST,-0.2320710082147668,-2.3904610777859725
A. Monsecour,CB,0.01177065815104481,1.3131734783547266
D. Niepsuj,RB,0.5402095111049952,0.8427951988297415
F. Henríquez,CDM,1.38882014712815,0.5964036088120728
Lucas França,GK,-4.646496172687208,0.40880450759336656
F. Kastrati,ST,0.9394727243251553,-0.9071036674925408
M. Janzer,LM,0.5688622205528984,-0.4853927302216121
B. Uaferro,RCB,-0.6067464946172451,1.6832523270448572
M. Uhre,ST,0.16934358234527422,-1.4608994120995247
A. Stølås,LB,1.499664435744668,0.1185839671455378
S. Mallan,LCM,1.0784602059398067,-0.11162781823577628
S. Roa,RB,0.512062752469584,0.8294285785812231
Cho Sung Hwan,CB,-1.7333929103728645,1.6299983607066821
M. Heinloth,RB,0.4778817372207575,1.2312020450160102
K. Fisher,CB,-0.4896368362327202,1.69875968633301
A. Aremu,RCM,1.4066257293631066,0.44660056163387485
A. Fein,LDM,0.45197622493802525,0.9257547871263263
R. Bowman,ST,0.30722170876027943,-0.8241150309262667
N. Karger,LW,0.8211709685238147,-0.9215090272651374
A. Cicâld?u,CM,1.4634448665421151,0.8045193958920247
D. Osei Yaw,RW,0.3163511783596161,-1.8956088515530714
M. Naderi,LB,-0.2615299188181128,2.245697172857708
K. Dobras,LM,0.40039384741953155,-1.0514300174702005
I. Faraj,RM,-0.49414645109392474,-2.5149996348398993
C. Mallace,CDM,0.26483401110491966,1.603448232540945
D. Serna,CAM,-0.043946806374152055,-2.3449250854412167
C. Nöthe,LM,-0.3332863119936442,-1.5490586995475966
J. Allansson,CM,0.38645991109749583,0.34053131321640323
Han Kook Young,CM,1.3076681828566603,1.4450812272200815
N. Tripichio,RB,0.6260295799243413,0.6942898079162875
A. Walkes,RB,0.821363349413445,1.1754587610950804
A. Dozzell,CM,0.5576631676286593,-1.4527839912354024
Kim Dong Suk,CM,0.9916808864009475,-0.9031063769027557
C. Masuda,CDM,0.402456205329229,0.37390353648149194
G. Kongshavn,GK,-6.1756743467797195,0.23141971084647112
S. Neville,RB,0.4153057249474704,1.708105643380305
R. Raveloson,CB,1.0625592398199684,0.13563537237856932
T. Kadewere,ST,0.7404971722496281,-1.3385349073492583
T. Dieng,CAM,0.45413206968391345,1.614475618616661
O. Atasayar,LB,0.08044461997568066,0.6555342212531172
C. Tilt,LCB,-0.6741198739790492,1.9565804489043823
Álex Centelles,LB,0.973560360107343,0.3778961270826706
R. Jackson,RB,1.590444122861213,0.3581107017691159
V. Milke,CB,-0.04866109487984703,1.5467052120797204
C. Rojas,CB,-0.02377453376112718,1.5197098623948666
Steven Prieto,ST,-0.4254453987924076,-1.3642885874765143
Ko Seul Ki,RCM,0.6766676940822144,0.39716711234301527
M. Campos,LM,1.2144665628136673,-0.1688682076176603
G. Rivas,CM,0.7489073220850421,-0.21841131813807846
Pep Biel,CM,0.9750738217716081,-0.025142452847605627
D. Cornelius,CB,-0.6963747724799687,1.8539472411446796
F. Darwish,RB,1.5284957101552124,0.3265386536510002
R. Arciero,RB,0.4724531534711617,1.2055299049342323
A. Pinamonti,ST,-1.1695338388802736,-1.8146372308894383
L. Luna,CDM,1.0566044014791058,1.0557353854053269
B. Evans,CB,0.5962271229302551,0.511939549783387
J. O'Sullivan,RM,0.9819206393959323,0.18738217989267084
P. Schorr,LM,0.702155849823074,0.806812722674948
Kim Shin,ST,-0.4356297535998495,-1.2472800448470038
B. Touré,CM,0.4652889336639076,-0.8153818094446975
R. Sweeney,LCB,0.08848317285190659,1.7239518448974125
E. Zambataro,LB,0.6475140073167542,-0.01825461041553888
N. Rasskazov,RB,0.42803781065797464,0.49025109208398415
F. Piovaccari,ST,-0.7406670688239639,0.04663246601222214
A. Lomovitskiy,RM,-0.16689733329500447,-1.745852719676563
Shin Kwang Hoon,RB,0.8555795435757646,0.6397686782776951
M. Kuttin,GK,-5.040314494032032,0.4353158940644909
K. Pallesen,RB,0.8940486217346009,0.7455410119917775
O. Álvarez,ST,-0.2900069387218396,-1.9889220875626525
B. Straetman,LM,0.041008080102860264,-2.1748431601577645
G. Middleton,LW,-0.09611396088421865,-2.2674902898085545
J. Eskesen,LCM,0.927699250013667,-0.266844244489314
Guillem Jaime,RW,0.7199609315151584,-0.49018769055589057
R. Ranftl,RM,1.0254298096684014,0.30452257072469485
J. Grant,LM,0.12506063535825107,-1.4597194763989858
M. Y?ld?r?m,LDM,0.8318907338035951,0.45951347063505193
M. Ingebrigtsen,RS,0.6256797399231258,-1.373787560541964
N. Bertocchi,CM,0.6743767404013898,0.9614312844016512
A. Camigliano,CB,-1.9880758078641125,2.439357547425948
U. Saltnes,LCM,1.3902974521391465,0.5136536049383666
I. Harkes,CM,0.9786798425196118,0.13301268606113592
D. Kelly,ST,-0.8463585886122119,-2.6380777035160183
José González,CM,0.49197564631440766,0.08790725191948341
C. Dikamona,RCB,0.08199589162405059,2.197735655567017
J. Maurer,GK,-4.925025321448296,0.3134728360312922
A. Morgan,LB,0.8039153386139735,0.3671751901432813
C. Lustenberger,LB,0.6856369714294452,1.2374598636690195
M. Ngombo,RS,-0.5068864105851163,-1.9749201986229747
J. Ibarra,CM,0.5398114154697025,0.7210190540761339
F. Affolter,CB,0.4779045849224904,1.1342973998747117
J. Chancellor,RCB,-1.2065430925867622,2.431955793175521
L. Mai,CB,-0.7783836856567344,2.207713001268085
P. Jerez,LB,0.0305096497750414,0.35642804146243356
A. Al Bishi,RM,0.41350085458212676,-1.634121056668542
D. Watts,RDM,0.5688670739267307,-0.772965597819944
S. Reyes,LW,-0.3263667683869495,-2.4262774472517394
M. Vitale,CM,0.2839783922960408,0.21917275043974366
M. Seegert,CB,-0.0356040373635544,1.4954252650752926
D. Lewington,LWB,0.04404901706104243,2.2602401630714857
Fran García,LB,0.5797018522474515,-0.3171449631533141
G. Mebrahtu,ST,0.19297325566410004,-2.4323003910925625
A. Ponce,ST,-0.5309599867981246,-2.0356182605100663
V. Screciu,CDM,0.6328602271944332,1.8858012356227138
Mika,LW,-0.2981503845060036,-2.6682810863488484
D. Massey,LB,0.9155779474544629,0.9215662694336729
M. O'Hara,CM,1.4203320141445235,0.12786507294593263
J. Augustinsson,LB,0.9280710861608923,0.8455292532201895
L. Pérez,CDM,1.0714042794135905,0.4448992846737359
Gerard Oliva,ST,-0.0779383132288842,-0.5540709461173629
J. Hamilton,GK,-4.703171610643292,-0.3751495911817278
L. McGee,GK,-5.003758877782541,-0.3228640939721322
T. Alfaro,CB,-0.4545140139574109,1.6809037751986173
M. Wagner,CAM,0.12778268336936024,-2.005036265635338
A. Awaji,LM,0.8186704748267959,-1.8557891222840093
M. ?osi?,CB,-0.2731359945677049,2.0788544756790155
D. McNeil,LM,0.2436553495626896,-1.4305333686969344
P. Charruau,GK,-5.010895287483262,0.8631299183266157
S. Sarr,CM,1.5850960162372396,1.1589675510792645
T. Pearce,LB,0.9282376208568016,0.47966110238017895
T. Oakley-Boothe,CM,0.8366415807584003,0.5839678062780507
S. Ichazo,GK,-4.471002792739177,0.3404036482287285
D. Daniels,RCB,-0.7337675721587273,1.8217961603215012
A. Ariano,CB,-0.8356898016695176,1.6031858857734438
B. Kallman,LCB,0.03626837976024046,1.9520034224885037
D. Lovren,RM,-0.3707656588023718,-2.4851860301962243
Li Wei,CDM,0.8410190765763765,0.654968182563387
H. Silva,CB,0.04740949641795952,1.2555948273457687
K. Coulibaly,LW,0.47194137304412265,-0.4115880814138568
J. Deminguet,CM,0.8535569558238545,0.17729908835175048
J. Mellis,RCM,0.4603375733195133,-0.028991025487036685
S. Demhasaj,ST,-1.2062716527813913,-2.070580498054294
M. Di Piazza,ST,-0.05396624962064138,-2.402594919808075
B. Fernández,ST,-1.2921385096483267,-1.7873084694991077
S. Binakaj,RM,1.2029092494018678,0.15137732078753904
Zhou Haibin,CDM,0.5503608286020404,0.5493642638740617
S. Leyton,CM,1.3110574750158956,0.7110105893362461
C. Dagba,RB,0.4494018307709104,0.09720997453553869
P. Müller,RM,-0.0035297065656840648,-2.043797380204846
I. Juki?,LM,0.16392043389551259,-2.33907280600168
K. Zohi,ST,-0.07066843064599476,-2.7917657884443297
S. Jombati,RCB,0.6496844283938263,1.4889780907714572
J. Cox,ST,-1.514878056420919,-0.9318990472516457
S. Salinas,LB,1.3229140322564914,-0.19855313601246743
D. Parra,CB,-0.025001911468401035,1.3370908429411406
Leonardo Freijão,CDM,-0.6178879390032779,1.8168244803303286
D. Powell,LM,0.8252257692496702,-1.7311260872136642
D. Potts,LB,1.0424647895171508,0.5810967700712425
J. Vidovi?,RCB,-1.9332824343829311,2.4894731756376083
O. Sowunmi,RCB,-0.07273064215381732,2.2500456070927752
J. Bertilsson,RW,0.2019548804735295,-1.4426481229376849
J. Bachmann,RDM,0.24494939759634854,1.7444471008991433
P. Heerwagen,GK,-5.175271638035354,0.40906870675250667
B. McNamee,CAM,0.83028544506346,-0.8997485425669782
J. Aspropotamitis,CB,-0.4232027606431175,2.3149945884726684
M. Pal?i?,RB,0.6054181202859333,0.8763844485335267
M. Risti?,LB,0.8937450593377647,-0.04075744411715287
N. Tyson,LW,0.8154160239429498,-1.4702237837520706
S. Al Qumayzi,RB,1.1631060276307539,0.9173703581321364
C. Agnelli,CM,0.39741984499286237,0.47325793362820506
Lee Sang Heon,CF,0.5297900447332744,-1.1381017186036138
B. Bronico,LDM,0.8163164301804713,-0.7667700978301616
M. Okugawa,RM,0.11030367200128983,-1.949913289713401
T. Obadeyi,LM,0.6182737481633199,-1.5277747793316683
A. Guira,CDM,1.416676207966337,1.1927739008445215
Liu Jian,CB,-0.24429128565968342,1.0659223739128534
C. Wighton,ST,0.1422065865402839,-2.5278870564018634
Y. Segawa,RS,0.3514531647340989,-2.180483996545814
K. Chinen,CF,-0.3426729350848331,-2.3358266223823128
I. Abass,LW,0.24589177344973928,-1.9203221812739233
J. Stacey,RB,1.1288072897019796,0.3844167992065368
M. Aebischer,CM,0.9446323327211024,-0.23624303094114713
S. Rakowitz,RM,-0.29755769947669686,-2.5634843580159274
Diego Alende,CB,-1.1477824475347107,1.7720954796944735
S. Clare,CAM,0.21427071598045783,-0.8213544157216272
M. Exslager,ST,-0.18303340700710113,-0.6373449424056997
A. Noppert,GK,-4.2879327845275785,-0.09354852492770312
Hu Yanqiang,CM,1.3149776908405386,-1.133824019163949
N. Gil,LB,0.12751607862776046,1.2541872979261683
A. Wordsworth,CM,0.9660756858428734,-0.2936352514122569
Andújar,CB,-0.7705619342045283,2.03597555831914
P. Koch,RB,0.6235503717627309,0.9055271671130721
G. Puel,RB,0.4039700114403189,0.8241955665136901
G. Francomb,RM,0.8916160916526512,0.25989264417349905
D. McMillan,ST,-0.2898523796533459,-1.5954130597350158
A. Flores,CM,1.065744514048851,-0.6359774850219578
K. Anderson,RW,-0.27049660880718196,-2.7981215624494653
V. De Marco,CB,0.15720306381808188,1.680542586208899
Z. Erkilinc,LW,-0.13338176513567987,-2.2016646275596323
Jiang Liang,RB,1.128110505834504,1.1373145170960473
U. Meras,LB,0.6062578540490764,0.716403720267545
E. Johansen,GK,-5.194881654843404,0.2484990196836901
O. Threlkeld,RB,0.9150500796560544,0.834599758517833
T. Anderson,RCB,-1.2291182765215065,2.3461908874707893
F. Moufi,RB,0.5444116759736017,1.117409599448094
R. Williams,CB,-0.41109766482757826,0.9811303289257871
Carlitos,CAM,-0.6760447755070011,-2.0509573719711063
E. Iñíguez,RB,-0.00028873010880015406,0.8878527745404529
B. Hušidi?,CM,0.09836306806193312,0.7549978622821832
S. Longstaff,CM,0.7553649423883656,-0.3566820524432433
C. Sammon,ST,0.5967741647156439,0.11223436597339088
M. Wolfram,RM,0.44849391216383927,-1.229913623025449
M. Faško,CDM,1.3452312505308213,-0.28319629223377274
O. Fane,CDM,1.2435077809958746,1.4934710758383172
Xesc Regis,ST,-0.944549136033583,-2.082594119669411
Lu Lin,LM,0.3231725079448319,-0.8900709090265146
F. Markovi?,RM,0.6813623107868728,-0.6652795726111118
F. Rawson,RCB,-0.6556178087347628,2.188947459562538
M. Dauda,CF,0.10789783052265908,-2.5673373606299856
K. Ward,CAM,0.721931509229609,-0.8666127462976891
L. Hägg-Johansson,GK,-4.65334536671148,0.07676034278858629
M. Pinto,LB,0.5107913821558808,0.44415346176243753
Song Si Woo,RM,-0.16909434308848312,-1.5691812414548854
M. Halsti,LCB,-0.3092215360560266,1.5995369892737898
Viti,RM,0.36042698886501134,-2.193540878788494
E. Jónsson,RCM,0.04600898555536917,1.7693168819970508
A. Deiola,CM,1.0361320517138224,0.4810515270835935
Adrián Rocheira,CDM,-0.6605333327618865,2.422498103465665
J. Bourdouxhe,LB,0.991499190358981,-0.27030856180297347
N. Cameron,CB,-0.8426506539635288,1.7652741680730255
O. Mandanda,GK,-6.184845482135927,0.23751865120897817
P. Madden,ST,0.36775042245059214,-1.152370161816344
V. Jalasto,RB,0.33437954748392856,1.4742777412121153
C. Cuesta,CB,0.4263745102707302,1.4758108738556481
T. Kubo,CAM,0.668886823667946,-2.0165522535677414
B. Toma,CDM,0.7252099215670266,0.13629089534292385
E. Doyle,ST,0.13142696489453515,-1.8746664578060859
J. Nilsson,LCB,-0.42773045196702775,1.6716235830794661
B. Chardonnet,CB,0.19393937492247046,1.511835669047758
D. Konstantopoulos,GK,-5.289405837259227,-0.10084405639156452
W. Geubbels,ST,-0.3012775009589466,-2.3581508298126326
L. Quezada,LM,0.28719786733537345,-0.9012591436993065
R. Sánchez,GK,-4.578134404708648,0.14978336577449544
F. Lanzillotta,GK,-5.6246650827695905,-0.031227976323019158
A. Moreno,RB,0.443187671510628,1.1761069322562394
Vagnão Junior,ST,0.20518625893932957,-2.3621669244216057
C. Greger,LCB,-1.324082056322106,2.4097554438287943
M. Salem,LCB,-1.1551542498993628,2.3325297177967146
K. Alphonse,CDM,0.6973321473596223,0.9253630222456526
J. Tosik,CDM,-0.1075153041847966,1.6437247720215895
S. Wharton,CB,-0.059109389902115526,1.4664661924963482
A. Sigurðsson,CF,1.0277730732907546,-1.054000038502082
J. Welzmüller,CB,-1.0389365272502677,2.3923885538526557
N. Ferraresi,CB,-0.6679206933126822,2.0873506429234165
O. Kiomourtzoglou,CDM,0.5349027757349134,1.6436196586545315
P. Taylor,CAM,0.24513601662003937,-1.916686584739871
P. Keita,CDM,0.5263470639998562,1.7260822830267926
M. Leitgeb,CM,0.5931656908230167,0.9823412988597117
N. Tapia,LM,1.5272863163599468,-0.6585296335294183
T. D'Orazio,LM,1.2463295731171604,-0.5282249470637843
I. Marconi,CB,-0.6791256790428067,1.7294559004899137
L. Martínez,CM,0.3740925306992093,1.2814036398209898
A. Al Shammari,CB,0.10266966990771295,1.4374319082454916
T. James,RB,1.0503012019248958,0.6787374079423605
B. Vécsei,CM,0.2008292407377572,-0.2731162635121978
J. Dehm,RB,1.138654842125398,-0.09135197227653388
M. Caufriez,CB,-0.7064673597098013,2.2550710450906477
C. Rivera,LDM,0.8671103238643804,0.6795800790266929
D. Gray,RB,0.7972351364118676,0.8152184881707014
Ricardo Rodrigues,ST,-0.12832364207529484,-1.7838523560204247
K. Shirai,LM,0.18797594535021125,-2.0231734248327338
J. Jønsson,LDM,0.8825848402005281,1.2573403824938187
L. López,GK,-4.451192075346265,0.06982140519278547
G. Prósperi,RB,-0.03623889642546047,1.028732466283875
F. Burmeister,CB,-0.3465323484112203,1.621208396328783
K. Yeboah,LM,-0.023937976324018773,-2.2623742630362167
M. Wdowiak,LM,0.6876199927260761,-1.5565907591350392
F. Cristaldo,CDM,1.2076708990082985,0.24152530577778028
P. Karlsson Lagemyr,RW,-1.1759769372581423,-3.3438273603396613
M. Dräger,RB,1.174369986853293,-0.31214184403291884
M. Quiroga,ST,-1.1641417247390493,-0.482654801015258
K. Rimane,CB,-0.06545556931806572,1.292402750041287
F. Hurtado,GK,-4.657861440728664,-0.18097539267044765
J. Hromada,CDM,0.8460212178627468,0.36845019004181506
R. Brown,RM,0.9649613829867997,-0.4788249053354868
Iuliano Alfaro,ST,-0.466147504389036,-2.059481027497932
C. Burgess,CB,-0.32551580881518816,2.010450607666874
D. Olsen,CM,0.3830141985783005,-0.8990588434555818
E. Pinnock,RCB,0.09825350969175087,1.6258675293769116
R. Quiñonez,GK,-4.588109451714883,-0.2245599260520449
B. Jamieson IV,ST,0.1911005611308357,-2.040862682549084
D. Payne,RB,0.6279217691209965,0.8330447569513403
J. Lillis,GK,-4.3485402259627755,0.4848212872181072
T. Chahed,RW,0.028289886418345626,-2.1356769606659256
G. Warren,LCB,-0.3375985995044808,1.724264664755521
M. Özy?ld?r?m,CB,-0.09206740410345779,1.539646049179466
I. Boonen,LW,-0.3132571501709926,-2.0509348008882498
F. Torres,LCB,-0.2089025366045588,1.6962682594098508
M. Kirkeskov,LB,0.9364710277421868,1.0188662098401406
Y. Kobayashi,LCM,0.7369160708204933,1.6841290396218247
L. Gómez,RM,1.152254809566212,-0.5857304513256869
A. Bruno,CM,-0.12189626530689013,1.6581140041304363
M. Biskupovi?,CB,-1.1077734952316807,2.714674391104702
P. Leciejewski,GK,-4.56478020518008,0.45937558551033425
N. Gulan,LB,0.5337792771522395,0.7718651984195557
A. Askar,RB,1.138649845987972,-1.153994721616858
F. Schiller,CB,-1.5017342015845465,2.4163944967861823
F. Herzenbruch,LB,0.3707478014730515,2.1043354612690925
S. Pinas,CB,0.7197833218113493,0.8040085211523879
D. Myrestam,LCB,0.8362965924664455,1.1650433912932947
Lee Ji Nam,CB,-0.9428341686586883,1.818448677677493
A. Al Kassar,GK,-4.704758498795261,-0.10094946145117435
J. Rivas,CB,-1.345648003397485,2.59970198901096
K. Fickentscher,GK,-4.828070351227587,-0.89878873661607
R. Allsop,GK,-4.316775350629634,0.24498205150711394
B. Murphy,GK,-5.445738674166422,-0.3182837974189902
Y. Otubanjo,ST,-0.2134378047288332,-2.3714470318497423
K. Mensah,ST,0.5374474658311602,-1.890811256700734
S. Bösel,RDM,1.2350753170547442,0.35612641327589345
S. Schiek,LB,1.2789643057982447,0.6225875026831279
M. Cortés,LDM,-0.1211446236121025,-0.8267290119419667
Jean Carlos,LM,-0.4030152346393541,-0.9989770896541771
O. Kurt,CM,0.8020168575348631,-0.2065886841445345
C. Psyché,CB,-0.8003128816770199,1.9402274695332724
Q. Lecoeuche,LB,0.7651057666791616,0.27194518888361313
Juli Morrinhos,CAM,-0.5162435296062771,-1.1385127041518672
P. Bürger,ST,-0.05399775020346418,-0.42120575343416955
S. Glarner,RB,0.9967138742105707,0.724595089408982
F. Tchenkoua,LM,0.644162952701538,-0.9251253587689889
L. Jensen,RM,0.1423613400800635,-2.0085244839616743
A. Adam,ST,-0.18689091759684154,-2.305356622065356
M. Laurent,CAM,0.08743958691601288,-1.2740134947603337
N. Belvito,ST,-0.5970795004789357,-0.9037734944628283
Alex Rodríguez,CM,0.7913983526555987,0.7225931888542296
T. Holmes-Dennis,LB,0.7812550053525241,0.5352748533406602
J. Ertlthaler,CAM,-0.1917188599350392,-2.162117958021483
M. Thurnwald,RB,1.2574246217381424,-0.0011529968428785403
A. Melgalvis,RM,1.2725760779018065,0.22441908701021152
A. Busin,RW,-0.24671601460551199,-2.4660175323895897
N. Giménez,CM,1.4576131695747219,0.10129635853084534
J. Báez,LW,-0.6543479998143573,-2.598101769786318
F. Ünver,CB,-0.9081499050017087,1.7306507059906282
Pascu,CM,0.5017725589482639,-0.476818230736637
M. Qasem,LB,1.2971256150361907,0.3524709991349312
M. Poaty,LB,0.8568352402066813,0.49150044874431376
N. Jambor,CM,0.9958739332172876,0.9809061224158101
K. Eisele,GK,-6.101897766804957,0.8802486033954753
Hong Jung Nam,GK,-5.084456668313503,0.20636196539170554
D. González,CB,-0.8021734401446672,2.6896775212218147
Mayoral,RM,0.06019312583847266,-2.599303047157228
J. Todibo,CB,0.2249366610883788,1.066256413923024
A. Madu,CB,-0.9434612173644252,2.5615332706630345
Edu Frias,GK,-6.080865342409396,0.2641377218498837
J. Gundersen,LCB,-0.23468125407537013,1.373822910912778
N. Landgraf,LCB,0.4506060596107153,0.9702901718808893
T. Müller,GK,-5.218841850777663,0.46588264090806086
W. Bianda,CB,-0.4617637838577445,1.538572185955619
J. Al-Hazaimeh,LB,0.7071708343776414,1.216367731214667
T. Ogihara,CM,0.882298638855137,1.1006989500617044
T. Campbell,ST,0.11853625478001506,-1.2002652168365844
K. Mazek,RM,0.09598763664505962,-2.300446388067102
M. Suzuki,ST,-0.7864968059773381,-2.1990569022032074
E. Smith Rowe,LW,-0.0005652281493633353,-2.402356707097382
T. Al Ammar,CM,0.9474864370052887,-0.09695842234327681
M. Amundsen,RCB,0.4676383377165174,1.2304811950204897
Dêniro Prestes,ST,-0.894529268329009,-0.8182408915822128
A. Tarbell,GK,-5.731678169328839,0.16112711165577884
S. Hughes,CB,-1.2382382861701184,1.7184107840182103
O. Skipp,CDM,0.889032243917606,0.7622902645626323
G. Alanís,LCM,0.49861110363212635,-0.22485640273279225
J. Yaro,CB,0.5414466832493667,0.9579036476044464
H. Traorè,CAM,0.035804180427413373,-1.3061155390895338
M. Sarr,CB,0.3200708114297322,0.7929798193443728
T. Yonemoto,RDM,1.307154411374433,0.7452952041010238
M. Wachs,LB,1.3946387632224233,0.15183577870530138
K. Dennis,ST,0.15702729016219183,-0.6343933979092271
A. Borgmann,LB,0.6099954505919561,0.9358051775583756
J. Sierra,RDM,0.8585041246575754,-0.6614237775992496
Jung Da Hwon,LB,0.86642101981668,0.9021902142219919
M. Schulze,RB,0.9078024257293502,0.7034273053725018
T. Lee,CF,0.17942291915123249,-0.5475831711568769
G. Scamacca,ST,-0.6554119749986621,-1.3743253705317782
P. Dimitriadis,CM,0.9647542050822272,1.0708155998571418
Du Wei,CB,-0.7685438213692258,1.6553017356271
M. Thiede,RB,0.8541631569018701,0.0785197112798705
J. Bartkowski,RB,0.8174938452635039,0.6418245605574338
M. Mirahmetjan,RCM,1.1852415460004244,0.204527698368877
L. Vaca,ST,-0.27578150641245275,-2.606027883584469
J. Galeano,LCM,0.4021385064750765,0.6961665801217903
Luis Muñoz,CB,-1.0422481745937686,2.3080748336730146
H. Wright,ST,-0.5306073446739996,-1.5619965929762105
Borja Llarena,ST,-0.21037110141038234,-2.429418674380175
H. Lingani,CB,-0.5346719727218505,2.089593166765372
G. Torromino,LW,0.1916479719067315,-1.795727736756534
M. Huber,CB,-1.0764949850039045,2.376364162337277
R. Seigers,CB,-0.4632876298954594,1.893304806543495
J. Serrano,LB,0.16423653257170587,0.6137334471402078
T. Holý,GK,-5.365905086150236,0.23348078040372997
C. Johnson,RB,0.9925392134252037,0.8474863543658971
A. Al Khaibari,LDM,0.6366301547780159,1.2409898484837447
I. Savane,LB,0.8891100315258379,0.7888528584150896
Roberto López,CAM,-1.0028789819906432,-2.96891599839815
J. Proctor,ST,0.17391000052019948,-0.8938440446946032
B. Vandenbussche,GK,-5.251174812199756,0.7141505035744423
J. Wright,CB,-0.5454739515906651,1.897030456927362
S. Gregersen,CB,-0.5560586227846007,1.5593598750814903
Kim Jungya,CB,-0.22938844709711897,1.7562338412456047
E. Banda,CAM,-0.09407710816214661,-1.0581881929617203
M. Karlsen,ST,-0.06724681809421702,-0.19555586840600478
F. Jensen,CM,0.6972574617532021,1.0663061498117923
D. Stec,RB,0.7245321726081688,0.08417924102599617
H. Mahou,RW,-0.1906386270518634,-1.9146161091063432
J. Sargent,ST,0.3749475914038387,-1.6565569476605302
O. Kanté,LCB,-0.8158383559362221,1.8652839992801913
Yang Xu,ST,-0.6657270977702193,-1.0988824949794216
H. Mascorro,LM,0.994326830741173,-0.8527759252480084
M. Maouche,CM,1.1753188133336303,0.455072570199633
M. Al Fehaid,LDM,1.163363972302738,0.9982281172460237
Mi Haolun,LB,1.2417697560461267,-0.033695478074404865
M. Ambichl,CM,0.5908662541513088,0.5120744814241466
Jauregi,ST,-0.9178996879598208,-1.8273675457470822
J. Mitchell,GK,-4.087850426160867,0.41135576472247054
Hui Jiakang,LW,0.8182462600461439,-1.077269808096692
V. Selimovi?,CB,-0.6741093157810544,1.950979436932705
T. Cywka,CDM,1.4475442315752576,0.40425327948790296
J. Rask,GK,-5.411957998534116,0.7006681522154081
C. Shaughnessy,CB,0.3789717910714776,1.2813485817787407
Luis Rioja,LM,-0.20857618658880578,-2.5455784279159697
R. Meléndez,CAM,0.1539744884738592,-1.0623074106616968
J. Valencia,GK,-4.281558402807992,-0.20081515566701652
Wang Shangyuan,CM,1.6066671093755078,0.5763127049859909
N. Bishop,LCM,1.2047044885657436,1.1032387154347567
R. Jaadi,LW,0.2804462277241335,-1.4182733458936705
A. Mandrea,GK,-4.476582322576815,-0.02489999258343335
E. Smith,CDM,0.9239772438392992,0.7576384194175814
C. Timite,ST,-0.17736138284114933,-1.269222469648715
Dillson Teixeiro,ST,0.19058777592584986,-1.2962188246878468
A. Williams,ST,-0.1779926979932893,-1.537817229138216
D. Phillips,LB,0.9619084311358701,0.34773492234570674
M. Samuelsen,RW,-0.1637220656386746,-1.9315144128289081
H. Canbazo?lu,GK,-4.329445867748173,0.517143563917921
K. Sanson,LM,1.0254623668649836,-0.20570094962222718
M. D'Arpino,CM,0.9726230655269283,-0.15013634420074037
J. Hayes,CM,0.8095493968409911,-0.039685479591969844
M. Söderqvist,ST,-0.34340496446220864,-2.3059373193196127
M. Kvasina,ST,-0.4348373024741179,-1.044153331919394
A. Bongiovanni,CAM,-0.01623826347377088,-1.7901194191330483
S. Eremenko,CM,0.40568407089778236,-0.3283989630585385
E. Wahlström,CB,-0.9890036356129267,1.9492038259465552
A. Blomqvist,LCB,-0.3390710426527295,1.3948709005331648
C. Senior,RM,0.20010976849457549,-2.6468660692173627
T. Sandoval,ST,-0.15234356710673827,-1.495617075968888
A. Rose,CM,1.4680935512524385,0.42553566499142226
D. Gnaase,LDM,1.0300730136553045,0.02743178903771124
M. Tavernier,LW,0.15205699714296123,-1.767130551638515
T. Nydam,CM,1.1572969249094722,0.1281526935340952
D. Lajud,ST,0.07572857286635491,-2.3107136930807775
M. Fontaine,CB,-0.778962949834547,2.176862887754181
B. Richards-Everton,CB,-0.14219228992659166,1.790531671511281
D. Kiki,LB,1.400879293219663,0.3711357403088364
D. Stanese,CDM,0.7185898692503118,1.4062714309443087
V. Vukadinovi?,RM,0.48375296809133517,-0.9360138214729221
H. Morita,LDM,0.8534132242946013,0.9771831960582207
Echu,RM,-0.3537446825862168,-2.8740761445334835
Juan Ibiza,CB,-0.5936345863923926,1.4652338942401564
D. James,LW,0.3124768561564684,-2.2109109658406303
G. Perrin,RW,0.2743178086596984,-2.111314771996269
M. Munetsi,CB,0.1075124790590375,1.2695962545271227
D. Potter,CDM,0.37046500456966364,0.9402610319455131
K. Antonsen,RCM,1.8047733418742749,0.4288867833868636
A. ?ulina,LM,0.7198071055143008,-1.4164603696881222
D. Williams,LS,0.49519199068520914,-1.416509893988463
A. Poúngouras,CB,-0.4436999859257945,1.508696782475065
Junio,RB,0.17058438988486863,0.6014819066165581
K. Sheppard,RM,0.09437388971198521,-2.0307345466005624
K. Müller,GK,-4.1246687210765085,-0.09215367851749762
N. Thomas,LM,0.5221108243819074,-1.471243402787915
C. Morrison,RM,0.5188980766061948,-1.1036035228078689
E. Oelschlägel,GK,-4.98283050722886,0.49941418982445585
S. Camara,LB,0.5775575896716281,1.7686749216838258
Lim Jong Eun,CB,-0.22996443058396426,1.706278492077761
A. Jones,ST,0.027503641899095,-1.6067296849868897
Kako Sanz,CM,-0.14429495196120704,0.8540882050183356
S. Reese,CB,-0.02900171026277125,1.4730388271317048
Y. Ito,RB,0.3813586021340734,0.9757647145126633
C. Winchester,CAM,1.4842872471442088,0.20068554491259946
A. Henley,RB,0.8326636610326068,0.49394714567721487
G. Williams,LM,-0.05329913327059047,-2.0416569358731023
D. López,RM,0.36227398449574844,-1.4565588114545154
F. Menig,RM,0.5468166881505196,1.7540736507122325
A. Sheehan,CB,0.662924302594811,0.7719447627856117
A. Barcham,LM,0.38069714146029476,-1.5382162714297876
Ha Dae Sung,CM,0.36008914213415955,0.6107084467104783
K. Angielski,ST,-0.08642943641458621,-2.4528571929390846
A. Gnanduillet,RS,-0.5192407390124452,-0.7747067989351655
M. Mancosu,ST,-0.8211659910591297,-1.8677431509892637
L. Chávez,CM,1.0074767318695808,-0.3377524723461348
D. Fox,CB,-0.022143617890109386,1.5107663882896427
A. Gory,LM,-0.06132364337939925,-2.428245969707052
Y. Hamza,CB,0.9939656409530461,0.9757288747487869
R. Edwards,LM,1.3594061383329525,-0.6036717118236413
D. Davari,GK,-5.598896967176395,0.12047392883742171
A. Pucheta,LCB,-1.344355798117809,2.1958945891255537
Y. Shimada,CDM,0.6354756424215979,1.0461513097890907
T. Sugeno,GK,-6.113995005844066,-0.06966732144959101
J. Palacios,CB,-0.5497642063101293,2.2467737677807733
Igor,LCB,0.041274408827507096,1.8097805106844786
R. Sandberg,GK,-4.22332742085991,0.1180941411510958
Choi Jong Hoan,RB,1.3305543895837428,0.4610932091689779
A. Peña,RCB,-0.07905435291270833,1.964756744853921
K. Roberts,CB,0.5337563159086536,1.263120686453595
S. Ngezana,CB,-1.1024213872061568,1.7184030961261607
P. Vranjicán,ST,-0.8967728695802065,-1.3895547580042855
L. Santelices,GK,-3.3917038061322056,-0.21697285568325328
J. Pérez,RB,0.5909086851169805,0.8914865871479514
A. Taoui,ST,-0.5369765370453786,-2.2415357031827186
R. Harakawa,CM,1.3594846283121351,-0.025345645865895702
M. Schwabl,RB,1.0623750315698253,0.8104525649415543
C. Stanko,CDM,0.25769580737025644,1.375069799675264
S. Brown,CM,1.0047780158529405,0.47772469831350906
R. Thellufsen,LM,0.573091336198599,-0.9227810470668294
Lee Keun Ho,RW,0.08544851685987327,-1.7668403725380972
J. Jönsson,CB,-1.4605190904010252,1.5873525716325323
A. Rabillard,ST,-0.6663552462762464,-2.2073460357391053
M. Dabo,LB,0.571974218399669,0.7606939663307095
L. Del Pinto,CM,0.7715485999396792,0.7623929765146478
José Mena,CDM,0.13538821024989572,0.38436080169891307
G. Wylde,LM,0.7147869651883986,-0.7499149437615468
Kim Won Sik,CB,0.4856658275927334,1.8087707083884375
M. van Bergen,RM,0.07564390536775871,-2.9399647073644584
A. Martin,RCB,-0.9063377353745249,2.07017925180627
R. McDonald,LCB,-0.48127264500168215,2.0496642079009346
D. Collins,LCB,-1.9988792883553013,2.07542227800857
J. White,CB,-0.12736378705702855,1.6692122516358934
A. Ingegneri,CB,-0.8616425336139375,1.7571994804344393
R. Swete,GK,-4.3761908009913055,0.20740224929560666
Imanol García,CM,0.8213194997229517,0.5822943079945113
S. Callegari,RCB,-0.6947746165952667,1.8397796521441043
E. Israelsson,CAM,1.4213186261248685,0.8869296042329298
M. Al Najrani,RM,0.8263563489157617,0.2446449667413538
M. Bundu,ST,0.5170925070931913,-1.3970479986797084
F. Román,RB,0.33574708877375853,1.486783436892972
T. Figueroa,LW,0.02225208906078441,-2.8077589493431607
T. Inukai,CB,-1.0023464879265356,2.2305315282569387
O. Kittner,CB,-1.002281053277535,2.2004012483827466
M. López,LM,-0.2968844393777194,-1.1869973428259064
A. Winkler,LB,-1.421156117606447,2.330155912898542
O. Özenç,GK,-4.608269448766168,0.13004677595790837
E. Nketiah,ST,-0.3945961607221637,-2.6373512507402923
S. Kamata,RB,0.8130405520497679,0.2547788846006315
G. Nilsson,ST,-0.22597987644332226,-0.7421022430644563
G. Shitolo,RCB,1.1024439546585736,0.6943175189344024
D. Kutesa,RW,0.862165741044022,-1.376154407746989
C. Rawlinson,RB,-0.515738247833632,1.9320421289874865
D. Slamar,LCB,-1.3391223447197318,2.1873953850703085
R. O'Donnell,GK,-4.373548211383285,0.23146927824539318
S. McNulty,RCB,-2.276776198885047,2.77002251978509
J. Tillson,CDM,0.7125030762841533,1.0679968701036608
P. Arce,CAM,-0.0904046151248464,-0.6986050947746868
D. Frattesi,LCM,0.012121984630344758,0.1730820939239171
Genís,RB,0.17272837935854218,0.9870127381652303
M. Gustafsson,RCM,0.8281815266191598,-0.13343442674983122
M. Pfitzner,CDM,0.751579559276265,1.0369366783582812
J. Duncan,GK,-4.132132820674162,0.34744820931067516
Thiago Xavier,LDM,-0.09887506468049344,1.7937730217074936
T. Salquist,CB,-0.925895461953953,2.44062666721554
M. Ortíz,RW,0.43860887903152246,-1.8994292722013013
João Mendes,CM,0.49619181699903064,-0.584739020529314
D. Wotherspoon,LM,1.2823354446455395,0.11331810303204844
N. Ajose,ST,-0.42530993523922533,-1.7358648002440888
B. Traoré,LB,0.4278287182272819,1.5448469647512277
M. Valjent,CB,0.7104581906544492,1.2974124149198614
T. Vialla,CAM,0.508917741085823,-0.938400801622089
O. Çelik,CDM,0.7407962748536963,1.2706574833947508
N. Siega,CM,1.3415104214095894,-0.07164181097323885
Han Yong Su,LCB,-1.011234609297131,2.0515662877313914
F. Reynero,RW,0.2782338102281354,-1.7089572077589734
K. Hazard,LW,-0.4919509881437505,-1.9942404778948313
A. Peralta,RM,1.085169064476845,0.036761583310776245
Y. Kawai,CM,0.7052366409596503,-0.36210694294711604
D. van Crooij,GK,-6.195026069676272,0.07818700180041835
C. Saldaña,LB,0.7447834763243114,0.9020271888990011
Z. Udovi?i?,LM,1.7417704490684696,-0.026124995915150245
M. Musaka,CM,0.9331222617337275,0.28315686249038696
R. González,RDM,1.0633466342690303,0.7420395159221171
A. Al Dohaim,CB,-0.43664780257036173,1.2364085319363134
R. Takeuchi,RCM,1.1606341065596928,0.4920601940798981
K. Ramírez,CAM,0.4118889144250614,-1.8984981563389862
Borja Garcés,ST,-0.602939369460057,-1.9729071734116574
M. Crooks,RM,1.2746961805515473,0.9284097509216396
E. Mastrolía,GK,-4.170928593694084,-0.23547065291162148
P. Golubovi?,RB,0.46704328633053016,1.6260567543988556
D. Luxbacher,LCM,0.6173117352098958,-0.6161241387781401
M. Ali,CDM,0.9944495859868193,0.3087387121746982
A. Danladi,ST,0.6595094491244142,-1.3313729908536827
F. Grahl,LCM,0.8560867586299523,0.03233965668988858
N. Atkinson,RW,1.33292006056419,0.4610336869996512
A. Wiss,LCB,0.7954917618523288,0.5963042833714963
L. Ferroni,LB,0.4336029175827279,0.466479769013616
J. Davidson,LB,0.9668505998334473,0.4094563391032979
A. Cadavid,GK,-4.794349312237176,-0.06446143077251545
B. Ndoye,LCB,0.9666988189435631,0.7355026575057415
O. Kocuk,GK,-5.478591370746017,-0.14930107561945036
B. Karamoko,RCB,-1.1393691390141596,2.618959332942844
E. Hernández,GK,-4.382599365093142,-0.24922052209804638
T. Hilliard-Arce,CB,-0.9700955931698293,1.9207037941711682
Y. Etienne,LB,0.5427578828692602,0.2637729266714319
F. Mayembo,CB,-1.0247064238149022,2.309206671218446
P. Clarke,LCB,-1.2577649962403425,2.3806605830568386
A. Bittroff,RB,1.0860530286238566,0.6627723852793693
M. Königs,LS,-0.7708619102238595,-0.20466084176245672
A. Corsi,RM,1.0924772834677168,0.2037398600278487
J. Calle,CAM,0.5852916202462518,-0.45104161242745777
L. Ndao,ST,0.4999746433401292,-0.9448737518214603
R. Takasugi,RCB,0.3593722471371834,1.3168941496825082
M. Desler,RB,1.3947056483598053,-0.7542690971675298
B. Morris,CM,1.162675251632138,0.7120236782486062
B. Moe,CB,0.18935491598471035,1.2777485027779107
Kuki Zalazar,RW,-0.8402823828546139,-2.282235640972311
Montero,CB,-0.1994958582563999,1.170071072264016
F. Ruberto,GK,-4.945761966444603,-0.27983248020489987
S. Domínguez,CM,1.3238401243867124,0.8112308222070888
Jin YangYang,CB,-0.7385528219191466,2.0615003344544856
Aitor Ruibal,RS,-0.008357262877140873,-2.0678497859390372
J. Nilsen,LCM,1.2171947302765789,0.6258333882286075
P. Breier,RM,0.5385659098736636,-1.1070807753400231
N. Castrillón,RB,0.21660551152955726,1.3043410040818029
Álex Craninx,GK,-3.7093572655458775,0.18386817784781892
Miguel,ST,-0.6321844315846536,-2.1477546740116553
H. Onaga,LM,0.38414131423664893,-1.4811783615140082
A. Al Mazaidi,GK,-5.1792898457483405,-0.6207901340451428
V. Davidsen,LWB,0.5869541798888699,0.47203133037666645
Park Sun Ju,LB,1.126706645529252,-0.8905694054592104
A. Otero,ST,-0.19743891019857335,-1.4821725035490048
B. Jacobsen,RCM,1.4578524940181572,0.9566729033146399
J. Varela,CB,-0.33846854422121514,1.7239111072518079
S. Lorenz,CB,0.05760574416984633,1.3240026379579566
Pol,GK,-4.000206507131422,0.5672353439433871
T. Vion,RM,1.0893361073773464,0.24367132520420529
S. Henriksen,CB,0.15900345465606902,1.693889152135184
Y. Koné,LB,0.6536743066726088,0.7531225714073656
N. Oduwa,LW,0.43181896322408186,-1.40263335519648
S. Karadeniz,RB,0.8246404982508863,0.4220857860304248
M. Marcjanik,CB,0.25829608711714747,1.4424052869902784
M. Palionis,CB,-2.0121600031003184,2.695201469397794
D. Undav,ST,-0.6182405617338368,-0.9731830632675064
N. Gouriye,RM,0.5230509154982282,-0.5109600626424576
Tong Le,CM,0.8620397851521553,-0.39168398696564344
Cho Dong Gun,ST,0.06185767444087323,-1.2538383275369243
G. Sandomierski,GK,-3.390297917374167,0.47926313976499674
A. Al Fahad,RB,0.6581512590404393,1.1519555859702497
N. Losada,GK,-4.533201002381301,-0.15176278460779655
J. Thomasen,CM,0.9178259352052585,-0.05052268969401429
D. Wayar,RCM,0.41331840404585596,0.47597921429357026
M. Velásquez,RCB,-0.6612112345774642,2.2668030749752788
Ahn Yong Woo,RW,0.6127270213441198,-1.4328114905806755
E. Valencia,LM,0.6039826319678953,-1.1035584339413191
H. Cochrane,CM,0.6764292158857718,-0.862105974339668
R. Müller,CB,0.2533831291081288,1.3851050511787732
C. Alcock,RB,0.2370284257745806,1.7165796594012495
Manu Hernando,CB,0.19833827890938516,0.8383353251067756
C. Brown,LB,0.7787423035678068,0.273763121923281
I. Coulibaly,LDM,1.2425190180696248,1.5287728918455654
R. Cota,LM,0.36960499546307807,-0.004489147585555917
J. Bruijn,CM,0.17350522998584125,0.32027361129058424
L. Stevenson,LB,1.0766022419729286,0.39965353381025254
Dani Molina,CDM,0.44606122859272973,-0.5094939514730885
H. Shimoda,CM,1.2085497911390868,-0.21599145016926685
F. Pierrot,ST,-0.2742115922392993,-0.9282870785750494
B. Stuver,GK,-4.555398569267711,0.408861658718998
C. Grant,CM,0.8725170568579993,0.3302601527265432
B. Tuiloma,CB,0.013989648516286791,1.8551196241866248
Kim Seung Yong,CAM,-0.03491637628074399,-0.44938849958371857
Bura,CDM,1.2675829928049047,0.35333514828424384
V. Loroña,RWB,0.740383377362456,0.04106292881275484
A. Danch,CB,0.16841706142438304,1.4408885393061943
Leonardo,GK,-4.0603183258196065,0.3180831826413666
D. Telgenkamp,GK,-5.353899719940889,0.5088294123536
J. Bolton,RB,0.7162753112854614,0.7268169834848451
R. Miller,CB,-0.6208035598797621,2.378971336301893
R. Kongolo,CDM,0.9332655163800311,1.265956715798524
O. Abildgaard,RCM,1.0696059393332118,0.7196720912954577
P. Polczak,CB,-1.0393750592441415,2.357163415359984
Y. Kasim,CM,0.7176239729115211,0.7224858084156278
C. Pym,GK,-4.620458672766726,-0.6741500760122827
D. Eckert,ST,-1.0171009021452175,-1.3315646122889488
K. Scherpen,GK,-4.809464727544694,0.04224571940077656
Hwang Soon Min,CM,1.341160306223195,-0.47886319452152
B. Magaña,GK,-4.353510790321094,-0.040937110931472585
F. Dimarco,LB,0.41478034175432754,0.7058005872712999
G. Klok,RB,0.5488854764757144,1.3904088957216794
M. Duke,LM,0.8863901337400737,-1.0146150447665283
Moi Delgado,LB,0.507489118301504,1.1231149344456037
G. Deegan,RDM,1.0398613986550274,1.5412181609789657
J. Roberts,ST,0.9804306072568517,-0.7343487971548882
A. Caceres,CM,1.1111044144925502,0.2489528924901126
F. Portillo,CM,0.8832790834377551,1.3324349200790002
G. Thomas,RM,0.49912016489460215,-1.539551167796292
R. Williams,ST,-0.22238755606406937,-1.9696654453640154
J. Carbonero,LM,0.14804038255209787,-2.5485291334483806
J. O'Toole,LCM,0.9213155460691378,0.3158747829640197
B. Pintol,ST,0.9867073063614106,-0.28116909271622115
G. Ivanov,CAM,0.006500204164448353,-1.7153738871254571
T. Kortegaard,LB,0.5763279640885165,0.4928808440359673
K. Kato,CDM,0.6309775505332517,-0.20544185716518185
S. Kobayashi,RM,0.5830740606129665,-0.027328267055467176
S. Mai,CAM,-2.302754742833164,3.0560848952783024
L. Riveros,ST,0.4995336997928072,-1.60101954831599
J. Thiesson,RB,1.038187476479357,0.5588943436418063
B. Reeves,CAM,1.4444123552021342,-0.47516727810007153
M. Boman,ST,0.19866316324489,-0.1644529551397733
J. Al Bishi,CB,-0.10235874031048885,1.9093301772745375
João Nunes,RB,0.35758449368754675,1.5676216966506462
J. Riquett,LCB,-0.9541846698724425,2.248113982063851
L. McCormick,GK,-4.751313575484609,0.20812464283117557
A. Razak,CM,0.9834162349952249,0.14443856889769846
D. Crnigoj,RW,0.5514782064328824,-0.44380862817739
A. Araujo,RW,0.08921424180543333,-2.8190741335850973
Raí,ST,-0.03667233422110527,-2.517556748321346
F. Downes,CAM,1.0288193745172105,0.8952145608315644
Hildeberto Pereira,LW,1.421434816593026,-0.21059216133788916
K. Behrens,ST,-0.5082933604416662,-1.2869220564191084
J. Guillemenot,ST,0.06221221705366317,-1.324610368720367
N. Gunnarsson,RB,0.7980826252998662,1.3561760643483878
J. McBean,ST,-0.8482097439870686,-0.9675344488216814
M. Stoll,CB,-1.8444171283479533,2.015705549768355
M. Greve,RM,0.9490770653841514,-0.5003008023937031
D. Yearwood,LDM,1.2104784591588245,0.44549498734281384
C. Patterson-Sewell,GK,-4.428575610762202,0.5528854279885792
N. Rni?,LCB,-0.989676739810063,2.127503284126878
Feng Renliang,RW,0.050460904673806324,-1.7401711158389779
O. Lancashire,CB,-0.9961464005246279,2.5843629145221905
M. Jeannin,GK,-4.504667715337266,0.7168959155227972
H. Artarslan,CDM,0.8770652776371557,1.3133976600170998
M. Sahanek,ST,0.1341565784639097,-1.5950590087311132
F. Herbers,RW,0.9542455346928702,-0.7488101909110729
Eddy Francis,LCB,0.9787630147723014,1.2671913036215945
L. Waterfall,RCB,-0.8158813160981164,1.910715841290178
D. Bowles,CB,0.6810380902286212,1.4254276454889916
G. Walusimbi,LB,0.6934270651925792,0.9671413243321302
F. Soyalp,CM,0.7499448262948883,-0.35971658252567407
I. Chatzitheodoridis,LB,0.49497142069767514,0.6098005929501195
A. Al Qahtani,LW,0.4710205112527187,-1.0541333052381254
O. Rathbone,CM,1.299528481509974,0.20039615483796142
J. Macías,ST,-0.5806240278296098,-2.30729257012975
Lee Kyung Ryul,CB,-0.024384449281113763,2.1206856306772117
J. Lopy,RCM,1.1953530325826498,1.3509813201965686
S. Vecchia,RM,0.3484298271816126,-1.3230260414724038
D. Londoño,LB,0.5980949069227843,0.9284698071874885
J. Forte,LS,0.6399933491293182,-1.4531275298069264
V. Sanogo,ST,-0.049693509701969854,-1.6013065514481362
Léo Príncipe,RB,1.0125433142532028,-0.062261189565463525
A. Legzdins,GK,-5.288151339185533,0.3799850710608331
F. Cuvelier,CM,0.7044363604113622,0.03053324405729396
M. Lorenzen,LW,0.4872352625571609,-1.46797734299187
R. Becker,RB,0.7394434940675795,0.8086661920324272
A. Al Suwat,CAM,0.8614349382475003,-0.46532566426999145
Song Bum Keun,GK,-5.97440929169458,-0.5888914862297708
F. Zoko,ST,0.34110347183867723,-0.7783024906224578
Gonçalo Cardoso,LCB,-0.6578240482415083,1.9905164822723986
C. McCormack,RDM,0.8430848317565397,0.6639150702995625
N. Al Mousa,CDM,1.0832449344591004,0.6171207511410853
D. Furtado,LW,-0.22308731158652306,-2.262821030356293
A. MacDonald,CM,1.631996289849992,0.806838349598945
T. Eastman,CB,-0.09204089403584709,2.2009905879339073
C. Pérez,RCB,-1.0951419176770012,1.525433895400285
F. Ayaz,LM,-0.034326086698831325,-1.7034676786452319
J. Candía,CB,-1.2662094650214992,2.17238863473794
J. Simpson,ST,-0.24477641688697663,-1.5301662918875871
Agus,CB,-1.115514277601047,2.478102644426181
M. Howard,GK,-4.833598840466314,0.7546679910645746
F. Helstrup,LCB,0.16997162836769494,1.6625222095183294
A. Kellett,CAM,1.00742166225135,-0.736546541957494
Felipe,RB,0.42876613175071043,0.4638949792309539
M. Done,LWB,1.448118783802599,-0.08082478407335578
T. Oude Kotte,CB,0.20579181511968087,1.1877901818782428
M. Opondo,LCM,1.82118921509379,-0.033712234578219355
J. Fehr,LM,1.0794287691185367,-0.9683291077746926
Diogo Silva,GK,-5.979466698435517,-0.08100012467120876
T. Abe,LF,0.565577313195233,-0.43743986178790795
C. Logan,GK,-4.803919318847262,0.644664403826142
M. Sepúlveda,CM,1.2236502239021112,-0.9023812817826508
M. Savkovi?,LM,-0.17360865752349453,-2.2120734717597994
Fan Xiaodong,LWB,1.074501655588865,0.5863208040177784
B. Añor,LM,1.070054794089045,0.1408961216795658
B. Kuipers,LB,0.5732871622456406,0.9943622114792409
S. Cummings,RB,0.771774593204213,0.647989246073458
K. Lankford,RM,-0.3903201607264495,-2.0738755285076884
L. Zima,GK,-4.315552652010817,0.660046889003183
A. Crofts,LCM,0.3438929588149567,0.9235770513980984
C. Palacios,LS,-0.3791322132650517,-2.9364712155154344
B. Matic,ST,-0.3336897931422972,-1.8110167841418383
S. Rafn,LB,1.2275315022837434,-0.07725444208206698
N. De Medina,CB,0.435675581777833,0.6150304724931158
A. Jakubech,GK,-5.205500805503039,0.1794711591331875
B. Hansen,RCB,-0.6013145493058077,1.6785691800929792
N. Burns,ST,0.9810658085796178,-0.6874042283390717
G. Arokoyo,CB,-0.7381800313747329,2.480355197327921
J. Basulto,CB,-0.13288787603797564,1.5106039656360783
V. Sakor,RCM,1.1520394962183165,1.482682607619142
F. García,RCB,-1.8767493776816035,2.5219805292104027
K. Kabran,LW,0.559183532861498,-1.147759400294502
K. Madsen,CB,-0.5020397998682201,2.088038610014908
D. Nazon,ST,-0.20776396765591632,-1.8712568418352424
J. O'Brien,RB,0.38065522239934557,1.5405314495776785
R. Vargas,RM,0.5709052498943005,-2.0240919989443436
N. Mali?,CB,-1.6084583877583787,3.510537015519184
S. Auer,RB,1.2001479929773835,0.5842858840605426
J. Mullins,CB,-0.08313929446404746,1.3977388133803905
B. Boutobba,RM,-0.6832010731962882,-3.465482990212872
Perceval Acunha,CB,-1.0499423890437012,1.6785384054681123
J. Schryvers,RWB,0.2678712901256144,0.9331789051673242
D. Kvande,RCB,0.3057739344488159,1.6251802909591548
L. Collins,CB,0.959853749495099,0.9928150977603054
J. Tveita,RB,1.1520548292605708,0.8779292378087898
Yang Sang Min,CB,0.20605378839515207,0.8215752504715614
Nelson Freitosa,GK,-4.982186036817388,-0.018083584484408666
T. Mokoena,CM,0.0989679825036448,-0.7196813617252226
Kikas,ST,-0.2856271652601253,-2.642923524511974
D. Lopar,GK,-4.870811710585445,-0.09558371505747004
L. Díaz,ST,-0.3014169560140517,-1.5802097026283441
A. Foosnæs,LB,0.7262920947160225,0.2001178417449864
F. Chabrolle,CAM,-0.2415152124044454,-1.7457741672899356
M. Minesso,CAM,0.027911610774309425,-2.038765204149016
E. Cetre,RW,-0.01110453469380562,-2.183563274021284
A. Özer,GK,-4.533397808497298,-0.10552025400565661
B. Gartland,RCB,-1.6798595537076515,2.920427623293633
P. Frascatore,LB,0.9291880879319995,0.7978444029775298
H. Lopes,CB,-1.5383756685228247,2.9788714552864337
K. Tezuka,CDM,0.9702526867057314,0.1339235325585097
T. Lebeau,CAM,0.858310795282455,-0.6948300058003463
Brandão,LM,0.19966157351518296,-1.6417854318235625
P. Bajza,GK,-4.878120409250011,0.4901028522167928
U. Çak?r,GK,-4.149815012618551,0.5085914637790795
H. Bwana,LM,-0.0797807733948123,-2.1648038507268277
J. Murillo,LB,0.9853705887937714,0.22198556918101353
D. Geissler,CAM,0.70070349883266,-0.6147980403290555
M. Diakota,CM,1.4656042410237078,0.6756898623221883
D. Parker,LW,0.15945266707341704,-1.5577467657766826
V. Tranberg,RCB,-0.30509142331616973,1.9410998837541005
O. Ay?k,RM,-0.24210940488322918,-0.9992327352285886
C. Camps,CDM,1.0783936339966347,0.13031948044715366
Jesús Areso,RB,0.6144969659176602,0.7774322695424007
R. Siemaszko,ST,-0.020133008937282468,-0.39737639367658956
O. Khan,CAM,0.5103407324538648,-1.6792874950867813
A. Langlitz,RB,0.2816519945873174,1.5551497824827845
P. Soto,GK,-4.99146399600679,-0.1987042608918056
P. Ghiglione,RM,0.6279640475752858,0.03029566355661217
J. Buitrago,CDM,-0.19504886958521664,0.5688284158969161
B. White,ST,0.35703491023649825,-0.7469809021511461
Gabriel Nunes,CDM,0.4164392611102965,1.0505610689632614
B. Whitfield,RM,-0.5689900168447957,-2.107197650569563
T. Doyle,LCB,0.34257411374415403,1.1927340785732046
Ko Tae Won,CB,-0.42449121155949504,1.6834054094149167
Dani Cárdenas,GK,-5.679993527442211,-0.17193575558217403
N. Zanellato,CM,0.14316797815549465,0.2748479106593703
Álex Domínguez,GK,-4.1774208861315625,-0.5438067523259875
M. Satli,RB,0.3579776406502281,1.1638656101240537
N. Mousa,LB,1.1903238043702078,-0.07489597355032472
M. Fujita,RB,0.3303627205601557,0.8590580838171992
L. Nilsen,LM,1.3215541080487365,-0.38866672716636635
S. Mensiro,CB,0.7047962258190785,0.9266176725911651
W. Saliba,CB,-0.25340690430938023,1.901329544930687
L. Trejo,CB,-0.7756998129221175,1.992964557630973
O. Söderberg,GK,-5.803838121925072,0.4649420781111778
C. Jennings,LM,-0.13234369444205996,-1.6687168184798111
A. Arrigoni,CM,0.3036697625698542,0.530068929000344
P. Köhn,GK,-5.420630616863948,0.3264938658172303
K. Nakamura,LW,0.32266328499304064,-0.9227655427555157
Ricardo Campos,RM,-0.34838456887209795,-2.0450311512627577
Joaquín,LM,-0.35407263669590594,-2.276076413290267
B. Kantarovski,CDM,0.8841017212118536,1.1401462155294042
N. Ishikawa,LB,-0.30633916396201166,2.104921199715308
A. Dzabana,ST,-0.673571653159333,-3.265449397535507
C. Führich,CM,0.23512561622334202,-0.5464595732751988
C. López,ST,-0.8307683338195058,-2.3248188453065635
F. Marquet,CM,0.22693830018797104,0.47936335711814965
M. Hamzi,RM,0.1698894681391091,-1.2527741484685002
T. Regan,CB,-0.7115335108572429,2.3956739858791285
H. Cavero,CB,0.1039688422829622,1.5932248313847972
R. Hack,LW,-0.4525528676719033,-2.2805987192038057
Nuno Macedo,GK,-5.545304401328219,-0.49285020826409265
V. Bezecourt,CAM,0.6115546906894119,-0.667325574337804
Woo Chan Yang,LB,0.13858540244094203,0.7972481539844177
A. Reca,LB,1.4758544711548045,-0.17637227767210942
João Tavares,CM,0.3729604821079644,-0.6479252186218349
D. Da Costa,GK,-4.93625478124481,-0.2380371903910018
Zhang Chi,RM,0.8211244869825673,0.254150356113726
J. Taylor,RCM,1.0355799594018371,-0.11356606918791942
Bonilla,LB,0.037650267865560715,0.5471894766017188
C. McGeehan,RCM,0.8408608289454563,0.16310910584178465
F. Piasecki,ST,0.44741131544289037,-0.9152843737550042
A. Torralvo,LB,0.6627216717988094,-0.7365652176136152
K. Froese,CAM,1.011683569509487,0.0036694238991110814
S. Hoare,CB,-0.09021103740542397,1.5389249170503283
J. Hernandez,CB,-0.8914768386536512,1.6676831799641871
A. Durante,CB,-0.9069773124471574,2.344958936151111
Salva Ferrer,CB,-1.1210621740484115,2.1192012078929805
S. Saunders,RB,0.40027380793664863,1.2807000670567135
L. Kruspzky,LB,0.16355009246502544,0.9888399513957324
Pau Morer,LM,1.1240633479159021,-0.331518627426277
A. Dagriri,GK,-4.562680827497263,0.12803501101493828
L. Alessandra,CAM,0.2122812585828958,-1.5610972893549926
Y. Tokunaga,CB,0.33609812460727007,1.5291217877506726
J. Sellars,LM,0.41076501887371325,-1.5336794160784348
E. Rodríguez,CB,0.16310078996490013,1.1682430520644411
M. Gomes,RB,0.9051446482039532,0.6851065356155708
J. Hammar,CB,-1.9038155104215384,2.7398714401248463
E. Hurtado,ST,0.0864053770395037,-1.3913956910614556
N. Schmidt,CAM,-0.005194209660958733,-0.4845020130956316
K. Nagato,LM,0.8908606990866234,0.5121068253359591
R. Flynn,LCM,0.7277328553282982,-0.03572715920716373
A. Palazzi,CM,0.827232010298251,0.7440129953997521
Choi Hyo Jin,RB,0.30127439290880953,0.9461460249098176
R. Maeda,ST,-0.08220280987792503,-0.08511340975931475
H. Hallberg,CM,0.9800243256089182,0.48215713104933255
Sander Asevedo,GK,-4.70078626323776,0.478724361184219
M. Andersen,LCM,0.7301476058167701,-0.40477633278602526
K. Povlsen,CDM,0.8412599182844869,1.1206488397203804
M. Haas,LB,0.5759642111243489,0.38397336194056236
A. Hsissane,CDM,-0.05411321050804404,1.3715664937726584
E. Restrepo,RCB,-0.0629260735505997,1.2583671330677073
B. Badibanga,RM,-0.4684792607033005,-2.090523138845292
A. Kanno,CB,-0.05405796972066595,1.5109068551108327
S. Tomita,CM,0.5587446643313672,1.3022649572464216
J. Byrom,LCM,0.05665871591443247,1.0047914896070735
J. Barboza,CM,0.7552700299633157,-0.11102396954930778
M. Grgic,CM,0.8800697568623119,-0.2090244413627097
Redru,LB,-0.26443954261348546,1.3194781461319924
S. Chilunda,ST,-0.05497783130651338,-2.0135421755413168
L. Broxham,LB,1.1955487225071972,1.676210769383855
M. Richards,ST,-0.8649101117056136,-0.6644271231451597
N. Canavan,LCB,-1.623179132729693,2.608031890303991
T. Badila,LB,0.4006312699087948,0.9099135051877709
N. Rebolledo,LB,0.6657802025946781,-0.15908729155987814
H. Mita,LCM,0.8296991750353132,0.3107903472180937
G. Lillard,CB,-0.7389186885642814,2.1260557833859126
S. Meusburger,CB,0.0855035347172365,1.137148369872817
M. Mi?kiewicz,GK,-4.299578838437959,0.5365135941814916
Lee Hoo Gwon,CM,1.222122180976549,0.6972873836863311
T. Peay,CB,-0.07957065434425203,1.568481015413008
A. Okosun,CM,1.4136879601901375,0.7416440215250449
Diego Barri,CDM,-0.0015738994824973326,1.021668405156511
L. Schoofs,CDM,0.20089904907353853,1.2773378814530365
J. Dasilva,CM,0.9220844262611475,0.5806657003403394
F. Boya,LCM,0.6433654728096648,1.064185710122334
Y. Asprilla,LM,0.5485477620900185,-2.21375023641318
D. Björnquist,RWB,1.031137193458361,0.47637450190560626
G. Panico,ST,0.14052113705060948,-0.8531166018863368
E. Loiodice,LDM,0.08268778203005912,-0.46989124523063275
A. Mayorga,LB,0.5597343277855247,0.6468072702689774
A. Spahic,GK,-5.218793690563844,-0.5797561174096229
Paulo Vítor,GK,-5.629699191709469,0.5557697113612161
B. Fuller,LB,0.33604481337442327,1.3347048938405317
L. Wales,LW,0.045663080109495525,-2.4409834876947483
Zhou Yun,RB,0.38420130473547615,0.8701061962546551
S. Hatanaka,CB,-0.304388287012528,1.6986106625548205
J. Day,GK,-4.553248161631772,0.4609136782630891
A. Dovbyk,ST,-0.29054040195318137,-1.6477528693068961
Neto,GK,-3.9946011138481503,0.5246991305605296
Carlos Travisso,GK,-4.416302715043068,-0.3749653646075417
Víctor Fernández,LM,-0.6968357281384953,-2.216326244206684
L. Schlüter,LB,1.213595026853202,0.09927630147553085
O. Turton,RWB,1.2391971833325095,0.6671108826683658
D. Henen,LW,0.03457261868022395,-1.8301802381308
Yang Xiaotian,LB,1.1752359546841664,0.36805754122247675
M. Jones,LCM,1.32588744155414,-0.34372898746874664
M. Rosales,RB,0.4022988900887207,0.7102620736495446
S. Al Ghannam,RB,0.9443191132690765,0.17604031527870798
S. Kalajdzic,CAM,0.5765713033611876,-0.20397049580756824
D. Djulbic,CB,-1.7078672272058972,2.557510223108353
J. Matuwila,LCB,-0.48801731728888864,1.7472637188097393
S. Ito,ST,-0.6506572393404503,-1.3356407206662921
A. Wilbraham,ST,-1.5544752201195506,-0.5321176113660384
P. Mráz,LB,0.44532634889187855,0.8783192513450225
H. Sulaimani,LB,0.20609635743921273,1.2199928171326284
Wu Yan,GK,-3.883101980451872,0.19757314383320115
C. Pain,RS,0.6760778775686462,-2.0515199881480117
T. Eriksson,LM,0.5878271462659894,0.14779042553358512
H. De la Fuente,RB,0.6759489983568719,0.6591350469972327
J. Bailey,CM,1.054322108891967,0.5258278888834146
A. Pierre,LCB,-0.9320002552068966,2.2122345019162495
H. Burgoyne,GK,-5.343021193245838,-0.5040856020437391
B. Roche,GK,-5.493727241277777,0.674274350425782
R. Sánchez,GK,-4.690878790686736,-0.3380588705260981
U. Korun,CB,-0.7135677489936505,2.1820850001242307
J. Mosquera,LCB,-0.8097724185202521,2.504013425893433
P. Lima,RDM,-0.07104113613302283,1.2305170854288177
Carlos Doncel,LM,-0.04810242678098989,-1.9112334495281817
N. Gotfredsen,RB,0.9538244760734984,0.39312059675741473
Dolly Menga,RS,0.6796600060821859,-0.341187063220364
P. Green,CM,0.8601176233604488,0.7861290624850962
P. Cappelluzzo,ST,-0.8281665785207801,-1.2584594079115283
J. Mucha,GK,-4.9385353096106135,0.3011026793101887
L. Maboe,LW,0.2791868126226084,-1.8671711671602689
M. Hvilsom,ST,0.6044531572955777,-0.665847312902293
D. Parrett,CM,0.6872040173062925,-0.6042848695403896
L. Campana,ST,-0.6831720739628108,-1.045446641409366
B. Miranda,ST,-1.4133303785306046,-2.498947220859078
Y. Thermann,RB,1.5491321699667524,0.05551447737529734
L. Hannant,LM,1.066505712494256,0.04255599979112695
K. Weidlich,CB,1.5873906949073262,0.1682693615183939
J. Bunney,LB,1.1692891765603852,0.3671743512296022
Endika,LB,0.5722678390782916,1.0197576275989675
Miguel Luís,CM,0.7411556612664085,0.33922825714204813
R. Pietrzak,LB,0.6452350579629916,0.6161320346278438
Josi Mouraldo,CAM,0.5693471309796113,0.038357121719940726
Ángel,LB,-0.043353399597317696,1.2972732805244684
D. Franco,LCB,-1.5937038907029824,2.243961464035897
O. Pehrsson,LCB,-0.9741352762364341,1.9403498757600897
J. Sagredo,LB,0.23790019703642645,0.4926233021483077
J. McKeown,GK,-4.299096267826012,0.2195723467210913
J. Monroy,RB,0.5802647669847296,0.7329219031581611
E. Massouema,CDM,0.728826960081527,0.6194332535272896
E. Kayembe,CAM,1.0277246882840771,-0.413158117985047
J. Parker,ST,0.5469905718011484,-1.3104491581862685
M. Van Damme,GK,-3.948776360673736,0.012419735381885741
T. Ünlü,RB,0.029515195014344204,1.0839342703969248
J. Abu Hanna,LB,0.07691167971174116,1.5936050107090458
Josemi,CM,-0.22210054720167138,-0.9771919429389111
K. Ntlhe,LB,0.40022256861603717,0.874540085290936
J. Escobar,GK,-4.754414283233657,0.3510259662368238
G. Felicioli,LB,0.5090488911167009,0.1674754527293184
M. Farfan,LB,0.5865912912016078,0.6379522380511475
N. Nartey,CM,0.6892845980327623,-0.5560488809563996
C. Dobnik,GK,-4.560662078559208,-0.1261380782706358
Borja,LM,-0.7145215441078184,-2.649791766701974
Rao Weihui,LB,0.36188979299191293,0.9074555635952608
Edu Cortina,CM,0.2671375440275902,-0.489791116824648
A. Affane,CM,0.7108015521390717,-0.6494384702861824
N. Pantaleone,LB,-0.04548576535956325,0.916557562463138
J. Jacobs,CM,0.5325376003395721,-0.5578324790930795
A. Al Nemer,CAM,0.45597499613999704,-1.0616798055149481
O. Kökçü,CM,0.38826520356935296,-0.8694060958993672
M. Lewandowski,LB,1.3056834135384074,0.26117018738515324
H. Boateng,LCM,1.209110869540498,0.9489317988841602
I. Pomazun,GK,-5.027376603001269,-0.21338310662500962
R. Moreira,LCB,-0.49992054160377675,2.7145885345598275
I. Vujica,LB,0.5674605164427913,0.805348706517647
S. Gassama,ST,-0.5154650897869397,-0.9931907817878086
L. Olascoaga,RB,0.8057948623477001,-0.9039768913672558
T. Bertels,LM,1.3562646123521582,0.9319450846277415
B. Purrington,LB,0.9127868602728867,0.650979306131588
J. Palacios,ST,-0.7331742731228165,-1.8767115438352517
M. Martínez,LB,0.1465153730867136,0.8594043261885734
J. Flores,LW,-0.37181009654050196,-3.2173418100026185
I. Sirelius,LM,0.553925444569597,-0.6787676979888408
B. Hamill,RCB,-1.1427574780774579,1.405679623726274
J. Fujimoto,RM,-0.7385414793829831,-1.1703196039141543
I. Sayan,RW,-0.26055503964888255,-2.2393865352681597
J. Mvondo,CDM,0.36964483802963927,0.3548560559337813
W. Evseev,CAM,0.6900376895711275,-0.40169298045276225
A. Mosquera,GK,-4.480215248035952,-0.15026831284603068
O. Güler,CAM,0.6742541114084706,-0.2803742078370236
A. Danzi,CDM,0.18895486661111643,0.2777028739334924
A. Smith,GK,-5.73469105271846,-0.6216254315611375
D. Amoo,RM,0.5456708934861575,-1.2218176081417491
M. Hancox,LWB,1.081642600887769,0.5908341894773724
J. Gómez,RCM,1.2913432028764156,0.4396570688426508
J. Kerr,RCB,-0.020246688297164306,1.2700335668676208
B. Olejnik,GK,-5.33521863826671,0.4940413988180891
Chen Zhizhao,CM,0.41245764901823606,-1.4478504447965497
A. Disasi,CB,-1.6841966684126242,2.6663171836201083
N. Mileusni?,RW,0.33641166100677694,-2.1658306553009834
S. Al Khaibari,RCB,-0.7305796337379552,1.9892727452359251
O. Stijepovi?,CM,0.09378224169305656,-1.2470621489770644
P. Ulvestad,RDM,0.2650598264369722,1.3660746474811847
F. Børsting,RM,1.127113454266183,0.1581136766401791
A. Fallatah,CB,-0.18839509854883874,1.3660221813945368
A. Riel,ST,-0.1787764051429372,-2.2593613406843573
M. Peškovi?,GK,-5.034978597495324,-0.19332895613727322
L. Hendrie,RB,0.348661433330452,0.8311073967176051
F. Salinas,CB,-1.5297061549374897,2.4768095756719988
O. Batista Meier,LM,-0.49357391301153114,-2.5976829915866073
Chi Wenyi,GK,-5.722716129611835,0.1257039047451561
L. Kalludra,CAM,0.8364899787422152,-1.0848076638467805
J. Bartosz,RB,1.640235971188281,0.4306091043816499
D. Iversen,GK,-4.3159632218494695,0.43502769035706146
Kim Dae Won,LW,-0.5446817338187677,-2.3048105999061756
N. Alho,RW,0.2698670719224915,-1.0204473671172616
R. Milsom,LDM,1.3722165668230744,0.8288121503854838
R. Domínguez,CB,-0.9755194671927182,1.8269966594789904
M. Bloomfield,CM,1.2921369007910672,0.7017288120307948
M. Büyüksakarya,RB,0.6249110955654582,0.1614487730413882
J. Ramos,RM,0.4962899391821131,-1.0812261648365982
S. Gartenmann,RB,-0.1511122214937731,1.5734803010519167
J. Medina,RM,-0.24229477477892097,-1.9803641895419182
J. Lindberg,ST,0.6897934134766259,-0.6814744147919861
M. Nielsen,RCB,0.19534018031842043,1.2615387210709585
Dioni,ST,-0.857086202306648,-1.344300688333735
N. Jüllich,CM,0.8930815979629338,0.13275388750151512
A. Jafar,RM,0.2783681367506134,-0.5305265335446907
O. Solet,CB,0.35829102110784217,1.4958382516135262
Jaime Gavilán,CM,0.43165514224171914,-0.6085412146341909
D. H?adun,GK,-5.304960089200564,-0.4622804258430734
M. Tørnes,GK,-4.832778315590663,0.09812581567280258
S. Sasaki,LB,-0.6162973623942791,0.6333089874056682
E. González,LB,0.03399265471074519,1.0276852454654275
S. Hoskins,RS,-0.04436951789105246,-1.8105355417574602
A. Kovar,RM,0.2959836658302324,-0.5126429179433571
D. Léon,GK,-4.470547632995769,0.4627835152548138
B. Niasse,GK,-5.519657634265008,-0.7119586765213672
D. Loft,CM,0.6247934838172496,0.7483552309068284
R. Serena,CM,1.3223621965772576,0.2202991060870243
Valdu Té,ST,-1.1192926817349038,-1.1357112244071295
M. Fitzgerald,CB,-0.007922889331273827,1.8078547496543633
Sergio Buenacasa,ST,-0.6514591731859944,-2.298395211769205
V. Hammershøj-Mistrati,LCM,0.5210944803342678,0.051148106185407716
J. Lauridsen,LB,0.8601856649448442,0.6356256265263993
D. Smuga,ST,0.3036020154597133,-1.5212773874337173
S. Suganuma,CB,-0.7182032491905213,1.8921230704784084
M. Aceval,LB,0.02014979717610218,1.9925643746707147
L. Angol,ST,0.5095566407745538,-1.5789023620696168
Lee Kwang Sun,ST,0.909926967239788,1.3897881355675366
Arribas,ST,-0.7644080377209005,-1.4872421857790066
L. Tankulic,CAM,-0.1974764521073697,-1.2833231266610443
M. Madri,ST,0.13674299834159334,-1.9795363219471724
C. Tirard,LW,-0.1830143997645611,-2.379644921373108
Luis Paezinho,CB,-1.474055978300652,1.2539679892088405
F. Melegoni,CM,-0.43154247382740785,-0.3101899796781373
B. Mbeumo,RM,-0.9674078068803339,-3.173374201804984
M. Müldür,CB,0.3796136086325834,0.9575542816771051
A. Cisco,ST,-0.4221020334327693,-2.4926232752775084
P. Martínez,LW,-0.5120906567683053,-2.1325727702590696
K. Choi,CF,-0.21744014623280275,-2.4473599684798373
D. Gómez,RM,-0.4468892351471889,-1.7799175185044576
E. Børufsen,LW,0.7877173169112228,0.4246087404715308
C. González,ST,-1.037166960141718,-1.444538192846056
C. Bolger,CB,-1.8191182372483679,2.430653519423752
R. Contreras,ST,-0.0410137406592732,-0.6999744859260006
G. Bartczak,LCB,1.117990188690414,0.7350289827096705
A. Grbic,ST,-0.5057511921274204,-1.579585309834779
G. Cortez,CAM,0.831174494451558,-0.8534861918011829
P. Schmidt,ST,-0.9124392934873733,-1.6836445482358506
F. Dhia Putros,CB,0.5612936711587594,0.24012833693090654
D. Valencia,CB,-1.2281652213240826,2.278135120357973
F. Sierralta,RB,-0.12385500857775769,2.2119436886433963
M. Minetti,CDM,0.36037650800224613,1.7932738201607075
A. Kokoszka,CB,-0.4500237441370974,1.6137479480028636
O. Steurer,CB,-0.5604301533804233,1.4884104223016288
A. Georgen,RB,0.4865655204477567,-0.14563125185627795
J. Valadez,CB,-0.7839539705800935,1.4606307725810908
J. Mareš,ST,0.7644474426420841,-0.5597999584441382
E. Gyasi,RW,-0.3006843736970313,-2.2870322844122115
J. Lewis,LW,-0.3132239519107495,-2.6421923514371333
J. McCrary,RB,0.6164830326837343,0.7365924080530419
A. Odabas,CB,-0.7058778923814688,1.7426602144930885
Z. Arseni?,CB,0.14417616082618945,1.515303069742497
P. Engblom,ST,-0.019716860165634086,-1.4885735574655101
R. González,CB,-0.8139559117318929,1.532792739465822
A. Mucolli,CM,0.36788112705117376,-0.9154367407159334
M. Al Anazi,GK,-5.886005987876062,-0.6163824028466255
D. Ernst,RB,0.5217701823380243,0.746200363453336
L. Hodson,RB,0.8646756955648986,0.44949440446455097
J. Hanson,ST,-1.0127539740665419,0.48071953771765796
G. Hauche,CAM,0.19163013428567005,-2.362451967097914
D. Schmidt,CB,-0.47761715915827807,1.4488703211744731
N. Rieble,LB,0.5404589842850284,0.8436266323205448
L. Napoleone,CAM,0.47093500953068734,-0.5322696917581904
G. Zajkov,CB,-1.7511064628875832,2.4420884503534572
J. McGrath,CAM,1.006974659721179,-0.666689433001445
M. Andersen,RM,0.7884785278988682,-0.2028239388369448
E. Calvillo,CM,0.8041375100528567,-0.24008759072800265
J. Gorenc Stankovi?,CB,-0.14661365262561388,1.2182239427828934
Y. Nogami,LCB,0.23237251503586906,1.5030428020657565
L. Soares,LB,0.577756842737393,0.7402074458456057
H. Ben Moussa,CM,0.6684243776498916,-0.5638344984407972
M. Anderson,RM,0.08387842632783223,-2.3219233395766925
Yoo Hyun,GK,-4.2711928039106555,-1.1435122291464774
H. Jafry,CDM,0.6790312033198593,1.0591495310303958
A. Lucoqui,LB,0.9413283902700939,0.49337411054062663
T. Jacobsen,LB,0.2591369746712713,0.8825457509751223
Jeon Se Jin,ST,-0.20989120370108785,-2.9745914393667126
C. Gakpo,LW,-0.2131391724785083,-1.7787266553674408
J. Carolina,LB,0.5268499538348975,0.7304886955869233
S. Gölles,RB,0.5717057812070356,1.290735904325832
C. Källqvist,GK,-4.593268330973991,1.1171761695207671
F. Doré,ST,-0.2842177407927146,-1.4020455274090997
J. Muñoz,GK,-4.7937046601167435,0.2546695171657192
G. Morris,GK,-4.60036403183457,0.22538048708015215
S. Nelson,RCB,-1.0643674152738412,1.961783469622075
B. Vazquez,ST,-0.9608042797730368,-1.441188378859872
F. Kanoute,CM,1.0499667745327856,1.0720940660312
M. Ramírez,CM,0.8492192819284649,0.40765118618266627
M. Chinellato,ST,-0.06344173407849962,-0.19442408216451793
I. Lawlor,GK,-4.437417851791233,0.06679978071924086
T. Dähne,GK,-4.056590850409582,0.22517415093546073
G. Lefebvre,LDM,0.8536316626146231,-0.36016707465756365
T. Worra,GK,-3.9497432925933254,0.25990469704834496
D. Hashioka,RM,0.7531994734534332,-0.18673840240083847
H. Gómez,RB,0.5846710245861939,0.8163968836778948
T. Zwarthoed,GK,-5.570173130937395,0.319375828631842
T. Robinson,ST,0.6824469123086307,-0.886706269659392
S. Al Mutairi,RCB,-0.767819597526366,2.1398396503317167
T. Kanai,LB,1.3325260458280126,0.2400054134286346
M. Obafemi,ST,-0.7518902175302788,-2.4323213355547626
M. Maak,CB,-0.07461784533806927,1.9312078126398413
Y. Mbombo,ST,-0.25788660751408815,-2.146631496302769
Kim Won Gun,RCB,-0.11428343432880385,1.2715268238780804
O. León,CB,-0.12283541332143665,1.5543836588611883
M. Maroši,GK,-4.843540728346617,0.3175495333083575
Jin Taiyan,LB,0.3898378221779932,-0.01019637313805537
J. Tamimi,RWB,0.6639190059752438,0.1849190810386385
M. Leitsch,CB,0.4637105636591202,1.28428898494508
D. Zamora,CB,-0.009578778195238748,1.3060277661417257
C. Özkan,RB,0.4196584907496641,0.8316806702769654
Jaime Sierra,CM,-0.18425333631441848,-0.8442556613231125
F. Ladapo,ST,-0.08635592249970252,-1.4927183315985995
Gwon Wan Gyu,RB,0.3158883056477249,1.000278689692847
S. Furtado,RB,0.6493899322609348,-0.42884850246558887
G. Pinto,LB,0.8550214380297315,-0.010833468442843792
Carlos Cordero,LB,0.31555587640222,0.8601307167145418
M. Collao,CAM,0.33608257950749526,-1.9583017514834618
K. Mellor,RB,0.7378948468992148,0.9223151902318822
J. Pigott,RS,-0.4157745141522854,-1.5614024467819723
S. Ring,LWB,0.43043203583981826,0.7375474900496667
S. Müller,GK,-5.759617999373751,0.37631522398548006
C. Díaz,RB,0.6656896552411358,0.8699608214855189
Park Hee Seong,ST,-0.7430789921542295,-1.2153853242277
S. Ambrosius,CB,-0.6301697616321598,1.4380742915380853
B. Gaul,CDM,-0.19251751011312115,2.089310719637017
E. Gertmonas,GK,-4.048327808199302,0.43474875830205084
D. Cleary,LCB,-0.47307762291213207,1.7046984952119848
T. Halilovi?,CM,0.5242932797228369,-0.4237892438289931
S. Ferreira,LS,-0.5710026145135593,-1.4328398703983907
V. Lia,CDM,0.31448601586977626,1.4909058429852615
C. Kröpfl,LM,0.3395308998596134,-2.424890760035974
Jeong Dong Ho,RB,-0.12518008998253408,0.8172618694764593
C. Zamudio,ST,-0.018040320819440396,-1.7352179613869847
W. Nightingale,RCB,-0.8045971200365076,1.8640344439333831
A. Leitch-Smith,CAM,0.1048096296552114,-1.5243464740199333
Kim Dae Jung,CB,-0.05377567592029067,1.4245847029105594
Maicon Sampinho,ST,-0.5050828421075402,-1.6197065539262008
J. Gerlach,CB,-0.8387864302368283,2.384741777326027
O. Storflor,RW,-0.6411978265771913,-0.9745992187850406
M. Ovenstad,CM,0.7407791187811933,-0.025581684549495647
W. Díaz,LCB,-2.46436827082865,2.123114615914492
F. Di Mariano,LW,-0.3263362804503227,-1.9746674344497253
M. Bähre,CAM,-0.47288213581558053,-2.0901153921645097
J. Castillo,GK,-5.900230329979955,0.6962181660916992
T. Salamon,LB,1.0248537370332735,-0.0007301040813559059
B. Sylvestre,GK,-3.4829095874828475,0.17287949649726136
M. Born,ST,-0.46726890712492,-2.3302580636641643
C. Styles,CM,0.3944328193123359,-0.7087036982556824
S. Jovanovi?,LM,-0.04907698092231337,-1.548543049842905
Juan Pérez,GK,-4.715695620819403,0.36006613182153735
H. Mendes,RB,0.7493845714885794,0.7042791116585475
D. Newton,LS,-0.20111716879427438,-1.692659820642115
M. Fejzullahu,CAM,0.027680747943739453,-2.498929427732103
W. Abdullah,GK,-4.900372120909766,0.4394606339793138
H. Bunn,LM,0.18217006486170959,-1.4790033694129503
M. Lauritsen,LCB,-0.4036121179598591,1.7978475814320176
J. Corrales,LB,0.12376133324075403,0.6423072339472449
C. Calvo,CB,0.3716789071310989,1.6872287913308626
A. Pellegrino,ST,-0.09057937915120079,-2.131473399215044
S. Aborah,RCM,1.0740389059576148,0.7411221159082062
J. Kennedy,CM,1.0829091445401986,0.26260204920403735
M. Ambrose,LB,0.3802245087362264,0.9157710080978313
L. Osaki,LCB,-0.1899059062642469,1.4155203272978778
J. Yorwerth,CB,-0.4821288049497236,1.6128771722414679
M. Ridenton,RDM,0.9549375984298888,0.5355504854149195
J. Strauß,RWB,0.8001676059646577,-0.21608629740771756
B. Moussiti-Oko,ST,-1.1005063542432707,-0.7628648655021213
L. Sætra,LCB,-0.8071257134279691,2.3530525458163405
D. Bock,RM,0.7326330867253817,-0.943404994902846
S. Puttkammer,CDM,-0.7129174186750643,2.6546745315554228
B. Baiye,CDM,0.5130763337977665,1.4048759811039018
A. Andersson,GK,-5.14031356982351,0.7351059788143844
D. Schad,RB,0.5248980218574727,-0.014734588998537534
Tachi,CB,-0.5782317936819594,1.1434581508034976
R. Harper,CM,0.27435600286513495,0.5970668153484042
A. Herrera,LB,0.48533806230374915,1.0353594210193648
M. Novak,RB,0.5067977715493543,0.9940543239432299
P. Grazziani,GK,-4.692212998020796,-0.3253134295405185
R. Kolo-Muani,ST,-1.1826598038635494,-1.9502650240363597
J. Bogle,RB,0.8350043532088726,0.10163253657632952
J. Sudi?,CB,-1.595767609873829,2.219301495586253
A. Chapman,GK,-5.356612841409483,0.12614463128005401
Kim Jin Hyuk,RCB,-0.9730523289590675,1.9119388503085177
Pelayo Morilla,RM,-0.3229514133317643,-2.0041078547812314
C. Bramall,LB,0.7802583122095424,-0.11480325675034461
B. Blasi,RB,0.27124641640478336,1.4598138212318519
F. Eguelfi,LM,0.5368193750887353,0.03434229981268142
L. Lencinas,LW,-0.4527546992855839,-1.7289763848500665
K. Guthrie,ST,0.17272104587371767,-0.7048976555090488
Ezkieta,GK,-4.187378007532296,0.1638811582102329
J. Scherzer,LB,0.29941476082588203,1.2490775305499482
Dani Gómez,ST,-1.0077921240897902,-2.0896030960294136
J. Hofmann,CAM,0.6212065126160958,-0.17870039505639598
Zhang Xiaofei,LB,-0.15037330782717817,1.7757394073731665
Wang Lin,RB,0.8235090898300329,1.2024496724268583
O. Mfulu,CDM,0.6551922577555496,0.9412546504626156
Fornos,CB,-1.1572923661281387,1.7445679660444502
Wang Song,RM,-0.5698439064667665,-0.1540721697248291
C. Melivilú,ST,-0.25914503750498397,-1.6618361924382736
W. Suwayyid,LB,1.24251699368947,0.5616371057395144
G. Wojtkowiak,RB,0.41193435273026596,1.3697912450445524
I. Louati,LS,-0.12371698686608074,-1.2069400873822902
P. Sabbag,ST,-0.6294856658152972,-0.8078438455810582
A. Eastham,LCB,-1.120446898060147,2.5170288413031834
C. Aasbak,LB,0.5732706075885062,1.2163806916653561
Li Jianbin,CB,-0.37166069710421296,1.8128873946261832
E. Ozuna,LM,-0.3571311422565181,-3.0690354059693647
D. Scarr,CB,-0.015497443304295581,1.4269716847933867
I. Smith,RM,0.9175786979090157,0.4584271698185551
T. Barnett,RS,-0.1087132985417511,-0.9721012140110709
G. Yalçin,ST,-0.44598659496547877,-2.326918589468749
Li Shuai,GK,-5.226498440758633,-0.2789975819824525
T. Lindenhahn,RCB,1.8808637410988742,0.07356777574316808
A. Empereur,CB,-0.8424542190809033,1.6288717335034129
J. Schwadorf,LM,-0.35334404540830444,-2.2921834077097167
O. Norburn,RCM,1.2290698006148215,0.030811460024075053
S. D'Almeida,RCM,1.60951795269049,0.5853582393362946
Lim Jae Hyeok,ST,-0.28270276342162426,-2.3429593273428697
O. Boussaid,CAM,-0.45797387416972596,-2.3846296839190897
H. Demir,CM,0.5693009671123103,0.1289600815027472
J. Pirinen,LB,0.9323915948878845,0.6678678269033217
D. Bejarano,RM,0.2995589974712112,0.1346554788587866
T. Schützenauer,GK,-5.077822837084912,-0.43392918395345087
Jaquité,CDM,0.5830832360232214,0.5461023818948225
A. Jallow,RM,-0.6598557745579761,-2.9127184462277627
N. Moreno,LM,0.548804841458245,-1.337285065090683
E. Gómez,LB,0.7389832003872928,0.81856383844719
C. Rodríguez,RM,-0.16493905971502143,-1.8452360443899123
K. Letheren,GK,-5.567536148087622,0.286129692099153
Fabiem Jardim,CAM,0.1827152177852595,-1.0519397334072798
Zé Pedro,RM,-0.32148742078290016,-2.085590631491367
G. Moss,GK,-4.722705534304989,0.2554455313030082
J. Bohui,ST,-0.19912156291198352,-2.1013830224342915
Chen Lei,RB,0.5556424409159684,0.5190344318894825
C. Freitag,CDM,0.011040211423598416,1.6081632541915154
S. Eismann,CDM,0.4865221831729824,1.5785448602348564
Zhao Hejing,LB,0.26660892967731503,1.475902158926293
I. Diallo,CB,-0.886775044856953,0.6283537383110174
R. Alfani,CB,-1.0122677566197429,1.5590628348080418
Y. Benrahou,CAM,-0.7304717965244212,-1.5859896849461572
F. Brügmann,RB,0.44526128026503253,0.7290361436722422
M. Tumminello,ST,-1.2818324761172142,-1.6940028459745569
E. Abouchabaka,CAM,-0.46292757751652747,-1.7222337617803871
M. Kavdanski,CB,-1.7793936599796942,3.107121245672883
R. Finn,CAM,0.9070014254341395,-0.15381185851197904
R. Haynes,LB,1.0214298342444845,-0.4034710549350104
Y. Mena,ST,-0.25020076047619766,-1.1738336628098596
J. Mulraney,LM,0.35053804361435154,-2.176578092089661
André Luis Neitzke,RCB,-1.0234623811028454,1.9514081810001016
Lee Jae Myung,LB,0.9452609367388302,0.9776219233031754
T. Redding,CB,-0.5916403789570561,1.5603274947606178
I. Ayala,RB,0.6255565356003283,0.8551233870366016
J. Justin,LB,0.8830707279939563,0.28058431118340676
A. Eckersley,LB,0.7268152392869599,0.9827610200449133
B. Bye,RM,-0.1456842255552113,-1.7453089097208105
G. Soto,RB,-0.19860851883912017,1.625863785437536
J. van der Werff,CB,-0.5931995550045167,1.3731232493746854
J. Quiroga,LB,-0.04851739641354862,1.2396656140206022
E. Bearzotti,RW,-0.48095690303984595,-1.330203898619757
T. Mahrer,CB,-1.012363107013112,2.547935638401005
T. Okubo,GK,-4.911446562217318,0.5450234158526608
S. Zenjov,RM,0.42685255197621697,-0.6678144971514272
L. Musculus,ST,-1.053145547638808,-1.5329470400090313
L. Pavez,CDM,0.7984001996134096,0.9413118996858949
U. Yuvakuran,GK,-5.4854059481753215,0.2925745128272744
J. Aylagas,GK,-5.149902827612084,0.41562811703024666
M. Byrne,RCM,1.4884431676790113,0.824039770919637
M. Haakenstad,RB,1.5394339705648774,0.367343542915061
C. Goode,RCB,-0.7979228950682158,1.7207306359073757
E. Saavedra,RB,0.1589401856436808,0.3763720860937581
M. Baku,LM,0.07325144330971081,-2.1429254149104358
G. Compagnucci,RM,-0.05061526474689783,-1.82822274661969
M. Rømer,CAM,1.4627593894522068,1.0804180706069952
S. Amro,LB,0.9369691909811945,0.542599511596529
W. de la Rosa,RS,-0.25468133038021323,-3.003403451973381
J. Baird,CB,0.11017565580564825,1.2338368389265573
Pistu,CB,-0.9318212326038695,1.9347860280037128
M. Greve,CB,-0.5373731385618388,2.052398424919468
Shin Chang Moo,RM,0.5524604573091355,-0.5201774795889829
L. Grace,LCB,-0.009706454423587987,1.3721046864779445
M. Trianni,LM,0.7498452372136556,-0.3746644830461154
C. Añez,RB,0.055646319221925394,0.37953957927899146
D. Bowditch,CAM,0.41362905624075286,-0.37188461201139206
Lee Tae Hee,GK,-4.472444194496762,0.3284501260356592
Carlos Isaac,RB,0.21207658433673188,1.1088857520682798
J. Lalpekhlua,RS,-0.013494560412011095,-1.3957269132470962
Rafhael Lucas,ST,1.1427739359401397,-1.4281637652389338
D. Connolly,RM,0.19529612992125148,-1.952691686380289
M. Wilks,RW,-0.212820833662579,-2.3640086363928443
F. Luckeneder,LCB,-1.4829276724996843,2.40118236310668
M. Koš?ál,LM,-0.12665282390268293,-2.0254157567545192
S. Camara Jönsson,ST,-1.2315049915560008,-1.4419752169104654
A. Höller,RB,1.2916521577234679,1.247800192052629
E. Ruiz,GK,-4.429033652349498,0.2527336450429086
Felipe Soldivia,CAM,1.1515955243483276,0.33266996033939716
D. Bizimana,LCM,0.9910788590103462,0.20433145709519285
C. Landu Landu,CM,0.7164425011754432,1.7381047809281391
O. Malik,CDM,0.5226941710792028,1.2620653785750129
G. Sandberg Magnusson,LCM,1.009691911657205,1.0087287186588392
S. Yajima,CM,0.6820793242086844,-0.6051561451152442
I. Huguenet,ST,-0.319869340367297,-1.0669874995408066
K. Belmar,RW,0.7341975637476219,-1.2388529866919462
R. Lambe,LM,0.6526459625389118,-0.1801607139444891
C. McAleny,ST,-0.38714301429753795,-2.6522307565158028
Xie Pengfei,LM,0.8818040291880855,-0.5607334477228392
Guilherme Oliveira,GK,-5.582019400858532,0.7409607806150714
I. Akinade,RS,0.7167630765717237,-0.04388975189743257
S. Vega,RB,0.754969363463107,1.2694815705705347
Wu Qing,LM,-0.4204289916500786,0.4130238651212525
C. Ben Saada,RM,-0.7115011409970897,-1.690283324152703
B. Owundi Eko'o,CB,-1.2741256448004317,2.1415673853587056
D. Bohl,CDM,1.2393553586420543,0.5513946278672512
J. Rose,GK,-4.784013180816993,-0.5161524488963585
V. Castellanos,CAM,-0.4929735902226922,-1.8152350229540248
J. Gordon,LS,0.4626830369076104,-1.4478117930709542
D. Sinik,LM,0.2871712633449584,-1.57419314749146
J. Arak,ST,0.5129847177782361,-0.8532936393657345
K. Al Samiri,CM,0.4256919906530062,0.5302721991763897
P. Mako,LB,-0.2195781301516317,0.356246244614631
H. Al Amiri,LM,0.16351921149768986,-0.5296650262190506
G. Terrani,LW,-0.0741782185231198,-1.741930684023156
B. Corr,ST,-1.2677000408920522,-0.2135080194062652
L. Ngwat Mahop,CM,0.4824629517936343,-0.1305317652974472
J. Coleman,GK,-4.265567298754831,-0.28727952969193443
W. ?obodzi?ski,RM,0.005441022083761976,0.007350542221230813
S. Wright,LM,0.00511173040333703,-2.493380864223657
H. Starostzik,CB,-1.215803857846096,2.330626950521548
S. Foley,RCM,1.308269297916571,0.39753066905364143
N. Delfouneso,RM,-0.22019926640349602,-1.8422335320508252
S. Suljevic,CM,0.3224715410734617,0.8424640895714619
R. Bentancourt,ST,-0.22151111195708853,-2.0266832885181407
N. Royón,RS,-0.13614518323847413,-2.424837514150161
K. Kushibiki,CB,-1.0396854086777312,1.8502367297361795
K. Krolicki,CM,1.1821156346070385,0.07081270733499613
H. Abou Demba,RB,0.7455210700794803,0.8279088683672235
M. Wegner,ST,0.15230676987539213,-1.151033698227462
M. Bringaker,ST,0.06004146360044025,-1.9556320089004604
S. Brisley,CB,-1.1639756985872374,2.1235007306947753
C. Diop,GK,-5.098331593390631,0.1976322525081244
Wang Tong,RB,1.2519008206946516,0.0005488632301517695
G. Cooper,LM,-0.20543722633641284,-1.7183956204635502
M. Multhaup,RM,0.3280507525807955,-1.1858023659117989
P. Zebli,CDM,1.075899604122902,0.5714865914612157
D. Bertrand,LM,-0.731260075229521,-2.953616153503775
Ricardo Almeida,ST,-0.4537931221767449,-1.631141524307193
Rafaelson,ST,-0.9469768296193788,-1.1812106463875864
Y. De Winter,GK,-3.872810742478699,-0.05142706397414352
G. Pinaud,RB,0.24062170784970466,1.3754757392889274
D. Zibung,GK,-5.0908497007264755,0.06596640914668728
M. Rigione,CB,-0.9883018744959386,2.2058219974777993
S. Rénot,GK,-5.340137736174188,0.2844543061378117
H. Lennon,CB,-0.44169646023620684,1.731249219091842
H. Al Juhayyim,ST,0.34662234269868814,-0.7706474703135687
A. Meyer,GK,-5.506112403394112,0.2547268073722475
Yang Kuo,RWB,1.2552893873675486,0.10180404792446227
L. Walsh,CM,0.7653588226642815,-0.8247437052705677
M. ?engezer,GK,-5.591628414556348,0.016181450579540693
H. Vetlesen,CDM,0.9903299041674791,0.21247308893369116
A. Vrenezi,ST,-0.10031621499755926,-2.816542234650122
J. Jeffrey,CDM,0.8141150133593693,0.5547881219039447
R. Lauritsen,RCB,-0.6024774476169235,1.590781365609234
J. Karlsson,ST,-0.1618341588536436,-2.803510618658649
D. Boo Wiklander,LCB,-1.0167920652051283,1.8784690211691992
A. Da Cruz,ST,0.06162046806235694,-2.0239918991387453
E. Cömert,RCB,-0.6930496210725857,1.8409436854907748
M. Tramoni,RM,-0.0744955605416564,-1.3698843489784027
F. Evina,LM,0.2627345028832101,-1.4798741221852914
J. Hurtado,RW,-0.133471640941027,-2.2846249223132813
G. Sawyer,LB,0.449298998891854,1.223997455776596
J. Fabri,GK,-4.660805862833648,-0.41545863929817434
T. Pett,CAM,0.16143830570497297,-1.2403403916482236
C. Howieson,CM,0.9826279672291194,-0.006398272925676686
N. Brandenburger,RDM,0.6348275174518043,1.2468781082916127
Lolo,CDM,0.24438242665390353,1.8421865514798885
PC,LB,0.6282129440048827,0.6830317191943569
M. Malsa,CM,0.528084243748058,0.2770579833783266
M. Nazarit,CB,-0.826034261176741,1.8782848692404088
M. Moström,RW,0.7229797693416556,-0.4857839098266954
Luo Senwen,CM,0.878231011153763,0.3418416247409222
F. Weber,CB,-0.5521399547739461,1.7720989288241533
G. Guerra,ST,-0.5310725094060242,-1.4139149187574858
L. John-Lewis,ST,0.10865327000411126,-0.7722721727764721
M. Ziereis,ST,-0.1362532838832959,-1.5477220561972278
N. Flø,GK,-5.260012334994661,-0.284966625837599
N. Ependi,RB,-0.15172033661632273,1.1063676529019628
A. Al Khaibari,CB,-0.9229188597251241,2.1033909442031296
R. Mukiibi,RB,0.3444803017186835,1.7637299324280307
M. Mikkelsen,RM,0.39676630735893587,-0.8283413134095218
K. Luli?,CAM,0.07689283842918751,-0.7343282825807965
O. Shodipo,LM,-0.13387914147795854,-1.93737742581827
A. Soumaoro,CDM,0.6827798902172701,0.9114097186671024
B. Alston,RM,0.3958204721772748,-0.8460537558213257
M. Rossmann,RCB,-1.4954215630962855,2.601491155965524
A. Al Owayshir,GK,-4.315051970552575,0.47909811651955375
D. MacKinnon,RDM,0.6046976656738269,1.2370102622146442
D. Widemann,ST,-0.41611011596117103,-2.717921325155343
M. Akan,LB,0.28853301145093674,0.6194375718323955
W. Janssens,ST,-0.4181101476830687,-1.9840232801145654
O. Velanas,CM,0.6650526344529267,-0.7036167195112238
Carlos Miguel,GK,-5.732382367479935,0.8521260435465877
D. Watari,ST,-0.3350045726502103,-2.245321191128712
D. Iapichino,LB,0.4587182382673792,0.0926285089004457
A. Jagie??o,LM,-0.43212172178352093,-2.0440345212050186
L. Vigouroux,GK,-4.443001319707682,-0.008130634500092071
Y. Filigrana,RM,0.15353684267085274,-2.105619556501027
S. Hernández,GK,-5.424275620041743,0.3006345972173424
Stoichkov,CAM,0.41854026765365393,-0.6778539288054789
J. Lindner,RM,-0.2626428737881037,-3.079923350862253
B. de Jong,GK,-4.198453170326248,-0.21690165848720694
F. Fallatah,RCB,-1.0589460151367527,2.381658828842743
M. Cichocki,LCB,-0.33160529453468324,1.7592886649145398
A. Kanibolotskyi,GK,-3.9256650913663345,0.29047633151807495
J. Wilson,CB,0.17375933490708803,1.4445664499207347
O. Güçtekin,CDM,0.31283041483243057,0.08991526774029313
L. Suárez,ST,-0.8979926755963661,-2.3765337741276094
L. Burge,GK,-4.756689363266587,-0.38542554935152407
D. Poggenberg,LB,0.10909120720166374,0.8895501323656818
B. Öksüz,LB,0.21641850611642185,0.8569172418542943
D. Campos,RB,1.2140804551619022,-0.05344471444237539
C. Burgess,CB,-0.8283762054724484,2.0611000593806903
Sito,LM,-0.6826784366915227,-1.534928257922986
J. Hoffman,ST,1.335997961484572,0.5075564061152358
E. Frear,LM,0.11728888635576046,-1.9180222250785153
R. Peiponen,RB,0.5436001729624202,-0.1724389657036714
G. Nutz,LM,0.6922880735526565,-0.902954268666657
M. Johnston,LM,-0.637888140546361,-2.6245911448899406
Yu Ji Hoon,LB,0.6223444026521658,0.28197218999408175
L. Casanova,RCB,-0.9538911553940013,1.9693525514852976
M. Koj,LB,0.4303507910047196,1.7077755989751213
R. Espejord,ST,-0.6926429506424718,-1.5628560669203901
K. Toner,RCB,-0.5085108522615431,1.7672347320892332
M. Palacios,CAM,0.7456599238402603,-1.4544083228338331
Kim Seon Woo,CM,0.7367090978913989,0.10024364627987767
P. Yrizar,ST,-0.621732747425098,-1.90200521424931
Clemente,CB,-0.18434552436801488,1.47253434769702
Juan Delgado,ST,-0.9775863132612748,-2.3217926125963753
A. Romero,CM,0.5234458655913868,0.6714304030438747
J. Hornkamp,ST,-0.766339980967255,-1.6890581142165157
Joan Monterde,CAM,-0.16842687082545846,-2.063582227997593
G. Somi,LB,0.9968655109851364,-0.05138797780880803
G. Karlen,RCM,0.8261724852854706,-0.323694405530984
G. Martin,ST,-0.2964495149633499,-1.3908340446323295
Luan,RCB,-0.8758659450026929,1.964889928219279
Caio César,CAM,0.6307156308300288,-0.04420053375261704
F. Nadalín,RB,0.23692359347940264,0.9418554873548899
Uxío,ST,-0.6717933970507761,-2.010955802708217
B. Comley,CM,1.2671307397942606,1.0732289397534676
A. Al Habib,CB,-0.4238710814836913,1.4167026225824255
Hwang ByeongGeun,GK,-5.421012667743028,0.6274331244935433
L. Faye,LB,0.46518813453069224,1.1934616027271345
M. Al Furayj,GK,-4.634938362995442,0.2575240676951014
T. Blomeyer,CB,-0.5737459346200157,1.8671276779860133
T. Mohr,LM,0.9846867735033871,-0.3300539367234604
G. Whyte,RM,-0.30931784129650813,-2.5866379827964168
M. Kuzmanovi?,LM,-0.2730378212990375,-1.953810342282329
K. Burger,LB,-0.6169970871479921,1.811837714031347
H. Miyazawa,CB,0.7252057548170612,0.03218539885601742
M. Camara,CB,-0.35327229058942683,1.3158826489749673
O. Bernal,RB,0.1859796156647383,1.5212721981396682
B. Kirsch,CM,0.6576534623875666,1.030356391406912
M. Sourzac,GK,-4.0993396056974225,-0.29365131736192657
Wang Jie,CB,0.02391610669378937,1.4915671065669542
S. Miller,LS,-0.06633743041723802,-1.7551389993001207
T. Arano,CAM,0.8129426076421091,-0.6343112393538101
M. Salisu,CB,-0.3363541233819542,1.7372524572726582
P. Gori,GK,-4.219236728251909,0.07900065608195596
D. Djigla,RM,0.18343245246628015,-2.3897386109049017
T. Okamoto,RWB,0.6834975493995341,0.9708592836827981
J. Green,RM,0.4021076504932561,-1.9889476128116497
Toni Moya,CM,0.23046725791696518,-0.69559972363185
J. Gaspar,RB,0.7659946842146171,-0.392224428476688
D. Suga,LM,1.2958074980300964,-0.5979448034603536
R. Aabid,RM,-0.2870611200243539,-1.8978105575364805
E. Benavidez,RCM,0.25499425173973245,0.8659384264268796
A. Cisak,GK,-4.230116885058718,0.12320832059563226
J. Davenport,CDM,0.5464874213531684,0.8280061238103736
Liu Yiming,RCB,-1.1397521605752978,2.673117616146742
C. Laprevotte,RCM,0.9470535297541818,0.37046867236356323
Y. Dhanda,CAM,0.07400874231609138,-1.9360223218682147
L. Sapetti,LB,-0.4814498296660479,1.1581121784959107
Brugui,ST,0.892285142564852,-0.8796878058890641
A. Marino,CB,-0.8575151605167464,2.287402623297501
P. Malicsek,CDM,1.0304699548909813,0.13759859025904927
F. Schubert,ST,-0.25567459072898624,-0.9380587666761294
A. Yasser,CB,-0.9403120816369436,2.1899152512473643
L. Lämmel,RCM,0.8759766392210585,0.2184184388975234
D. Grainger,LB,1.3344591832979078,0.6120157929455331
P. Neumann,RCB,0.30596654973132487,1.1414992496181922
C. Ngonge,ST,0.2743876669751721,-1.381352604664045
Domingos Quina,CAM,-0.07101681826242316,-1.3091426950705403
L. Sörensen,CDM,0.4814231224005599,0.20567187172223997
Y. Lawal,RM,-0.277472347663323,-2.560057988051406
S. McCartan,CAM,0.4785934086983171,-1.9383059988900622
M. Rasner,LM,1.0484815579002797,0.09125984975769276
M. Facchinetti,LB,0.6378894940183268,1.1530790676865954
Park Jong Jin,LM,1.297208351315657,0.19920987785201308
E. Lee,CAM,-0.018320211496891448,-1.7197027647121836
M. Al Saiari,ST,0.361139819294757,-1.041048552943448
G. Singh Sandhu,GK,-4.672109952573025,0.582193099634394
J. Pendant,LB,0.5228657379441171,0.9808183979083116
A. Gaich,ST,-0.6966176889482885,-1.6565837461842565
S. Sosa,LM,-0.2886044636775531,-1.4456141519350922
A. Elogo,LW,-0.1401639789104506,-1.9674514140673516
A. Abdu Jaber,ST,-0.8040888797584341,-2.402536381341742
D. Stojanovi?,GK,-4.516281584182121,0.14221738852810972
T. Rieder,RB,-1.3101405880884411,1.9258481576226587
A. Keita,LCM,0.5433080296326667,0.9233403530302495
P. Anderson,RM,0.8696561501845248,0.08570070485364227
S. Kind Mikalsen,LB,1.2043817739178646,0.5840506559914924
N. Danns,CM,0.673744014535957,0.10703144586767387
K. Itakura,LCB,0.2947024795003653,1.2748748331637354
M. Derrien,LCB,-0.5939761180141814,1.767270583269553
B. Sørmo,RB,0.7597727554091274,0.9764245777134186
A. Olliero,GK,-4.862436746911392,0.47523878408622194
T. Bayliss,RDM,0.9677552332444855,-0.19427190831453645
Guerrero,CM,0.5119649606180408,0.09015103579332043
I. Quílez,RB,-0.11925042302619197,1.1229747287059992
Mario González,LW,-0.7347066656612227,-2.6363823051885755
S. Herrera,ST,-0.23883482319046173,-1.7278052157333197
A. Diop,CM,0.981208967289146,0.30377069716449423
S. Murray,CM,0.6316136891227823,-0.35962327272778727
L. McAlinden,ST,-0.42606807477193653,-2.1375854363715647
J. Tjørnelund,LB,0.44579903600858134,0.8930939175703579
M. Timlin,RCM,0.9837496010917385,0.8136713993608287
A. Akkaynak,CM,0.7880772707541608,0.42073130278375415
N. Al Subhi,CB,-0.26247394743483154,1.7211212381887844
R. Anane-Gyasi,RM,0.058099095470357305,-1.8769052236888522
L. Kinsella,RCM,1.644170286990203,0.6112033671025298
M. Ratajczak,GK,-4.8323313626538855,0.2070430920916742
Diga,RB,-0.22168528238197685,0.7162485966711708
M. Yanda?,CAM,0.052477905658332845,-1.1727747352764861
S. Oum Gouet,CDM,0.6768483412323015,0.9353948882328386
Tian Yinong,RCM,0.8995185273235246,1.7098917622143883
A. Omar,LB,0.540476681532714,0.43691341469204087
M. Broberg,CM,1.1746952392588919,-0.5050091261404389
M. Caillard,GK,-5.170220125937878,0.7159038740140633
H. Bonmann,GK,-5.398026876037111,0.5864851001502368
C. Bravo,LB,0.6985783039436051,0.39910125111941736
H. Rashidi,LWB,1.061782231836878,-0.3984784011570058
Yu Ziqian,GK,-4.864005447802263,0.82182161838037
P. Digby,LDM,0.9840132242406687,0.9627322411941592
G. Fabiano,LW,0.06562062608776353,-2.355053770991421
E. Andersson,LM,0.2395602820885799,-0.14486184525956913
A. Gordyushenko,CM,0.5388667509028742,0.10005999732069454
S. Reddemann,LCB,-0.07816671225396261,1.6147571627202166
C. Lakin,CM,0.8397068801865796,-0.6585274170590377
Vallès,LDM,1.0777235493289916,0.45749504649741396
T. Kruse,CDM,-0.7540484943401164,2.6477061417971908
B. Soumaré,CM,0.7196590580045531,0.9353055633907622
S. Perisan,GK,-4.614150609748329,0.04496616465509254
Y. Hasegawa,ST,-0.7933433959785012,-1.885301929063268
J. Bataille,RM,-0.8987784323298184,-2.160477818566582
I. Twum,CM,0.6464302231228372,-0.33256698237045534
P. Diouf,RS,0.6364239981196955,-1.844388635998282
S. Flinders,GK,-4.988049948379019,0.4497024843895157
T. Bröker,RM,0.4493320763002457,-0.9312017607393527
N. Rehnen,GK,-5.321228311984334,-0.4732850244460796
A. Accardi,CB,-0.048710902548105,0.881497204586703
K. Debaty,GK,-4.813865043792078,0.6383059472350976
S. Kroll,GK,-4.797406103607845,0.24741816950589468
F. Krogstad,CM,0.9414083623838271,0.5958837922363157
Pedro Díaz,CAM,0.12423916416675997,-1.4770236207900074
A. Kubalas,CB,-1.3356413873371107,1.8184054130506146
O. Sissoko,GK,-5.10435523447964,0.3466065697882069
A. Redmayne,GK,-4.8011244068402785,0.2444587160275433
L. O'Neill,RB,1.1371352532385166,0.4491028389506141
S. Braun,CDM,0.39400210634921273,1.1823031958052923
Isi,CM,0.06517673041419757,0.07334700626061803
S. Laird,LB,0.9802763389627217,0.6851996374862145
M. Grösch,RCB,-1.095192659843389,2.4439826569476653
M. Bartley,CM,1.2582980225326539,1.7500516959633214
R. Nilsson,LCM,0.8884849470953566,1.3261607752677178
P. Jones,GK,-5.440517142899288,0.2699478014287629
M. Armellino,CM,0.7650447236106247,0.6476202607266377
E. Marxen,LCB,0.8748734828902984,0.7573007545069188
Tan Tiancheng,ST,-0.3967400899228461,-2.435762838900133
A. McEneff,CM,1.0891946791228826,-0.12428671659331725
C. Andrew,ST,0.6980854205450758,-0.09872398274677349
H. Amin,LB,0.5604874193881467,-0.3027827971535203
R. Mišlov,RCM,0.503593899740643,1.2329796341126955
M. Berrío,CB,-0.15963498898559805,1.5252788882828812
M. Pinnock,RM,-0.05358479742037285,-1.5202184684435764
R. Lemus,CAM,0.5681038286117841,-0.7458471864520504
A. Chambers,CM,0.9588086952041927,1.7689200495461141
J. Barny,CM,0.4671472173705135,-0.11077774121970933
M. Epps,RM,-0.10845688301022523,-2.0995026010413085
O. Gaines,LM,-0.11633049954245311,-1.9025925209269174
J. Wright,CM,0.8089120932904365,0.2736086920195101
P. Siegl,LCB,-0.017946943971468912,1.2290831709916712
M. Marrone,RB,0.8019625803833581,1.4508371263593303
B. Rotenberg,RB,-0.15053865460515956,1.4476432445965735
S. Mmaee,CB,-0.13726501271835714,1.294315565234293
L. Andrenacci,GK,-4.783349016463376,-0.13464648886776548
T. Ishikawa,LCM,1.4124610121978443,0.8241750478623874
T. Baumgart,RM,0.43006479664842606,-1.4197096802768903
T. Handwerker,LB,0.7003315714056604,0.1734454801281243
Huang Zichang,RM,0.350026836217395,-1.8224196396172865
L. Pons,LS,-0.7223539506646373,-2.1634005319153897
G. Alucema,RB,0.9618657878920763,1.1179937033161453
P. Heredia,GK,-4.520032618374694,0.1636062688406813
A. Cistana,CB,0.09698848123584433,0.6335430780200111
S. Essende,ST,-0.5430602695898881,-1.4423359358089491
A. Bakayoko,ST,0.8738452994515543,-0.7543351009840161
Montoro,RB,-0.0520950198568149,1.5618293728941677
Tang Shi,RM,0.3041748657730246,-2.1912761395337954
S. Horemans,CB,-0.3115239777995351,1.25503388358961
J. Rodríguez,CB,-0.26313866603598984,1.5964273055223814
O. Tounkara,RS,0.8296706573247795,-0.4051038502490231
Choi Jae Soo,LCB,0.6244409236310487,0.24527508329171083
J. McNerney,CB,-1.4461031754056388,2.4550954115330725
N. Fujita,CM,0.30739324768592524,0.975161962105573
D. Giraldo,CDM,0.6528998801641619,1.20341565249631
J. Flores,CM,0.47201942485987064,-0.6513514521269093
S. Gbegnon,CDM,0.009152443862581261,1.1362356608154556
G. Rogers,GK,-4.99897009288733,0.03956291113104725
Maximiano,CDM,0.5995036065542395,1.4968147976835569
M. Al Dhaw,RM,0.1338215508211208,-1.897603611527086
K. Despodov,LM,-0.045307031019234875,-2.0460770482757775
T. Schilk,RWB,0.737886124992084,1.150677404651874
A. Sharahili,CB,0.3256283909256224,1.3047058129501878
S. Paw?owski,CAM,0.48254849885177337,-0.6780176451672392
K. Schwertfeger,CDM,0.5492802611756826,1.3106954780059898
E. Baldini,LW,-0.32823906377492035,-2.019193972850386
O. Framelin,GK,-5.7003484953729675,0.49036182114045196
T. Conechny,ST,-0.3847911789279335,-3.150325578294286
K. Osyra,CB,0.3880076466980713,1.2612202451606127
F. Cernuto,CB,-0.5683997139814839,1.6304561952524783
N. Pierini,LW,-0.1609898232167207,-1.7220961569848143
R. Uldrikis,ST,-0.4778172331368446,-0.35520482794166647
P. Wilson,LW,0.09468008319029542,-2.162013483426237
A. Dijksteel,RB,0.527311084706951,1.1643625846064887
S. Pérez,GK,-4.625932782318307,0.06022813003477274
S. Larsen,LCB,-0.22275429330188778,1.7238895323408785
F. Barrientos,RM,-0.23876776925112433,-3.2677893160003255
J. Putze,CDM,0.30701666076918815,0.9537928277483609
A. Al Sulayhim,CDM,1.1265354662870608,-0.016661271400558064
Wanderson,LM,1.256889235177319,-0.20201685994461638
L. García,GK,-3.837561034753185,-0.3320819136587294
S. Pino,ST,-0.09848540959306155,-1.4500701317954068
Y. Matsushita,LM,0.3093686980584602,-0.7815928104885267
L. Rath,LCB,0.5555031361005911,1.322181313987469
E. Mjelde,CM,0.9090381141641156,0.09693950209079348
D. Buchanan,LB,0.6080956961741075,1.0776254030033814
P. Pomykal,RM,-0.21556798701938165,-1.4623381395393718
J. O'Brien,CM,1.1237477592801577,-0.15196819010692666
Y. Tanaka,RB,0.18840294728132442,1.4508001462162827
B. Babiarz,CDM,0.814974045598429,-0.29989177941098366
M. Sans,CB,-0.5974880827991083,2.0705408034166135
Fran Cruz,CB,0.10506170166175607,1.6699098870566482
S. Sama,CB,-1.7456381647861383,2.095759863517299
D. Wiebe,CDM,0.3488449990159693,1.5708487189273725
Juan Hernández,RM,-0.8119412678613955,-2.431584766845519
M. Spelmann,RM,1.41391081972975,1.0257796009156528
J. Beyer,RB,0.09562163347374018,0.8832362929306895
S. Robinson,LS,1.155036065121972,-0.17952864154794348
O. Berg,CM,1.4926346326266966,-0.10507101381235431
J. Arctander Moe,LB,0.3337127255028698,0.9955070542266224
T. Hagn,LM,1.4029800710326754,0.754972263536127
H. Camara,ST,-0.2967242430617556,-1.6657225241438356
Alberto Espeso,LB,0.10991466417947453,-0.31547754038211134
Kim Gun Hee,ST,0.16277360960936554,-0.7357454750501111
S. Schimmer,LS,-1.201421833481683,-1.5438093830980897
Paulo Vitor,RW,0.26697579039327196,-1.8567941116389202
David Alba,CB,-1.2262893663159689,1.9564157835174476
R. Hedges,RM,0.4081655244678746,-1.466687962634835
T. Moore,RCB,0.2915560913735674,1.2357973780855487
W. Viitala,GK,-5.559376141470598,0.01532597958471087
A. Al Najjar,RM,0.36458168157961124,-1.3660614567892981
Gonzalo Pereira,CB,-0.750854041478177,1.4789219035638288
M. Ristl,CDM,0.32040930246870963,0.6955129390957314
J. Lungi Sørensen,RCM,0.8042669769234952,0.19914616837975974
D. Tshiembe,CB,0.5426335063860551,1.040064587698754
I. De Santis,CB,-0.8324885852915611,1.5535856528114034
L. Krogh Gerson,CB,0.8688065559027535,1.3254463477013358
V. Bindia,RB,1.0041427164736592,0.3910447332991135
A. Ferati,CAM,0.01950980028633396,-1.576217888642591
M. Penney,LB,1.080016733406242,-0.41554282883184185
A. Ibrahimaj,RM,0.17699543471186374,-1.9534454827343228
R. Lamie,LWB,0.10769922822422744,1.9810950781889998
J. Smith,CM,0.76350572664722,0.32958707428353984
D. Soto,LB,0.3514514945577823,0.9928983442912075
T. Vincensini,GK,-4.608119418735568,-0.39793461970390054
A. Al Barakah,RCM,0.2108435571061665,1.207890534531183
D. Barreto,CAM,0.3932198499891287,-1.4168140372588962
A. Andrianarimanana,CM,1.141706349614902,0.15161457057486408
Ricardo Schutte,ST,-0.5133456165121161,-1.8720435409720813
D. Jubitana,CAM,-0.11262585093548647,-1.2211707150845328
M. Salas,LM,0.11353793520008379,-1.5546523625113067
C. Dummigan,RB,0.5563862703686562,0.7406779040653797
R. Córdoba,CB,-1.726496700665499,2.8158700993731793
C. Lindquist,RB,0.8470521333408181,0.35883756059598976
S. Donnellan,CB,0.12859585547149982,1.5222296264706452
D. Kozica,RM,0.28470105912849986,-1.4342461591393962
T. Ephestion,CM,0.907564332610531,0.7293600097497389
W. Jordán,ST,-0.3503743498839049,-0.46045828864534377
F. Jagie??o,LDM,0.0073027908583682185,-1.1625746755388253
H. Storbæk,CM,0.6217375473396046,0.1441657707757254
M. Mandron,ST,0.44116468203443665,-0.012166037672761186
Robert Costa,CB,-1.0538154730992078,1.9466264162334264
Borja Fernández,LCM,-0.08563510377266868,2.0579469566429025
Jang Dae Hee,GK,-5.039436255547982,0.189099238415247
M. Barreiro,ST,-0.7412429514311082,-2.5365731426294054
Kang Ji Hoon,RB,0.8506374839617966,-0.9164616036281893
M. Rasmussen,LW,0.3106500024417959,-0.9168139943074713
F. Barboza,RW,0.13293495079115217,-1.761727459940949
Fábio Ferreira,RM,0.4308945400786918,-1.7916128876490562
Lee Jin Hyun,CM,0.27173420210707844,-1.5433342500053666
L. Meisl,CB,-0.8058304616788,2.0646381787772397
F. Lepore,RB,0.9731774762138866,0.13605966495680416
A. Bah,RM,0.6413479039646334,-0.6758311759073697
F. Coniglio,ST,-0.4277065924500807,-0.9577325981486619
J. Hjorth,CB,-1.1972483975545156,2.3564450595606248
E. Frederiksen,CAM,-0.5374551790184214,-1.5423132041891252
G. Ingrosso,CB,-1.7386393993388793,2.058804082825633
Ander Cantero,GK,-3.738997354801069,0.12355589842723796
Bae Ki Jong,LW,0.21894889415351004,-1.231206647041788
Jorge Félix,LM,0.03268167904334251,-2.106799516369593
H. Akino,CDM,0.6123166656478773,0.8229866991074025
A. Layouni,LW,0.2898403624521071,-1.2926168803331601
J. Salazar,RM,-0.5837150513808819,-1.9803661933528127
M. Kallesøe,RM,0.2829142199639013,-1.3928406979454708
L. Sierra,CDM,0.4359848603324848,1.5936053113766795
R. Guder,ST,0.327908302231253,-1.7910608660155656
S. Bywater,GK,-4.205372634747737,0.2649297543810657
A. Bangoura,RM,0.5185515586309998,-1.3780656034661416
Chema,CAM,-0.2250762977862605,-1.5150764262192982
O. Kudryk,GK,-6.355541669831681,0.24839423441579517
D. Todorovic,RB,0.6647324669840402,0.5093445342826033
D. Deni?,CM,1.2710968422878919,0.592258042053198
P. Cowan-Hall,RM,0.710141641183106,-1.5540166304789527
P. McGinn,RM,0.8457265945704275,0.4507845839994184
K. Bielik,CB,0.09853149020111648,1.4279141758818297
D. Hümmet,RS,-0.24236246840193373,-0.8895365220094107
A. Mora,CB,-0.12523304344879066,1.8748454503048766
K. Magennis,CM,1.0078437812269643,-0.5697400837340779
J. Mountney,RM,1.1080061816445272,0.30584104761654196
P. Pflücke,CAM,-0.8075952187289193,-2.834108640380619
N. Falasco,LB,0.3434545031134139,1.1156870304053796
A. Skovgaard,CB,-0.6679143533266598,1.8473345791607714
F. Al Yamani,CDM,0.3794123882045514,1.1238028806665679
C. Maboulou,CAM,0.18581493145192632,-1.1380983161068894
R. McCabe,RCM,1.0585119437052812,0.2040517879381171
M. McNulty,GK,-4.826398674853403,-0.32218351288136204
L. Corti,GK,-6.565457753332489,0.060878992935349534
E. Parish,GK,-5.273926250727751,-0.3879812917846341
R. Tongyik,CB,0.666674985953209,1.9328294430843065
Bolaños,CM,0.6405800035703785,0.4086177351039682
W. Meyiwa,CM,0.9103381078361801,-0.2691664651195428
D. Reimann,GK,-4.906618590963803,-0.5082503685722435
T. Heintz,LM,0.2379660652265504,-1.5260226220818205
K. Dermaku,RCB,-1.522456783389889,2.1590573299123865
A. Mendes Moreira,LM,-0.15169477911095441,-1.922328427210627
K. Seki,GK,-6.1294372358448586,-0.05545227752132883
M. Doucouré,CB,-1.1843778901726634,1.4965761424621002
S. Beusnard,CAM,-0.4104060862701078,-3.091243800085771
J. Kamber,LB,0.9322477512506748,0.3990587486040256
G. Mutombo,CB,-1.2028133851760896,2.300054014117276
B. Lubala,CAM,0.4204638104622047,-1.2504279122274569
S. Zizzo,RB,0.8478255831037782,0.19607793414733396
A. Horwath,GK,-3.904608223574717,0.23038570595101607
R. Healey,LW,-1.182351670214899,-2.2732796340397488
O. Muzayil,RB,0.2467839650022279,0.6627513630346673
A. Taylor,LB,0.15803105540612453,1.3118360251666406
A. Sosa,CB,-1.564594899659472,1.4204175040534366
J. Cruz,CB,-0.8781855699007088,1.5307389738597668
Jordi Sánchez,ST,-0.8872561781393983,-1.6949079930668849
Wan Houliang,LCB,-0.7784235737567855,1.955904245445085
J. Morrell,CM,0.6306610200231627,-0.7361365078349899
R. Macek,CM,0.8145258528731641,0.12931385364994827
Idrisa Sambú,LM,0.20622706104706384,-1.556698637780293
D. Steininger,RM,-0.3709935165303938,-1.977241233155293
M. Kuleli,GK,-3.9979309980834694,-0.34166613062253315
K. Duncan,RB,0.5170931761235193,0.31408908778197975
M. Eskihellaç,LM,-0.5405407458731463,-2.2865942202364167
Bruno Michel,CAM,-0.8706346205881086,-2.077183673138976
L. Nolan,CM,0.461478379209257,1.046976630820778
H. Futami,CB,0.2794126953208715,1.6030251610456872
D. Otto,ST,-0.8384530782493327,-1.9322410348835088
Quique Cebriá,GK,-6.08050485314069,-0.3668854533325017
D. Granli,RCB,0.5691263092838087,0.9270203173529289
J. Vargas,CB,-0.7500482559461757,1.76144726368032
Túlio Nevinha,CB,-0.8587410207102737,1.8232653939474552
D. Sappa,GK,-5.396075781148154,0.5852377887165079
N. Boxall,CB,-0.14521423083755666,1.4225520012263073
Emilio Bernad,GK,-5.458368622796341,-0.2581967023378339
Murilo Mendes,RS,-0.39771331298045204,-2.490709141572402
J. Obrian,RM,-0.2959421381794303,-2.293558280840564
M. Nicolas,GK,-5.098425898847866,0.8269547780408802
J. Möbius,CAM,-0.42942712600991617,-1.8771759852470455
Thallyson,LB,-0.17174717415607837,0.15023025976890322
C. Kobald,CB,-0.6219310955845363,1.56188444126622
J. Gray,RM,0.5065656098085923,-0.7614494090333516
S. Nelson,GK,-5.018225685561701,-0.16905303566588228
D. So?decki,CDM,0.39987413622032825,2.1590992312358526
M. Hongla,CB,-0.3565356875677116,1.6084703991863973
V. Dragomir,CAM,0.06217218982307337,-1.1900784280930334
D. Schmidt,GK,-5.512242809548894,0.7310779114097347
Ayala,CB,-0.9475516773718575,1.6764608396473004
N. Erlbeck,CM,0.830494561861784,0.3909640726417547
D. Gallagher,RCB,-1.5486459191161175,1.8678440410555333
M. Hauptmeijer,GK,-4.769026414312619,0.07689168503188111
A. Granlund,LWB,0.36384459307160955,0.814594197010933
Kim Dong Min,LB,-0.10197842057958685,0.7645680223837069
F. Kusi?,CB,-0.4344988510321665,1.2157478250605414
A. Sorge,CB,-1.2828027564347717,2.150202801929866
F. Venegas,CB,-0.2038685595120522,1.3595611325211339
R. Shinzato,CB,-0.3051999405952747,1.34927191557336
Borja Estepa,ST,-0.27077351122407256,-2.982687925212182
M. Solheim,LB,0.8091325622275735,0.7439524924613826
G. Rea,CDM,0.046650408469872444,1.6336823799897322
Rubén Mesa,ST,-0.8439111381230313,-1.6819699788753013
M. Browne,LM,-0.09590338722927344,-1.5306339560999895
S. Morishita,CB,-0.6615841662237468,1.899546763512625
O. Kabak,RCB,-0.969050805669618,1.6357188098711541
A. Pikk,LB,0.5286518579530505,0.47120967009047354
N. Espinoza,GK,-4.776247575511515,-0.10810670007960604
A. Ahmed,LCM,0.4237383530137488,-0.4844401107048665
H. Bilal,LM,-0.7027063368796164,-2.341690453150138
J. Soto,RB,0.35067480829728465,0.7268590361117039
M. Léris,ST,-1.469143286510004,-1.637418262520709
M. Maier,LM,0.7044106017758536,0.16552808944317116
F. Hornby,ST,-0.9066023904865156,-1.5876246463832095
F. Adu Kwame,LB,0.7873840067853238,0.418269726158631
M. Hamoud,LB,0.29613094926693423,0.29093585599692934
I. Alba,RB,0.8160268590537251,0.1784252913400235
A. López,RW,-0.3899414586018965,-1.9279685638693176
A. Akinyemi,ST,-0.6642946465930268,-1.938728732083567
M. Gutiérrez,RM,0.32144682026745625,-2.6142442880923684
G. Diaz,LB,0.8422927707180146,0.4539642534589972
R. ten Hove,GK,-6.049684932618543,0.21328557624055647
Pedro Neto,ST,-0.8645688400223253,-2.730912169906433
C. Fagan,ST,-0.2101603759357483,-1.3644629805545978
M. Clayton,ST,-0.159053678472001,-2.186915721259847
M. Litka,RM,-0.35058234617357875,-1.9991819433835034
J. McGing,RB,0.32045845852124183,1.2973979925113215
J. Jiménez,CDM,0.10670081251483413,1.1479085345689632
Li Peng,RCB,-0.8178748532275476,2.196233336132434
Carlos Gracia,RCB,-0.034880321036054505,1.2383984988013905
R. Hernández,RB,0.274121478244519,0.5752415288679495
E. Ye?ilyurt,RM,-0.20704346050709044,-1.3190935867463227
A. Jones,RCB,-1.6436523717767626,2.025519803809272
G. Piscitella,LW,0.3585101635299133,-1.3036306738150187
Samuel Manchón,RM,-0.8903806771098424,-2.2885846467164934
H. Silveira,ST,-1.8543085662771281,-0.7704226154920251
Andrés Martín,ST,-1.1884599549083155,-2.0366592528731378
J. Labadie,CM,1.3299788243322366,1.0304040821572664
P. Kristensen,RB,0.6226661511930959,0.34435916991944965
D. Agyei,ST,-0.3242985050508567,-1.3136392389070968
N. Fofana,RWB,-0.3692584275662104,1.7821331209615918
A. Golec,LCB,-0.5282892071682641,1.9362990370557902
C. Pérez,LCB,-1.0387938772323535,1.6451295666906165
S. Hendrie,LB,0.41353829631320366,0.884262311608683
J. Porsan-Clémenté,ST,-0.03897791190992306,-0.4928284805410144
F. Valen?i?,CAM,-0.5672518852596152,-1.154017152193636
K. Marsh-Brown,RM,0.6608904698608692,-0.9024970578422932
P. Retre,RM,1.1200821621808421,0.6538750562106515
G. Woods,GK,-4.486533579570349,0.05532107241087349
M. Konradsen,CM,0.5862262789584114,-0.2711601921650992
R. Hardie,ST,0.038984660961323865,-2.4197582251395806
S. Gronsveld,RB,0.46726190658313743,0.5921753685555515
L. Dodds,ST,0.5174546461542292,-1.3595617451711082
M. Shabani,CAM,-0.43441596578307556,-1.349744571425255
J. McGlashan,RM,0.23801774463767536,-2.238897733146742
T. Soares,RCM,0.6242698222392735,0.7098827454764077
S. Dawson,CM,-0.5183130691991239,1.5723817280640096
T. Matsuura,LF,-0.11428176457545125,-1.753803975067339
D. Pelivan,CAM,0.8704420638110956,0.9299408960471157
B. Heneghan,CB,-1.2070525288328575,2.118191412930818
M. Agger,ST,-0.5928127729785895,-1.9442783519960862
B. Waters,RM,0.40558318735549365,-1.0850489204457838
N. Delgadillo,LW,0.45941309766186894,-1.434460623518996
T. Campanini,RB,0.39740043719642193,0.8378883900710715
M. Raynov,CDM,1.041438476077918,0.3276899736839241
K. Larson,RB,0.4739156035024528,1.0529363140906203
A. Boupendza,ST,-0.8943761730397082,-1.9496887256735937
J. Hernández,LB,0.33603813099541663,0.47575882476777187
R. Mahazi,CDM,0.6758846994744746,1.0054443644336442
S. Kurt,LM,-1.2584927736910017,-2.743490745963042
I. Al Maghrabi,ST,-0.6578994354980556,-1.3632897405683486
G. Perrulli,LW,0.5099154445054728,-0.1980480270395469
K. Memija,RWB,0.6387451725405208,0.23968788693037846
S. McGinn,RCM,0.4025933192258719,1.1468175834382928
Kim Keun Hoan,CDM,0.42002593435324903,1.2066025112178758
M. Raynes,CB,-1.0455004838346755,2.630518648523575
C. Rocchia,LB,-0.18387036315283456,0.20712725289007985
J. Dunne,RCM,0.9142452102532976,1.4646184471935773
Hou Sen,GK,-4.422674097101774,-0.5031147615422944
Min Junlin,RCM,0.26792638146589953,1.1870260575398905
I. Escobar,LB,0.18895730026662444,0.16132630302372278
Pepê,CAM,0.013448500078748704,-1.0694942434653991
D. Johnson,CB,-0.10198396219591753,1.1225982067441158
L. Gil,CM,-0.3522878446993998,-0.7580688288540831
B. Haunstrup,LB,0.523625772793466,0.48265368477709947
Lee Dong Su,CM,0.1260789847215874,1.3207267010179724
Q. Bena,RB,1.191795815391829,0.8875805465336725
H. Türkmen,CB,-0.33262732085486485,1.3878108978970485
B. Kyere,CB,-0.19406460411364865,1.6369156149441813
L. Pintor,ST,-0.44155928192671373,-2.2219040298335324
Eric García,CB,-0.6406238469344314,1.1041853949489382
A. Solano,RB,-0.015059744273917389,0.5297898277572584
C. Harold,RM,0.3233832797916755,-1.548768267180753
I. Gelios,GK,-4.8404525466873345,0.10478342841709896
D. Kud?a,GK,-4.0108111626778955,0.6842972357670664
Lee Sang Ki,RB,1.4472590802856575,0.15674691314703598
W. Omsberg,CB,-1.0358837341528864,1.836421698466696
B. Schwarz,CDM,0.3158162423405746,0.8558951659890965
R. Koczor,GK,-3.50851816155407,0.22442072044926276
T. Cicek,ST,0.24863123894775505,-1.3763056643729565
A. Mehring,GK,-3.9286241091981786,0.48417724418377683
M. Briceño,RW,-0.2614142190345942,-1.6735079582274817
P. Hellquist,LW,1.0076356240981124,0.018465807710486375
L. Dennis,CAM,0.05198741805428684,-2.1609167555179876
M. Baude,RB,0.4864513091069383,1.507637192384383
L. Moneta,LM,0.3189521207084649,-0.41855475027138006
S. Hyodo,CM,0.7523811993121642,-0.4112276397754439
S. Økland,CM,-0.021121883375773805,0.06860817513530092
L. Sapela,GK,-5.285297312089153,-0.20946702204598747
J. Tell,LM,-0.04187205137873482,-1.7079099030398344
A. Altuna,CDM,0.13350511796782605,0.7941572318641106
A. Rizzo,LM,0.6919170681449116,-0.07945327703205166
L. Thomas,RM,-0.30122513379405813,-2.162876969573744
R. Schlegel,CB,-1.1431461176890882,2.1591238791353824
D. Montoya,LB,-0.1696328797864308,1.127352428784179
Lee Min Gi,LB,0.6904993902629971,0.6516744031776089
C. Maloney,RB,0.7687610682504732,0.7511567298973117
A. Taylor-Sinclair,LB,0.5669875030170229,0.8376154379681213
R. Al Ebrahim,LM,-0.5262909406256335,-1.376667645840512
B. Castrillon,RM,0.45803870934591395,-1.486751393467353
Kim Kyung Jung,LW,-0.08129683013867957,-2.197235137719866
S. Cibois,GK,-5.3236575673136475,0.4239018467924123
M. Hiller,GK,-5.725666930537142,0.018216019381192494
D. Kopacz,CAM,-0.08495492756394349,-1.0049499570531453
H. Massengo,CDM,0.28396205732677565,0.7956787728632725
Jo Jae Cheol,CM,0.5893264613632181,-0.2307449853763037
M. Schimpelsberger,RB,0.7724644807900402,0.34102075316486746
M. Juel Andersen,CB,-0.7670301862479665,1.8730616646749614
F. Cobos,LB,-0.047858229327630154,1.6838226433303645
D. van der Heijden,ST,-0.9106042509819663,-1.1948402713984276
P. Soiri,RM,0.010659368383052224,-1.731067863853775
J. Yeboah,LM,-0.5318631150455013,-2.5525105618277943
M. Taylor,CDM,0.2958802258059196,1.2133104658113343
O. Zawada,ST,-0.829357571937508,-0.8949330155116012
L. Ndukwu,RM,-0.1687311118335017,-1.9030557533853585
M. Mudryk,CAM,-0.5330787644417379,-2.480697069223741
V. Belon,GK,-4.659524616671512,0.036694516695294346
Callejón,CM,0.40957289570848987,-0.3376435116101215
R. Edwards,LM,1.310851164192859,0.08035515655452362
A. Khrees,RB,0.8891767784807701,0.5092388108266841
O. Hawsawi,RB,-0.7609904351377403,2.257301677069217
M. Owusu,RM,0.3042070933324761,-1.8405137195324628
L. Hurtado,RM,0.04513658140871462,-1.8871796500434457
F. Ibargüen,CB,-0.45689193183614946,1.3713666618587925
A. Boniotti,RB,0.004387800859778122,0.49247028182439134
Y. Kobayashi,RB,-0.30939578963473124,1.6310769978468773
A. Porcino,LB,-0.024453121313399696,0.06498563322388429
G. MacKenzie,CB,-1.422200669801072,2.700186394579106
Pedro López,CB,-0.696862084382232,1.777571265848925
J. Livolant,CAM,0.7510129956965981,-0.0064714909507448655
D. Avdi?,CM,0.22896055574261,1.4134344185530359
Zhu Baojie,LM,0.8200109328093509,-0.09546878173626334
P. Mingoia,RM,0.027297565612174005,-1.419419600872561
J. Hernández,RM,-0.21265712153073563,-1.333400271538843
A. Poulsen,LB,0.894479363244852,0.25634760853812877
C. Butcher,CM,1.025725652828655,0.8248231202419523
S. Antonio,GK,-4.991656608753192,-0.3801465507994205
D. Santa,CDM,0.3953716017039985,0.8988118589684768
H. Ishige,LM,-0.17121667325667073,-1.2802049762313807
M. Woolford,LM,0.19970326912053055,-0.5431227539962102
C. Højer Nielsen,LB,0.8582602353928047,0.358779216425331
Yeo Seong Hae,CB,-2.1414171363393564,2.4505723437201645
E. Ortega,CM,-0.18510975102360638,-0.009754415133118853
M. Fritz,LB,-0.2005749358321911,1.7637938098287784
E. Valla Dønnem,CM,0.7640773244501023,1.084557127153258
G. Asís,RB,-0.22370483534812688,0.9490018297247419
L. Abdulahi,CM,-0.14963124598800287,-1.5161608360565089
N. Townsend,GK,-4.786079501461636,-0.07190348364805103
J. Sinclair,ST,0.496304252362844,-1.206136641455054
B. Al Mutairi,LB,0.5541760127090134,0.5031127435999664
Sillero,RB,0.22950969588027262,0.7333832947089766
A. Gryszkiewicz,LB,0.3004931638887213,1.3693730293512478
Jon Bakero,CF,-0.8248532305357843,-2.149847551883566
Gao Di,ST,0.6051913214383982,-0.11255971442536933
R. Charles-Cook,GK,-4.883762478548691,0.000883397295909626
Kim Do Hyung,RM,-0.49957040903650596,-2.5371825492844953
D. Mazzocco,CM,0.4768869030159247,0.23637804504169915
J. Koutroumbis,CB,-0.24068275824433408,1.2416362140659032
J. Pretel,RB,-0.015232838129555613,0.8655780777483418
Guerrero,LB,0.19423877607507986,0.18586013656739953
K. Nowak,RM,-0.6089213852956505,-2.397614025873835
J. Kade,CAM,-0.0034519435575613663,-1.1066515988011478
W. Miller,LM,0.5789024845038947,-0.633079577157964
B. Šerbe?i?,CB,-0.45975321179367223,1.9368136377480276
G. Fuentes,LB,0.642703343132949,0.48082836898239334
J. Coppens,GK,-4.823777479514036,0.0221031852910504
L. Maniero,GK,-5.018323467076003,-0.07858830173899557
S. Antonijevic,CB,-1.669118286508054,2.807849335388454
J. Zwarts,ST,-0.08039472072389445,-2.0558691329410625
Sun Shilin,RDM,0.8858704893839869,0.8191431231590395
L. Rodríguez,CB,-0.7533876036069833,1.7098222272456254
R. Fergonzi,ST,-1.3488902450527298,-1.392685097402487
M. Makasi,CM,1.2809176285023267,0.34189123584340386
A. Pelvas,ST,-0.15626301991017366,-2.2129072116691137
T. Rocha,LB,0.7132846886535243,0.8026392678122402
H. Suárez,CDM,0.4531589821733057,0.2038463345491985
A. Oviedo,ST,-0.442766299020758,-2.5366829278225884
M. Carraro,CDM,-0.23017951645852527,0.49996157647820205
Hugo Duro,ST,-1.1445443712416044,-1.797273654887067
Cao Yang,RCB,-0.3891939573310278,0.9334159817916889
K. McHattie,LB,0.5406958586872681,0.5511136859409334
N. Pelaitay,CDM,0.5141489911071649,1.1621126688139158
U. Torres,LB,0.08156605823222103,0.5380151904943798
Javi Mier,CAM,-0.33003311189376633,-1.4970458518008833
D. Facchin,GK,-4.293503437408046,0.3614845919189721
J. Turnbull,CB,-0.03191250915351875,1.620644495431917
J. Manns,RB,0.3134632962452322,0.9598123982203064
D. Al Qarni,LCM,0.41007144442748095,0.7966477659893126
D. Erdo?an,CM,0.21657179552116385,0.6526930288775565
J. Eiswohld,RCB,0.08115421163164278,1.3399375214487597
K. Sarkodie,RB,0.9443572383439216,0.285081478960292
B. Garmston,LB,0.7410642976598684,0.17142090917867991
M. Cubillos,RW,0.14595516758449506,-1.9021591321956401
H. Cornick,RS,0.9426710148869748,-1.4996160381357937
Ernest Forgás,ST,-0.980587477693038,-1.5165172189210991
K. Appin,RW,-0.18009001080959394,-2.4261033959216274
Abenza,CM,0.18048114573209575,0.04231851671884309
D. Schütz,LM,0.05068337238362157,-2.75576744790717
H. Shaian,GK,-4.718456201299762,0.41619292688246406
Yun Sang Ho,CM,0.14424512346156218,-0.6881449280913254
P. Caddis,RB,0.8504171648635901,0.5342811738855462
I. Diallo,CM,0.5007177922338716,-0.6425487855404858
M. Sak,CM,0.47109519150139684,-0.07031075082604175
C. Halkett,CB,-0.8875630956552425,1.804826326093561
S. Al Masrahi,CB,-1.8711900594001694,2.961323208119783
C. Ogbene,LM,0.6401863431077557,-1.1937621784373778
C. Cisternas,CM,0.3130988029919208,-0.04213925894510175
D. Sugimoto,GK,-5.4099982627021435,0.3808124743656591
L. Lapoussin,CDM,0.6337095764478833,0.20116055712813835
Nam Seung Woo,CAM,-0.24054903119468757,-1.9008015034354298
C. Sibbald,CAM,0.3242466288228764,-1.8645333816369427
A. Sánchez,CB,-0.30937939817118537,1.4925049565186135
Y. Tasaka,RB,0.8908334440427249,0.2712224815897279
N. Estévez,RM,0.7908681263439463,-0.015994656269321766
T. Siedschlag,CM,0.9834331755278871,0.9208345498853399
D. Mullen,ST,0.7351264392887119,-1.2601272973479722
C. Clements,CM,0.43523463133838375,0.37113102922529745
K. Wilson,RB,0.7321203279294032,0.4504687041994306
B. Kraev,CAM,0.1272110700892276,-1.4148310345793724
F. Baise,CB,-1.2794159945048182,1.0524308654123273
D. Grubb,LM,-0.10270783007550219,-1.7470602380558053
K. Roos,GK,-4.377467229176268,0.40600952433029897
Longchang Lin,RCB,-1.523321025875649,2.376596701742773
A. Mosquera,ST,-0.5822666196805367,-0.9728077648159613
T. Yokoyama,CB,-0.8006334507565188,1.8760594985547225
J. Segre,CM,0.4053960439685115,-0.3439652387439227
M. O'Brien,CB,-0.5281441277887162,1.8390841554662136
J. Clisby,LB,0.8814547160666553,1.0562250677353164
H. Anderson,RM,0.8170829352016487,-0.9561137740813944
Kike,CB,-1.5800184675253934,1.9378587255757427
C. Akas,LB,0.5379237910937601,1.2909526577164159
M. Thorbjörnsson,LCB,-1.865183618816136,2.4883292030147404
A. Al Zubaidi,RB,0.9809258087475005,0.7576319532794028
M. Kühne,RB,0.052483875645197436,1.1215861114240662
T. Majrashi,RM,1.0560163357585348,-0.19927416837806036
M. Ofkir,RM,-0.21752315993817406,-2.357529042196036
A. Amaya,RM,-0.6197460803751172,-2.877528900256125
Du Zhenyu,LM,-0.6283079358325343,0.09424208198618715
C. Raglan,CB,-0.4110849005890319,1.5187026103204937
D. Wright,RM,1.1364455313943451,0.019648212250741804
W. Pérez,LM,0.3452213675313565,-1.085890756935508
B. Utvik,CB,-0.627327687209973,1.5677250576529052
E. Torres,RM,-0.6709827126201439,-2.857495513345591
A. Tabanelli,CM,0.5395483976568257,0.4463681851065261
A. Berzel,RCB,0.5290927346360068,1.5001991876791754
J. Cranston,RDM,0.764837345236057,0.469328632392403
C. Stefa?czyk,RB,-0.25136264228741584,0.9757475029575148
M. Gómez,ST,-0.5470821283715607,-1.9270195184043344
Fachendinho,ST,-0.6616339982853319,-1.7878103353152122
Y. van Osch,GK,-4.929314686680503,-0.9250787609545797
Lin Chuangyi,CAM,0.3084018529160216,-0.733744069892632
Yago,ST,-0.11334057787690613,-3.2100447975172743
S. van der Lei,GK,-4.469938081016004,-0.07278627469870941
M. Austin,LW,1.4025720661881864,-0.44711344653814794
W. Balikwisha,RM,-0.662269509942368,-2.283031773117515
M. Pi?tkowski,ST,-0.516454846447898,-1.6927647625727202
H. Löfkvist,RCB,0.14686077100712291,1.2859399576354014
B. N'Gala,RCB,-0.6747180927831916,2.327007697766231
N. Gjorgjev,LM,-0.5854228091482783,-2.40619816207184
I. Anthony,CB,0.39457201479917065,1.1548250908982503
J. Delétraz,CDM,0.4832479582578958,0.9770654261203449
K. Junker,RS,-0.32853722762086596,-2.0630950999088236
F. Ortega,LB,1.001619164065196,-0.3036380977307714
Josep Martínez,GK,-5.236127749647179,0.307631128450433
S. Barratt,LM,0.025365230000929946,-1.3848551176320238
O. Rodas,ST,-0.5434589645142353,-2.198282806897422
B. Lozano,RW,-0.5821458064808435,-2.5578107869920466
I. Wadji,ST,-0.7215255219462772,-2.088956443955027
Liu Weidong,RW,0.48426329501425297,-0.9433854461225007
B. Prokopi?,CM,0.16103107745082326,0.23925426715640963
M. Gardawski,LB,0.9562983692094827,-0.12205740261491144
T. King,GK,-4.956778349951067,-0.03729578388165055
P. Sarr,CM,0.7158519211086988,0.3450580912971523
N. Bustos,RW,-0.5781906177772557,-2.9437271579073676
M. Bauer,RB,0.145793563859251,0.6651968793685751
Javi Alonso,CM,0.725355309458389,0.5648043058095188
H. Hosogai,CDM,0.11884885537145798,0.659187032528129
A. Iniestra,RDM,0.1380482265105793,0.9403846309371093
N. Holland,LM,-0.5491458885979716,-2.415402185551182
P. Nguinda,RB,0.08069204295929241,1.1778860697973268
K. Brünker,ST,-0.40132458110239777,-1.4563214577415144
A. Collin,GK,-5.095861024085229,0.4970473251930224
A. Al Shamekh,LB,0.5823748169264675,0.9027985796069996
R. Delaney,LCB,-0.12182034160761848,1.4137087059562488
K. Yamamoto,CM,0.7786610324869265,0.4505111052041074
S. Nakahara,CM,0.9987027304976723,-0.651777777840063
S. Ingolitsch,RM,0.16070029561031182,0.639572354996755
L. D'Ath,RM,0.8209190132673424,-0.40078704938694226
Tiagildo Serra,ST,-0.8572172100235873,-1.9364469318111437
S. Rasswalder,LB,0.7243858456658091,0.38378338670044393
J. Esquivel,CDM,-0.3610884398278898,1.3164045725558733
F. Baak,CB,-1.132082691874573,1.6409860970036148
Zhang Chiming,RM,0.5720742728744603,-0.46184037212271695
R. Pillot,GK,-4.859361874862216,0.021305679913345803
S. Kavanagh,LB,0.8092244112392991,-0.3835302798388616
S. Nattestad,CB,-0.33955231862226654,1.8219353772713296
T. Broadbent,CB,0.17046009199131326,1.8291070568207701
M. Bottani,CAM,1.0036605876326683,-1.8469514859833362
Feng Zhuoyi,RCM,1.110574007446481,1.0942245807434408
A. Falch,GK,-4.36855807850491,0.31576089576214145
K. Ono,LCB,-0.6319268774354638,1.9804435361189774
H. Kawabe,RCM,0.9557315640789197,0.1187980183370991
R. Rabeï,CAM,-0.8049047428788207,-1.4506483720349115
D. Duarte,CDM,-0.2337601271184174,1.1220235734824422
R. Hutton,RB,0.47131735856859186,0.38247292150686824
J. Torres,CDM,0.19714196063431563,0.0074325912313411915
B. Bye,LB,0.8533601325215207,0.04954349653960138
J. Iritier,LM,-0.4783641851212698,-1.7912778767674882
P. López,LCM,0.352286359438087,-1.8032606630187866
L. Salas,ST,0.12106823791213035,-1.2203019057245028
L. Young,RB,0.6756189086904633,-0.7907884127211894
D. Bachmann,GK,-4.369887025008216,0.21151155013129552
D. Olsson,LWB,0.8067175359005302,0.22417985687131547
S. Nkansah,RCB,-0.8655201446495567,1.593502600782055
R. Brewster,ST,-0.7905161991509675,-2.5992912150442615
V. Méndez,CDM,0.09462948870912462,1.1249270869357058
M. Veloso,RM,1.1106018752923648,-0.5071408444341731
Y. Arquin,RM,0.23838992905486875,-1.2116951717539617
M. Jelavi?,ST,-0.8134327334292736,-1.6450681299318148
A. Edathodika,LCB,-0.9054612360180737,1.7596666235632017
Luis Perea,CM,0.5253039812664586,1.1901400358927652
J. Villalba,ST,-0.45125389076847783,-2.944220367215595
Perera,CDM,0.4246907537613431,1.296363863365637
E. Kane,CB,-0.19498464152853673,1.6719538974915493
Carlitos,LM,-0.004228158959211988,-2.137897740836289
B. Mwila,ST,-0.6786755450019364,-1.9266567432316073
S. Pittman,CM,1.352505981726008,-0.3698536424111085
E. Bajrami,RM,-0.5473714767028491,-1.4457288250657805
R. Duffy,CB,-0.3163934254856655,1.666132453894776
J. Karlström,RCM,0.6712696357353438,0.7971297289963665
Li Tixiang,LCM,0.12726715899855628,1.1233362828238866
L. Watkowiak,GK,-5.808168918895938,0.9973919126204406
O. Sangante,RCM,0.5930203802872218,1.6003145572979076
G. Buckley,CAM,0.7180115294706031,0.864878841523344
K. Jakob,LB,0.2553009879258379,0.6069898081109302
Dani Sandoval,LM,-0.5923050956384023,-2.6403822790032634
D. Sosa,LW,-0.25742701038670096,-2.470094811357859
S. Sprangler,CM,0.6594893792317387,1.0205127452983285
T. Schmidt,RM,-0.29589899643536943,-2.2820703938326568
I. Chenihi,LM,0.23018187912691354,-1.2732046713451048
L. Shephard,RB,0.42643116640952833,0.5883243723188998
K. Dirks Riis,CB,0.37996633248411904,0.9988256245197789
N. Freeman,LW,0.26485051688482447,-1.351893537679679
B. Garratt,GK,-5.081571810838833,-0.39504458408278553
H. White,RWB,1.0072012948004507,0.2302530599362446
Sui Weijie,GK,-4.073854631527062,-0.2867013820098169
S. Mvibudulu,ST,0.5873772370854217,-1.1203690580985666
M. Degerlund,CB,-0.3670392735911226,1.9031953196908724
M. Al Enazi,RB,0.5757311297524044,-0.7683744702242871
J. Delem,CDM,1.0556945367310182,0.37296488805657874
André Anderson,CF,-0.24361441990640031,-2.502584868047789
F. Stritzel,GK,-5.398561049067393,0.4203392906903147
W. Al Anazi,CM,1.0073440488509904,0.09911765761675015
W. Jobello,RW,-0.15085630877497558,-2.0842888694272306
Luo Xin,RCB,0.5717865306303118,0.5407515464309528
M. Green,ST,0.8098848170375809,-1.1321916640830327
T. David,RB,0.13362776016388986,0.7854736335076524
A. Danek,RM,0.3996446163437789,-0.5625027918291003
F. Mussa,LM,0.2643855344333495,-1.213093196327454
G. Bolger,LDM,0.25016808155371434,0.7622605187545156
G. Glendon,CM,0.35303333582378205,0.5119067070729626
D. Caicedo,RM,-0.30024980478442986,-2.041117985119284
D. Oduro,RM,0.4665085584940378,-1.0044767251794842
M. Maphangule,ST,-0.3366017817635261,-0.9680171216301665
J. Sheehan,CAM,0.9088289053434255,-0.09624591338888275
Jesús Jiménez,LM,-0.1583523071291921,-1.2629405719511735
G. Traoré,CDM,0.3018896165692953,0.5886096804177074
Lee Hyun Woong,CM,0.99537635763544,-0.37044404071645526
T. Drage,LW,-0.5641279069124691,-2.185395992163304
L. Dajaku,ST,-0.6807010960965143,-2.6743739889015745
Y. Al Musallam,CB,-1.759046547701392,2.694435734263087
Rayco,CAM,0.4213627598147451,-0.7388982303130979
Han Hee Hoon,CB,-0.5765581697690285,2.2840522996086747
H. Muñoz,CB,-0.6287072592919125,2.2192022745033366
B. Badiashile,CB,-1.1173310508742693,2.264024493370632
C. Porter,ST,-0.2832658638853248,-0.08381959234391975
R. Kitto,LW,0.03279694028770163,-1.9252175540967398
N. Taravel,CB,-0.6403694962974785,1.8369257580164071
Y. Verschaeren,CAM,0.17716787736788328,-1.5816882515821582
L. Wilkinson,CB,-1.4659605674722758,2.505548640960877
M. Osores,CB,-0.8755014670759135,1.6884769265926873
M. Gueye,ST,-1.0403051801760552,-1.4252170235680406
I. Bermingham,LB,1.0905982712813578,0.030916812863284182
M. Demetriou,LCB,0.7294947795991152,0.5577477325408711
N. McGinley,LCB,-0.23502610520472753,1.3165580734194786
N. Shipnoski,RM,-0.251212317077607,-2.3400760770314593
J. Murray,ST,-0.8986390572581756,-2.272884139033797
J. Mauersberger,CB,-2.8115518201607363,2.980976616424863
S. Ambri,ST,-0.270943981576613,-2.5884341420602643
R. Sattelmaier,GK,-4.45602349029524,0.24802965131156993
H. Gjesdal,CB,-1.3999069951620282,1.8501080806694328
Yang Shanping,RCB,-0.2552024069725493,1.2074387063600704
M. Pode,ST,-0.27682755525292924,-0.4637240834274145
N. Stierlin,CDM,0.6532251255042636,0.7471923825899806
A. Startsev,RB,0.8057605039926228,0.19758514822158718
D. Petrovic,CB,-1.0414523149095212,2.099952861021994
C. Daniel,LB,1.387265740463235,0.46279642370986684
J. Anderson,CM,0.6551236191711965,-0.6165278333819434
Kim Sang Won,LM,0.8063930528845032,-0.3637050881236313
O. Shenton,CM,0.4021186343436656,-0.0784993849842334
N. Rinderknecht,CM,0.8703214836610478,1.281516276839825
H. Al Habib,CM,1.2727944156073403,0.49522206745295194
J. Díaz,LB,-0.05923037027258343,1.275541649733055
N. Díaz,LCB,0.4230342341985579,1.1983831354725085
J. Payne,RCM,0.8422111146196243,0.32419862804187494
M. Pronichev,CF,-0.4418649400007785,-2.3931265637602444
A. Dadakdeniz,GK,-5.644201916334836,0.21175879474620338
Li Shuai,LB,-0.15163869757664475,1.6584636688307939
V. Emmersón,CB,-0.5804520668658445,1.955782001240863
V. Mykolenko,LB,0.17085819963337254,0.4788149113929749
K. Çelik,ST,-1.0067872195993601,-1.851982077811456
W. Paw?owski,GK,-5.049018922179165,-0.3143350041064664
Du Jia,GK,-4.219257917611578,-0.6581190367728619
J. Knight,CB,-1.1509763298271738,1.7376250400728552
Samuel,CDM,0.06518280523639691,0.8361107073929613
O. Palmer,RS,-0.4513749059192293,-0.7833387090176603
T. Thomas,CB,0.4730494433817298,0.8463993022729055
E. Sanhueza,GK,-4.0092733406793775,0.4240766072210921
Y. Guzmán,CAM,-0.9196434556162981,-2.94214871660796
J. Schneider,ST,-0.5779252818815569,-2.0059097362358442
M. Albornoz,CDM,0.424698287909664,1.2985956638612064
F. Senninger,LB,0.3991800716007519,0.2050244966865699
E. ?ivi?,LM,0.4097113237033769,0.054858589554166406
F. Crisanto,RB,0.6578638609921007,0.12471319665092072
J. Gerezgiher,LM,-0.38882007178722294,-1.4001331332047942
J. Hoffmann,CM,0.7842982979564327,0.4387066125471865
G. Alcalá,GK,-4.214973641922256,-0.4447716726379974
A. Almendra,LCM,0.22931775677989114,-0.31780991319155666
A. D?wiga?a,LCB,0.29009844778283345,1.090299783970077
A. Kenyon,CDM,0.8673176807883571,1.0860382074808024
S. Friðjónsson,CM,1.1979997145565242,0.20413047436280443
F. Illarregui,ST,-0.07943131215254656,-2.09539424603005
D. Butler,LWB,0.3690850412855759,0.7026574733641777
J. Mosquera,CDM,0.436961777780142,1.1499878507174104
H. Özkan,CM,0.589250574847941,0.3521834088374243
E. Hewitt,RDM,1.473274338950661,0.29848954239405423
Joan Sastre,RB,-0.1872781841307461,0.8219102483518096
F. Russo,CB,-0.6351606216140039,1.4113926506571668
J. Nuttall,ST,-0.045199623350683046,-1.0592474602155542
Hélton Carvalhal,ST,-1.9589288363332586,-0.048383933076636104
A. Rossipal,LB,0.4392495169871507,0.7201365765476404
Wang Shouting,CDM,0.3065566201071342,1.429448649683013
C. Montano,LB,0.9170776577275189,-0.3086053030359883
A. Abang,ST,-0.4707032324544205,-1.349284693793262
Seol Tae Soo,CAM,-0.0860102796496084,-2.4142613568571174
M. Nalepa,LDM,1.0777065460263693,0.35371517336203506
B. Kapacak,RM,0.6372479405818997,-0.026282851644547956
M. Bülter,RM,-0.38866159140085443,-1.6719151173116218
M. Koné,CB,-0.6530048353599577,2.1935624485066505
Bae Jae Woo,RB,0.29240414031490886,1.0424874426407869
O. Shaw,ST,-0.8535797606562967,-1.7944297961039766
M. van Kins,CAM,-0.8300269889887198,-0.9749452384178713
N. Thaller,CB,-0.16546185759086834,1.280672532461234
Elbis,LB,0.351236937593173,0.9386663232784959
Viti,CM,-0.03454416355665621,0.06134913362798017
M. Kouhyar,LM,0.6062053464198673,-0.6962120455304767
R. Sutton,CB,-0.5654412940204342,2.088977557693761
M. Cullen,ST,-0.21738555581686422,-1.2427339792821408
A. Kiwomya,RM,-0.021571406365422725,-2.495883072035356
J. Sanchez,RM,0.3592720387167997,-1.713023820263948
F. Onyeka,RW,1.2645040186829157,-0.16962809659194522
C. Krempicki,CAM,1.2669032014806074,0.22877128929488538
Marc Vales,CB,-0.28733932594473216,1.0717808982763757
F. Rodríguez,CAM,0.11175545716923872,-1.7124225044506693
I. Lu?i?,GK,-5.039792348492248,0.7118830759130916
B. Kukeli,CM,0.5902124662179153,1.2643344777322842
A. Fisher,RS,-0.14739694581725374,-1.7001263145592105
M. Rodriguez,LW,-0.3825825703590489,-1.076658026012932
A. Dávila,ST,-1.7521910597316799,-2.3583792652821907
K. Mawatari,RB,0.24755844451704262,0.509648174866847
D. Hernández,LW,-0.30220697899538973,-1.7999866149591
Quinti,LB,-0.12501904081357942,0.9013049367083783
I. Ljubi?,LDM,0.47231562565804563,0.6969736065740586
C. Arano,CM,0.9444238319386427,0.4972408335530275
F. Barceló,LS,-1.4168171742515896,-2.165182037214133
K. Fukai,RCM,0.5349524456421434,0.5984821055927295
H. Sy,LB,0.3293793466370551,1.2235490908014908
J. Odgaard,ST,-0.9036603027765271,-1.4374653593073006
T. Bunmathan,LB,0.25518861682458516,0.45627678209292694
M. Willsch,RM,1.0520997323087342,-0.012622247989426181
L. Fomba,CDM,0.6612464348695155,0.6219832492489701
C. Huérfano,RM,-0.4005161499173641,-2.058098549102985
I. Govea,RB,0.14250998475270749,0.36504533810512124
B. Gladwin,CM,0.9815210168265848,0.43611658785903296
Huang Zhengyu,CB,0.08162029349232694,0.912222373329709
A. Verdugo,CM,0.46276747420131853,-0.28571386152246425
V. Slivka,CM,-0.0824985014089343,0.03603090559349355
L. Kelly,GK,-4.745114557288462,-0.5263135171487477
W. Hashimoto,LB,0.8198522549376819,0.8424582124744723
J. Broh Tonye,CM,0.5681968678500221,0.24606975301122427
A. Kanté,LM,-0.03267555167486469,-2.115846564140054
S. Strand,RM,0.2892283419359717,0.16078257434452098
Vitinho,RB,0.525509917498358,0.4420990464856188
F. Mayer,CB,-1.0485686837387085,1.7470881645824377
B. Maguire,CAM,0.04397963350533323,0.6417518481252585
G. Williams,RWB,0.4318389832150164,0.9349456599673965
M. Håkansson,LM,0.8820278661461463,-0.34288041101053385
F. Kohls,CM,0.5443984705556293,0.3231449379639627
L. Zidane,GK,-5.363086222602286,-0.03343379372275284
Jeon Hyeon Chul,CAM,-0.27900372918478206,-2.1375759694854493
J. Weir,CM,0.5501888592639386,-0.10859746847289564
M. Rose,LDM,0.2311423273464635,1.0012937313599033
B. Moore,RS,0.12586110890660254,-1.476191914932126
D. Mihailovic,CAM,0.7540420239073833,0.12620524557426052
G. Zabret,GK,-5.110678922996423,-0.10157121032896964
K. Al Kaabi,RM,-0.11089167305951918,-2.7175794950329024
J. Brown,CAM,0.938936608667617,-0.9061009431089051
D. Rosende,CM,-0.5858695993406436,1.5606522131409473
D. Baumgartner,RCB,-1.2630762486051026,1.502072434147439
M. Pantovi?,LM,-0.4061927311863161,-1.706152226682455
M. Goncalves,LB,0.2643074636455298,1.0753811090343792
J. Branger-Engone,RM,-0.34832560563029286,-1.6115706766220452
R. Renner,LM,0.004266197293224662,-1.944444362322338
R. Hatsuse,LB,-0.3396875746777727,0.7652580436288743
Y. Tanaka,LWB,-0.17719774791863863,0.9693369231614591
R. Droehnle,CB,-0.927042773506171,1.5350613244483708
S. McCoulsky,ST,-0.3790926289344172,-2.055905139846577
F. Dady Ngoy,RB,1.0227245754572158,-0.3213776365411725
M. Dolan,CM,0.7452790189382452,-0.13610540800945578
S. Jackson,LS,0.17178393765948913,-1.3018593970368146
D. Oldaker,CDM,0.4403133006112349,-0.262072872075696
R. Basque,CDM,1.1736214899168538,0.20967048229812482
Javi Pérez,CM,0.14602615656843382,0.7003625827900345
C. Ogilvie,LB,0.27582273349031455,1.0699054762530547
Z. Elbouzedi,CAM,-0.2957264318607842,-1.8044623304781668
P. Dárdai,LM,-0.4833067581825503,-2.283497565749424
Prendes,CB,-1.006303415193675,1.5603542531326478
G. Ferrari,CB,-0.26405065644458836,1.1335737824493306
M. Willock,CM,0.8569167302340422,-0.09178533182824693
E. Riis Jakobsen,ST,-0.9445327646455236,-2.0141349213623987
S. Coulibaly,CB,-0.44348527438788815,1.7350134232185224
M. Biamou,ST,-0.5717722955512846,-1.4506976989710492
D. Cardozo,RM,0.21928020604744536,-1.1142623422284665
E. Seidou,LB,1.175007624784007,0.6618596176308659
S. Ohlsson,RCM,0.5393685878047746,0.7994281093867864
C. Woodman,LB,0.43600616449286705,1.057023160432465
V. Leikvoll Moberg,RCM,1.2604781171258417,1.233352818455765
D. Johnson,RM,-0.06307115974454966,-1.5510798304642819
L. Öhman,RCB,-1.0028040767431545,2.3135322103627654
T. Morishima,CAM,-0.3633223625200237,-2.156442801280531
S. Cleveland,GK,-3.9219959216884948,-0.2407818523673833
U. Nissilä,CAM,-0.3785118119505338,-2.0471936784794122
J. Thompson,RM,0.12753978515784165,-1.6055952360892363
João Lopes,GK,-5.297203602355355,0.6663545930113134
Lee Jin Hyung,GK,-4.1121853031829065,0.3095273005238336
C. Essers,RB,0.20904157093830333,1.1923404368833197
F. Franks,RCB,-0.6459113131251077,1.5587470054156845
J. Campbell-Ryce,LM,-0.4201372754942174,-1.8167467622108753
M. Etuin,CM,0.3532367421697746,-0.7366318542948974
Jung San,GK,-4.595276905419983,0.12112929679592088
Liu Yu,LB,0.6616235354298099,0.76390613664869
C. Hamilton,RWB,1.302927910569561,-0.3496770881240573
I. McShane,CM,0.9402008291279663,-0.08137450330204356
Y. Misao,CB,0.40107071980362696,0.9651315101404835
M. Pribula,LM,0.1625731551770367,-0.8461634410433895
J. Grimes,CB,-0.8527751011096616,2.0613007685916127
E. Nouri,RB,0.5365836469536522,0.6270571293123034
J. Murphy,GK,-4.760585825632271,-0.02151309632352505
Martí Vilá,LB,0.13021818149874828,0.47241550299697077
K. Piedrahita,GK,-4.899617276370219,0.03876621724441602
Seo Young Jae,LB,-0.11918318237477259,0.7059142227630885
Y. Songo'o,RCB,0.48999716351333206,1.3485720335787645
Lang Zheng,CB,-0.9111642877952122,1.8142037096351296
J. Matt,RS,-0.7471863693822731,-1.3458594690298757
J. Yates,RM,-0.1309780320365226,-1.5331992682665594
A. Baker,RB,-0.0446016534409668,0.9771932097445223
I. Morales,LS,-0.6145698688732721,-2.049975258331259
M. Verreth,RW,0.10581720200037575,-1.69518437823346
Zhu Ting,RB,-0.7722885240484542,1.7406360094167757
E. Bajrami,RM,0.09854818906889984,-1.3814961317151517
A. Mangan,ST,0.6088852700356122,-1.4492038375796013
K. Baccus,RCM,0.8201900531164688,0.0349049054946416
T. Antalyal?,CAM,0.18193066257714147,0.5514032379870042
S. Takahashi,RCB,-1.4909829889657475,1.8470764996091498
A. Ramsdale,GK,-4.889952809448522,-0.525164767853822
S. Sørli,LM,0.7660821028176846,-0.9611332109596403
Choi Hyun Tae,CM,1.0813879224980099,0.597200790318043
Jefté,ST,-0.24094017928990175,-0.8433009464134258
G. Crociata,CAM,-1.1401019793897156,-1.9902441151226145
V. Pinson,ST,-1.0898652935013662,-2.770927024261122
D. Williams,LM,0.5244141699052455,-0.659092227775664
K. Lejeune,LB,0.5172223152651682,0.5009031241547507
D. Avounou,LCM,0.4540371055090942,1.245209871224352
S. Barreto,CB,-0.8322292216545031,1.6754289435694207
T. Sawada,RW,-0.3047267423636408,-2.4946492984362414
T. Payne,LCM,1.0372289163681723,0.4778123198069875
M. Yamane,RCB,0.6998239123211245,0.8204877751713087
J. Dem,CDM,0.7423429301274805,0.9431273288523553
Ba Dun,CAM,0.6023373273029938,-0.795120501160139
A. Georgiou,LM,0.4709565500188775,-0.19494094800843148
Álex Blanco,LM,-0.2141153175378445,-1.3443642483791225
J. Kotzke,CDM,0.34106584125285905,1.183009471707281
I. Varone,CM,0.28019681151305975,0.1796440544400945
J. Cejas,CAM,0.06620816612022698,-0.7881618922079467
T. Söderström,CAM,1.141324653992042,-0.1030994931150269
Fran Serrano,CB,-1.5324112767461933,2.246998747044678
K. Fujimoto,CB,-1.3451684960014465,1.6932682994984105
I. Moreno,CAM,-0.2556236182680755,-1.2187589807018535
Lucas Rodrigues,ST,-0.7214905800282071,-1.9993538419472736
S. Slocombe,GK,-4.625144463010034,-0.09197771973445197
J. Araya,CM,0.522934661274086,0.5097651866604931
A. Palumbo,CM,0.6411747576313307,0.7325630186210856
J. Wehrmann,CM,0.6242530897434081,0.27318997747496193
R. Taillan,RB,0.300701037784111,0.7645391636795309
C. Sabaly,LM,-0.7855007455508211,-3.126562781727661
M. Phaeton,ST,-0.1368984674475577,-1.9316501023912307
P. Uscanga,CM,0.6701758688788092,0.34735614151479255
J. Konings,ST,-0.07709253225154757,-1.8262517672877612
A. Ndiaye,ST,-0.7986147360878001,-2.412422214043735
A. Groiß,CDM,0.008284274757077749,1.6284063433117009
C. Gameiro,ST,-0.08273515144815191,-1.0517694071218584
I. Buckley-Ricketts,RM,-0.39828111242754766,-2.5382044954016947
F. Ahumada,ST,0.20475798393792627,-1.5496994938986939
A. Vaikla,GK,-4.864011715400081,0.8603136027756461
Kike,CM,-0.15593492155329278,0.61100274016425
A. Al Asmari,CM,1.0369395658283762,0.49806666921255727
A. Roldan,LM,0.539391513029388,-0.592010102010176
D. Amankwaa,RM,0.05005033519771921,-1.8823770871994214
S. Bali?,LB,0.3005865204950241,1.1859072468355119
S. Griffin,LB,0.5362615085627791,0.5148020888836958
M. Sadílek,CM,0.9217253831579706,0.5994975274248427
G. Jansson,GK,-4.799617753592625,0.8019395834381013
C. Duffus,LS,-0.17821418202011413,-1.371223038321962
F. Escales,GK,-4.545470777231371,0.5119861268456667
A. Silva Quiroga,RB,0.006640851575329623,0.5892908907540378
C. Humphreys-Grant,CB,-0.2904497415158531,1.3744300158093135
N. Sakemoto,RB,0.09578644808792972,0.8128763622204401
G. Rodríguez,LB,-0.1279819263999055,0.45187551983926183
J. Teze,RB,0.2813947235961167,-0.06117516412212441
A. Tanaka,CM,0.5752719565531391,-0.10873237110664402
H. Kyprianou,CB,0.871399115157369,0.5559343896881443
S. Otsuki,CF,0.09360670960703579,-0.9643624362535786
Y. Kimoto,CB,0.05068890992413519,1.7996656861886375
Baba Fernandes,CB,-1.0838931930921283,1.85230252109024
L. Walthert,GK,-3.4979052154746224,0.668145536293283
E. Ávila,CB,-1.5823326209911839,2.1056145573548632
P. Puchegger,LB,0.1444197925975295,0.8329804773485642
Aarón,GK,-4.380528039387813,0.19084680087916525
B. Clarke,GK,-4.697682697663199,-0.5305447446759062
L. Grorud,RCB,-1.635350908665869,1.863824806871742
J. Kitolano,LWB,0.3589281217337899,0.29805439139734935
Zhang Yu,CB,0.08190233210176551,1.3851489463680873
O. Banks,LCM,0.6772212571772288,0.5042196169669672
C. Ponce,ST,-0.5932117656154056,-1.8379036922498182
Abeledo,LW,-1.0791610436920211,-2.5649363769562266
A. McDonald,RM,-0.7509376107618858,-1.7000847917051818
J. Laurent,CAM,1.1807602654972258,0.1357171733282981
K. Nakamura,RM,0.21321410509304073,-1.2207288032413024
T. Davies,CB,-0.6441462982721989,1.7023536224737257
W. Piñones,LB,0.22485912941584066,0.8802132498462196
A. Nouri,CDM,0.7683027811714211,0.7080944351899267
A. Tideman,LB,-0.3389634244758205,1.4971096493277567
H. Robstad,CB,0.47987980739501795,0.666607565241172
K. Goden,RB,0.3423748982131052,0.2993091607786652
S. Al Shehri,ST,-0.6910512784876066,-1.3422401247375764
Alberto Redondo,RB,-0.42256029003800294,1.0767541733677015
K. Shimura,GK,-6.04675950213155,-0.47530721781545676
A. Connolly,ST,-1.261572141705198,-2.2168991942436596
H. Davis,RCB,-0.8582877646034083,2.0621663499605924
M. Festa,GK,-4.146702485017274,0.43154605771983273
M. McGlinchey,CAM,0.6559418919136678,-0.09013384000607073
M. Siabanis,GK,-4.776599838089967,0.2632877711707715
Z. Ljubijanki?,ST,-0.010220460611397994,0.08056931777688622
Miguel Ángel,CB,-1.2902990699531398,2.14540735381662
R. Murray,ST,-0.10822444869741828,-2.254211357991093
Y. Ma-Kalambay,GK,-4.206269276542107,0.7304851381920094
Borja Domingo,ST,-1.3895920350798194,-1.9626464517351023
Kim Geon Ung,CDM,0.15066777272844653,1.2105334847780787
R. Sawakami,ST,-0.40073030400136145,-1.4992593374275824
E. Bwomono,RB,0.6276414581194762,0.36079016638818556
M. Erlic,CB,-1.3243557393506287,1.94024811642787
I. Osbourne,CM,0.8889468640358188,1.246722879333576
R. Herrmann,RM,-0.2777240219447132,-1.647557123329285
B. Al Seliteen,CM,0.02797913752613209,0.689986752009691
H. Hauksson,CB,0.7235391333589419,1.0797284958079187
D. Gonzalez,CB,-0.9002942953397324,1.83216325115174
J. Verdugo,CAM,0.10244856576559691,-0.9208906176123437
A. Hasegawa,CM,-0.0603597998435495,0.670058885659444
J. Marulanda,RB,0.2512614189332269,0.41385460548201
M. Vallecilla,LB,0.37788695443951065,0.9560644638417367
P. Choroba,RB,0.8790997948781639,0.5399671084446122
D. Guidi,RCB,-0.3837663469002964,1.5691370411609753
W. Decas,LB,0.10441561670010654,0.9738043357880403
M. Mari?,GK,-5.114565138922908,0.1947084902186307
M. Tombakti,CDM,0.39005484556135805,1.1467965233633362
A. Castro-Montes,RM,-0.75261884503769,-1.6314228560749817
L. Hemmerich,LM,0.4255556096871007,0.052800445218318226
E. García,CB,-1.5486630801934729,2.114003841314748
L. Reddy,GK,-4.869700735772158,0.3140098579477026
G. Ávalos,ST,-1.287277684255655,-1.7668144408628672
N. Sakurauchi,RM,1.0438645637894697,0.6542368285287169
H. Ndam,CB,0.03988046120881857,1.4468259940076391
Ricardo Friedrich,GK,-5.634076002526136,0.4301467090404889
Jeong Tae Wook,CB,-1.4085531892364969,2.2398075535475166
M. Lode,LCB,0.2998283680517096,0.960523250732675
S. Rhein,CDM,0.21398089065505327,0.7371449946859658
O. Karlsson,ST,-0.5758879477145955,-1.4454325022443284
F. Arkenberg,CB,0.21279016248625218,1.2159395014497296
D. Pérez,RW,0.6935164076002162,-1.33122592043241
Rubén Enri,ST,-0.8573527942938636,-1.6987452416470914
M. Simon,ST,0.7185199976251267,0.42542359479797015
P. Magnín,ST,-1.062272703032219,-2.1284421388002825
A. Mostafa,LM,-0.1855654816127375,-1.8938756117177022
T. Aldred,RCB,-1.4254214397013856,2.2597902323320014
João Pereira,LB,0.46797173147831433,0.9743721324916486
F. Álvarez,LB,0.16475280766849562,1.2614664877464283
V. Gyökeres,ST,-0.3606678832545661,-1.9326807050877153
P. Beruatto,LB,-0.4715809567928979,1.5819646503980174
E. Dahlin,GK,-4.531934255535577,0.8857066946062035
J. Papaleo,GK,-5.300749246166648,0.17810335970476443
D. Šari?,CM,0.2849875863417424,-0.016966852061964535
T. Field,LB,0.6506728191174462,0.0794341089222561
D. Córdoba,CDM,0.7299627936153219,1.950291662481991
E. Figueroa,LCB,0.4817280108437782,0.4674947750549089
J. Shea,GK,-6.05464917891258,-0.30547043924761147
A. Al Nazera,CAM,0.04393223284791522,-1.4344852254901337
Zheng Kaimu,CB,0.05708138471230541,1.2423906272708918
S. Humphrys,ST,-0.3901596955144764,-0.8299585575429425
D. Sterling,RB,0.8461409674660506,0.3368217319900407
K. Michalak,RM,0.42271922440179255,-1.9684617315453976
E. Ogude,ST,-0.31618694427674826,-1.8528721390222047
K. Kennedy,CB,-1.657976180967711,1.8126544522728405
C. Koca,CDM,0.30160329555656623,0.29695097614804283
O. Balanta,CDM,0.8304735917888616,0.677405609117751
A. Karazor,CDM,0.08438082312580812,1.2073569780445264
T. Doornbusch,GK,-5.454186212491034,-0.008091597219826897
S. Polat,RB,-0.0902643232140246,0.10708376225450528
A. Lassiter,ST,-1.1142558238119267,-2.4902346078722712
G. Miller,ST,-0.16095100364933967,-1.1735744292557126
C. Brittain,RWB,1.000999986948493,-0.029474795913403476
J. Champness,LM,-0.17782055327380775,-1.9174544605264439
E. Jonassen Sætervik,LB,0.3686183945886717,0.6969047997483961
C. Kane,ST,-0.945817573640545,-2.1988571042097624
M. Brouwer,GK,-5.427370278831483,-0.45362780005219566
P. Maronilli,CB,-0.6720349259976491,1.3421227892087484
M. Frankoch,CDM,0.27388709669250655,1.0794639681279647
L. Bender,RWB,0.764103591184552,0.8716890860282195
A. Ild?z,CDM,0.8227710721341924,0.821642376355375
A. Dabo,LM,0.4978823587482175,0.11803256250166333
S. Odey,ST,-0.5824573562509165,-2.4776519687802834
M. Zemzemi,LM,-0.41472141681513097,-1.7094673733067984
T. Takagi,LB,0.8248869187117523,0.4925925578915179
I. Cissé,CB,0.8642493324572185,0.7001660134409888
R. Kaib,LB,0.675603286873443,-0.43438141040969397
S. Adekoya,ST,0.008485589129205405,-2.4152198394459212
F. Motori,LM,-0.8905501292161742,-2.3876530243904224
I. Diarra,RW,-0.7706032993251475,-3.0439194745719833
L. Price,GK,-4.470494350616349,0.5485386973626832
T. Socha,RB,1.0949072404297429,0.9123201785341644
V. Tankovskyi,CM,-0.098695727874807,-1.451828636892616
A. Adouyev,CAM,-0.14559037774128966,-1.5700804640393229
I. Dresevic,RCB,-0.749802187117055,1.465642805519158
J. Devitt,LM,0.1676549751384355,-2.1628647414791824
P. Maiorino,CAM,-0.47163977107192534,-1.3847843385464296
Kim Ji Min,LW,-0.6854185517781773,-2.2662819402566097
S. Dooley,RCM,-0.3214603171852275,-1.680554419023678
B. White,CB,-0.5172607882230759,1.3735639619912163
A. Sevinç,RW,-1.005597562058206,-2.6177468858168345
P. Struijk,CB,-0.2507784849751676,1.5021792677357022
J. Estrada,GK,-6.007269812844963,-0.2572889102035534
M. Reuvers,CAM,0.2801224280681875,-0.1191016644247614
F. Pereyra,RCB,-1.6280355354759422,2.3652848004695404
S. Poulsen,LB,1.0810616599757712,0.8248010124083622
A. Cervantes,LDM,-0.7006061877784957,0.5159519096830691
I. Marega,CB,-1.6482580705018122,2.5224595445503035
S. Czajkowski,ST,-1.0950338839217661,-2.4775689405376764
M. Insaurralde,CM,0.5937051555531201,-0.7770830235737101
P. Heigre,GK,-4.634775507093769,0.034688815694787954
K. Garcia,LCB,-1.8316711133103842,2.6342162397131355
A. Edun,CM,0.6004862335896415,-0.11385137968763645
S. Cordero,LB,0.052559096252458255,0.7623208336466374
J. Ramírez,GK,-6.327927825163554,-0.13235993016139905
C. Jones,CM,0.037657521846848056,-0.8460623731590504
A. Nabi,ST,-0.743465483654116,-1.4714573169399572
D. Al Saeed,GK,-4.667483152812867,-0.3148674452964629
B. Meredith,GK,-3.6949649720296915,0.39749015875644406
L. Cole,CAM,0.26461305081387315,-1.5999103698717267
F. Medina,LB,0.03888514502450542,0.6649771413858866
D. Anyembe,RB,0.6604648035859624,0.1662856232164385
Meseguer,LB,-0.6058590700905566,0.8200964369180915
C. Roberts,RM,-0.7698784552771594,-2.693524870287331
O. Rommens,CDM,0.6526453821247583,0.15209614931180823
J. Robinson,CB,-0.14365625384382297,1.5004236534747026
B. Collins,GK,-4.646960229991721,-0.289761928136117
R. Torres,CM,0.5546915556546991,0.7884614484350967
J. Méndez,LW,0.18050581610597247,-1.1317678669951459
W. Bracamonte,LM,-0.10843888150916833,-1.4970981403533443
I. Pedrelli,RB,0.42628319807553583,0.9221987112977377
Kim Jong Min,ST,-1.36078058042828,-1.6907419050269443
E. Nolan,CB,0.15579551135422487,0.9562179841215838
M. Cortés,RM,0.23988768902067756,-1.3122640337982932
R. Hunt,RB,0.29155350312290756,0.4132455584902666
C. Dyson,ST,-0.9062212121832284,-0.9716136774695158
P. O'Connor,CB,-1.3428940434389833,2.049128733548116
N. Beyer,CB,-1.3164504819105523,2.0423655643372975
F. Gattoni,CB,-0.2646694428117167,1.1578774049547018
J. Ayala,RB,-0.15515121792204337,0.9876087596340715
Oh Se Hun,ST,-0.8396024598108829,-1.0762975155437398
A. Donkor,LM,0.06228746243211219,-1.1138773426148318
S. Condé,RCB,-1.3033404018899855,2.6223345304219587
A. Nicholls,ST,0.07905342175908596,-1.3798782987436933
H. Souttar,CB,-0.8998516977889066,1.9125514450476613
Kim Min Tae,CB,0.6854120064628338,1.4364149117787195
E. Cicerelli,LW,-0.298870990648966,-2.3298526594035875
T. Miller,RWB,0.11686528024142094,0.7646444368428874
J. Trtovac,CB,-1.6953147991851552,1.5636558960836182
J. Sterry,RB,-0.15051200544213647,0.9090178483175514
H. Al Shuwaysh,CB,-0.6578532999948213,2.3572312506137476
A. Andersson,LB,0.6300765523645301,0.15822066603571783
E. Sánchez,CM,0.2885986033382752,-0.6430258811506787
J. Willock,CM,0.5075586779345734,0.22769973442126512
C. Wehan,CAM,-0.07123410712800309,-1.5109027937515618
S. Kchouk,LB,0.1900558371199479,0.5858112480974099
M. Bridge,LW,0.08213100578089506,-1.103223063731225
Xu Xin,CDM,0.6215923812080125,0.7895014636784657
M. Gallegos,ST,-1.0671354910954556,-2.1385943229686655
P. Kpozo,LB,0.869687068239131,0.6537937651265997
K. Fila,RB,0.9671927785975977,0.4451110188080145
A. May,ST,0.829124986040922,-0.8981624403591053
Y. Akgün,CF,-0.4539491474620865,-3.3376212454776333
F. Buchacher,LB,0.13988025014078484,1.0468166825375802
C. Thompson,RCM,1.4258785389728905,0.44968674458200436
E. Vignato,CAM,-1.2361279924067448,-2.4603040226347677
F. Otárola,GK,-4.834325849849412,0.047305274761412504
N. Kikuchi,CB,0.34477779045269735,1.7367359445315054
B. Bingham,LCM,0.33479267766750165,0.8775559227281561
N. Lemus,RB,-0.1525488208297288,1.3492007826015304
J. Aros,LDM,-0.8209468279754516,1.5412603377325176
A. Sissako,CM,0.7102392936584091,0.21090892777753323
F. Sivetti,CM,0.45820415908189577,0.2063907632661875
Jorge Mier,RB,-0.24060443216482472,0.03182795515365903
S. Schreck,CAM,-0.8229269985967563,-1.8096498334777382
A. Dursun,LB,-0.38497428983985016,0.5957623963352086
A. Ciss,CM,0.6276283519260731,-0.16690862444251645
F. Al Shammari,GK,-5.11883724777489,-0.5312140534087673
Raúl Vallejo,CAM,-0.5672185065808786,-0.9431696090436786
J. Š?uk,LDM,0.2711653719628018,0.19344993674914512
G. Postma,CDM,0.32107928127000745,0.7734303589826721
M. Sejmenovic,LCB,-0.9314251811972236,1.1741758245595462
Jiang Jihong,CB,-1.0000730539746112,1.8049974321770044
Y. Valery,RB,-0.14827567030493471,0.6244696111259106
L. Marseiler,RM,-0.048072032318724534,-1.7276393839664355
C. Kouan,CM,0.7606692737318647,-0.15683876298331587
J. ?ukowski,LM,0.6255718755743684,-1.2277781594057962
C. Harries,CB,-0.3618792595604119,1.3835062373757239
P. Knechtel,CB,-1.4700603557825498,1.3978745731713593
R. Lopes,RCB,-0.9274964712133874,2.022160712610438
N. Phillips,CB,-1.0286373339803179,1.812009249903211
W. Hesl,GK,-5.176190174649713,0.6717223207621297
S. Mohlin,GK,-4.700891085970043,-0.3741187798648794
M. Ošs,RCB,-1.2698850870292187,2.0618522261734245
N. Mohammad,CDM,0.283397211533435,0.9379896018297337
J. Ruffels,LB,0.282014062966376,0.7969974587421863
G. Smith,CB,0.11321712854525237,1.4719562762807512
S. Bennett,CB,-0.8756696112989233,1.7210526334225498
D. Frieser,ST,0.6907782452036495,-0.6356303532539148
J. Burkardt,ST,-0.09775541464803762,-1.9745540218721824
A. Lupu,ST,-0.6120291326552074,-2.1193696178779393
Wang Jinxian,RM,0.07071580080058464,-0.6888289335994623
A. Maziero,ST,-0.817567135097571,-1.838168849445812
K. Moreno,CB,-0.9689144718911457,2.0308017806616006
Jose,ST,-1.0294940167903899,-1.9192638193862501
Eliseo Falcón,CB,-0.876414565045638,1.6569073679981017
S. Ramizi,RM,-0.1759532492456621,-1.9840414765379322
J. Flannigan,CM,0.2038502639956719,-0.821741227440087
P. Halder,RCM,0.573079014974485,0.6445486980383066
H. Ad?güzel,CM,-0.04735729549211187,-0.18283248543955116
S. Strømnes,CB,-0.37161191794147697,1.6270688863007408
K. Pestka,LB,0.038734912366694255,1.1313621112474859
M. Kolar,ST,-0.5044421139172705,-1.8221714891924838
F. Brügmann,ST,-0.2619066586809863,-1.6789881539857106
B. Urba?ski,CM,0.2824306692715817,0.42080457367220486
M. Schüler,CB,-1.0131133334226208,1.6736521380385847
P. Erhardt,CDM,-0.15266768390294275,1.5283120567542972
V. Sköld,ST,-0.16481380721676595,-1.0135082515481413
K. Knoyle,RB,0.15477941484973973,0.1363817319511428
J. Torres,RW,-0.8927600689916879,-3.4554749448759026
J. Coustrain,LM,-0.10845710759065472,-1.5411874255589024
W. Mosquera,GK,-4.87143779104532,0.3215672158363984
M. Chouiar,RM,-0.5193476778422106,-2.4734634572866274
B. Héry,LCM,0.34733813485513126,-0.1404607131766059
A. Nilsson,RW,0.48701798666303425,-0.9992474205109673
B. Figueroa,CAM,-0.13031835558728136,-1.0808791625488385
R. de la Rosa,ST,-0.42493523920355325,-2.2716743984937278
M. Sagnan,CB,-0.5938581891298862,1.3172240177504477
Z. Bakayogo,LB,0.19863757484658218,0.7318610867179692
N. Barona,LM,-0.3445139217968319,-2.322301538557345
J. Sierra,ST,-0.7924266504571259,-1.7462452529493535
A. Ryczkowski,LM,-0.42518848361065176,-2.0364965295872453
L. Jonsson,GK,-5.422777406243325,0.4807897097267563
C. Reppesgård,CB,-0.045592136390107126,1.2789945043109139
B. Allain,GK,-5.295139371175984,-0.2083830157338935
M. Uusitalo,GK,-5.793173996942577,0.11639465724375762
T. Alarcón,CB,-0.052648678192643364,0.974718975695253
J. Chianese,RM,0.12260942537047609,-0.9872746458760266
K. Howkins,CB,-0.1203566587069113,1.7357469150624456
B. Galindo,CB,-1.196506139706958,2.0083472714424637
I. Minchev,CM,0.3873363611506933,-1.2220944947093573
A. Zekaj,CDM,0.3844452695499591,0.639032218568329
T. Vaiho,GK,-4.929915447716592,0.7345434076873084
L. Sotomayor,GK,-4.948585145512965,0.024556951074774912
B. Kennedy,RM,0.09497717391842458,-1.170000205594466
N. Baxter,GK,-4.96688880849989,-0.30080055957536755
E. Rueda,RW,-0.4373500767872592,-1.6373183364077537
R. Hepburn-Murphy,ST,-0.30125003125306143,-2.9168123491019404
K. Gipson,RB,0.16341766073904093,0.5567491928963125
I. Hajti?,CB,-1.5756781860842342,2.259263090555506
J. Vollert,CB,-0.11884389842513832,1.0332593279494162
K. Zapolnik,RM,-0.5044154780419199,-1.378612183985941
G. Gül,CB,-0.3753976890480296,1.4377719462547498
S. Klaas,CAM,-0.0045794645621708725,-1.3246030313730262
C. O'Malley,GK,-4.501174380259979,-0.381638502930511
F. Al Aiyaf,RDM,0.48904028084544987,-1.1088310490274247
L. Mosevich,CB,-1.7995108940866604,2.052654881226105
R. Porteous,LCB,-0.5473713239456561,1.617266766103199
H. Mörschel,CF,-0.8448390479978511,-1.958946199541711
G. Sa?lam,CAM,-0.24675426654089994,-1.3152166662113702
B. Bödvarsson,LB,0.09681495201233899,0.8343761546032618
F. Geisler,CAM,-0.19437793776978618,-1.5834048817980524
G. Omotayo,ST,-0.6443857668501783,-0.6406361239555243
D. Rogers,GK,-4.878498603573126,-0.1253039562945423
A. Zendejas,GK,-4.9778593193742635,-0.13989658293176466
T. Chorý,ST,-1.2699013524799403,-0.3763723038252583
J. Vázquez,ST,-1.029217342499959,-2.2284297150461527
Yun Ju Tae,RS,-0.21318096134478892,-1.5983395499788957
T. Masuda,GK,-6.135121664692709,0.4310539798523297
L. Lauberbach,LS,0.41653573070227845,-1.0917292066046844
Y. Clementia,GK,-5.1373806306477245,0.23411994483377335
D. Orlishausen,GK,-5.1483292729102175,0.7364705621861507
D. Whitaker,RDM,0.15099037985623576,-0.020163582103176446
A. Khormi,RM,-0.31522462011001556,-3.364790315737066
L. Mari?,RCB,0.0779979547308953,1.2608682136501774
F. Benko,CAM,-0.028910830521749118,-0.01189275768585053
Liu Zhenli,GK,-4.790018349126024,-0.15560309517997908
M. Piccinocchi,LCM,0.0640246978626555,0.2116216696912409
A. Pa?canu,CB,-0.1278071028337652,1.0013941161791495
A. Al Harbi,CB,-0.2590165127437729,1.1962756898296203
Kim Gyeong Min,GK,-4.432505647595648,-0.12867153375229376
R. González,RM,0.8538238048230626,0.35266402940608427
Song Soo Yeong,LM,0.05251131329025171,-0.9389727626424003
Y. Nakazawa,CB,-1.8101250151384491,1.2925576723327268
A. Al Ammar,LB,1.0926785984856904,-0.2443159295002067
J. Ibehre,ST,0.5938140123441521,0.016154659004826728
Jeong Dong Yun,RB,0.13157424633567652,1.0687708266880447
M. Harzan,LM,0.34983822661886105,-1.0626686282834508
G. Hatano,GK,-5.525715247961441,0.527344830474399
Li Yuanyi,RW,0.3256621436092677,-0.8053978793609451
M. Dobre,RM,0.07622321499738911,-1.0539956185743706
N. Fernández,RM,0.1276666024288357,0.6998619119220802
M. López,ST,-0.7450924564906386,-1.7063376335924447
C. Dilo,GK,-4.618402282031508,-0.07617809636117666
J. Beste,LB,0.3337202198894505,0.03552777168765043
D. Thomas,RM,0.49174705178934003,-0.23920153035814104
E. Edwards Jr.,GK,-4.024199377798606,0.7385676038587875
A. Al Jadani,GK,-4.145696633535926,-0.456185425224023
M. Engelhardt,GK,-4.299231960223212,0.8809449619175336
C. Yüksel,CM,-0.061421726682951296,-0.657166068106217
T. Casali,GK,-5.760210053032648,-0.40233286762450204
D. Jaiyesimi,LS,0.25778066293553,-1.5534572658573003
Y. Bisseck,CB,-0.6146512877373665,1.7249654426418044
A. Sarr,ST,-1.0099755593832358,-2.791595295124428
T. Svendsen,CM,0.25242786459026534,-0.05289579270151878
J. Williams,RM,1.0183196908268084,-1.1333765160644271
B. Risa,LB,1.0130220286906266,-0.009954338280129205
D. Contreras,CDM,0.6798446872869223,0.3006532170663458
B. Halliday,RB,0.7790175242786074,0.5899142768736019
L. Dietz,LDM,0.05652542594359367,1.237732484967729
N. Al Omran,CAM,-0.44541330462081025,-0.4616333703095111
Parra,RB,-0.4799913300451938,0.3519422668600383
R. Taylor,GK,-4.76982248066628,-0.4340047492127696
C. Thomas,LCM,0.7331572736600906,0.859832717483775
O. Ómarsson,CB,0.08209659852317515,1.2483795646361806
S. Kopp,CB,-1.8876099816197323,2.6297353198160573
Chen Binbin,LW,-0.23598424816357333,-1.7883992939697595
M. Toye,ST,-0.544174596659828,-1.604550844257709
Cordero,GK,-5.94358249801135,0.2533518047900379
N. Jackson,ST,-0.942197500641995,-2.1844713143086354
B. Källman,ST,-0.45625467077800985,-2.4064437392222096
L. Cueto,LM,-0.4831877161329632,-2.6599259923291134
Guillamón,CB,-0.7627445604348659,1.1189683273628528
P. Camara,GK,-4.539824995666623,-0.48073235068694375
W. Cuesta,GK,-4.291344277042199,0.2903108448259361
Campos,GK,-5.091470166660449,-0.016230476098026397
F. Plach,GK,-5.840023988469955,0.47995771991073244
H. Belal,CDM,0.05902401153718252,1.4739659549071944
D. Foulon,LB,-0.27548954073949644,0.7031814131165097
L. Fritzson,RW,0.4075194409036647,-0.5774310860579014
P. Da Silva,CAM,-0.32005971614452106,-0.812373084281261
K. Skaanes,CM,0.4737372723238635,-1.455169288051322
I. Ugbo,ST,-0.8925291085510869,-1.918437137689998
C. Operi,LWB,0.2988822176245178,-0.4204285791970418
C. Köppel,LB,0.6127252044026938,0.2987398848215276
C. Dickinson,LB,-0.01808791223269589,1.9391987577898784
T. Robinet,RW,-0.41631956117136143,-1.638355518423691
Yeremi Valerón,LB,0.21468925299306618,0.9763110729241873
S. Finley,LCM,0.8743599513229673,0.5712182024523752
A. Bruhn,RM,-0.1950723117105148,-1.1467569995358464
M. Amundsen,LB,0.8134124508406547,0.565244724973538
T. Vollnhofer,GK,-4.934129643736502,-0.04885079966701834
N. Atangana,RCM,1.17012506544708,1.225482182713983
D. Tchamba,CB,-0.9933480493565787,1.6951857859297752
A. Kartalis,LB,0.7771601431843422,-0.28266981044699974
J. Victoria,ST,-1.1960684591154997,-2.227848507296148
E. Orona,CB,0.667140368977829,0.5233095773602323
K. Yamaguchi,ST,-0.5278056323361919,-2.040915660715982
Angel Sánchez,LM,-0.7644002235995444,-1.1485130235941599
B. Kindsvater,RM,-0.4546768571935926,-2.545049389663914
N. Laursen,ST,-0.7006203362267138,-2.403108839365447
L. Bolton,RM,0.37054515388659576,-0.06782837302103005
R. Miller,LS,-0.22112890324471787,-1.0802927022641173
P. Kotal,RB,0.003098160092520758,0.7730964109315448
F. Saavedra,LB,0.9155145851643308,0.32117232315443733
J. Lorch,RB,0.7869992776312525,1.0813683727548062
M. Hosseini,LCB,-1.2050557503727632,1.5466151303051447
I. Aguilar,CDM,-0.34322887948450764,0.7110369036815248
Gorka Giralt,GK,-5.3071951687618855,0.15643192059623653
T. Kainz,RB,0.490871773228631,0.519126617956417
D. Barnes,GK,-3.5077254653295715,-0.29352252443797483
T. Buitink,ST,-0.8776637658267576,-2.406207121510519
H. Eisa,ST,-0.3637544253813731,-1.4772294086202122
D. Hyam,LCB,-1.1795172560383314,1.498273735178778
T. Denton,LB,0.5600988144609185,0.05528573817336684
B. Ziegenbein,RM,-0.38278522373214435,-1.0721649897891565
Adrià Pedrosa,LB,0.18453256646439647,0.10587359758103831
A. Stadler,ST,-0.1662261787179631,-2.0407083892514306
Li Xiaoming,CB,0.8509979183935158,0.8207384206032295
R. Muhammed,RS,0.5232137134225591,-1.4575092892889332
M. Al Mania,ST,-0.6967868048527324,-2.3867368517777843
A. López,LW,0.09406148547112426,-1.0844173818645255
L. Ralte,LW,-0.24838483797848848,-1.2446024165468235
M. Payares,CB,-1.677840914701535,2.2943342017212243
F. Sucsuz,LM,0.7343547835441173,0.09968273190841276
C. Cásseres Jr,CM,0.2912955974092156,-0.491481816515719
K. Etuhu,CM,0.411102131286308,0.4221985957338494
A. Al Saleh,GK,-4.411929981303954,0.09764016667707724
Zheng Dalun,RM,0.31726363455890677,-2.192576666970945
H. Charsley,LM,-0.15452154249085048,-0.5532981934818237
Giovanni,ST,-0.4340108088653666,-3.2617031419676463
M. Barnofsky,CB,-0.975967936047043,1.9497450946907937
H. Dunk,LM,0.7168922931241178,-0.2720715884750539
T. Galdames,LB,-0.0036459786547582535,0.9987470730757284
S. Ando,GK,-5.1285011616749925,0.4024526596172887
A. Dabasse,ST,-0.9932947535648642,-1.1159306481818774
S. Mladenovic,LW,-0.09965052833716954,-2.02026847808027
J. Hessenthaler,RCM,0.7414348645268402,0.24098659166677375
Fran Sánchez,LM,0.7765929892366705,0.17934093167157217
M. Funk,GK,-5.422753928837362,0.0563275372749801
S. Amuzie,LB,-0.5101534191733206,1.6162484750037147
C. Villanueva,CAM,0.7338981485164767,-0.5042056618501534
Wang Fan,LB,0.43233674930781263,0.948795984226058
A. Egholm,CB,-2.8854783050673167,2.444589383893723
B. Koglin,CB,-0.9307211924753858,1.5190973240816796
D. Tuma,LM,0.004414344258972595,-1.9397944486666634
J. Thorsen,RCM,1.2633871147734619,0.5444157018847701
Álex Dos Santos,GK,-5.534753615037331,0.13771494138365176
M. Awoudja,CB,-0.3756364014792481,1.3391069841274308
S. Brodersen,GK,-4.829723319296979,-0.12165745822187979
Ryu Jae Moon,LCM,0.24497987313893543,0.1555603791024703
L. Alzugaray,CAM,-0.09861442748247908,-1.3554532251235716
I. Franjic,CAM,-0.5467030984741271,-1.330588635445847
M. Mara,LM,-0.8273055184777945,-3.096968893344244
A. Brorsson,CB,-1.2325440485288806,2.026080792775823
O. Petrak,RDM,0.40685464040561586,0.7639882265722896
Rafael Camacho,CAM,-0.5109077609898073,-1.3922775871180493
P. Will,CM,0.5400420932240461,0.6650887204668534
A. Dønnum,RM,0.4525809627000202,-0.8187591988013649
S. Tanser,LB,0.2625073520455819,0.20701464541059128
K. Danielak,RM,-0.06772641478647898,-0.8993666265429082
Y. Diouf,GK,-3.9738719294814286,-0.2538707695700258
Brian Torres,CB,0.46815342467741,0.7731267356490807
L. Jackson,LB,-0.9956864073443454,2.0762459001901425
Aitor Lorea,RM,-0.28465244326168687,-1.8296707868279547
A. Pinga,ST,-0.4989662361391909,-1.4525480045813997
N. Andereggen,ST,-0.3826094173242432,-1.9912336073838461
M. Ambrosiewicz,CM,0.6261585058638032,0.7729532259021785
M. Forss,ST,-1.7828729640575605,-1.4592827771967347
B. Álvarez,LB,-0.4883563392242507,0.8805342892944836
P. Michael,ST,0.01836373122715399,-0.2411018058929848
J. Wallace,CM,-0.18399180843973972,0.4148094924120492
A. Helmersen,ST,-0.6515558048458044,-0.9175636748117251
A. Yildirim,ST,-0.7109207314519583,-2.212861595569574
Ángel López,LM,-0.1985211323158379,-1.6316877366112985
D. Byrtek,CB,-1.2070137994841417,2.263117343221834
D. Telford,ST,-0.41177437002235207,-2.637606439511639
S. Old,CB,-0.8119902667900681,1.9351354229006505
H. Tifner,CAM,-0.5425441079724579,-1.0171212925744364
Jiang Jiajun,RB,-0.23100004087885032,1.356792287335645
S. Erimuya,CB,-0.8616422275274144,1.327121434932837
F. Obilor,RCB,-1.292561606005927,1.774675444538123
K. Partida,LB,0.4643764179349557,-0.08813055238536531
R. Laidlaw,GK,-5.9129817913513785,0.47015819310614626
S. van Hooijdonk,LM,-0.2637090553636835,-1.5646319988031878
F. Mac Allister,CM,0.5481655941220248,0.5864938528698206
A. Fontana,ST,-0.6004867355623934,-1.7732384692760113
E. Ojeda,CM,0.5140268415503954,0.06583249627998232
Y. Mamilonne,ST,-0.678968464620647,-1.012683213026115
B. Gaye,GK,-5.878229530109222,0.5123528321727959
Iñaki Peña,GK,-5.710161815190584,-0.09087309791543727
F. Dornebusch,GK,-4.356698471768052,0.7270544272388789
F. Arbeláez,LB,0.45696627690686925,0.390198637138475
E. Gutiérrez,RB,0.13788544455500254,1.1289952979693116
J. Vásquez,CB,-0.6429354372940645,1.3661483171199593
T. Björkström,RB,0.3082658005115332,0.894288513756673
J. McCourt,CM,0.707396053259572,0.5774807082500898
Álex Mozo,CM,0.20104127277225223,-0.9890350255115102
J. Klinsmann,GK,-4.882645169264511,0.28622646104997057
Y. Fofana,CDM,0.7207839940811835,0.47684246724863616
K. Koussou,RM,0.0486717601312972,-1.4077740571708228
M. Ortega,GK,-5.906215808738882,0.07618191992287637
J. Mäder,RM,0.2718086571897276,-1.8714083724635802
O. Leguizamón,ST,-0.16134488264858113,-1.93652605718786
M. Pawelec,RB,-0.24499440648900417,1.8060086269084654
T. Bonga,ST,0.13315098360436667,-1.0894714228385263
Kiki,LB,-0.22698110628291696,0.8106172231155807
M. Warcholak,LB,-0.06504668157899726,1.6031205968623157
Romero,CAM,-0.7773404931322322,-3.012146623253678
S. Puri,CAM,0.4993504248645629,-0.6208475948938135
Kim Yong Jin,ST,0.35863120489882744,0.212728843929482
S. Moussa,ST,-0.883064319927277,-1.27382459363916
Luis Díaz,CM,0.5555556714858305,0.8494086055991357
L. Ameka Autchanga,RM,-0.7670266859138097,-3.0959073375172985
J. Vega,ST,-0.09914247700131439,-1.0381033551954262
Y. Gutiérrez,GK,-5.007405288444756,0.5901306088630953
L. Daschner,CAM,0.22641768478827837,-0.5432541461906466
T. Goppel,RW,0.8660656158339533,-0.5261135443799106
M. Rodas,LM,0.13693258062856964,-1.477591524259049
F. Quiroz,LB,0.6662168678495881,0.4670081318668716
R. Idda,CB,-1.343502740885375,1.7304928527342907
M. Petrasso,RB,0.5318566979015383,-0.044235575384490876
J. Angulo,LM,0.25085116363138693,-0.5588731865015681
M. Thalhammer,CM,0.18498084637889434,1.2308158535826383
J. Hildebrandt,CDM,0.7746121267525082,0.4230530765029365
Robert,RW,-0.04518598602943706,-2.10253088652468
M. O'Leary,GK,-4.342876270025126,-0.10845247574778596
A. Ståhl,LM,-0.583947824921582,-1.6716973239310295
R. Griffiths,ST,-1.080818704720249,-1.6953482729444764
Iván,LM,-0.002039133282541066,-1.3620324108705826
G. Taft,LCB,0.1426821473569115,1.7254139970748625
H. Johansen,ST,-0.37162069068193604,-0.24021382858159404
S. Facey,RB,0.309219688216013,0.9455349839343877
V. Golemi?,CB,-1.7394962822567257,2.1799736032276806
F. Álvarez,CB,-0.625885755903105,1.3326851872348953
J. Asiri,ST,-0.9227378287945995,-1.9665055947650467
J. Melling,CDM,0.40362336292580275,0.9666625470468787
G. Leigh,LWB,0.5182864662395874,0.4397473454553329
Lee Jae Ik,CB,-1.2232856714688685,1.8172330029784078
Tang Jiashu,LCB,-0.2265068055178577,1.0015448349524319
J. Keohane,CDM,1.1542377863421893,-0.23775806662845927
S. Boyd,CB,-0.3028457108970445,1.4928621609413566
Darío Poveda,ST,-1.0658335122682874,-2.384830278387158
A. Al Fiqi,RM,-0.5137621423312635,-1.6007132149687493
E. Fernández,GK,-5.1145204489610165,0.47171226652783393
J. Bonham,GK,-3.646284642674556,0.016235764638193186
D. Haspolat,CM,0.21415584673629706,0.12992984030842836
R. Yamazaki,LM,-0.4127565976284537,-2.1731725136200075
M. Hazazi,RB,0.8581460309914238,0.1450119971720171
Y. Otayn,CDM,0.34225440513474875,1.4998307667854567
G. Coke,CM,0.4702955655941562,0.47556676067615705
D. Lanius,CB,-1.2280980758638447,2.075513128697324
Ha Sung Min,LCM,0.4375112155537133,1.0811948783205365
I. La Rocca,CB,-0.35924964196213593,1.3478678185780764
A. Hazazi,LDM,0.6089206855235182,0.39193323143509456
N. Tiknizyan,LM,-0.040837634833525704,-1.756354178258918
B. Pindroch,GK,-5.226710396129654,-0.04978182317518709
N. Heidemann,LB,0.4557356771844466,0.7054763674008556
S. Mbakata,RB,0.152273192846876,0.7712399012762402
R. Harley,LM,0.334609443745759,-0.10517628884485132
P. Hercher,RM,0.21884248626765923,-0.9983490151951647
L. Balerdi,CB,-1.2609529036275484,2.249063927542685
G. Guerrieri,GK,-4.693255858947996,0.20046402578254066
L. Kramer,CB,-1.3211473199920973,1.707253171974318
A. Tozzo,GK,-5.35716442149405,-0.4571290715265411
A. Domínguez,CM,0.30969320151426794,0.6769698402987174
A. Melo,RM,-0.46598730623144397,-2.056839183464971
S. Al Qeshtah,LCB,-0.6397871825135164,1.4572723485691288
J. Partington,RB,0.25844084166128256,1.3307009676467751
M. Gillespie,GK,-4.322125672024369,0.37952894639482276
D. Gyollai,GK,-4.3513505155350565,0.14436662191818722
J. Cook,CAM,0.18576662176054198,-1.3470287506948835
T. Hudson-Wihongi,CDM,0.5316350316340802,0.678555802830082
J. Tuominen,ST,-0.8248072371907995,-1.2565849448492583
T. Smith,GK,-5.054210308314806,-0.7851170599382062
Kim Young Sin,CAM,-0.24745967033740626,-2.5786628722198355
Li Songyi,RB,0.7106649228373553,0.9038535971510516
R. Wulle,GK,-4.829741507373101,0.35294750588284346
A. Al Khulaif,RM,-0.9919809579439189,-2.759947671885154
A. Fontana,CAM,0.32487741090686656,-0.4563007135925208
P. Prado,RB,-0.1983591872127151,-0.016397224670560057
M. Rocca,LCM,-0.07823473274037873,-1.021399803515956
J. Vogliotti,ST,-1.7194888745910324,-1.6466557546701623
K. Yoshino,CB,-1.3953163783071452,1.846928185979077
Liu Yang,CB,-0.02321446990997934,1.208499804766647
D. Moreno,RM,-0.006263229727363421,-2.544971905761855
M. Comba,RM,-0.515706488828916,-2.4059329723385674
L. Gambin,LM,-0.7267251579225644,-2.4891493164575067
E. Maanane,ST,-0.8555017583995943,-2.42895418136095
M. Meneses,CAM,-0.21589863294912445,-2.1180339221521094
T. Børkeeiet,RCM,0.5327084093812074,0.6224575567570038
A. Bennett,RCB,-3.0493263065645695,2.9250132943446543
M. Martic,CDM,0.3217947419514467,0.9458484950188811
Chico,CM,0.38602320010138014,-0.09028272557887176
J. Lindsey,RB,0.5639715789164073,0.16450783289065282
D. Vlahovic,ST,-0.5820021624591997,-1.69333179752276
Miquel Parera,GK,-5.049258975781616,-0.3358461100937173
Diego Pampín,LB,-0.2460728361690417,1.0648854689198304
J. Suárez,RM,0.0038785568605756667,-1.7044438512653723
M. Reule,GK,-5.220882877325481,-0.08434523595555254
Bai Yuefeng,RB,0.4395607360733321,0.9992312934715755
V. Müller,LCM,0.6667243664129829,0.10318334806033214
C. Ferreira,CAM,-0.3824600363037436,-1.3318797383132046
J. Houghton,RCM,0.757421830563797,0.4697303389416526
N. Smith,LCB,-1.2707468707344607,2.028887739810761
L. Carillo,CB,-0.6473500632520233,1.3116178418049727
S. Ruiz,LCB,-0.08183335763488231,1.165709968692011
L. Amarilla,ST,-1.2029708315605632,-2.08537584310837
S. Ormeño,ST,-0.8876043511970401,-1.2200266830244
P. Petrovi?,LW,-0.7004890281499232,-2.181152760639291
R. Callachan,CM,0.4845918028685012,1.1392068745775281
Leandro,GK,-4.716653970425763,-0.6737817996003829
Zhong JinBao,CM,0.9604425041257899,0.612093612264435
Park Dae Han,GK,-5.5824647269582215,-0.2640899220628145
D. Burgzorg,RM,-0.2479176762407086,-1.82517007194099
Marcus Vinícius,RM,1.1957796484967782,-0.8101164148876007
V. Wernersson,LWB,0.5042719884902925,0.24144680938955698
Roger Riera,CB,-1.4222695772471867,1.3741759741998594
N. Blissett,ST,-0.8935039079854865,-0.519960095487079
F. Sulmoni,LCB,-1.3692886294543918,1.8285589716363335
M. Harrer,LCM,-0.16480305980325521,-1.2755048682319357
M. Havekotte,GK,-4.738712816211077,-0.11613436378483193
S. Bastoni,RW,0.3004378029636254,-0.24976887894195485
A. Rinomhota,RCM,1.0779261357382142,0.21151030254303382
J. Caletti,CDM,0.5119343727763342,-0.044588892616070366
G. Ray,RCB,-1.1588069740357574,1.695062047502049
Zhang Chenglin,RB,0.023425897768118865,1.0331176145730079
L. Mokhevishvili,CDM,-0.370659091331363,0.5807409051725524
V. Myhra,GK,-4.441872056845606,0.46309878689834694
Chen Hao,RCB,-0.7863977381727874,1.1839962181766448
M. Ferreira,RB,0.08547653156845139,0.4228655903520742
M. Moënza,LB,-0.024995476758629186,0.4855819457495178
A. Swolfs,GK,-5.149559445544761,-0.09624979800090507
K. Machida,CB,-0.7522756226007562,1.777776931432041
A. Babacan,CAM,-0.6659310479855048,-1.3017188094188616
K. Gutiérrez,CM,0.8055998384477229,-0.08718808575841337
K. Appiah-Kubi,RW,0.6996843174011328,-1.3486285783756478
P. Keegan,CDM,-0.06368958394259411,1.0625681450973228
K. Woolery,ST,-0.31736458334359285,-2.5493014820740183
J. Vagnoman,LB,0.8912829402987548,0.5905749474041245
A. Kosti?,RM,-0.6835683119354441,-2.4402302359378143
B. Nugent,LCB,-1.605971364995373,2.428040450601131
S. Habergham,LB,-0.04620122183436197,1.2256948344272247
H. Ayaro?lu,CAM,-0.6429449959161465,-1.2388188497668235
J. Brandon,RB,0.7664976596899825,0.11458407513676915
E. Omondi,RW,0.655265417384318,-1.375846487300404
R. Alvarez,LM,0.13574338606211678,-0.9520996006201434
B. Purkiss,RB,-0.22851018631577907,1.7449321445928818
T. Basila,CB,-0.9902508240725124,1.4399168746168638
M. Rose,CM,1.4993849667032237,0.7662787149721888
Y. Schmid,CB,-1.0045209543440217,1.56695266033273
Christovao,RM,0.10681290530250663,-1.2811331058050686
I. Magnusson,RM,1.0050641256807569,-0.703446362730907
M. Wintzheimer,ST,-0.48504081437421737,-1.5223715431873477
K. Anzai,RB,0.03606931706844213,0.2655412803483865
D. Mihajlovic,RWB,0.730251304555875,0.06846333732455501
D. Emmanouilidis,RM,-1.0185131301785082,-3.0367839684126294
P. Smyth,RM,-0.24703678998548798,-2.580698038833042
K. Kristinsson,LW,-0.5591854733261551,-0.8986191844831505
D. Duhaney,RB,0.1324982354801919,0.6467409270619168
L. Østigård,CB,-0.7963810658040698,1.2016913396897067
Lee Bum Soo,GK,-4.561664475437031,-0.1004306270079203
Yi Fan,GK,-4.410647880742113,-0.2205501172216035
Robert Sanchez,GK,-5.136251471157201,-0.13925039491825109
S. Macías,LB,1.078741847918777,0.39412184076556517
M. Egho,RS,-0.42043055436227694,-1.2837748693977213
P. Pfeiffer,CB,-0.5793727585841252,1.4538598855929743
B. Anderson,ST,-1.076367519207738,-2.9546090305102646
L. Grimshaw,RWB,0.7719829646943349,1.4207139146975414
V. Vermeer,CDM,0.38152575854392773,0.3426522139438303
M. Kaasa,CM,0.4844782020404117,-0.4883973277803056
H. Al Shamrani,LB,0.466721701559945,0.035036575791757084
C. Sierra,RDM,0.9217837104272186,-0.880177117972855
E. Mensah,RW,-0.6033611164948469,-2.3934219075461605
S. Baradji,ST,-0.4144140729175816,-1.8257242967165646
M. Igonen,GK,-5.494102783178982,0.07626611125389669
S. Galloway,LB,0.46508225223634275,0.5244299038963265
D. Moreno,CM,0.7071893162061631,-0.203657533796995
Zhang Cheng,RB,-0.14858715266420422,1.3202225487101114
Ma Xingyu,CM,0.6561430414221512,1.4878854506552273
T. Mokwa,RB,0.46136876727209936,0.271963847379338
D. Lippert,LB,-0.4569363193252258,0.21293434589014276
Y. Tatsuta,RB,0.8077654568621008,0.9273638472100403
M. Hjulmand,LCM,0.3954145694361314,0.5750242869397693
Y. Shimaya,CF,-0.5042620557939315,-2.3796845324964964
J. Lotomba,LB,0.5934748943598581,-0.22192053297064296
Hiago,RM,-0.3515814405259996,-2.598079170926109
K. Scheidhauer,ST,-0.0313831810661147,-0.46282689455141274
An Jin Beom,CAM,-0.3584301020118219,-1.4164064177789408
M. Kakuda,CB,-1.1739214139284062,1.9643615663256093
Kang Ji Yong,CB,-0.6755819028668445,1.7876290889271673
J. Gulley,RB,0.7385007678507838,0.5047537763835886
C. Owens,CM,-0.7366775722159903,-1.5639506012564164
N. Raskin,CM,-0.2960875684339627,-0.14399164914914284
J. Bocanegra,LM,-0.23539991318536882,-1.5123610687338729
Rubén Sánchez,ST,-1.2074240318640428,-0.8890684214324425
Lee Min Soo,CM,0.7796376977838141,0.7664652748492736
C. Castro,CB,-1.4182427710315517,1.8180427025432997
S. Ohlsson,RW,0.0640806016508328,-1.1890172102765286
F. Cambeses,GK,-5.0188815546178365,0.054438392292662674
L. Compagnucci,CDM,0.5679028742267055,0.4510808480542712
M. Cortesi,ST,-0.7608232558631817,-1.9658361947736163
M. Borquez,GK,-6.279567778927154,-0.25102172494377645
M. Robinson,CB,-0.14989739423905502,1.261978235532512
Z. Randriambololona,CAM,-0.300588318224685,-1.8044083929861217
K. Finnbogason,ST,-0.5053226971949258,-0.9951056221454003
J. Storey,CB,-0.6209883771185679,1.725617852090212
G. Simeone,ST,-1.1063157032737923,-1.0381392565618226
J. Jesgarzewski,RB,0.4877124543589643,0.5915446756478574
T. Jacobsen,LB,0.6493608770279451,0.3936598771571425
J. Allen,LW,0.6936839213895661,0.00830245324143955
E. Bekiroglu,CAM,0.29552662920061307,-0.6858590898386404
J. Benteke,ST,-1.2441570538274755,-1.663889102715877
J. Albert,CB,-1.2618538060545759,2.108486910477503
A. Morkaya,CDM,-0.20850576367806165,1.0626918166232497
A. Muric,GK,-4.522079314129621,0.12303614391676738
W. Atkinson,CM,1.3762981652175044,0.6178499470913649
L. Matarese,LM,-1.0573330704149335,-2.2894783409765997
M. Ellis,CB,-0.5363761074027619,1.5496666827066825
S. Ayala,CDM,0.7477649451587896,1.0383470380538202
Bae Sin Yeong,CM,0.09798991053075706,0.8345099495990108
E. Bytyqi,ST,-0.4134402099748072,-2.648554814439204
M. Lercher,LB,0.21566213206927295,0.8172581369426228
J. Morias,ST,-0.09921221712858698,-0.9917467900277719
F. Lesniak,CM,0.6313555337169662,0.5463411620458187
A. Whiteman,GK,-5.577967859778102,-0.1324017513597611
W. Aimson,RCB,-1.0675384155507832,1.6328897324029632
K. Al Barakah,LB,0.60581229905385,0.72354669149347
Diego Ferraresso,RB,-0.2021731590104002,1.4626126096089374
T. Christensen,LW,0.13624055541519492,-1.5175810327429784
R. Aït Nouri,LB,-0.15725186346019726,-0.03928782109874683
C. Robertson,CB,-1.4905670536642661,2.09024226224452
A. Revell,RS,-0.297173852326349,-0.741018247101713
R. Al Mousa,CM,0.620568479310744,1.0286713257668145
J. Rønningen,RM,0.6474930754064588,-0.05642508627686889
A. Bordin,CM,-0.2532445958717062,-0.6132910922668988
C. Klarer,CB,-1.5302108755333164,1.6870704326402077
P. St?pi?ski,LB,0.45583086150658086,0.33367448948134865
W. McDonald,LM,0.1557120181039207,-1.271524050856139
M. Stamnestrø,CM,0.26807441475529276,-0.9402342220214202
F. Al Johani,RM,-0.33094772343736917,-1.9153156867819001
S. Harrison,ST,-0.6491320569378248,-2.1991711405763286
P. Klimala,ST,-0.7327766637469959,-1.9828324294551036
K. Browne,LCB,-1.8062535479809274,3.0069712857422903
Y. Diarra,CM,1.1709961750683826,0.28547787116279216
A. Oxborough,GK,-4.449357422992655,0.2518881053480232
M. Qvist,LCB,0.8544351329735141,1.0194129977935598
C. Good,CB,-1.0320701488200346,1.5830693423986957
M. Saito,CAM,-0.1533630638389203,-2.28665808711196
K. Sterling,ST,-1.3379408533944899,-2.630047811687609
S. Davies,GK,-4.611124186334839,-0.1360192232878252
D. Imrie,LM,0.04640643364602837,-0.7060519856434635
D. Orellana,CM,0.2894613007005119,0.19939972034969408
A. Borkovic,CB,-0.8456523167602663,1.407942260927526
G. Vicario,GK,-5.816702803386846,0.07026019562886472
A. Karadas,ST,-0.8634282735561847,1.0884788575911217
A. Madrid,LDM,0.523047184331659,0.9345265413298623
M. Butcher,CM,0.19271110725183063,0.5473110805969034
N. Gómez,RW,-0.15390044275762937,-2.1168903761109235
G. Cardozo,CB,-1.1790835176477272,1.5914789758229981
J. Clarke,LM,-0.5084377255939525,-2.2497715347116656
S. Benega,ST,-0.7095811742372937,-2.4935920738923807
F. Sittsam,RDM,0.2986777084262651,1.1623787229658524
F. El Khoumisti,ST,-0.7456143563757094,-1.406665881337441
D. Rosales,RB,-0.3632489870505817,0.10994646000587113
T. Warschewski,ST,-0.9211584380579614,-1.694977599369244
F. Sgarbi,CB,-1.5877243270864765,2.0082487740769577
C. O'Grady,LS,-0.8245289622429173,0.1350392859947186
G. Hiwat,RM,-0.9036349998732727,-2.3742159415740742
Jung Seon Ho,CDM,0.2152894887524707,0.9212539425555075
I. Meslier,GK,-5.004229219671692,-0.03737031248948358
J. Sánchez Purata,CB,-0.24758453144294645,0.953446519761118
H. Daza,LB,0.4686006327870553,0.2252157398157957
J. Mondragón,CB,-0.2755315363360116,0.9825463407754739
T. Fukumitsu,RM,0.09173583201098061,-0.24492249562748536
E. Cerna,LW,-0.5789936558428538,-2.0612161539271407
S. Tka,CB,-1.2654395871275121,1.8413931418655716
A. Dales,LM,0.17580200415488798,-1.1119415757086943
E. Wichne,RWB,0.55617946840716,0.38631605757122534
J. Simpson,CB,-1.7017681440464896,1.8150204218213313
J. Bamert,RB,-1.0750083396483299,1.6867828249448449
M. Kamekawa,LB,0.49663594129633076,0.6250233176320671
B. Córdoba,CAM,0.16093023200400458,-1.6096117283744378
M. Randall,CM,0.2669801979122828,-0.13032648880547468
A. Eisa,LM,0.07933836584619249,-1.872151181321282
B. Dia,ST,-1.1892732784852809,-1.7531381179408156
M. Maidana,LB,-0.15616771546096353,0.76866398255529
F. Brown Forbes,ST,0.8573358596197131,0.34531782700206276
Jo Soo Chul,CM,0.11647483460406141,-0.07698804000125678
S. Banza,ST,-0.9323244996717363,-1.9466828758455457
T. Onozawa,LM,-0.21677365756541264,-1.425641467045139
J. Ndecky,RB,0.16761190616391394,0.11796690084146973
L. Tupta,ST,-0.8668243321434264,-2.238028952675925
J. Pepper,RCB,0.170308396149798,1.6889456467894242
M. Majrashi,ST,-0.3087391963870018,-1.2253270304647406
D. Toköz,CM,0.4553914079088843,1.0551890118825966
Guo Hao,LCM,0.7316403504868355,0.6040199462815768
K. Sekiguchi,LM,-0.5735492176540847,-2.3607693607607425
K. Jacobs,RCM,0.44227555125223766,0.44774367358022277
M. Christensen,CM,0.7827696503468378,1.0538176000871193
Lee Jeong Bin,CAM,0.1231378548690813,-0.9834363279979287
R. Tulloch,ST,-1.2305902619625655,-1.854799207839543
L. Agüero,ST,-0.6997815275366386,-2.1183197355866215
D. Meredith,RB,-0.19728913415855892,0.5412217453348843
M. Romero,RW,0.5966560235172014,-0.3977645561100191
J. Masson,CDM,0.2591056693148527,1.227807259884059
B. Burns,CM,1.2424234365830358,-0.6720990417819055
B. Gilmour,CM,-0.3994092197177865,-1.1789760703642282
Cheng Yuan,ST,0.251454910425709,-0.25204614234240447
Kim Hyun Hun,RCB,-0.954641114774901,1.8193623466796849
Genaro,CM,0.24778645009369496,0.20633694877045552
Y. Takahashi,RCB,-0.479903885213571,1.6530124440135907
B. Wilson,CM,0.7294660207281833,-0.04138025888708636
D. Heymans,CAM,0.3386515197642653,-0.1635625802404218
C. Randall,RB,0.4588377441933183,0.595115525229015
C. Johnson,CB,-0.341581301278951,1.2961693030590278
R. Nicolaisen,CB,-0.04113634408564842,1.117897120363937
M. Nani,LCB,-0.08210898862150617,1.0431817080231778
S. Otayf,ST,0.0322251747894852,-1.2325071075795029
H. Nakamura,RB,0.5941636847956822,0.7076827343733431
M. Kryeziu,RCB,-1.4443621242062208,2.6670331973236467
Park Hyeong Jin,LM,0.889406137224326,0.06961084989185856
A. Gallo,LM,0.4505157821615345,-0.3717450253978395
Baek Dong Gyu,RCB,0.1754632615206652,1.4394556920702113
R. Watson,GK,-4.495894127980631,-0.12223736320543935
A. Amadi-Holloway,RS,0.607970113537614,0.04111313228422356
D. Olave,RB,0.0300275121673775,0.8527695050208477
R. Romero,CM,0.505920672901625,-0.8874098018747865
B. Janoševi?,GK,-5.919337954099109,0.6510593332100634
D. Sula,ST,-0.5624753460941456,-1.9672155410798866
B. Hanlan,LS,0.17657011810307358,-0.9391961607648543
P. Wiesinger,LCB,0.13895299215039567,1.3348125367381767
C. Martin,CDM,0.46635962110325885,0.36351393161692225
Kuk Tae Jeong,LB,0.13080948330854247,0.6647799032510816
D. Oberhauser,GK,-4.663748423260254,-0.1915383347698464
E. Kupen,ST,-0.9055104826496115,-2.594226418891526
D. Jarl,CB,-0.7173691979859954,1.735838036591007
D. Carr,ST,-0.4589268464789916,-1.864366416477758
M. Diallo,ST,-1.2907643671016364,-2.0699926361769956
L. Scherff,LM,0.6779444142066261,0.04943624837213181
C. Brandeborn,RW,0.4535780199510158,-0.7566475193187308
M. Drennan,ST,-1.199943906334664,-1.5951950077847952
I. Djuric,CB,-0.48428428215519903,1.0187897521491576
M. Allende,LM,-1.1263422559586698,-1.9430295620963618
M. Knudsen,RCM,0.4554682150784769,-0.5875456782400654
T. Taiwo,CM,0.970149786959001,0.45848376176369904
L. Pizarro,CM,0.940715612821931,0.015656134291855795
M. Olsen Pettersen,GK,-6.141836506928665,0.057813996018301984
A. Berry,CDM,0.7859066339826954,1.0368462058809425
H. Wingo,RM,0.8302802493860174,-0.32214935473975925
M. Taylor-Crossdale,ST,-0.6422489421342983,-2.0143421915579185
C. Omeje,ST,-0.8697603233725355,-1.6171825836014113
C. Vidal,CB,-1.6506228055128833,1.6082415693572965
F. Okenabirhie,LS,0.048131362072059224,-1.6072386968168733
J. Aguilera,LW,0.3806115303453707,-0.8663353124002802
S. Warmolts,CB,-0.8553995829628279,1.2619177237820924
D. Mantilla,LM,-0.012033688736907381,-1.1731103022440885
P. Amond,LS,-0.7807892545469136,-1.2323027095767634
M. Pa?aszewski,CDM,0.5848298849136969,0.03781289030456785
M. Pavi?,LB,-0.34421474191480794,0.7010035034868861
K. Hachisuka,RM,0.9450383078965331,1.5194149843133398
B. Cooper,CB,-1.8643614213578554,1.5223266691476893
G. Damen,CM,0.7138111634000944,0.19742292200480682
C. Rubio Sivodedov,CM,0.1776834246414803,0.06455368309182594
J. Smith,RM,-0.6359944570185639,-2.360803771698071
M. Ndjoli,ST,-0.4817048808339361,-1.6761088972992546
Manu Navarro,CM,-0.09875175933309284,0.47419727086447383
Javi Pérez,CM,0.3542490636802042,0.6731804960202099
J. Wallens,GK,-4.6248839723207595,0.6057691445268816
A. Parisi,RB,-0.8940629692958776,1.0283350236461248
L. Yamaguchi,GK,-5.908663859353877,-0.27488376140005644
K. Tagawa,ST,0.298254038698509,-1.5652192777201086
J. Herrera,ST,-1.0193071175424755,-2.232546989221893
P. Chato,RDM,0.5491593157020174,0.9278857336872189
E. Majetschak,CM,-0.4591923779099165,-0.8327921577871601
H. Hope,LS,-0.5191365593346093,-1.7595267789254898
Seo Jae Min,RM,-0.9767503938357568,-2.577574841987367
R. Durán,RM,-0.7438297340736517,-2.007260058809112
B. Adekanye,RW,-0.32812913320445575,-1.5273706724696547
C. Baumgartner,CAM,-0.472915912755305,-0.7847246199563321
Salcedo,GK,-3.5357010536894875,-0.24928445450015999
L. Donnelly,RB,0.09406018781576977,1.418960564480963
S. Lauper,RCB,1.0881898020812366,0.26130719607367303
Anderson Emanuel,LW,-0.8744874943815574,-1.8739015026170882
A. Balanta,CDM,0.169470373512382,0.6955769155146155
C. Georges,LM,-0.9228655134208888,-2.768822910743409
W. Hajda,CDM,0.3855568535175842,0.5766352135839725
N. Petric,GK,-5.49073505661913,0.3216067720724001
D. Kerschbaumer,RB,0.044912862373009343,-0.00420845609363788
R. Telfer,LM,0.4821843412679903,-0.03160193475015167
Otaño,GK,-6.055522555795723,-0.01895157651416189
D. Loader,RW,-0.6289963229094936,-2.690078061533065
J. Montaño,RB,0.6942945454033155,0.21769618596269902
J. Marcinkowski,GK,-4.9750786336547606,0.1955418283892865
G. Herrem,ST,-0.7346110449330674,-0.887320354299079
I. Al Zubaidi,LB,-0.016845297694298617,0.5390618100842844
J. Calero,ST,-0.6110271166311053,-1.4938255068663666
S. Peri?,CB,-0.5205759007571238,1.195520054163951
S. Raheriharimanana,CDM,-0.5841793043765524,0.24506368198579387
R. Gül,LM,-0.8275604166347466,-2.1404261991090308
I. Wilson,CDM,0.20604330512036076,0.9124408344153949
N. Al Dawsari,CM,0.41693574448661086,0.14153290789391723
H. Al Maqati,RM,-0.22528624738613123,-1.6278633727696907
K. Bigler,RB,0.5686049610974382,0.519226800108388
P. Berg,CM,0.517109580785765,-0.4515121733380609
A. Zendejas,LM,0.2082033743336711,-1.6065080284164988
A. Karnuçu,CDM,-0.491932594904533,0.9858898799505649
D. Quaranta,CB,-1.0644497106356396,1.377684384605404
T. Velaphi,GK,-4.323751768031403,0.06879616014855831
N. Das,LB,-0.5705706628548983,1.0434141581108445
J. Durán,CB,-1.2663509614033879,1.7424791569367515
Rafael Zuchi,CB,-1.0289488068257095,1.7179229314807403
M. Vargas,GK,-3.3752934222099724,0.3660920384541442
O. Ural,RB,-0.502147786038892,0.5320473543419164
S. Mustafa,CDM,0.08514603334684001,0.5764971401012942
M. Youssouf,LM,-0.42767402730272097,-1.566593782368163
S. Hart,LB,0.1946815502476789,0.39140096398851565
M. Al Baqawi,RB,-0.1420290877272192,0.7226643659168329
J. Díaz,LM,0.34768582589272157,-0.5700448784158302
Liu Junshuai,CB,-1.6665812375279583,2.124892557405159
H. Hanki?,GK,-5.553186753267834,0.3313849872304799
Jiang Zhe,RWB,0.6483685649804275,1.1744448005372463
G. Edmundson,RCB,-1.0856279069158825,1.8944011631320459
M. Blauensteiner,RB,0.3761888561673318,0.6862897744597825
K. Rauhut,GK,-5.77435266643215,-0.4860944987602668
A. Tripaldelli,LB,-0.46231693148992664,0.8859247457429258
B. Wilson,GK,-4.963715669412068,-0.2508690940452117
T. Kunimoto,ST,0.22727015064591918,-1.0859701327295432
V. Xenopoulos,GK,-4.9790349049945055,0.36646054184511645
B. Warland,CB,-1.0940309033620987,1.8636140805920276
M. Paes,GK,-5.5163129922891025,-0.008321178353373862
R. Obermair,RW,-0.34160843502756305,-1.1152704635251378
C. Palacios,CAM,-0.16215807985188213,-1.6336147996258938
L. O'Brien,GK,-3.9631184822008474,0.21969442051554028
D. Ochieng,CB,0.12248274028195674,1.3203998316730987
W. Kurtovic,CM,0.919842952166334,0.3972729055355797
Yoo Seung Min,LS,-0.4084997450810083,-1.9194667752500174
T. Freriks,ST,-1.6147820850242816,-1.400201769244225
Manu Moya,CB,-1.2516056627591332,1.7529784546604115
A. Södlund,RM,0.9552961055135936,-0.18066436333205046
M. Kurogi,RCM,0.5861305591563365,0.8676441490078227
K. Sessa,CM,0.053819914460545425,-0.8960855504151934
Sergio Tienza,GK,-5.300579322323582,-0.04945877881612222
K. Michalski,RB,0.3449093486461783,0.7191733689741951
Carlos Vicente,RW,-0.4280682262226842,-1.5762107367752882
B. Rowthorn,CM,0.17786419663884087,-0.11734358366127841
T. Fleckstein,CB,-0.9770814068322119,1.0226895853700873
D. Restrepo,CDM,0.47583969593343206,0.7049765342066304
S. Omeonga,CM,-0.6024461100278835,0.07512450444217228
D. N'Lundulu,ST,-0.9788437305347601,-1.8327620512417684
D. Wanner,LM,0.05807554943964571,-1.427109429095681
J. Zickert,CDM,0.6381843237417929,0.4871683099438982
Y. Ota,RM,-0.6791906163502294,-0.42573316475524636
K. Velasco,LM,-0.6170631186007811,-1.9674224527469666
A. Al Ruhaili,GK,-4.485337275805506,0.4633966556168243
Lee Eun Beom,ST,0.3053352413746884,-2.1077763090946564
B. Diakité,RB,-0.1620407612739169,1.4112448579568682
C. Guy,LCM,0.6545500657047035,0.05200085509624379
D. Cruz,RB,-0.026183386392283355,0.5137408800699526
E. Erenler,CB,-1.4536018175523464,1.3359964009385845
J. Velásquez,RW,0.4533933738022157,-1.249239996088571
K. Skoglund,CB,1.0210284405194503,0.4874004933303857
L. Gottwalt,CB,-1.0775922063056464,1.8963166582190365
Yang Jun,GK,-5.8262629216409145,0.6784803558964282
N. Knothe,CB,-1.049597426067908,1.401002747020836
A. Buongiorno,LB,-1.0529387279386213,1.3251993943560831
S. Walukiewicz,RCB,-0.44568306958216714,1.7061700408021852
Park Jeong Su,CB,0.09941069938732217,1.5230637819598056
C. Slattery,CAM,0.12285768618657932,-0.15875895941760873
G. Reilly,ST,0.18022571820199587,-2.082029944539827
D. Beyreuther,LB,-0.34985565531302854,0.21464304790230077
P. Bastianello,GK,-6.202297637222547,0.3544878389527133
B. Osayi-Samuel,LM,0.14518110753871125,-1.395574144131621
D. O'Shaughnessy,LCB,-1.1437250186861814,1.8866649626052505
L. Selahi,CM,-0.16784358689872125,-0.13979122229749982
A. Makarov,LM,-0.848839110852022,-2.3124521551721133
Bruno Jordão,CM,-0.04058820046647512,-0.36389956302533333
A. Al Hamdan,ST,-0.611859948954045,-1.636664107943004
D. Henriquez,RW,0.36173979221414415,-1.6960119104854654
Kike PIna,LB,-0.522759691535997,0.9207339308282778
E. Ntim,RB,-0.2581445177406038,1.2439425493360294
L. Charman,ST,-0.9636581700078025,-1.2243494431778243
L. O'Neil,CDM,0.47229386531863493,0.9069890171999841
J. Issa,CDM,-0.5023216247653342,0.8923897516836555
I. Näsberg,LB,-0.182538336023872,1.3924185246508023
K. O'Connor,LB,0.05604833915657575,0.6902668679058392
A. Halme,CB,-0.8928487814509515,1.8893191471380466
T. Watson,RB,-0.04664785937981508,0.345703693139525
M. Sifneos,ST,-1.265158978771772,-1.3599803978508869
E. Al Joufi,CDM,-0.28655641017140615,1.205928765632405
U. Singh,RM,-0.15956753172676927,-1.0682214942195996
A. Maldonado,CB,-1.0362402227121592,2.282735717019418
B. Álvarez,LM,-0.21723983352748238,-0.7908265955673264
Ximo Miralles,GK,-5.884946525527754,-0.495113638525446
I. Furu,LCB,-0.7155217508976036,1.8857252130234214
J. Fryer,GK,-4.725842765599047,-0.372546400082617
M. Godinho,RB,0.08425672486284078,0.3671190320691668
F. Hörberg,RM,-0.47141522888744414,-0.8731825670880083
A. Calver,RB,-0.27789280714446774,1.6208655713678473
J. Tymon,LWB,0.06870921611924864,0.6416342855991722
G. Corbo,CB,-1.3379085802257287,1.946554314369518
Lombo,GK,-6.312122976625253,-0.18066964335233754
T. Elšnik,CM,0.8733470376515153,0.10360857580005503
D. Rasak,CDM,0.5340955642604204,0.6062524584120885
A. Peláez,GK,-4.1786921614644585,0.4253083248552029
E. Segberg,LCM,0.3003665138923412,-0.01806677627599144
R. Hironaga,GK,-5.455256009073727,0.7322508123004544
K. Böhnlein,CDM,0.3753039423888499,0.9549138717662896
S. Atakayi,RM,-0.7595880162510912,-2.301403830737398
A. Angulo,CB,-0.9267490574487623,1.6669146372121977
A. Nguiamba,CDM,-0.2339658176702365,0.8863052050683871
A. Whitmore,CB,-0.8190591127644785,1.6111403627116754
T. van de Berg,CB,-2.026809241076693,1.931941566612762
M. Belkheir,ST,-0.5294301764625113,-1.410309038970951
M. Okazaki,CB,-0.749507183030228,1.3956301904069948
A. Vogliacco,CB,-0.9329543462074072,1.183254784032665
Heo Jae Won,CB,0.5122972343056846,0.9565900976945032
Liao Bochao,RB,0.14771377737264554,0.5913763007398162
M. Rauschenberg,CB,-0.8122817315683964,1.6994528545269223
S. Murillo,LB,-0.11516085258644079,0.8226826643927283
F. Çak?r,GK,-4.598915165608771,-0.48818212247831155
P. Ruiz,LW,0.3960810991464053,-0.7745471458429425
Guo Quanbo,GK,-2.487959802089857,0.37414303274166744
N. Ferguson,CB,-1.2459288200820724,1.334902431859416
Algobia,CM,-0.4533127065831178,0.005557658301588179
A. Favaro,GK,-5.456181106078156,-0.5424451784115913
T. Moniwa,CB,-0.2545624581485311,0.7019729142925442
J. Gibbons,RB,-0.002407183245597599,0.22440928585389983
R. Yamasaki,ST,-1.5110289500315393,-1.1451893489562364
G. Maris,LDM,0.8212053680061768,-0.024360463200856507
O. Okungbowa,CDM,0.5008170540308678,0.9542259679057256
K. Krasniqi,CM,0.7778231783205232,0.11911812547277113
E. Weeger,RB,-0.04076310502652148,0.9198055698750136
B. Mirelis,CB,-0.9143746605041851,1.1479159125989773
N. Watanabe,RM,-0.3176374027350543,-2.0209042203829766
R. Ljubicic,CM,0.46769641135662826,0.37343141382678796
J. Forster,RCB,0.032564819975735064,1.7430830262753731
A. Santos,RM,0.31477888595477665,-0.8640997743003057
J. Molina,ST,-1.3413264322610756,-0.9765265985340483
Long Cheng,LCB,0.3667535457780344,1.0327219566488341
O. Olomola,ST,-0.6795441484441308,-1.4110454343395131
K. Arthur,RM,0.003419069655106695,-1.6482850905825268
A. Majrashi,RB,0.1849437566522136,0.3679512165746857
W. Parra,RCM,0.5257727857145696,-0.04122201279194345
O. Alseth,RB,0.577317733169962,0.7271946151700831
J. Ortíz,RCB,-1.118830120438714,1.5451139175388162
Matis Carvalho,GK,-5.286434841251874,0.14805259576802204
David Gil,GK,-3.932899045536702,0.15447101889969375
E. List,ST,0.24783257507331935,-1.7454743061910438
J. Mukena,CB,-1.5148864584197852,1.8219351400187023
P. Vincenti,CAM,0.6660344600324397,0.4111786725436019
M. Salazar,RW,-0.07120985364739867,-0.7690621826536953
F. Rossi,GK,-5.850484075643232,-0.4413207055794521
P. Kühn,GK,-4.638008610365308,0.7401097608673272
U. Saracco,GK,-4.327312805676815,0.07567231371999826
T. Königsmann,GK,-4.016236594013213,0.10252573679224834
J. Pearson,RB,-0.23020327044628106,1.181849663072515
K. Onose,RM,-0.6344845211615469,-2.1429415449480884
C. Zesiger,LCB,-0.5269732954605718,1.3762377248486137
G. Mainero,RW,0.35875506315460615,-1.097321987375432
Adrián,GK,-5.312418133577397,-0.029364372656344655
S. Tanasijevic,CB,-1.129808006185236,1.8334123953957737
M. Tonge,CM,-1.0380992296493379,0.31916494147753455
R. Garay,CM,0.16623539014861655,-0.24512733383745558
V. van den Bogert,CB,-1.454528273658898,2.1724056294652705
A. De Francesco,CM,0.0033223928585086496,-0.24305502243879856
I. Camara,ST,-0.7124411437990155,-1.9540460550310759
A. Kay,CDM,-0.4284894538188065,1.3887615787037433
N. Cowburn,LB,-0.16486460729890468,1.4073083638827848
M. Eberwein,CAM,0.0031820074032026463,-1.4437166510770838
I. Aaneba,RB,-0.49960754368971066,1.2702138086310428
C. Kountouriotis,RW,-0.3025764712584274,-1.5834685992206365
M. Janssen,CB,-0.9949094151581578,1.116393545557141
M. Kanabah,CDM,0.2758838315773521,0.4480605031520275
J. Karlstrøm,GK,-5.997998962602166,0.13360974267390735
G. Byers,CM,0.26726614569058627,-0.16956465818687502
Lin Liangming,RM,-0.9565096600030059,-2.5762951589058884
A. Putna,GK,-5.508706682545225,0.6629102635168187
Yang Qipeng,GK,-4.152722316224985,-0.10230437866537406
Hu Ruibao,CB,-1.850089930043991,1.239537437651786
Caio Marcelo,CB,-1.1847302297368925,1.7177586765136368
J. Carroll,LB,0.29930071003120634,0.5031182913161693
S. Fraser,LCM,0.1358228435560824,-0.9899352139602274
P. Posipal,CDM,-0.12660171176859245,1.428072620965125
R. Fulton,GK,-5.32613776679399,-0.2734444740721684
M. Herrera,RB,0.004742091980244127,0.34461138233654176
A. Sicker,LB,0.398520358553616,0.5044844683138568
V. Drkuši?,CB,-0.3713015695205486,1.3483055147015397
D. Chávez,ST,0.7324321566152673,0.7846547682376729
J. Maddox,CAM,-0.3343434983162943,-1.6489428591906774
R. Strain,RB,0.5118842763801659,0.18100644714093309
R. Germain,ST,-0.8998858665443222,-1.8688874035433323
M. Komenda,LCB,0.4761104936620307,0.44498877351962607
M. Seidel,GK,-5.1210092612804665,-0.11061436330245358
M. Kristensen,RW,0.11763548281456432,-1.7601685097575825
R. Izumi,LCB,1.036176075301221,-0.26467325580142637
J. Valencia,ST,-1.3396457635917869,-1.7823589491180014
Leja,GK,-5.720914892013383,0.010548061742803887
K. Athiu,ST,-0.9083785042499144,-1.7033282254596687
Y. Suzuki,RM,-0.22224769274285372,-1.8771337719026822
I. Baba,CM,0.07193797860816366,0.29355840218103496
J. Illanes,CB,-1.304509193488197,1.4773508393192638
M. Batmaz,ST,-1.3211776519959655,-2.3283832316938358
B. Al Baqi,GK,-4.826361147232568,0.18401235220212053
T. Hawkridge,RM,0.12642880512559285,-1.0839071130236817
V. Demaku,CDM,-0.5156476758262667,1.1377282659744639
C. Sánchez,GK,-5.885552814864244,0.79102481982989
N. Janvier,CAM,-0.04153075056530089,-0.5954418659121812
C. Frommann,GK,-5.237150754729127,0.1279176240712994
F. Robert,CAM,-0.5944120454014488,-1.831210834531818
S. Al Dosari,RM,0.4496614005370196,0.175913988140789
L. Polvani,CB,-2.119420958958677,2.75947257479878
A. Krysiak,GK,-4.115903078295269,0.2338942259732922
B. Moore,GK,-4.118434954109671,0.2927651439059477
M. Peano,GK,-5.601433689268013,0.015236993517347716
N. Diallo,LB,0.11281535275826234,0.07942677699768823
A. Fejzullahu,RB,0.43539415410890553,0.6040487371149311
D. Johnson,LS,-1.214681512677904,-2.009787541951691
Jiang Ning,CM,0.26223133169881657,-0.5413919045386822
H. Narzary,LM,-0.9478749199668682,-2.0736560928769063
S. Ntiya-Ntiya,LB,-0.08920935836383273,0.48134802952176703
Zhang Mengqi,CDM,0.20361943578677433,0.7495847349357725
L. Czyborra,LB,0.2568736743924118,0.23385799545147598
M. Gneba,RW,-0.5195832074008172,-1.9974761862256125
D. Bulman,CM,0.33877455321784594,1.5447545489484051
F. Brener,RM,-0.43910963209560533,-2.2074900020083605
M. Viviani,CDM,0.21577208912984894,0.11265010532138409
W. Kuzain,CDM,0.7263263533127577,-0.03178076777235478
M. Erbo?a,ST,-1.6463692767960814,-2.1523473885192033
G. Bizzotto,CF,-0.880006186290975,-2.63273107461858
M. Skenderovi?,ST,-1.5672334969460295,-1.9722035789284562
Sergio García,GK,-4.542986249614264,-0.670888141569112
J. Ngando,LW,-0.9924307779422357,-2.9940391870232625
J. Illum,ST,0.018307833914956047,-1.0173315659882902
V. Cabezas,GK,-6.456353922787605,0.026490712699590746
R. Ça??ran,CDM,-0.08132663626252705,0.3062787096589028
E. Katayama,RB,0.09804898298487343,0.8897193675307724
S. Arnold,GK,-5.430959345381669,0.002959419663081866
R. Ziegele,CB,-1.4385240052582569,1.662544581025374
E. Çelenk,LM,-0.5207103697587364,-1.7165155652533755
C. Cooke,CM,0.3504233829716976,0.27246007389656995
T. Johnson,RM,-0.6226615971646553,-2.567750694325019
L. Palmiero,CM,0.3940798511477265,0.06546075836089818
F. Ugrinic,CM,0.12539854460153252,1.0296251315961047
M. Hausjell,RM,-0.5325887324903258,-2.5285021427134873
N. Plume,CDM,-0.11149496087487554,0.9011191542106651
H. Nakabayashi,GK,-5.349271609288089,0.20415858132930498
J. Wind,ST,-0.871820819792495,-1.514161354321258
I. ?asicki,CB,-0.9988683201529088,1.6643544563637465
G. Guiffrey,CB,-1.0794357497219422,1.1772435326191173
L. Woolfenden,LCB,-1.2280047001532957,1.4049595885767894
T. Buhagiar,CAM,0.6192766801931701,-2.0990931747062413
J. Hunt,LB,0.20471316987587984,0.62474879082948
Wang Fei,RB,0.7467587881532031,-0.02591101228304369
J. Cacciabue,RDM,0.1936618111702889,0.3954760563936646
Z. Brault-Guillard,RB,0.5123392517533485,0.5066051721583036
J. Ebot-Etchi,RB,0.3818425555181639,0.5508654667591968
J. Kamata,LCB,-1.5641893534337619,1.5437078994659441
C. Ojeda,LW,-0.5869250121369173,-2.2121923679969444
H. Ide,CAM,-0.3593181493079956,-0.9466326536363421
Kim Gyeong Min,ST,-0.7774309439312723,-2.274613494436329
J. David,CDM,-0.12888143120470258,0.7875025022714114
T. Almada,ST,-0.1300071645646146,-0.4952625853732809
K. Riksvold,RW,-0.0018129516460592113,-1.2418254687732715
M. Acikgöz,CM,-0.39369775580768485,-0.9308423071482068
A. Poggenborg,GK,-5.332225588327519,0.49316927997520826
A. Tutte,CM,0.3896535463799651,0.2615577855628144
F. Costa,GK,-5.759852926876737,-0.1147854150171876
F. Bunti?,GK,-5.921892976226854,0.412161955662253
M. Ashimeru,LCM,0.13853486347307462,-1.6259385870011807
R. Lauwers,CAM,0.0414818003852981,-1.1609602997711512
Sebas Moyano,RM,-0.7968690166817938,-2.239838373904674
M. Al Otaibi,LM,-0.3907648731777407,-1.4946735626774075
S. McLoughlin,LCB,-0.3374842884262273,1.307869867229304
T. Matsuda,CAM,-0.12299935567500254,-1.6177636151351702
D. Fitz,CAM,-0.4560715425440674,-2.064829787009366
A. Barry,CB,-0.7315440146013198,1.36592253091976
B. Nordström,LWB,-0.02924357013452837,0.58387074503713
M. Sarkaria,CAM,-0.38652114802917814,-1.1299826335752656
F. Pangop,LW,-0.1618635711874534,-2.2621069144829744
F. Sachpekidis,LM,-0.32134746242482237,-1.2448446827808055
M. Mølvadgaard,ST,-0.6187992162036722,-2.1959846132302543
M. Grødem,LM,0.22193302307746,-0.08582416485684856
M. Merghem,LW,0.2863312740118652,-0.5500230546310413
B. Galván,ST,0.44722814948106304,-0.993251225477241
P. Perina,GK,-6.072739269143161,-0.8523629366223506
C. Jacob,CB,0.024017569662353872,1.5080737256095904
J. Pereyra,CM,0.11568742185428933,-0.8600269026878516
J. Hou Sæter,RM,-0.789667383941569,-0.9060802138514507
S. Lebus,RM,-0.16273564821308956,-0.10325059420611447
M. Dimun,CDM,-0.09163631453757415,1.2820070950758273
D. Corcoran,ST,-0.7598676942156349,-1.0092895708305125
E. Cantú,CM,0.7990280667206362,0.48607589344773483
C. Beardsley,ST,0.23193267165854983,-0.3643904149899366
S. Sinclair,CM,1.4706899393700015,0.7917385258122235
Y. Fekir,LW,-0.4573438242130121,-1.9367973787446344
S. Laiton,GK,-4.711565480385018,0.5980987282541703
C. Riascos,RB,-0.5298882273917216,0.7940360187545803
D. Choinière,LM,-1.0371820772866502,-2.3792437842810332
R. Mysak,GK,-5.405615079933984,-0.11126892783545529
M. Crowe,GK,-4.609803321503869,0.40806436552553743
D. Fernández,CM,0.8441091810271267,0.2567043853136257
G. Gori,ST,-1.3004758386860893,-1.8414092983580361
C. McCarthy,CB,-0.5294806005245222,1.4248429313734443
Lee Tae Ho,CB,-1.8946069411698196,2.076853107651996
D. O'Shea,CB,-0.8104331318767988,1.3008912408262816
Yeun Jong Gyu,LM,-0.16850447969361637,0.5612684453517883
F. Piszczek,ST,-0.3333969579849361,-1.3947849175799865
M. Krauß,RW,-0.23217034932434014,-2.4444793370788593
K. Lowe,RCB,-0.9685801706066719,1.4954482475029025
S. Nigro,LB,0.6397189677678813,0.6512585675798171
S. Lavery,ST,-1.2582174144618707,-2.5200703389585337
K. Bennetts,LM,0.047893424359145245,-0.7898668344250087
A. Greene,ST,0.45113886099473566,-1.0940943163428452
M. Zeidan,CM,-0.16935266188864448,-1.582397210919067
B. Bvuma,GK,-5.352391679337977,-0.7336326411820987
T. Pukhov,CAM,-0.5426642429699077,-2.4270997736322437
N. Fadiga,CAM,-0.8139944846747937,-2.1522440964405596
E. Durrell,RM,-0.023479552270543564,-1.1000327569852635
H. Gueye,CB,-0.8982217519961917,0.9934719752082035
M. Cerofolini,GK,-5.6225108641556965,0.10792642507447366
D. Fitzpatrick,LB,-0.09139774929930564,1.2576899558788006
V. Theocharis,CM,0.09929735530420918,0.45550874729196883
D. Evtimov,GK,-5.434290562715074,-0.39945421094029665
K. Yamga,ST,-0.36600432966273155,-1.4792891413667582
Liu Huan,LB,-0.4469284657857333,1.1079334563744996
P. McLain,GK,-3.899730178728906,0.27890431337135185
L. Bätge,GK,-5.9706192973420995,-0.06217588789139426
G. Taylor,RCB,0.914879101888869,1.1479371181719111
D. Pugh,CM,-0.13396925966674594,1.0059264033568367
F. Rohner,RM,0.01591321851140734,-1.7445414515948399
M. García,RM,-0.12918521079821146,-0.1815160921622505
L. Valenti,CB,-0.6897840828770315,1.5572347897533694
Feng Jing,RM,-0.03645255792233484,-0.7778340382014324
M. Kessel,LM,-0.2053965767343231,-0.9691988564496532
J. Sinisterra,LW,-0.7632565938714029,-2.345917889005858
V. Henry,RB,0.5446296528564559,-0.28004512049856434
C. Chastang,CDM,0.060662591681249184,0.5276377980030211
M. Górski,ST,0.07561972343655116,-1.1007296640748583
C. Lewis,CAM,-1.3028063221641009,-2.339271370698293
S. Jones,ST,0.22341495962852198,-0.5743946237663204
S. Kono,CAM,0.02751885923610767,-0.14996129422661542
E. Oyeleke,CM,1.0019408702199766,0.2903330700005038
G. Holohan,CAM,0.2375740046603791,-0.5056750784790786
J. Quezada,GK,-4.391496818469724,-0.0005418734339207784
J. Romil,ST,-0.7720148866098243,-2.483825712899008
R. Lawan,CM,0.11946593571965976,-0.36441396428832873
A. Canbaz,LW,-0.4902374724748603,-1.8084583928221407
M. Berden,RW,-0.9205425178112647,-2.2090689764415625
A. Pattison,LCM,0.4877846396956152,-0.22297063326255848
O. Zanzala,LS,-0.6914941053110493,-1.4243503219029685
J. Kabongo,CB,-0.9383304007973685,1.6536866143785733
D. Gojko,RM,-1.0516694647459264,-1.732085928402791
Park Chang Jun,RB,-0.35504187478697447,0.07134959100095412
M. Hingerl,CM,-0.011859485991651713,-0.30761784938109277
J. Chicco,CDM,0.3342742748144353,1.0793073598256766
Ke Zhao,LWB,-0.2086836754549046,1.5451151765810531
H. Tijanovich,LS,-0.2851514635664327,-2.18971238264693
N. Fröling,LS,-0.4012432901440851,-1.059463268414295
P. Ng,LCB,-0.07526194178024867,0.851130871164614
K. Mi?,LB,0.06375048204968513,0.3568815983714448
I. Musalami,CDM,0.28230311761950916,0.758766517483985
S. Asta,RB,-0.16140593949574955,0.6358323608934076
A. Verda,ST,-1.5502469944863353,-2.1906586524970857
B. Makendzhiev,GK,-4.2994301361945215,0.4782912115401556
A. Pululu,ST,-0.5317771360486007,-1.8839109925204969
R. Browne,LM,0.19037141521243595,-1.216565630247003
C. Odoi-Atsem,RB,0.17372078294921695,0.10092506578181736
D. Aymerich,CM,0.5996726346478768,-0.264652388338826
A. Hollingen,CM,-0.20502378048089784,-0.401718522529836
S. Doumbia,LB,0.7196233415800335,-0.25136252013655763
N. Mbouhom,CF,-0.46360567755346743,-2.4816104956172893
J. Morsay,RW,-0.36603474701130684,-1.810244091148245
R. Frantsen,RB,0.5849818820209692,0.05917819512064391
C. Siya,CM,0.5624409497060208,1.006980625805855
Yun Ji Hyeok,CB,-1.286642454202725,2.2710135066134858
J. Dörfler,RM,0.48374533366873135,-0.3645452291216241
A. Tiritiello,CB,-0.9451797393856619,1.3291288313370513
G. Bak?rba?,GK,-5.710593095793904,0.6033269261138516
A. Nathaniel-George,LM,-0.4619770202220263,-2.319775219073888
Zhang Xiaobin,CM,0.6481922266874794,1.2406028465913692
Zhang Sipeng,GK,-5.188553318322014,0.32700709343874335
D. Chessa,LM,0.7334986603775775,0.5519948172884503
Tao Yuan,LW,0.49516307309641167,-0.4986926159434435
M. Balc?lar,ST,-1.8085608948413814,-1.7886863023531347
N. Iwadate,GK,-5.340447008528292,-0.23670843741592942
A. Diallo,LM,-0.3723542161475793,-1.6232451783270216
C. Miller,LM,0.5118138662919007,-0.5264370826438315
A. Lajami,LCB,0.39684909664357176,0.826864856807385
H. Fukushima,GK,-4.408956395681689,-0.18819098158764888
P. Soko,RM,-0.7169660728483628,-1.7513249746758566
M. Camara,CM,-0.5823597886929534,-1.4345946321454321
J. Álvarez,ST,-1.2996702324469185,-3.0278454417862743
A. Nesbitt,LM,-0.294448058085809,-1.8225936068413362
B. ?en,GK,-5.733081337037819,0.1817501301520736
L. Kosakiewicz,LB,0.659615270629416,-0.23168416730437677
J. Mendive,GK,-5.951797392343461,-0.4170301178038282
Lee Jong Won,CDM,0.4797742673032208,0.5634364270733637
D. Hume,LB,-0.3350711476202634,0.3905469484933274
E. Besea,CM,0.5956017377692999,0.56644708965456
F. Núñez,RM,-0.5961640496072209,-2.608888084990722
E. Dahl Reitan,RB,0.5649393045271047,0.06744653918458977
A. Bianchimano,ST,-0.8503055887202502,-1.3938566180681735
J. Vreman,CB,-1.1398462727480867,1.5889339886399132
M. Di Gennaro,RCB,-1.0628335200553394,1.8999614774709435
D. Love,RB,-0.11873725109240126,0.9446153254581102
C. Torres,CB,-0.4577790260073045,1.098012652108093
R. Dickie,LCB,-0.1377293960300995,1.3336407518222602
Pablo Ramón,CB,-1.0631344161264071,1.1279337999338077
G. Güney,CDM,-0.10966152816906799,0.6318542266509727
T. Iida,RB,-0.10503084827785537,0.08092291924221832
F. Faist,GK,-6.140352512767583,0.6774471029909325
Sergio Moreno,ST,-1.2589238281463115,-2.1012008814257035
G. Vrioni,ST,-0.9218956730245181,-2.055350738626706
W. Tchimbembé,RM,0.3872934623604558,-0.4142256848981238
M. Abu Shararah,ST,-0.6382032218626152,-1.842822368428601
P. Pusic,RCM,0.9760090193962544,-0.8968116398006645
I. Rojas,CDM,0.3350097488897154,1.0172818783871433
L. Chiappero,GK,-4.8355371749725435,-0.5813238276827227
B. Sissoko,CB,-1.2451357817650357,1.4717619600731522
S. Paintsil,LM,-0.5431010750834103,-2.256026319529611
E. Amenyido,ST,0.4546390333144259,-0.9593770236976871
R. Charles-Cook,CAM,1.507189033495987,-0.06254580393495424
M. Heinrich,LM,-0.43459518535167635,-1.638979355009358
A. Erlingmark,LCM,0.9279424149099285,0.800769506270127
G. Jones,LB,-0.22125184608509438,0.577020837989505
M. Cassara,GK,-5.639549998752341,0.7198616174250282
T. Tillman,CAM,-0.18723942953605816,-1.465026711147813
Qiu Tianyi,CB,-0.3056380561921599,1.3642684408821626
Yang Jiawei,RM,0.007880514505897987,-2.149197981745954
K. Khosonov,CM,0.49165149093031396,-0.34331385314215046
S. Frederiksen,LM,0.23136725332849148,-0.1250092493521
L. Budzi?ek,GK,-4.7733639810066,-0.11318791075810904
J. Barmby,CAM,-1.2319220642600603,-1.7737763200453736
J. Franzoni,ST,-1.2140548743080521,-1.7583423066625614
A. Bamba,CB,-0.8932118349686752,1.5407751486086034
C. Ilic,LB,0.14347192663452182,0.2985708481833651
M. Gurski,GK,-5.423328002588858,0.8551490191584286
B. Gyamfi,RB,0.2188426946969083,0.8279865153119251
Daniel Rebollo,GK,-5.1804053763335505,-0.19366952768255905
G. Canto,CB,-0.5135800987411824,1.460128152263823
Adrià Arjona,CM,0.18098952930844808,-0.5383582559244826
C. McFadzean,LWB,0.5190249583975797,-0.5327675499687746
K. Brennan,CDM,-0.015310019657246503,0.4184625790121844
E. Berger,RCB,-1.5012539849763211,2.002855985449848
M. Choinière,CAM,-0.21079710666101276,-1.05039406673499
A. Siebeck,CM,0.7098345895956374,0.03936612624408627
N. Sukacev,RM,-0.36667275810865496,-2.063191269399393
G. Thompson,RM,-0.16901652899229422,-0.2434681527140879
D. Tagami,LCB,-0.44396382039129234,1.0169524624667052
D. Vokic,RDM,0.22497187880433783,0.4103558330455623
R. D'Haese,LM,-0.9639336827178059,-1.7867199056199843
S. Seth,RB,0.06581600912732326,0.6093887227552317
I. Ogbu,CB,0.3818463056414918,1.0715392798724648
N. Temperini,GK,-5.459305505832392,0.12322198249539282
T. Ivanof,CAM,-0.8986833461433963,-1.7002467771485998
C. González,RB,-0.5620023816903993,0.5122683372363752
B. Öztürk,CB,-1.1607847813037062,1.510980039156615
M. Fischer,RCM,0.529749020380078,-1.001015048169268
L. Malagón,GK,-5.959950334669878,0.03570513389822842
M. Drawz,ST,-0.7340095041849132,-2.441135619179959
Z. Medley,CB,-1.3807484246140276,1.8569268932304392
P. Farman,GK,-4.573289225842421,0.022652997358808484
M. Al Olayan,RB,0.6560995587919338,0.36937907522444224
K. Tanno,GK,-6.023565656825052,-0.1422745762850328
A. Kova?evi?,RCB,-1.8495389382612144,1.943347166120771
F. Graudenz,LM,0.04413512411433089,-1.4642219313024019
R. Sallinger,GK,-4.1629742821183955,0.6244035189244971
L. Fraser,CDM,-0.06825034163261988,0.8811132964046683
J. van Benthem,CB,-1.848187703258725,1.6645366327090814
C. Stockton,ST,-0.7823564147776167,-0.9102999789328421
D. Sánchez,LB,-0.26630400216991496,0.7988347583320061
Álvaro García,CM,0.1876909019336132,0.021929055286427288
D. Leadbitter,RB,0.5257207764086101,0.2837951554195077
C. Ainley,RM,-0.31543563908962347,-1.5590535709342765
A. Bodart,GK,-6.220536718055457,0.4297219352390843
N. Bazzana,CB,-1.0246042102283777,1.669032274404948
M. Bleve,GK,-6.1712963232983595,0.17645680517039666
M. Molina,ST,-0.5816121514964193,-2.212944454959968
M. Behrens,GK,-5.787374346973982,0.2532013404139626
V. Sirotov,RM,-0.5960304632079354,-1.8670403450450703
M. Boudjemaa,CDM,0.316850307064626,0.838401667450692
C. Horgan,RB,0.01786593759883129,1.1385223679096015
M. Rhead,ST,-1.4891215714418982,0.32995218613266936
G. Nyamsi,CB,-1.5925716459718793,1.9516202077973663
E. Reijnders,LM,-0.6074564811456827,-1.539236820978484
C. McDermott,RB,0.49837022185827445,0.16712685376920913
U. Mohammed,CM,0.712139603037087,0.24523484498469456
E. Andersson,CM,0.7428895894542036,-0.1597010469997301
L. Joyce,RCM,0.8168808200870936,1.085974725354753
I. Kanu,ST,-0.8351606530932236,-1.9780771227932752
A. Majrashi,CDM,0.6566353399723045,0.8273115043241381
C. Pombo,CM,0.19430995307586774,-0.5835723083970153
M. Bean,CM,1.007897125064353,0.8338692035718382
T. Conlon,LCM,0.545226076277714,0.07407679850312024
A. Purzycki,RCM,0.7686422529517117,-0.0676469663257734
M. Maranda,LCB,-1.2587605839311555,1.84066446823013
A. Al Obud,ST,-0.61136285423196,-2.5690037115733313
T. Kallevåg,LM,-0.5632289186680839,-1.729123329482009
Gori López,CM,-0.03784501211000197,-0.4789735035157751
A. Tsvetkov,CDM,-0.21270967801530868,1.8280987135578481
S. Al Khayri,RB,0.18411731224084782,0.9337039763404787
F. Musaev,CM,0.4677625424332007,0.5780895697770266
Chen Jie,CM,0.7915983489833214,0.48017744890747804
M. Burgess,CAM,-0.06507503599601976,-0.7973747204048279
E. Kutler,RB,0.656497949969257,-0.12914284064073925
Chechu Grana,GK,-5.911763388990187,0.4838687036855814
T. Siekman,LB,-1.2321224917720899,1.8028567231551558
E. Bullaude,ST,-0.7274014882452435,-2.168306851769739
Shi Liang,RDM,0.5661554712534835,0.6822248823575288
D. Barlaser,RCM,0.02457569265608195,-0.8843189608138212
D. Camacho,CM,0.3160972145519756,-1.0890865625545127
J. Oates,RB,0.5924427232597572,0.26934158128296953
S. Cosgrove,ST,-0.6154013725586178,-1.153157936286423
B. Garré,LW,-0.5173495149732394,-1.9563540154600114
J. Jones,RCM,0.12179852215875349,-0.5708791947147211
R. Tranberg,RCM,-0.4168370953288118,1.4693641384630294
S. Bougrine,CM,0.6063513833644768,0.6117800805977671
S. Byrne,LCM,0.4741116464221526,0.03391311129066993
Park Yong Ji,ST,-0.8782462801139144,-2.165844533339906
C. Calderón,LB,-0.051204031386389584,-0.1758162346579986
F. Juárez,CM,0.0017646756550709585,-0.416557877772287
F. Lapis,LB,0.792334393196659,0.051317809312383486
Cristian Rodríguez,CAM,-0.10374296874052685,0.348102594030873
S. Folan,CB,-0.9298168278429285,1.4536756230546644
Shan Pengfei,LB,-0.15769811083657773,1.1395010084447508
J. Yarney,RCB,-1.2232356405020128,1.5577538618205335
F. Andersson,GK,-4.503725602357814,0.5255529341977837
U. Tezel,RB,0.3095310441515527,-0.29245024482005894
A. Camara,CB,-0.6091330464034824,1.5617071198382848
A. Al Sharid,CDM,0.6318957689430661,0.2502689306575277
R. Jendrusch,GK,-5.320729453165053,-0.2479599448868508
M. Demir,LM,-1.0196117340953885,-2.126367809318483
J. Borgmann,LCB,-1.253009087196634,1.8733217037226113
D. Esmel,LW,-0.06428066650317406,-1.8467857594294754
T. Nichols,LS,-0.6442695264273394,-2.662675790842444
R. Husi?,GK,-5.053096891365148,0.5627520432447748
V. Arboleda,RW,-1.109184160683689,-2.7153120520222895
G. Mells,CM,0.41795303824818947,0.05595927784689638
Z. Grich,LM,-0.49327430157342583,-2.106089138017011
Yoon Dong Min,ST,0.041986391198075866,-1.1985574792907705
M. Jadama,CB,-1.2788403221360576,2.1258989079259796
Qi Tianyu,CDM,0.4426911718107677,0.1086212477122534
A. May,CM,0.8389853093374332,0.11783052933896791
C. Maghoma,CB,-1.0895833559252837,2.1854259983825637
M. Sorensen,CB,0.04244713825631569,1.0288231484237864
B. Morris,ST,-0.9424575773020859,-3.2713449918226423
O. Dytyatev,RCB,-1.4303132170446407,2.686646048209539
P. Mbodji,CM,0.16239364391714295,0.22780554484526908
S. Al Najai,CDM,1.0107572232763828,0.05589088078389351
D. Margush,GK,-5.299532937988953,0.4454151769673179
M. Bokoum,LM,-0.7488408349498482,-2.024095104834722
R. Wolszty?ski,ST,-0.5418495526803392,-1.6499345422971778
L. Cruz,ST,-0.7459014333200515,-1.4216609715229722
R. Escobar,CB,-0.40673836798953467,1.0160675724434816
A. Al Shammary,LM,-0.3126023842809454,-0.6248723572745843
F. Krüger,ST,-0.9287050530088433,-2.164737992290317
H. Heath,CM,-0.09264950605743079,0.4334913501918282
W. Boyle,LCB,-1.1242458902728285,2.0196333116425533
A. Rodríguez,ST,0.3625161838868293,-0.52604187663572
T. Domgjoni,CM,0.5846130191597338,0.46515804316196757
M. Bola,LWB,-0.028177806554591938,0.6602276359132986
H. Mitsumaru,LB,-0.13692964246522718,0.47496507149356754
S. Smith,ST,-0.8519039679923098,-2.0445248271307657
J. Qwiberg,LB,0.43680421509252354,0.3582963404598016
B. Ashley-Seal,ST,-0.7171493472409347,-1.6742047722692175
S. Fujitani,RB,0.0024137810366304494,0.8139955377674215
Sergi Álamo,LB,0.07577341483727454,0.9766324866259302
A. ?ati?,RW,-0.38759464420167666,-2.244728779118253
A. Akinola,ST,-0.29993060733473187,-1.8641113942367318
P. Grant,CB,-1.6159838305285636,1.8021815851853762
K. Monlouis,CM,0.1912791224070765,-0.10536573088063265
A. Anastasio,LB,-0.11803431053036752,-0.0174412751398982
R. Gilmartin,GK,-5.00819892239477,-0.1732629753043929
B. Njie,RW,-0.5196927362584788,-2.6428024422596033
E. Monthe,LCB,-1.4161350355376086,1.7834219348526068
V. Millico,LW,-1.1796832583594135,-1.762422063285886
N. Husin,CM,0.51443219097428,0.11869983127274454
D. Salazar,ST,-0.6537880073358775,-1.9277844743967378
V. Drchal,ST,-0.7690046329695984,-1.532007902263529
J. Caraballo,RM,-0.2756558045199086,-1.3407121246511404
C. Zock,RCM,0.8029139895127488,0.24329209246558395
A. Chrzanowski,CB,-0.054764202573833014,1.3056843920784502
T. Clarke,LB,0.884399817461453,-0.23084832332337965
F. Carstens,CB,-0.9229190790930631,1.8453088661431976
G. Scalera,RB,-0.8517663668702649,1.1358693458256715
B. Levis,LB,-0.05747337183501558,-0.2143914865824944
B. Miele,RM,0.13145891678100333,-0.7696658507363618
A. Al Arraf,GK,-4.780475670996879,-0.17571106714721274
J. Sievers,GK,-5.149128477774112,-0.7482265604900267
J. Abarzua,CM,0.7527396629700596,-0.25071599762364594
C. Villanueva,RB,0.18266535634698539,0.8801464438997108
N. Arena,CB,-0.8349113603548222,1.1778536023725492
S. Marasovic,CAM,-0.5143604619340635,-0.9290981348089241
M. Falkeborn,LB,-0.07438664616168823,0.7138466476486538
R. Boultam,CM,0.11182041820341034,0.5830004298117487
G. Giannoutsos,LB,0.039405529206844245,0.4773909651698322
L. Plogmann,GK,-5.299719050169525,-0.02375949049887718
S. Perilli,GK,-4.630202466386092,0.19789567832469404
A. Davies,CB,-0.944291653002082,1.5922773947911708
S. Adrian,CM,0.08085805088649989,0.47539822090201156
I. Miller,RS,-0.8090535748045135,-0.2870822461096754
V. Rodríguez,RM,0.6639029784431169,-0.943284116159869
N. Hagelskjær,RB,0.2647086269973092,0.35592315215501824
T. Archibald,LM,0.14643138045168674,-1.4801503951119315
C. Missilou,LCM,0.6510376177877615,1.4015181565270347
C. McGrandles,CM,0.8550187515257964,-0.3324786471386109
A. Rufer,RCM,0.4323768198027544,0.314966719005044
R. Hall-Johnson,RB,0.31215047802747026,-0.1856690078636402
N. Kirby,CAM,-0.08706612055404354,-1.3389093964048264
E. Mena,RM,-0.942752861900187,-2.2245558339410256
M. Haarup,LB,0.18475123770567362,0.026685826386800466
S. Kassar,LM,0.08708297448648208,0.40920858138287586
K. Callan-McFadden,RCB,-0.7523763829176288,1.243983734704872
Ramón,RB,-0.005075951014062967,1.3211865405989698
R. Grego-Cox,ST,-0.5845103834701545,-2.4560070437167107
R. Broom,RWB,-0.20019096677226292,-1.8746032909337023
L. Fenton,RWB,0.5112200376748267,-0.08270957756755862
M. Özvardar,ST,-1.5695386023302431,-1.7010684854769846
J. Rasheed,GK,-4.865581968121209,0.8841135171834652
A. Siemaszko,ST,-1.4450555139514611,-2.084475037420663
B. Breukers,CM,-0.32164603342431475,-0.5683969875363457
G. K?l?ç,LM,-0.21418137268675472,-0.9400391011248475
H. Koné,CAM,0.8289284313913723,-0.11613118108620539
Iván Martos,LB,-0.4708244358262351,0.7302013123576191
D. O'Halloran,LM,-0.3568312973862937,-1.588789432634962
G. McEachran,CAM,-0.5532946145576675,-0.8880995459685341
N. Mekonnen,CDM,-0.14805602513725127,0.5117796230996436
L. Wedl,GK,-4.707271956200698,0.29893501230014885
C. Hall,ST,-0.7322915378524784,-2.194435404841876
L. Pfeiffer,ST,-0.7850039284191905,-0.5992232348558031
D. Markey,CAM,0.16599008545016614,-2.201060174371977
J. Schuurman,CDM,0.2890273264837669,0.002767410158681765
J. Stanic,CB,-1.627851298025658,1.7689415156453119
Joo Hyun Ho,LW,-1.1528906632410052,-2.83847186082738
A. de Jong,CAM,-0.48899269715449156,-1.6138960875729331
W. Sietsma,GK,-5.11836695317323,0.1325775279213453
C. Jordan,CB,-1.7487317521035077,1.657923423451462
Óscar Gil,RB,-0.7736432156710757,0.9405839710787682
S. Matthews,CM,0.13794303517521647,-1.0886789816569569
K. Fukuda,RM,0.5273763326995217,0.6729785713385347
O. Patrick,ST,-0.04067248224045513,-1.4266865039897372
L. Kryeziu,ST,-0.6861970849828277,-2.429531869696026
J. Lyden,CM,0.14352003537469932,0.132414015135366
K. Hansen,CAM,-0.7822197902995446,-1.0618907678367908
Y. Yakovenko,ST,-1.1144570849990107,-0.9820215382185801
B. Sabovic,CM,0.1533796769368902,-0.24940928016257707
F. Irie,CAM,-0.8514229258478014,-2.4012801237395642
S. Hornby,GK,-5.139869611958706,-0.23535500508723098
D. Padilla,CAM,-0.779507400613258,-1.8024804825769618
M. Bakhit,RB,-0.4377650082317681,0.7778553940407332
S. Sosa,CDM,-0.18351493953955933,0.42375414530172906
F. Mveng,CM,0.3073920551301085,0.34643419712890894
M. Velázquez,CB,-0.10811745866406869,0.005403062259075772
Nuno Malheiro,LB,-0.02878224927087311,0.7050963847918613
K. Devaney,LM,-0.669685355502679,-1.3909624741987814
Zhang Jiaqi,CDM,0.3682396759057493,1.2576340475678984
Oleaga,GK,-5.4768361977972715,0.8488678413190665
J. Kristoffersen,ST,-1.1252812035524962,-0.7524454235996815
F. ?im?ek,LM,-0.8118603185168917,-1.7275822693553993
R. Singh,ST,-1.161205631376668,-1.3850302612486316
M. Smith,CM,0.21675633733023433,-0.24241434611473137
M. ?ovi?,RM,-1.1174241141032588,-2.2818276650472678
Z. de la Paz,GK,-4.513583092810401,0.15008355139583732
N. Sugai,RM,-0.004958383923932109,0.6853209691583628
K. Ikeda,CF,-1.0044281570306022,-1.7827686215746363
M. Fonseca,ST,-0.6947655327144383,-2.3882769852123924
Y. Roemer,ST,-0.7245102790310712,-2.8146009288337437
R. Simpson,ST,0.26855089350991274,0.002940321253362225
Kim Gyeong Jae,CB,-0.4775256050280308,0.9488815030153808
Jeong Seung Won,RCM,-0.3479025487422092,-1.3766176285626042
M. Šverko,LB,-0.2534039091220599,1.3264182930552977
T. Corbaz,CDM,0.3483930430295816,-0.004260087386493282
R. Marín,ST,-0.5920566856324895,-1.8418803061665037
B. Lika,RB,0.5490033722708474,-0.33564072245663173
N. Baumann,GK,-6.2320382905989655,0.32212369601174956
M. Kamenz,GK,-6.275583357843523,-0.7076721055082213
Wang Wei,LM,0.5337638621494621,-0.06344390023244784
K. Sidibé,CDM,0.014522296373476804,0.8530541070430855
A. Ramalingom,ST,-0.6615502338311279,-2.2609167643342496
Zhou Liao,ST,-0.2716347415377049,-0.36100683373578196
K. Madianga,RM,0.7730756929459535,0.6778238402764076
K. Grabara,GK,-4.796926004309224,-0.2595269859122523
I. Al Shuayl,LB,-0.3719310438849954,0.32919596368962545
P. Gehrmann,CM,0.2866800126580187,0.9512593200807837
T. Weiner,GK,-3.8184126027045795,-0.1929923965571602
O. Al Khalaf,CDM,0.18952438236296298,0.5566637836887368
V. Kušej,CF,-0.9847805981396255,-2.720749164428577
F. Manzo,CAM,0.03390323850830631,-0.8970256979092617
B. Chorbadzhiyski,RCB,-1.5907053885893403,1.2680710644675532
A. Sissoko,RB,-0.41365794344751766,0.5774838017423657
D. Olsson,GK,-4.54136722231281,-0.12627013058241976
P. McClean,CB,-0.7579326676182846,1.0423520666462582
D. Horkaš,GK,-5.841400735671605,-0.13047274503767703
T. Enomoto,GK,-6.290257481092115,-0.08717291304392331
S. Sidler,LB,0.2929887152041272,0.048793645538116
C. Kühlwetter,LM,-0.20528207136559978,-1.272997419951435
A. Busti,GK,-5.386609475031946,0.024359046550230745
A. Mitchell,CB,-0.5455487925872828,1.4499300804125208
E. Robson,CM,-0.045998062832624795,-0.25427300159625044
Moon Jeong In,GK,-6.164926319856981,0.1699553109582712
Gao Jiarun,CM,0.3700351468269728,0.7586193894352137
D. Pender,RB,0.04133090453562227,0.824391257372776
A. Gamboa,CB,-0.8420100076814941,1.6606709503038666
E. Henschel,RM,0.6755321937730887,0.40436972727536497
J. Abbel,LB,-0.5531868661603571,0.8223636540858881
A. Al Amri,CB,-1.278017999783608,1.7560859919811938
Han Seung Wook,CAM,0.2550405402503792,-0.4469926971844197
K. Eek,CB,-1.7348648705895797,1.7540314323248054
C. Manley,RB,-0.007994617057525015,0.27177878496498287
J. Peñaloza,RW,-0.6972323592592334,-2.0911996727315594
D. Martinovi?,ST,-0.6749650453322311,-2.1064391177422115
T. Müsel,ST,-0.3852069746190891,-1.6468312405813958
E. Coronel,RB,-0.9459178558629187,1.3243246301685476
W. Ditta,CB,-0.6469330500111319,1.835835808788344
J. Andersson,RB,0.5181707575396407,-0.31802761234649385
Lee Sang Hyeob,CM,0.20687020576226942,-0.3498154874610894
R. Sykes,CB,-0.7134788336298851,1.4772550063014285
P. Kucharczyk,CB,-0.45311423046095034,1.3855181277448987
P. Bucha,CM,-0.26059407599522005,-0.480774882323085
J. Wr?bel,GK,-4.4333225072599465,-0.008720944816763228
K. Colvey,LB,0.17791752788013043,1.0098128136819264
O. Al Sunain,RB,0.43110450964491887,0.12048750207752189
B. Wilmot,CB,-2.2131862579312895,2.1274038002195077
S. Kelly,LM,-0.1535816175594471,-1.0919420083952083
M. Bachini,CB,-2.012987022929208,2.3566779231982866
Iván Jaime,CM,0.06437515339410632,-0.7765203985421555
R. Armand,LW,-0.2320317998648072,-1.5181792601985629
C. Dunn,GK,-4.654834581395007,-0.266240142794421
Oh Inpyo,CAM,-0.3875724230313501,-2.2330504981500754
M. Tyler,GK,-4.922409686993196,0.012655646015360908
R. Ariza,LM,0.13448152134958252,-1.6468828122978276
B. Murphy,GK,-3.9573647693034193,-0.09874713556777007
N. Tenaglia,RB,-0.257464696564574,0.7858090261149346
J. Meier,LB,-0.25769768774981355,0.6835733611773689
B. Goller,RW,-0.6670475172668332,-2.123019763744538
N. Yamada,CM,0.7747559494448709,-0.37258356868755127
P. Arredondo,CB,-1.5853335820246737,1.8170218647389622
C. Mitchell,GK,-4.81878109095237,-0.705479534895055
K. Taylor,CAM,-0.7300420330972941,-1.2509680662010665
F. Hollinger-Janzen,ST,-0.8536942835781784,-1.3937499604274013
M. Baghdadi,LM,-0.19524595103943682,-0.5288381164235713
O. Sterling-James,ST,-0.6291622194484588,-1.941833469578904
Yang Ting,RB,-0.20586753154082815,1.2153555688509594
K. Kaïboue,CDM,-0.37926197461357924,0.006410049647571949
V. Burgoa,LCM,-0.048122035972074456,-0.24213974325178317
Pol Moreno,CB,-1.1840485907152594,1.5482113781699398
M. Blakstad,CM,0.22328338250004023,0.5232629267472275
S. Tigges,RM,0.5258522224342608,-0.4273880195125454
S. Abdullah,CB,-0.015410427278947269,0.886850207593762
A. Lewis,LB,0.10210763671641598,0.957038454467683
C. Kablan,LB,0.06731254839790708,0.08501471383158403
O. Bertel,LB,-0.2281994463667169,0.23098489804567046
J. Bridge,LM,-0.3392475776442654,-0.8060075603950271
Song Wenjie,RM,-0.46398960505348746,-1.2626901641477246
H. Konaté,GK,-4.6856544650049825,-0.3381865381001006
L. Zigi,GK,-4.977129466880031,0.6084062657098382
Raúl Sánchez,LM,-0.6600091986987012,-1.4351869491161044
A. Önal,ST,-1.3982653609478337,-2.2066786529259375
A. Casco,LM,-0.29590949181931403,-1.5822067496286347
L. Forte,ST,-0.5485940376453555,-2.0221266619701117
D. Cawley,LCM,0.43884788903044136,0.3746530736209832
Che Shiwei,RM,0.07525182104391827,-0.1602230843316376
K. Malinov,CM,-0.157753148390446,0.0964544879116685
F. Bjørkan,LB,0.07325854433425451,0.1644784766899076
J. Córdova,RB,-0.03628214316400696,0.1097373344043073
T. Marsh,LW,-0.15487637518394157,-1.3996522832843774
L. Merolla,CB,-1.504392193584975,2.4120457038998295
V. Wojtkowiak,CB,-0.8881615309756137,1.4190681564489331
G. Verón,ST,-0.9687676998933101,-1.4271089433063753
R. Meraz,CDM,-1.0647383649971716,0.8875758315277583
Ou Ya,GK,-3.3555259946123157,0.05869611649060262
T. Miyazaki,LM,0.19042811124803624,1.1839035340775976
J. Al Shammari,LDM,-0.0675466544579476,1.1478833515560598
C. Wood,LB,-0.12113635934767047,0.6745298025714102
F. Pintos,CDM,0.3229256986546302,0.2230651219389343
Maikel Santana,LB,-0.814190200202229,0.9893297177935484
K. Hoffmann,CAM,-0.4680080059511933,-1.3479494715370626
J. Gies,GK,-5.757756524231149,0.5103721668356607
I. Arai,CB,-1.5848632469063848,1.820610056563922
A. Kecskés,CB,-1.4107000321134446,1.952975706957106
Li Benjian,LM,0.3327010811924127,-0.043001269404265643
Cha Yeong Hwan,LCB,-0.855544545034471,1.402254316740131
M. Sawa,ST,-1.1729221711967668,-1.3902367820656554
Sergio Gónzalez,CB,-1.4293072883298026,1.1239967631752148
W. Burger,CM,0.39190026098040825,0.245609671682114
A. Hernández,ST,-0.8616723146372213,-1.1780051671644853
A. Hadzic,CM,0.42915094141987264,0.520679406304281
O. Ashoor,RB,0.16904790228222016,1.1217679065008812
E. Sonupé,RM,-0.3172594478793013,-0.5697085248461796
Alberto González,GK,-5.7369699761410775,-0.007620973298692268
W. Patching,CM,-0.21548275870116537,-0.5504415532031806
M. Kremer,RM,-0.6912636094366859,-2.4775383266337108
J. Vergara Berrio,CM,0.15339769659904906,-0.9724523380526948
D. Wright,CM,0.8673346780939724,-0.17557497939016142
E. Louro,GK,-4.894321195390939,0.7837094956572777
K. Alexandersson,ST,-1.3390607655788545,-1.2722715391079784
N. Konstandopoulos,CM,0.11992729913892039,0.031459500577941904
S. Seferings,CAM,-0.3206664403558838,-0.7475373024315289
C. Estrada,GK,-5.430583171041022,-0.3112682118650933
I. El Kabbou,ST,-0.8873396155009674,-2.376167515153711
B. Mensah,RM,-0.2736462374460166,-1.8605043223223223
Cui Peng,CDM,0.028033993185534057,0.10442864349194857
Zhang Wei,LB,0.08586552805287614,0.8490384069531096
F. López,RW,-0.7236772346839512,-2.988544191440196
T. van den Belt,CM,-0.5578590908706024,-0.3312569580685821
Tan Wangsong,RB,0.22248153232937606,0.9137377401424691
D. Rosin,LM,0.6625342238037126,0.2781642409333635
M. Lund,CB,-1.1239236291702486,1.5781354594515835
M. Busi,CB,-0.977344356364501,1.4292216353307303
D. Blazevic,GK,-5.366239339732249,0.37246049416431937
D. Chambost,CAM,-0.7437345143970112,-1.3943457626302311
S. Shearer,GK,-4.939029533990887,0.12691355548534905
M. Steeves,ST,-0.10927310484090744,0.11564073770407615
A. Ceylan,LM,-0.7319695388908549,-2.396165495008892
Samu Pérez,GK,-5.91123973378054,0.046602276826047236
R. Williams,CM,-0.06416301058007257,-0.7190632959284373
D. Shiels,LCM,-0.027086117947208846,-1.3345021799063075
N. Okafor,LM,-0.3490125349710971,-1.350972695821385
S. Briñone,CDM,-0.16308170178751422,0.8953562389503747
N. Maeda,RM,-0.8881140268553166,-2.1977124146557485
O. Ökke,CM,-0.6952927675306115,-1.8256669688691505
A. Lotti,ST,-0.54154569659858,-2.3688321032816315
E. Lara,LB,-0.3610080814394448,0.13731703157041777
E. Salles,GK,-4.863537986114785,0.47333834559736276
N. Ofoborh,CDM,-0.10835710959279375,0.8178636412774068
J. Sotirio,RW,-0.07258464856472004,-1.1356298901509119
A. Didic,CB,-1.3109601449570532,2.3539134780581703
L. Kryger,RM,-0.8145018275128666,-0.5535491210548339
R. Willmott,CAM,0.9660540186529686,-0.31810625846271956
B. McGrath,ST,-0.8493008279860138,-1.4451700073987563
B. Provoste,CAM,-0.6816038146263457,-1.5703109784870062
F. Brorsson,LS,0.03091924826376415,-0.8924266546872697
Zhang Yi,CM,0.30393572011570846,-0.36005540154349897
P. Mullin,LS,-1.3315390397453295,-1.6506895558424997
T. Hadler,GK,-5.1334643145485135,0.14126208527942868
R. Goteni,CDM,-0.09104044222896159,1.1973596767316805
A. Ikedi,CDM,0.40821104003033765,1.0069275258384123
A. Najem,CAM,-0.4394186845127821,-1.12591626530197
M. Ortíz,CB,-0.5501418721416322,1.6651197487923444
J. Díaz Price,LM,-0.2587705766349284,-1.5013252208203836
S. Duggan,CM,0.4896610674263876,0.59044452382817
M. Šarki?,GK,-5.642946390833835,-0.6275660225066184
P. Sussek,CAM,-1.2005364649700938,-2.143071485807264
K. Pytlik,CB,-1.4761429942900681,1.8433172845565426
N. Alioui,LM,-0.5864020996416692,-2.181622101890817
A. Racioppi,GK,-6.226278216174568,-0.3229377739436557
Kim Yeong Bin,LB,-1.3865165557512484,2.3130075148574023
M. Hamrol,GK,-6.303863222369979,0.5023078779422341
J. Cataldi,RM,-0.7014504797953521,-1.8998763411873836
S. Kaya,ST,-1.1705101656317216,-2.1584647890790962
C. Veerachat,CM,-0.6772207730683377,-0.918805802269387
R. Rösch,CAM,-0.48664021358471693,-1.0535225716576249
D. Clarke,LM,0.08220652133508029,-1.5324375595599513
J. Maguire,LB,-0.37232251625429397,0.13310104402596734
Myeong Joon Jae,CAM,-1.0068367723820801,-1.2233239251044201
A. Romero,GK,-4.37206467459114,0.10016537973594972
M. Segbers,RB,0.5106792912833791,-0.047922209217266705
A. Çelebi,CB,-1.6224580542856626,1.739442930227873
F. Arhin,CAM,-0.7879167234559057,-1.99353706150387
E. Opoku,RM,-0.6143286213450327,-2.9088548768213864
J. Kirkpatrick,CAM,-0.6657918091019218,-1.8703524130030327
T. Wiesner,GK,-5.398717199469656,0.3180259126093074
E. Steen,CB,-0.87713092045811,1.5639966328127834
L. Mandeville,RM,-0.1253026626264406,-0.8400797477509836
K. Ødemarksbakken,LM,-0.19647704372701152,-0.9314855876503177
F. Serraiocco,GK,-4.566486562608411,0.1682503228732926
H. Sarpei,CDM,-0.10469350534569206,0.8586616304812497
N. Sandberg,CM,0.292906424840984,-0.5662182196740431
I. Aliseda,LM,-0.38240286001064894,-1.4919680047883916
F. Dahmen,GK,-5.762319526935058,-0.5139190734875838
K. Irep,LB,-0.2057054204441892,0.7883950500940395
M. Flynn,CM,-0.8612855875877543,0.8183108247392166
B. Mugabi,RB,-0.3824335060616805,1.5558872113281434
P. Menzel,GK,-6.147915284211224,0.5986919820662288
D. Fontani,CB,-2.1753684391089725,2.5421446691921727
A. Nava,CM,-0.31586854712236834,-1.4925737930768175
G. Della Bernardina,CB,-1.0709042549069245,1.4228767567228537
E. Alvarado,CM,0.08338216004372714,0.23853750266972099
A. McGowan,RB,-0.23506998348591995,0.9830349800479892
S. Joss,LB,-0.30395281082863185,0.5862793397074441
João Virgínia,GK,-5.803052837679438,-0.4547492038193502
N. Lüchinger,RB,-0.0990852092641533,0.7963011528251953
Y. Mabella,ST,-1.4229868329444826,-1.8561751000551425
R. Hale,RM,-0.3075588586773873,-1.8801329062058896
E. Embleton,RM,-0.37061584383712554,-0.06583651231973597
N. Nasseri,CAM,-0.04455931544655529,-1.6489581212002424
C. Elva,RW,-0.2315646001631763,-1.9032846619557262
V. Stenzel,RM,-0.21103655582439879,-1.7773337199575017
I. Al Talhi,LM,-0.22346644976731592,-0.9908861376475108
A. Mumin,CB,-1.1699825983360665,1.524870429290068
Paulo Alves,CM,-0.42657399087577497,-0.7977949634651359
Y. Armougom,LB,-0.6196270171089128,0.564032865634934
T. Kucz,GK,-5.900851526954735,0.3369139559284183
S. Sy,LB,-0.2473783221981588,0.18106805066706175
M. McKee,CM,-0.1322369934112013,-0.3392517791639039
Cui Yongzhe,RB,0.703928860446233,0.26845094923323776
S. Bengriba,LB,-0.4177975904587173,0.9639859628648105
T. Yanagi,RB,0.041653072081532024,1.2616245026979176
J. Bekkema,GK,-5.698786364873387,0.38027224761402256
A. Al Yami,ST,-0.7876176056763319,-2.687777419770364
Ding Jie,LDM,-0.32098955572948407,0.7820365411301379
J. Bednarczyk,LM,-0.9956955739312523,-2.0245719062279792
J. Ingham,RW,-0.6139086522351459,-2.239804007904609
G. Quezada,CM,-0.6667587772508727,0.7158043797539739
M. Fallatah,CM,-0.493944826113179,1.046866109157529
F. Agu,LB,0.342927646279894,-0.8541534077499768
R. Polley,RB,-0.3034775079510802,0.6971228758842128
I. Chair,CAM,-0.9744039559911509,-2.0576879623276585
I. Khemis,CM,0.3372435667389481,-0.6103959867292251
M. Álvarez,ST,-0.34166440881735327,-0.685401106553212
O. Brynhildsen,RM,0.0923889748486131,-0.9718249598399071
R. Al Hafizi,LM,-0.8201136388987765,-1.9760181127692382
M. Rosas,RW,-1.058492157679281,-2.708967406625339
J. Torres,CDM,0.3464247845997771,0.7963482641704704
B. Dennehy,LB,0.00902829113645353,-0.9581979425709329
J. Martin,LB,-0.23695803863453896,1.2923292637906065
E. Whitehouse,CM,1.1437109382129558,0.24382188620395218
M. Quiñones,LB,-0.29646707691414254,0.7325071610604921
R. Keskin,CDM,-0.19212330051333973,0.43029180704117687
Zhang Li,RCM,0.36306128971358914,0.08154338438459502
A. Lacey,CB,-0.7527831985811111,1.486982026033474
J. Shipley,LM,-0.31918025800984123,0.08084286767192785
L. Fadinger,CAM,-0.9617229883986502,-2.029452302613871
P. Gómez,LM,-0.5908811647875964,-2.420997158536539
M. Kudus,CF,0.026262235293036555,-1.1254229210912083
J. Maxted,GK,-4.643461309236714,-0.24032531065542834
Chu Jinzhao,CB,0.14453201153258516,0.1677344470234206
J. Medina,RB,-0.39495764162636576,0.2667592631509258
L. Ndenbe,LB,-0.3354044842434148,0.48472844353633454
Dai Wai-Tsun,CM,0.5264995314733938,-0.021379860821125272
M. Virtue,CDM,0.031649760919195,-0.006581111324067204
M. Curry,ST,-0.9578294264843917,-1.7770933599649918
F. Castro,RW,-1.022509417104294,-2.391636086493559
L. Weinkauf,GK,-5.955553589417425,0.42237466005100505
S. Wilson,ST,-1.3494103967006301,-2.1669111115079374
M. Andersson,CB,-2.0572432076314957,1.631112383943896
T. Wiesner,RB,0.14738791567608434,-0.1710924343575659
B. Wright,ST,-2.0548440668538617,-1.020034724058579
C. Holse,RM,-0.5788466387431472,-2.270291616230776
S. Vidal,RM,-0.2676352403045277,-1.223750763511336
M. Kelly,LB,0.07112263274351377,0.540602089591743
H. Andersson,CB,-1.0839479643986139,1.4317050146284203
A. DeJohn,CB,-1.5369140497702038,1.845901393761785
T. Klup?,RM,-0.1397930066012428,-2.1509759212203408
K. O'Hara,GK,-4.512751931579671,-0.050486752174932294
T. Mølgaard,RWB,0.3721896029363728,-0.501882179741185
S. Singh,CB,-1.3906520023736422,1.4880328922052097
H. Benkaïd,ST,-0.27756549981313733,-1.6386907869706886
Obama,ST,-1.26971289409106,-2.4721723859992935
J. Falkmar,LB,-0.04538703245020473,0.8978135596342589
N. Bazan,ST,-0.49416985161096044,-2.2605047249138353
Y. Takaoka,GK,-5.788443772858537,0.34688653288731064
D. Nasu,CB,-1.3926805000942069,1.4743959105316562
D. Conner,RB,-0.3869877928363541,1.4524909636107401
S. Kodama,LM,-0.7357679443622234,-2.3452174325533806
A. Thapa,LCM,0.2092757950512516,0.3225293707132658
S. Farhan,LDM,0.059645944813947166,1.294321962111134
A. Ablet,LWB,0.3230976160456736,-0.13483794022535794
Yoo Ji Ha,CB,-1.2179838593144208,1.552875948143076
M. López,LB,0.6475121020287106,0.14157486720305523
K. Huntelaar,CM,-0.16276653285553438,0.1411651744141569
J. Atanasov,CDM,0.04434211830221052,0.4081106422991974
K. Leidsman,ST,-0.9877917183827063,-1.7700358044305056
M. Spasic,LB,-0.47328725165248686,0.9889437752471073
C. Topaloglu,GK,-5.690398477440325,-0.2289327581711548
D. Jarvis,LB,-0.0736034747326759,0.5131359419080673
P. Esquivel,ST,-1.6194756172591533,-2.407232271315727
S. Mandash,RM,-0.7778302805686337,-2.2774917464853677
A. Abdellaoui,LB,-0.7623331801959438,1.2918591278157694
D. Bajselmani,RB,-0.08613430876570129,0.8269450279869178
E. Ferigra,CB,-1.612309905318549,1.3072345909534033
J. Turley,RCB,-1.097278589558437,1.6068136576805434
A. Barreal,RW,-0.5647989863043694,-2.193194997668198
F. Pasqualoni,CB,-1.5628780667599542,1.5970813005853537
L. Tempelmann,CM,-0.26423469932383187,0.30804090071497825
Ahn Seong Nam,CDM,0.40562832700647616,-0.1598964322980429
Kang Bong Gyun,GK,-6.061645150231406,0.3031258275256744
D. García,ST,-1.008300973771814,-2.719955557806521
T. Rotter,RCB,-1.3335719399813128,1.710414614728088
M. Kadlec,CAM,-0.44910997948683984,-0.9159536586423094
S. Serderov,LM,-0.5650849304189557,-1.8343090693961532
A. J?drych,RCB,-0.8600509506958588,1.2440871612892974
J. Muscatt,LB,-0.5634414007219889,0.2705932630496522
M. Daly,CM,-0.3855933716125991,-0.5898833174348226
T. De Bie,GK,-4.776137490404857,-0.223337070084117
E. Elizalde,LB,-0.34655940410931924,0.7789305501658011
G. León,ST,-1.290485732897742,-3.007808378523311
S. Çetin,CDM,0.3786393680794145,-0.45795206548501316
A. Urzi,RM,-0.6440884155789577,-1.8438238143678811
J. Dunleavy,RB,-0.15895541432043464,0.7144091362473945
A. Al Saluli,CB,-1.5434707761417497,1.0539547894060632
K. Chvedukas,CDM,0.11965156200466988,0.03194516024397968
A. Al Dawsari,CDM,0.046943849910694155,0.9559267093914862
E. Korkmaz,CB,-0.6598396282119996,1.0709913408956442
J. Galetto,RB,-0.026831637904115708,0.06605373207811861
S. Russell,GK,-3.900351611238698,0.1362020933678718
O. Sail,GK,-4.59411182045129,-0.2354660637420605
M. Hudson,GK,-4.502109321868579,-0.34092546988184413
N. Bizet,ST,-0.8647992819635612,-1.0290524907159802
Madger Gomes,LCM,-0.0963976234720861,-1.4757867134328018
Iker Goujón,CM,-0.08245888533199433,-1.182783463505201
F. Bin Jamayah,RM,-0.9015740251072254,-2.1808059458816427
N. Anderton,LB,-0.1763574330295025,1.1566501909163753
C. Storm,RB,0.13046536943622977,0.6844787944216705
J. Bruhns,GK,-5.057571596848257,-0.23609088772053838
E. Ybáñez,LB,-0.6887819039517181,0.38269255962233906
E. Karic,LB,0.285551128357365,0.7201179144733912
L. Ridehalgh,LB,0.4288515095025708,0.6067704110277681
J. Bolado,GK,-6.107795018263743,-0.3708765994360146
A. Riemann,LM,-0.19550367684913714,-0.976668089331376
A. Gogi?,CB,-0.4429933178354149,1.2255301871567912
L. Béland-Goyette,CM,-0.22120997366917897,0.18102905172734093
E. Pálsson,RDM,0.43132907659358477,0.5132663201292156
Lee Tae Hee,RB,0.05281105518886177,0.3697216773479433
K. Yajima,ST,-0.17263752821699188,-0.42602310936775817
M. Hoxha,CAM,-1.2780619056248705,-1.4083548500774652
K. McFarlane,ST,-0.7336941021449152,-1.8434395849865095
F. Rieder,CM,0.4508348857453017,-0.43287765063608535
C. Kpekawa,CB,0.05769158220353032,0.7272190131044736
C. Tiéhi,CDM,-0.36359388515706825,0.8881394400575109
J. Flatt,GK,-5.689807226955756,-0.07000599140808737
T. Matthews,CAM,-0.7007838415911619,-2.6623863258875797
J. Hodgkiss,RB,-0.8100627540124786,1.0524439268213541
C. Arroyave,GK,-6.238526224966181,-0.10228071954324289
J. Heil,RM,-0.41911852537361427,-0.7156338970708466
A. Jakubiak,ST,-0.4715199734183108,-1.924805089274023
K. Reaves,CB,-0.8885703878988453,1.6508709290144563
V. Baume,GK,-4.989702759544609,-0.5058915581439946
R. Morishita,CB,-0.7599724069348055,1.6286525991818153
A. Awad,RS,-0.648507476163417,-2.1043206071285847
A. Al Shamrani,CB,-1.0302733985829162,1.4339752033844189
G. Azzinnari,ST,-0.8745185856347886,-2.22002972852347
O. Drost,LS,-0.36149881980217147,-1.85355088489009
J. Caprice,RB,0.31889791513404764,-0.191576217454521
Zhang Lu,RM,0.6998365411561684,0.19133716953178717
A. Mendy,LB,-0.2604823782017398,0.904144233060367
G. Blackwood,ST,-0.7570477440345008,-1.4814491563454064
M. Johansson,GK,-4.520182373672111,-0.1242585255398974
J. Hanato,CF,-0.05289250104491558,-1.7607424248737724
M. Clark,LB,-0.1970650779788262,0.5265001770034043
B. Mines,RM,-0.020308152942782074,-1.2300900961243972
Kwon Tae Ahn,GK,-4.858014319166961,-0.13264419131706942
C. Baker-Richardson,ST,-1.2079700853267183,-1.8631739769156033
B. Varga,RW,-1.3035374747867454,-1.9082072876532281
S. Akgün,CM,-0.2714954878241087,-1.10377505372429
S. Long,RB,-0.15807862088198127,1.0485000876509267
M. Folivi,ST,-0.9223197253831281,-2.4300936025839452
M. Rayman,LB,-0.1393827025622943,0.5512366740039947
B. Thomas-Asante,LM,-0.7191945676348719,-1.4694368728323843
Y. Begraoui,ST,-0.6300913067494383,-2.6943418490895246
A. Fleming,CM,-0.021288443086937454,-0.5832120960373326
Guille Lara,GK,-4.45802365564045,0.23740238291423718
W. Wood,LB,-0.09858432874989922,0.6453008840765941
F. Ghazi,LB,-0.4170774841659821,1.2223345548750664
N. Córdova,RB,0.27319581263485826,0.3729908912592935
Jin Pengxiang,RB,-0.10904833943915439,1.3678394113086845
Kim Bo Seop,LW,-0.13687369734173702,-1.9954944435285524
S. Acka,CB,-1.4236835403776384,1.5775542821502393
E. Celebi,CB,-1.1490489465523748,1.1972972959303274
E. Dabo,CB,0.10193708749833379,0.6371838037261365
Mello,LM,-0.6159615055304718,-1.1656523399368237
Yang Boyu,CB,-1.1946850901522268,1.9172463885393212
A. Collins,ST,-0.29422891699859766,-2.022892898518519
P. Kasim,LM,-1.1168029740067276,-2.55936672565196
T. Abdullah,RB,-0.28665681905603285,0.9140776698963935
M. Crocombe,GK,-4.074375516494636,0.14613636747051384
E. Næsbak Brenden,LM,0.36975059372543834,-0.6832994765535801
J. O'Doherty,LCM,0.4220638770019528,-0.8250956508626924
Fernando Costanza,RB,0.1439235385967655,0.2070251521189347
M. Acton,GK,-4.681382969142924,0.08447430045091464
F. Lobos,ST,-1.0559063668915436,-2.214205974465986
K. Tokushige,GK,-5.68325716035847,0.4266631138864481
J. Serafin,CM,0.2871187259999301,0.0826716075765573
N. Sutter,CB,0.23526446338659326,0.30832799170766817
C. O'Hare,CAM,-0.6284438687940052,-2.5934508073460414
M. Carreazo,CM,-0.002142567961587158,-1.1311708721007228
R. Aoki,LW,-0.5063575073711787,-2.029036520988792
F. Camara,LB,-0.47803602758422387,0.06627172251538102
N. Trott,GK,-5.581463544754482,-0.7896716036245757
I. Boye,ST,-0.8633386290260316,-1.5584208042692818
Y. Goke,CM,0.11642244181851667,-0.6011229262810998
Wang Qiuming,LM,0.3583871811631778,-0.7259804959900945
H. Sandvik,GK,-4.185615035512903,-0.04383997883491516
Park Jung Soo,RDM,0.21160643505281104,0.43650718668633676
M. Vano,ST,-1.5779743428545834,-1.3730369136756573
M. Rieder,CAM,-0.14741263667722382,-1.1538451673917038
J. Hooper,ST,-0.42439545610042106,-1.2832739902360255
Sun Bo,LM,-0.22933599575832198,-0.8389516742125169
L. Hupfauf,RWB,0.16801306374009806,-0.008933086156859626
Mollejo,RW,-1.030128024689503,-2.3515868411573093
V. Oliver,ST,-0.31060621430673147,0.09894732892434265
M. Kuchta,GK,-4.464817565663156,-0.18895720396404592
Cao Haiqing,LB,-0.256385546616467,0.3394904530537894
A. Banasiak,LDM,0.8543878735200336,-0.08870193833860458
Pedro Goulart,ST,-1.3331916780163597,-1.6475018032233892
Song Long,RB,0.1348197161604838,0.8391807023499285
J. Lahne,ST,0.8435616037809849,-1.482389244436946
M. García,CM,0.25787369562075246,0.22103785589041672
R. McKenzie,CB,-0.2456074378736968,0.7238217823394332
D. Franke,LB,-0.22532875881058984,0.14921361493157295
M. Cavalleri,ST,-1.4265155104031289,-2.15086004705169
A. Beyaz?t,CF,-0.13503302900819886,-2.3474522976124654
A. Grijalva,CB,-1.6484821186121341,1.1878634551797005
D. Klomp,RCB,-1.446190675119391,1.7856146940398927
J. Keatings,CAM,-0.5420973447386449,-1.4575412472159701
P. Di Nardo,RDM,0.30352873962418875,0.5940094526198078
A. Baroan,ST,-0.4109542833786226,-2.094268413969783
C. Lattanzio,LM,-1.0379621722037415,-2.860184452111855
M. Candlin,ST,-0.6289481484397607,-1.8200367333308687
R. Menayese,CB,-0.9514513915212136,2.059167499090084
J. Thompson,CAM,-0.01173749963335125,0.022124190544434295
H. Smith,ST,-1.3546283980470963,-1.5760074757144706
Liu Ruofan,RM,-0.44231187338091194,-1.8444455399391197
D. Jajic,CM,0.12262417925513498,-0.06260692859973085
L. Fesser,CB,-1.5251953247693826,2.069146584561631
J. Brown,RB,-0.09969644126345671,1.011634193101198
M. Nilor,ST,-1.5395319521140969,-1.2375637062190676
I. Mensah,LW,-0.125642214567776,-1.9484724061376244
V. Fernández,LB,0.31145972965583035,0.7107074925826086
D. Richards,GK,-5.23710600259809,0.11101065003731637
H. Castegren,CB,-1.0416186510239214,1.5866818467084862
I. Oda,LB,-0.5863387121216503,1.3816307229733427
L. Cacace,LWB,0.2171591592424426,0.30764484490492344
E. Veiga,CDM,-0.46936991597191324,0.6678525956579192
R. Cornwall,RCB,-0.9604291791900796,1.7631137907020697
J. Mbom,CM,-0.06129528362289623,-0.7972589709159036
S. van Dijck,CB,-1.3577002192142356,1.581651998451811
D. Gremsl,CF,-0.26172785345096056,-2.0879317003955173
M. Bevan,ST,-0.9012463019927277,-1.4395018554245766
S. Friede,CM,0.3112212005954821,0.5950308817446688
A. Guiffrey,RM,-0.7917896466264178,-1.402031474714586
M. Sætra,GK,-4.520828189174153,0.033258126200346884
H. Magnetti,CM,-0.18977546232436715,0.27700115598052766
S. Abraham,ST,-1.0409409546161397,-1.6731698553663694
G. Buon,CB,-0.7889443808780047,1.1219348673953402
D. Morrissey,ST,-1.1191552023757518,-1.9555931553265782
G. Akkan,CB,-1.9191550201923215,1.3458495939873567
L. Espinoza,ST,-0.5568532233110428,-2.2049680882925196
J. Requena,CAM,-0.9130396939780402,-0.8953070170326378
C. Mbulu,CB,-1.352840843393812,1.5938999002204322
G. Cuomo,LCB,-2.446657749612449,2.0446539925966216
A. Gürleyen,CB,-0.7238543720560323,1.4126040160915292
L. Jones,CB,-2.0054889086805465,1.808589469495
R. Gondoh,RM,0.22428583011706826,-0.40316870111237624
N. Hunziker,ST,-1.5223128149976277,-1.5985308549538548
T. Reithmeir,CB,-1.5129295945781325,1.5746800915026327
L. Barreiro Martins,CM,-0.08124273089515838,-1.5666391059278297
J. Clarke,RB,-0.16690834438032756,1.5222228092472587
Zheng Tao,RB,-0.5685306677645613,1.013191072529187
M. Guehi,CB,-1.2477268976530662,1.2758447460002154
R. Prieto,CAM,-0.8420047571776549,-1.9859442511740841
I. Meite,ST,-1.9816778446468517,-1.9753291506677506
A. Amade,RWB,-0.6506978224586729,0.09453895236598713
L. Krüger,ST,-0.8803699519914788,-1.5395336631170087
K. Balogiannis,CDM,-0.02072977607989995,0.49533168188866356
F. Due,GK,-4.519367880526284,0.14344509297747163
L. Saxton,GK,-5.2723989807954945,0.47956622683216366
C. James,CB,-0.01082465385925167,0.6279650158271752
M. Rafique,CM,0.3852827664353336,-0.29351430409546203
P. Cherrie,GK,-5.817313086694919,0.3319981977714239
E. Stokes,ST,-1.1469085057202972,-2.0204623038190554
S. Al Hamdan,LB,-0.6156367346871524,0.7680916136047599
C. Moya,RDM,-0.024110539992330798,0.3722086861795136
A. Xhemajli,CB,-1.4167285885701306,1.8747309046508585
A. Buxton,LB,-0.4156213121583958,1.7323128197798858
M. Gillesphey,LB,-0.9319448089812266,1.7977769819581126
G. Banaziak,GK,-6.362611485712098,0.13801645353303027
A. Singh,GK,-4.530708752209017,0.2169530234202829
D. Svá?ek,GK,-5.666800369596652,0.2943540514709597
D. Sauerland,RB,0.4694851565159919,-0.9116459837583643
G. Kelly,ST,-0.8049634114969085,-1.7965441764693426
Y. Fujita,CB,-2.461983247917179,2.2697635136104086
S. Duke-McKenna,RM,-0.7145301282487546,-1.4779769068981519
D. Mosquera,CM,0.02038558416675732,1.3352545022774838
K. Maji?,ST,-0.9409316498896939,-1.4421541744480366
A. Al Ghamdi,GK,-5.561731015674355,-0.5791994890458093
M. Real,LB,-0.2149373082186624,0.28700967714494857
F. Schwarzholz,CDM,-0.5336668725659588,0.6464831166640529
A. Majrashi,CDM,-0.36348522778316794,1.0983513488895058
E. Maceira,LW,-0.396460054614063,-1.9767168678755997
Pei Shuai,CM,0.08161150503171945,1.109611829478209
D. Nizic,GK,-4.880560676713078,-0.4104231113279876
F. Al Habib,GK,-6.254908327128862,-0.5393164597617307
J. Archer,ST,-1.5252435784367044,-1.3143739631234745
Li Guang,CDM,-0.704064544239871,1.0792986454172688
E. Osadebe,CM,1.5678806453013534,0.1650085038315849
Du Wenyang,RB,0.22862808765509124,0.33557571910924117
B. Singh,ST,-1.053187142173335,-1.965500422076614
E. Granat,CM,-0.06802992969786785,-1.307978139194366
V. Cordoba,CDM,-0.4316613167425011,1.200558128440143
L. Schelenz,CDM,-0.4674453406792806,0.7016206022949927
A. Morley,CM,-0.19295739395807276,-0.8012159519301737
M. Nikoli?,ST,-0.9379423941896475,-1.4885334820299787
J. Pestaña,RCB,-1.5522534975743736,1.4280112765407602
E. Dick,GK,-4.876417887977402,0.7452404847439175
B. Williams,GK,-4.533183929997793,0.3112397935942551
J. Tilley,CAM,-1.0099721797654257,-2.6378338178754372
Liu Yingchen,CM,0.45275885779952907,0.616680465984422
C. Antwi,LWB,0.12605392247313718,0.10569028134321398
J. Albrecht,GK,-5.508662091957469,0.5424481735455493
J. Sands,CDM,0.13932950558422894,-0.004428330706384236
J. Muñoz,CM,0.07947196954715954,-0.3095705062788833
J. Hoekstra,GK,-5.904513424171008,-0.004553001127783673
K. Niemczycki,GK,-6.357412607109746,0.05649428517097389
M. Al Subaie,LM,-0.07122174246730772,-0.08633354692253462
Park Ji Min,GK,-6.567737735092986,-0.5561630583660683
H. Al Ghamdi,CM,-0.024380878667326425,-1.229364272338947
S. Ucar,CDM,-0.44000796376033807,0.5207434948764694
N. Quindt,GK,-5.919835023496214,0.07508312583417869
M. Kahr?man,ST,-1.461238028332889,-2.503754377173489
S. Gubari,LM,-0.5871204243665987,-2.378354950136991
L. Mulaj,CAM,-1.2784371696634336,-1.8932624560200992
Z. Herivaux,CM,-0.36950869199113306,-0.1238809719393009
G. McGregor,CM,-0.011797284892106283,0.379999619683939
T. Campbell,ST,0.024910247077116886,-1.321635540575613
K. Kesgin,CM,0.0628930720104506,0.049045856460684774
M. Staniszewski,GK,-5.39708313731702,0.37434237859929065
Y. Fortune,ST,-0.8560106747482892,-1.46403901975187
T. Cuello,LM,-0.9241037644474469,-1.7634225382890336
Pedro Gonçalves,CM,-0.3405276183545103,-1.2151110565122354
K. Ayong,ST,-1.075288668254232,-1.293204054602295
L. Italiano,GK,-5.286077454984658,-0.2919289537574443
J. Powell,LM,-0.17267796649056183,-0.5602698455617545
M. Urynowicz,ST,-1.1876112737542208,-1.703492981520372
E. Navarrete,LB,-0.28419906526816024,-0.12515117029718933
T. Vassell,CB,-0.290313046527964,1.1678319495000218
T. Cordner,CB,-1.5113393762657408,1.7107172358068259
G. Tryggvason,RW,-1.1853077845742195,-2.356301308924398
C. Higuera,GK,-5.862275760734853,-0.041472493555376425
M. Onuoha,RB,0.059999254282211305,0.42710351779022193
A. Bacci,GK,-5.820767371565203,0.35375470446973695
J. Hodek,CDM,-0.4650733659813304,0.7546146420860073
Y. Letard,CB,-1.0533731899545737,1.1780235825496037
Han Xuan,CB,-1.3797307267505137,2.343124534610739
R. Isomura,LCM,0.22493878739957754,0.6980695883309797
I. Lara,LM,-0.6815763931957264,-0.5368502703172455
J. Jaime,GK,-5.919661090750111,-0.31334660299695816
F. Al Sagour,RB,0.025602091121274408,-0.6683446873136717
L. Hernández,CB,-0.06645256506324591,0.5149340547069545
N. da Silva,LM,-0.8388466998785908,-1.0066947163281055
R. Hirosue,GK,-5.950565184146492,0.07330788958822672
L. Croll,LCB,-0.6244135443139118,1.2304877781785901
T. Baack,CB,-1.7867343457457272,1.4324057962187027
K. Bucker,GK,-5.720054105996199,0.05663020272755647
M. Miljevic,CDM,-0.5361871357991664,0.30156489297301275
M. Brink,CM,0.02963935855564365,-0.9404721353399967
A. Bakayoko,RB,0.14317883605318937,-0.7437542349769223
W. Tchuameni,ST,-1.049251842834623,-0.7221275097937087
D. ?ncedere,LM,-1.164293136993972,-2.090227049254625
S. Kjellevold,GK,-5.590033923479298,0.4433633026279912
J. Þorsteinsson,LW,-0.9393874237141936,-1.7804665740937973
M. Worthington,CM,-0.11244607526162734,0.7668949035850828
J. Tratt,RB,0.14558358755353318,0.9309865233291553
J. Kelly,LM,-0.8334777629484935,-2.2073548035642454
L. Grill,GK,-5.247095650539851,0.01434661503588631
D. Lyon,RWB,0.3570092363599932,0.26866088713202413
F. Pizzicanella,GK,-5.684521060134923,0.03513288898754247
J. Pantemis,GK,-5.6717175479745245,0.30946571023640923
R. Wilmots,CM,0.28226693046164847,-0.32977153646410695
E. Boyle,RB,0.2973344920438529,0.8388183507482316
M. Sprang,GK,-6.022010009514036,-0.23559304025333366
R. Acquah,CDM,-0.3391892726512974,0.6104382696115839
M. Wada,ST,-0.9650645356352854,-1.6850809073539406
A. Canessa,ST,-1.5332903239443958,-1.6127932525813997
R. Cagnon,GK,-5.853995767305906,0.9127329115255322
M. Roerslev,RB,0.1866780289371881,0.09539735923837905
A. Azeez,ST,-0.7221867730021265,-2.242285420107881
M. Holzer,ST,-1.2466349249452762,-1.5384656094830584
L. Travis,CM,0.6582315785931669,0.5814829342166805
Mario Sánchez,RB,-0.7217369762088066,0.9218188013529157
Valery,LM,-0.9996057888886511,-1.9335724103496201
R. Al Ghamdi,RS,0.4550990856207532,-0.5790067113556023
C. Gutiérrez,RM,-0.8297331117573761,-1.0732335735566578
D. Webster,CB,-1.082720550513023,1.403409885437782
Kim Hyo Gi,ST,-1.242630483777935,-2.1729441224071087
J. Inamoto,CDM,-1.0471325805851301,0.41337665882632885
J. McDonnell,GK,-5.427578961851582,-0.526968999392255
W. Ali,ST,-0.8442926200587811,-2.220300889317256
A. Jakobsen,ST,-1.2265851559280958,-1.8616945482389393
L. Bonilla,RM,0.1360946183435512,-1.1096758750521487
T. Duman,CM,-0.2993094960309825,0.050119432427861654
M. Woud,GK,-6.2320460730527465,0.41768500707628475
J. Löwe,CAM,-0.5360417315321903,-1.6157768542588766
B. Rivas,CM,-0.26192864559151563,0.5845073565107154
S. Cartwright,CB,-0.9937011564857852,1.2083356844640365
A. Ademoglu,CM,-0.4541075825732975,-0.9438250571896886
Y. Oyanedel,LB,0.4768264657608032,0.36262993797668586
Lim Eun Soo,LCM,0.13750892847538693,0.952179166738096
R. van Doorn,CB,-1.0705703203305408,1.5522711259006154
J. Harris,CM,0.17126545293675027,-0.10177147060001715
José Uche,CB,-1.023128174561624,1.3555968974170811
M. Arturia,ST,-1.3713469686742596,-1.3843278934167929
K. Goba,ST,-1.1443288165697332,-2.213031212027975
E. Bansen,GK,-5.5876323120124685,0.36618945818557447
J. Lunney,CM,0.34016699788012367,-0.35223097521411634
M. Cooper,GK,-5.89901249132929,-0.19297829577660255
J. Orellana,CB,-1.3068847907418948,1.5956088772366988
B. Kavlak,ST,-1.389645794813529,-2.6907155176366673
G. Abregú,RB,-0.9628465086276815,0.42274197057201207
J. Doona,RM,0.09399049155387076,-0.4969442886221531
R. Blumberg,CB,-0.9352138807532299,1.303317784987795
M. Panos,RB,-0.2644423219790803,0.8406731085934323
C. Coleman,RDM,0.6851721850027132,0.7091472306345837
M. O'Riley,CM,-0.3240183817144212,0.2986932829136352
A. Gafaiti,CB,-1.3561250203440611,1.658362085960992
P. Edwards,RWB,-0.027019093007082533,0.7693260242650182
G. Lapslie,CM,-0.5547349765975766,-0.7464159757149483
M. Gonzalez,GK,-5.532765612592111,0.1015148373785542
L. Ingolotti,GK,-5.625106016028048,-0.14840402916527098
G. Pozos,GK,-6.33392961380677,-0.6439240282475833
A. Aliev,ST,-1.0180541767020703,-1.0358647212468124
M. Bauer,CB,-1.669166667099094,1.6406388824284004
B. Sielewski,CB,-1.4306392244549404,1.507264897153815
A. Talal,CDM,0.0498019422118993,0.007530570938575902
K. Schlotterbeck,CB,-1.903227614176524,1.7138930399215335
G. Kilama,LB,-0.08709239430311921,0.5175628538488749
J. Debayo,LB,-0.5964999831680425,0.9951563638522193
B. Chapman,CM,0.9388799486871338,0.6907888772877755
V. Gendrey,RB,-0.64188421518306,0.5330253183835393
Li Shenglong,ST,-1.0584470606901932,-1.6056144560204515
M. Schlegel,LM,0.05868780301647949,-0.5826287049049982
S. Quigley,ST,-1.4573370725440657,-0.7448485641747049
Y. Bangsow,GK,-5.522763559099473,0.2095424247790462
M. Leahy,CB,-1.864829460117591,2.7019277803193296
S. Solli,RW,0.06577046535537491,-1.7940787266993006
M. Firlej,ST,-0.48945806309009127,-1.4033215639379715
H. Bos,CM,-0.3053490197747031,-0.7624326109552848
J. Bird,CM,0.2727971302366427,0.6428109526157556
V. Arveladze,ST,-1.6038212046801175,-1.9588931989786567
K. Kirihata,GK,-6.422025999634211,0.6825814730498017
A. Penny,CB,-1.7068282113216484,2.1214008402005162
J. von Moos,ST,-1.006212090169884,-1.8066829963488407
G. Boylan,RB,-0.178473267007895,0.7896604962367375
I. Chicco,GK,-5.633858534480003,-0.08039987895279975
H. Arslan,LB,-0.6539111152725676,0.9988167427219296
A. Nalic,CAM,0.36329564059281094,-0.4216065037010968
D. Rodríguez,CB,-1.3469798808733426,1.7921887128720968
S. Karweina,ST,-1.282630481859599,-2.711940413695506
Fabio,CB,-1.3403007468123098,1.9730340731158655
M. Harness,RM,-0.9151002245059903,-2.318387259294416
C. Rzonca,CAM,-0.24955485133174368,-1.5664353509458406
A. Manzur,CM,-0.008583797791546683,0.03333288785126549
S. Bone,CDM,-0.46058486982403996,1.6486523692036001
T. Sopacua,RB,-0.6758607278371246,0.5767677484580301
H. Takimoto,GK,-6.082093581500713,0.5338391310005715
Geng Xiaofeng,GK,-5.108393066460529,-1.0431274672482562
M. Soldo,GK,-4.810101584997411,0.2784477955827654
K. Petratos,LM,-0.3070682338040116,-0.8217412536642963
N. Giménez,RB,-0.10304417142746955,0.8084369939641287
Wang Xiaole,CM,-0.011436203597098588,-1.0121147653625104
L. Schaffran,GK,-6.0773612697880175,0.23854329932769908
A. Fox,LB,-0.17480231071163957,0.3782839802475517
R. Cooney,RWB,-0.4427119590685129,0.5986348676369888
N. Samayoa,CB,-1.748324704378181,1.7098115412157182
A. Soukouna,ST,-0.31717997965980965,-1.4904853606177602
I. Bolaño,RM,-0.79062570935297,-1.3226852438672827
K. Ogawa,ST,-1.0762471689932613,-2.058509000840886
K. Fegrouche,GK,-5.1688675364492624,-0.24600095839820993
Lee Ho Seok,CM,0.0019174448815931838,-0.7531856328542271
H. Balic,LW,-0.349747558574751,-1.2425282410268272
F. Lauenborg,CM,-0.15732078092133336,0.06308431124887409
K. Saka,CB,-1.3961407195596627,1.1938773257915525
K. Buckley,RDM,0.3784339583099946,0.2867759121777491
L. Scott,ST,-0.6450136282052906,-1.5339008984258238
A. Torres,GK,-3.807533671354482,-0.2908242530546947
S. McMann,LB,-0.31789211523853517,1.0109305130820736
A. Rosteghin,GK,-5.2690317001171945,0.04380356981587951
A. Wheeler-Omiunu,CM,0.07601474547408715,0.04263622070482987
N. Awuku,ST,-0.854697156985381,-1.5014446402373753
B. García,LM,-0.08555303310142263,-0.6609117108018024
D. Riccardi,CB,-1.5301512284829284,1.5177035895956739
M. Meli,RW,-1.196796677328995,-1.8353483792319454
D. Petersson,GK,-4.9689004288650915,-1.0988849254444928
E. Pauchet,GK,-5.632838329204717,-0.3363428653905791
S. Farelli,GK,-4.6499961884769885,-0.11871328913552978
E. Gründemann,GK,-6.27065284538272,0.7790295337015132
M. Ludwig,ST,0.0483447185187028,-1.0020886867828576
E. Pletinckx,CB,-1.3246643290673323,1.8657001729121676
A. Elyounoussi,LM,-0.7655928551475137,-1.941161330776495
M. Simakan,CB,-1.5022658103448359,1.6958664773318235
G. Kyrnats,GK,-5.498852417662217,-0.09554456568375207
S. Hiramatsu,ST,-1.641431062191025,-1.6033064304916578
N. Gómez,RB,-0.32664654893383255,0.6733175690139565
N. Ralph,LB,-0.16298734807012494,-0.5263632473875871
J. Italiano,LM,-0.5306704029041136,-1.8551102542921218
A. Ceesay,LW,-0.74208440597886,-1.2024942024015934
M. Awaji,GK,-5.018572584197438,-0.48409438338153976
N. Baeza,LB,0.12014739569133075,0.6466256834249313
C. Ross,LB,-0.6124218310053394,1.0110025495351727
Yuan Mincheng,RCB,-1.5386829879542945,2.056443723442168
C. Baldovino,GK,-5.970683560542001,0.3130215314285931
M. Rudakov,GK,-5.099229470667064,-0.4448837021953761
Han Rongze,GK,-5.138916390624829,-0.556519912039471
J. Sbarra,CAM,0.315880504374194,-0.7357030537999287
F. Marín,CDM,0.01126492627281945,0.5048421898611972
J. Romero,ST,-0.9165125105226197,-2.296576320986304
R. Borka?a,RM,-0.7212483168612597,-1.121604576086066
P. Magnon,RM,-0.4263103343960768,-1.1032069550381909
Marcos Lavín,GK,-5.871160390890874,0.15521852695189872
C. Quenum,LB,-0.616399743246995,0.944110402972098
Y. Akiyama,LM,0.09272232682535257,-0.14496353713406332
S. Parlati,CM,-0.09694073696342327,-0.355974676508242
A. Appiah,RW,-0.9031740598036756,-3.286642511510351
L. Klemenz,CB,-1.7066567346361723,1.8570533854933324
P. Tomczyk,ST,-0.8335875195989548,-2.5600527953934806
A. Oteh,ST,-0.9458409779052409,-1.7129795206679694
K. Hattanda,CAM,-1.2310423295156474,-1.7933685902585221
M. Bayo,ST,-0.9373601634680102,-2.013680315353524
H. Hyseni,ST,-0.9295812448168695,-0.6212159642256901
N. D'Agostino,ST,-1.2678671475885077,-1.5322542423495242
M. Jeahze,LB,0.06147339612981405,0.1321144249424503
N. Gallardo,LB,-0.37477704413067975,0.5218058615377811
C. Trejo,ST,-1.4074804609621752,-2.4788197833413967
S. High,CM,-1.2356905505142366,-1.3400123099454981
L. Maniero,CM,-0.15715222001482324,-0.24862012008375295
M. Obiero,ST,-1.4898951249513053,-1.8702698090867338
C. Maycock,CDM,0.053148903150650094,0.30560018793256516
T. Attis,ST,-1.195748603058249,-1.4566911245456629
A. Tecpanécatl,RW,-1.0157280496008263,-2.0791221455076654
M. Talbi,CB,-1.7638281859402993,1.3349819017049713
E. Herrera,LB,0.46420322588984125,-0.5546428851574422
J. Veyna,CDM,-0.12271849797377175,0.7103595673947563
M. Reinthaler,CM,-0.047867978085665015,1.3733755107365255
R. Benz,GK,-5.780455725721124,0.3427341828933537
R. Fitzsimons,GK,-5.291271677369871,0.18933045785285657
L. Desmond,LCB,0.06908581553225406,0.828973713256242
N. Strunck,CM,0.07596423538155109,-0.39222795113049175
H. Arellano,CB,-0.5175448770220333,0.850767388684257
M. Sevimler,ST,-1.5889009188475751,-2.343935492375187
D. Becker,CM,-0.02392478213981677,-0.4527782440673932
Kim Jung Ho,CB,-0.9174097410718681,1.1190311961111286
B. Barclay,CB,-2.099763998368304,1.4139211220595824
H. Marcelin,CB,-1.5043253836852555,2.0703537750162297
M. Jørgensen,ST,-0.934624572966123,-2.1200220872010123
M. Beeney,GK,-5.173343474991002,0.7402814781788594
R. Alm,RW,-0.03782606547294412,-1.4273228561486253
A. Bakir,RM,-1.0763191578049476,-1.7764573020729582
M. Bassouamina,LW,-1.072897329367168,-2.4539216954140586
S. Bose,LB,-0.6432277438447603,1.4209643407016566
Maikel,CAM,0.096743437705991,-0.4905222738245566
J. Urzúa,RCM,-0.7645433602140191,-1.2406825571044633
B. Wiles,CAM,-0.2542874707552186,-0.879103107248474
Park Ji Soo,LB,0.19234012266440875,0.5879867796611186
D. Liszka,LM,-0.4230405376214638,-0.7141482543574142
M. Kumbulla,CB,-1.187465017592878,1.329359273462241
Cao Ziheng,ST,-0.20150206224122,-1.072450831124875
Zhang Huachen,CDM,0.014818811009665757,0.23479226992985563
C. Okoroji,LB,-0.6037583288327931,0.4773634481927289
S. Wamangituka,ST,-1.0588395537375246,-1.4492833377185965
R. Way,LB,0.0994340381285069,0.8053982513220769
Y. Takeoka,RB,-0.1834247645390632,0.5261103168751408
P. Marie,RB,-0.17712219588005157,-0.03157276023509121
M. Trovato,RW,-0.11536161309909858,-1.3236611917998526
Y. Urra,GK,-5.584244272931823,0.2349607800878787
A. Beestin,ST,-0.0015493919409416976,-0.8198251411213027
S. Kowalczyk,RM,-0.40676426397984244,-2.404153298636338
Zhang Xiuwei,CDM,0.47909063163213794,-0.9656017060092766
Martín,CB,-1.265398840776199,1.2563162131811756
S. Sessegnon,RB,-0.17191647281606368,0.33020744190294143
Javi Rubio,LM,-1.1072035744891002,-1.7180301880439457
K. Lebon,LW,-0.7416694628852035,-1.723135354295914
C. Pring,LB,0.27935471162014336,0.5523953774692578
N. Ennis,ST,-0.980330302131603,-2.0721279286143366
J. Krahl,GK,-5.6400784719011705,0.47777654375199313
H. Al Qahtani,CM,-0.018074534433522624,-0.1699106847461991
J. Hardy,ST,-1.770707970703205,-2.4637293447335282
S. Córdova,RM,-0.8062201373656659,-1.9940187152670077
Q. Roberts,GK,-4.110984290670673,0.30757914954613763
Zhang Chenlong,LB,0.28664704342687136,0.1647349765931512
J. Soñora,LW,-1.4315346068148438,-2.321260594582118
A. Al Aryani,RM,-0.9918483298486404,-1.8753852833578393
S. Milewski,CDM,-0.3923118742582663,0.8273263951873734
A. Ba Masoud,LWB,0.03720750238369964,-0.03334254475227177
B. Verbong,GK,-6.378752059072866,0.07445843773035458
Ryang Yong Gi,CF,-0.21533464354052312,0.1898904428485401
S. Micolta,ST,-0.404973364142542,-1.5765635438993661
C. Huanca,ST,-1.694538341347523,-1.8027800779788377
D. Grootenhuis,LM,-0.4279569174924226,-0.6862449660222605
T. Righetti,CB,-0.550078443383339,0.887374920630502
Zhang Chong,GK,-5.514697057750342,-1.1860848927727194
G. Shaw,ST,-0.5224212847294882,-0.9528999112514484
P. Camará,LS,-1.067635620224516,-2.1203759287723227
Y. Maeda,CDM,-0.1607148624237045,0.8919913794403963
C. Galvin,LM,-0.4368007533408458,-0.8797444326654148
G. Smith,GK,-5.218630807407147,-0.03788163634729062
B. Stevenson,CAM,-0.22012084670676454,-1.257406268262655
M. Yamada,CB,-0.6452382854632477,1.4403144362568774
J. Schau,CDM,-0.01514279484457444,0.6232140667115935
D. Kelly,RM,-0.6567654266993787,-1.9999496273527135
S. Guðjohnsen,ST,-1.3285501887842694,-0.986660407188133
W. Ebane,LB,-0.6545234569760036,0.8867918380641786
Cao Yongjing,RM,0.9338186777391122,0.04249548597822481
L. Kouagba,CB,-1.4585223349698409,2.0603125220043914
T. Abraham,ST,-1.434124110593914,-1.849952583582369
Pablo Cacharrón,GK,-4.24950631205541,-0.03376719731594732
J. Rodríguez,GK,-3.9377510940595486,-0.3570207514270965
J. Doherty,LB,-0.6772601193878008,1.1432492927999394
T. Maya,LB,-0.6109399572386514,0.38669635862195273
Du Changjie,ST,-0.16289829013729662,-1.4303639280466096
J. Christensen,CM,0.189675978580498,-0.03028767505547713
J. Anthony,ST,-0.7334947706989999,-2.2438117418030044
J. Boote,CM,0.038960469802326515,-0.7259739508341594
T. Odusina,CB,-1.6933654731391186,1.521569401541337
M. Pattier,GK,-5.5660508225716265,-0.02529086890949546
J. Cobián,LM,-0.6824683065386458,-1.8509972488150637
Gao Huaze,LM,0.11844471416735937,-0.8436487023474424
D. Sugioka,LWB,-0.42611007416079066,0.7058303842402028
C. Månsson,GK,-4.783441106906082,0.6349735300532403
D. Villa,LM,-0.8210207753148137,-2.0455212221231025
R. Coughlan,ST,-0.4211922963034792,-1.8656006530403886
A. Álvarez,LB,0.5592979313821156,0.16426043994567235
A. Estupiñán,CM,0.4057923668384491,0.24111679310399134
T. Al Kaabi,CDM,-0.30793486247667523,0.7747309205990566
H. Rodgers,RB,-0.2709268063077174,1.0815238585165508
S. Shome,CM,-0.39681259480460457,-0.2622796584787837
T. Matsumoto,CM,0.1256969607987187,0.4101033887788971
M. ?nan,CM,-0.24244155307384416,-0.2147672010339257
A. Little,CM,-0.8929898239296507,-0.897295589404117
J. Brinch,RB,-0.8122724383168027,1.5966449619109
J. Osei-Tutu,RB,-0.1532802575150897,0.35644926669237353
Y. Emghames,RM,-1.0892331180332655,-2.0727065356778542
A. Björnström,LB,-0.5924201117797601,0.8667201147842271
M. Donohue,RM,-1.3535332722912983,-2.2589458154537208
M. Al Mufarrij,CB,-1.093449700299119,1.1970989398633274
D. Cornell,GK,-5.360522652112455,0.23718597397451252
T. Baller,CAM,-1.314972152821741,-1.8425708074293123
Park Kwang Il,RM,-0.9763778469446609,-1.186627829253078
Javi López,CM,-0.09666873457438127,-0.8062058182185956
M. He?a,GK,-4.1261277627118975,0.18305056419785184
Y. Al Bakr,RB,-0.3233434297137395,0.18235527946111824
A. Sebald,GK,-5.164848073417881,0.3495569499592654
A. Gomez Mancini,CAM,-0.48716901933379453,-0.5786045539921885
S. Santoro,CM,0.2859096185380816,-0.21271689003446934
A. Ba,ST,-0.6797440886285842,-1.9873187386930249
Gui Hong,ST,-0.06436492046907574,0.819288887616311
R. Lowry,CB,-1.3219751221480345,1.3560679379460066
R. Tugarev,LM,-0.45740052495383127,-1.00274308543016
F. Ourega,RW,-0.2922448898184975,-1.5820745958042943
M. Salaba,GK,-5.9606674903323045,0.1871017060357811
F. Maddaloni,GK,-6.103918447029195,-0.2993709720251041
A. Barnes,RB,0.15948780775003338,0.30392158253857926
R. Emanuelsson,GK,-5.652949545015143,0.08350897182876588
T. Robinson,LB,0.21145555102823654,-0.46741339744704513
L. O'Brien,LDM,-0.295347071698003,-0.6932268007006083
H. Evjen,RW,-0.4562007819689332,-1.9158014744422864
E. Aiwu,RCB,-0.29992223479057445,0.7824009178423083
M. Lund,RB,-0.4489993228488454,0.9002937998244127
E. Kaja,CAM,0.3416124137768655,-0.26792852905337977
A. Curry,CB,-0.9324936319828991,1.5249279593633114
P. Soko?owski,CDM,-0.04357297858392453,0.7031540789203974
A. Kaltoft,RCB,-1.7547929518653846,1.8760136019720146
E. Linthorst,CM,-0.6463983367649069,0.7787387697711375
B. Lekström,GK,-4.668586682394472,0.48820384145550705
L. Schneider,CB,0.28196383089122706,0.6484371194861797
Han Feng,GK,-3.6272896485584476,-0.14736917761916443
D. Ogawa,LM,0.6569357369239998,0.5340614643075549
F. Quiroz,RW,-1.2095994860155284,-1.7958400019157417
S. Steijn,CAM,-1.4713862260155968,-2.391755699821225
L. Ketterer,GK,-4.903578515046229,-0.48686251406513087
A. Nilsson,LB,-0.4944425877969403,0.07434496404761934
L. Perrin,CB,-1.3607294748228886,1.5618920754388996
C. Coll,LB,0.0873326403328906,0.4932840566664889
C. Camacho,RM,0.45806054487812253,0.17147310460755322
S. Sørløkk,CM,0.751203739473965,-0.14564175792900766
N. Awassi,CB,-1.115905091816962,1.633164626358838
R. Hirakawa,CM,-0.3673806650705337,-0.844858905628541
C. Cooke,ST,-1.4711398986677213,-2.183140531485969
P. van der Vlag,GK,-5.1730966857567875,0.4270837242214664
R. Borges,CDM,-0.46339741934025086,1.1659030174002114
T. Nijhuis,GK,-5.838313733771573,0.4138959105245282
L. Bogdan,CB,-1.2060468627019194,1.640230104310656
L. Wildin,RB,0.3356370668118183,0.6504509225300332
M. Lillebo,ST,-1.0768832995324067,-1.8548646916033489
R. Kim,GK,-5.511459863927066,0.5723641096308384
M. Irigoyemborde,CM,0.19675054707436546,0.14038905260407997
T. Ominami,LCB,-0.5609205383703026,1.3031490531728285
I. Angulo,LS,-0.20623759645490156,-1.625293782113406
G. Carvajal,CDM,-0.20978104042374326,0.6371815051632437
C. Akono,CF,-0.5908954980988486,-1.49614340141368
S. Pabón,GK,-5.905854933696991,-0.22260903503292936
C. Donovan,CB,-2.0217536325822287,2.02812360795093
Park Jung Ho,CB,0.23292110827558407,0.4946800654101973
R. Kehr,ST,-0.7920627159653905,-1.4907992803506052
M. Soumaré,RB,-0.4825679867836137,0.7389200451429387
S. Pirkl,CDM,-0.45596760457723895,0.3889607409548249
J. Senior,LB,-0.190894345561686,0.6638961644964281
S. Jiménez,RB,-0.3960987601539226,0.4716491917443147
T. Nagura,CAM,-1.0173963137956135,-2.203494547572819
S. Seedorf,RM,-0.8330723044645121,-1.9587373190412292
N. Böhmer,CB,-1.6192846358043311,1.4945283054742289
N. Insfrán,GK,-5.78431561265493,-0.4998232190848086
J. Barjonas,CM,-0.6563717322284321,-0.06525695799617758
L. Ntumba,GK,-5.210669708689757,0.5035594376498627
K. O'Connell,LM,-0.9658986836445326,-1.5607683465698798
M. Bird,CM,-0.476973366479052,-1.1337047988607238
B. Tozer,CB,0.32105466457962556,1.5545152004308085
M. Tokida,CB,-1.139231139735783,1.7669119669474884
V. Vanbaleghem,CM,-0.2464219273742746,0.6582752956866842
H. Hawsawi,CB,-1.3427645416106573,1.2611861656726309
B. Bashir,CDM,-0.8366661093473575,0.721864761849318
G. Volpe,GK,-6.126974681721121,0.08982144333474333
C. Manicone,ST,-1.2729773218564207,-1.6044912905995146
M. Herrera,CB,-1.516417560251429,1.3780789019148327
J. Caballero,RM,-0.08610951459308541,-0.9166108519217401
Kim Min Jun,CM,0.2211149575444258,0.7642386118232085
S. Seddon,LB,-0.9358786134627262,0.8421830543322163
M. Al Mutairi,CAM,-0.6908875146131003,-1.8165955920400594
M. Platt,CB,-1.3468353586890391,1.5524462857095462
E. Botheim,ST,-1.275262231513388,-1.9735928228734994
J. Quiñones,LCB,-1.1520675168622028,1.2206842642765912
Wang Guoming,GK,-4.322516184896969,0.2581972967730772
A. Kabashi,ST,-0.1846522867498685,-1.0290369650692213
J. Chávez,RW,-1.226864033300957,-1.955412054187024
C. Weale,GK,-4.072283319244757,0.1870091591898245
H. Abdelli,CAM,-0.36331983544791907,-0.1153082230016727
T. Golden,RB,-0.5966704270519342,0.6100006644218322
F. Godoy,CB,-1.3673399103383763,1.6662576771131876
D. Tejeda,CM,0.0068686234073306665,0.49995879232198226
M. Jay,ST,-0.6368204456686982,-2.3207807694965017
S. Woods,CB,-1.7750650150066456,1.9200388180062111
D. Diani,CDM,-0.08848171367914244,0.7891895431169021
O. Atilgan,ST,-1.0876726980027625,-1.9240692684807013
M. Al Rubaie,GK,-4.1500033205122175,0.43566082793419436
C. Fox,CB,-1.659186751964825,1.4829616277179074
B. Vera,CB,-1.8408017210809646,1.5831592927536384
L. Maloney,CDM,0.20091401178417512,0.6050634073679373
J. Pask,CB,-1.4842136209052152,1.2014492444573461
A. Errico,CF,-1.9797750832383518,-2.424431513722802
T. Moschión,CDM,-0.581592621061101,-0.08619769778672144
Y. Al Shammari,ST,-0.856548295407878,-2.2652085156088617
F. Sollacaro,GK,-5.5215833643083725,-0.4493027975992747
O. Mbaizo,RB,-0.19711206507372897,-0.03696938613144977
O. Patiño,GK,-5.9761022269793145,-0.24770106177385895
J. Arboleda,RM,-0.42395701420294646,-1.186429048849297
Wang Yaopeng,LCB,-1.4333443190164834,2.178588839433074
O. Shannon,CAM,-1.2462698470534848,-0.8449967539198249
B. Tollitt,RM,-0.45461923197125576,-1.1654200987137306
L. Kunga,LM,-1.0981484473719305,-2.029923870246003
E. Bird,CM,0.14566315743074046,-0.3954700974343899
M. Zach,GK,-5.17369969982654,-0.1006917914741654
E. Masciangelo,LB,-0.7193548687919125,0.5049374751630372
E. Mergen,ST,-1.5376288940884826,-2.3494831765063244
Y. Soma,CF,-1.2026848351497954,-2.122562312530413
N. Fiedler,LM,0.02802544012744814,-0.3195119310100585
C. Kirk,LM,-0.569601444527403,-1.4541941760923984
J. Bursztyn,GK,-5.801689343649714,0.4309809117309154
G. Poluzzi,GK,-6.345030258531819,-0.43203815858513017
J. Sullivan,LCM,-0.6035232236109286,0.9807196695065616
J. Scott,ST,-1.2061326226773832,-1.448217397372962
O. Al Saleem,LB,-0.2787057430340429,0.4130380018162354
A. Wilson,LM,-0.33782565138508924,-1.36538253712678
B. Kavanagh,LM,-1.1403760927093416,-1.2161087954419467
J. Vall,LWB,0.28462971822974303,0.030711502516256234
N. Araya,GK,-5.349331668059213,0.008466442415367514
F. Brandhof,CM,0.2513382297173255,0.25318527818504905
K. Twardek,LM,-0.035664785656339015,-0.5826997131748036
O. Ottesen,GK,-5.367694285817733,0.30357205149644756
P. O'Conor,RCM,0.22649639156995238,0.8456393453309152
Y. Zabaleta,LW,-0.015606012340095279,-0.3466146606005246
K. Stanek,ST,-1.529515851306588,-1.5978236270420216
J. McKay,ST,-1.1391113845778915,-1.0719216474152051
S. Dahlström,LCM,0.19773778483896937,0.07115514482312901
M. Isaza,ST,-0.48451702122990525,-0.5736435317539398
J. Barrett,CB,-2.262925441830543,1.5086168698540499
H. Spratt,LB,-1.031538586495849,0.8897193454124762
J. De Smet,GK,-5.840381209600148,0.9747947611043634
K. Sheppard,ST,-1.252199855700673,-1.172264247850074
M. Juárez,CDM,-0.0066728090288505374,0.7189172673157275
R. Senhadji,CB,-1.9750107196940234,1.734275186264589
F. Navarro,CM,-0.1609750286913047,-0.485487984410893
K. Lynch,LWB,-0.39819747502341324,0.31562725088562693
M. Ranmark,GK,-5.966405753178465,0.33082740129303334
K. Flanagan,CAM,-1.4319055471119098,-0.7776115580020393
H. Yalç?ntekin,CM,-0.09205193609665396,-0.0915154462543921
J. Rondeel,GK,-4.391529614461742,-0.3555150147135684
A. Al Qahtani,RM,-1.123923092689537,-1.9384804546387553
M. Djitté,ST,-0.7833145440243184,-2.231774392099136
Lu Yao,LWB,0.3503561776773463,1.0333533835852782
J. Montgomery,GK,-4.280434509781489,-0.35325836863711974
T. Bakinson,RCM,0.29883876816347893,0.17228635212077284
M. Lenes,GK,-5.569146747671362,-0.20678419664570535
J. Jiménez,ST,-0.988577353874637,-1.6900679451429839
Yan Peng,ST,-0.8943945824979014,-1.611918225259875
J. Oswell,ST,-1.334567429616817,-1.0848526175578814
I. Domínguez,RB,-0.6921625247363666,0.3810441475927743
J. Debrah,CB,-1.0287166404315893,1.4355845136630554
R. Bennett,ST,-1.1417432602985682,-0.9182036378195867
L. Coordes,LM,-0.9762682863619448,-2.1472841078358273
B. Avramovic,LB,-0.7513644173375988,0.6395697929214527
O. Younger,CB,-2.586116164486919,1.5207390764189366
I. Jönsson,RCB,-1.3399838790890355,1.731271234924369
R. Musaba,CAM,-0.18924199753351226,-1.583530628267351
J. Requena,CM,-0.14520799511411725,-0.11295802990970154
C. Kenna,RCB,-1.9889226386703531,1.5762963382220985
Altamirano,LW,-1.4611807474902563,-1.812013201071488
N. Amamoo,ST,-0.5096871547568178,-1.2538303608545789
S. Graham,CB,-1.049098267745945,1.19639475900728
Choi Young Eun,GK,-6.112169242043808,0.5468378279649808
L. Bilboe,GK,-5.3434310348333405,0.1912910841290529
C. Velásquez,LM,-0.592566221772656,-0.8066225125273817
A. Semenyo,ST,-1.3222206067572309,-2.00143477130969
M. Dembélé,CB,-1.1582250631363213,1.1988619180382674
L. White,LM,-0.5586824001422337,-2.059702870549605
N. Leemhuis,CM,-0.4376675747507739,-0.5453062789132916
P. Boevink,GK,-5.851291409778334,0.44568243432256227
C. Whelan,RB,-0.5844409750071282,0.6671603681671961
T. Dele-Bashiru,CM,0.24333201498770354,-0.15624200390844356
R. Rosenqvist,CM,-0.5110567157851073,-0.6595486055730674
D. Genreau,RM,-0.7465188892580431,-1.5296509237952498
J. Tabinas,LB,-0.5466673521191309,0.9920505175590127
J. Hope,CM,-0.16474212781248707,-0.5025615115791117
R. Takahashi,LB,-0.6322009446416812,0.2677926738742533
P. Harant,ST,-1.4306436296259852,-1.0019976074369799
M. Trejo,RB,-1.0266457382555199,0.5730765044306599
R. Henry,RB,-0.8301068475581302,1.7970422081843525
J. Chávez,RM,-1.0614092009185838,-1.8538209016941003
L. Brüggemeier,GK,-5.4397700775783235,0.20181554101229773
M. Al Haeti,GK,-5.476273874192558,-0.6677878136542795
N. Djouahra,CAM,-1.1072151484717536,-1.8426744685890517
A. Hartigan,CM,0.14946522279155747,-0.33438681045259966
V. Glaentzlin,ST,-1.3033285036490139,-1.895446300510431
J. Kitolano,LCM,0.3660097461048291,-0.4626884552410675
M. Lacroix,CB,-1.6494480089371188,1.7531753674323425
Y. Khormi,CAM,-0.09675166371811648,-0.8101486654221175
F. Moreno,CM,-0.39647545836158893,0.17300143365922424
A. Campion,ST,-1.4459196862385317,-0.6980087008952199
Y. Andzouana,LM,-1.6184211801455033,-2.21651130829348
J. Mahon,RCB,-0.5757325433894723,0.9272920004684384
O. Yaman,LM,-0.9518838617789128,-2.057427596356532
A. Simpson,LB,-0.3416279364561117,0.06663620025660343
Li Yingjian,RM,-0.9258692019884196,-1.8489034839841088
U. Yaz??l?,CB,-1.711280083251529,1.5819177292565374
F. Kelleher,RCB,-2.3164129930485027,1.6558041872587512
O. Krusnell,LB,-0.16765289299225503,0.12433737703400083
Y. Otto,ST,-1.7265053313865106,-2.1517663137770042
B. Fleming,LB,-0.41604829682643985,0.15096007264426636
L. Bürger,CDM,-0.6787377309403094,0.9247898201377099
Sun Le,GK,-4.390463752076242,0.04358272001303266
A. Bass,GK,-4.204608646322535,0.04625215935260027
Y. Dieudonne,ST,-1.0908482551936884,-1.9639122275457164
J. Graham,ST,-0.4550187322609247,-1.376752533066645
A. Wolniewicz,RB,-0.25213783393801775,1.1531455325092803
D. Lavercombe,GK,-5.7375520554418395,-0.8780422565053538
S. Osorio,CAM,-0.4181647185208604,-0.13642500679385658
B. Cam,CF,-0.41408556907327165,-1.6246169830995398
R. Donelon,LB,-0.11614549935483612,0.33718278302739785
C. Fogacci,GK,-5.909401095929615,-0.069519488213167
C. Fermina,ST,-1.2814717229361083,-2.568072370705316
T. Vancooten,CB,-1.2160202315024875,1.2906644466058599
R. El Hankouri,CAM,-1.1762483002147648,-1.7902790044506098
R. Suzuki,GK,-5.287335334331329,0.5268167925899305
O. Özdemir,RB,-0.2355665720681563,0.7682615457500839
R. Cretaro,ST,-1.8580956466036274,-2.0415313012311116
M. Halstead,GK,-4.845120037308465,0.11736248189853331
R. Schofield,GK,-5.661218192155464,-0.3818562282183537
S. Härtel,LM,-0.2287887274196418,-0.4038758915880603
T. Trueba,GK,-5.394842744987976,-0.19624345087098252
A. Obaid,LM,-1.472991452882081,-2.6154220046466676
A. Coote,CAM,-0.778369740964226,-1.6901552661706896
R. Solan,ST,-1.5447241622812904,-2.5847834746065805
Chen Anqi,GK,-4.27866005685413,-0.46828804820236924
D. Turnbull,CAM,-0.2380430181324093,-0.415865536881971
A. Edqvist,RM,-0.4733597098044504,-1.6612448744268218
S. Al Selouli,LM,-0.8486011782064365,-1.2708275147768902
E. Ngwatala,LM,-0.829143763556808,-0.6687996819924602
A. Samuel,ST,-0.4084147185815765,-2.287711572864642
H. Gilmour,CM,-0.04610253464054747,-1.135989179247667
M. Ruiz Díaz,RB,-0.00025395252183484687,0.6350096903490199
M. M?y?ski,CAM,-0.17313503516340337,-0.23914513836458468
Morro,GK,-5.71346722891879,0.19250708551866552
D. O'Connor,RM,-0.31077410738671335,-0.7312132551737639
M. Johnstone,GK,-5.53939154136506,0.016219258924441777
N. Cadden,RM,-0.9870892658664995,-2.5652458939729152
Y. Toure,ST,-1.1589864330033075,-1.7623030888814015
N. Bishop,GK,-5.844703106762546,-0.1917375969102987
L. Martínez,RB,-0.3155352501554574,0.8281505214299641
L. John,CB,-1.7159293195850547,1.8550044429169166
Sun Jungang,RM,-0.8376838241966476,-1.4826595170265873
M. Al Mutlaq,RB,-0.11180238115206592,0.18990188278232192
A. Suljic,CB,-1.4133821974611687,1.2584703979095186
I. Tapia,CB,-1.2445260432880456,1.4587168419288319
J. Eastwood,GK,-5.1124220413463135,0.013914754616637603
J. Brimmer,CM,0.13181258989752595,-0.3786870703794369
S. Grønning,ST,-1.1688036468219134,-1.929102838257763
D. Williams,ST,-1.1027942214536122,-1.5411109138273575
A. Díaz,RW,-0.6664175243471758,-2.639502764899218
B. Chibani,CM,-0.4114350901896634,-1.0048040702882646
L. Ranieri,LB,-1.001171812859925,0.6855708164902226
A. Laurienté,CAM,-1.2655052380039287,-1.9592595930210024
J. Meneses,GK,-5.666605739554188,0.5452087597629948
T. Ogiwara,LB,0.17768253270898565,0.49200538677474864
K. Ellison,LM,-0.4339414656216133,0.39967293310710483
E. Bohinen,CM,-0.23560387340380595,-0.19178245086406237
A. Fletcher,ST,-1.2374342295067167,-2.068535706905468
M. Najjar,CM,-0.2137386350165397,-0.680324389887217
E. Zehir,CDM,-0.5183008138208709,0.7522619953181442
Zeng Shuai,CB,-1.0745176282960034,1.494735499045544
R. Laryea,RM,0.07929531666027462,-1.1548611173166223
M. Sip?ak,LB,-0.657077060614705,1.4942495230585378
M. Miller,RM,-1.3668331798200264,-2.1065211865173374
O. Johansson,LM,-0.6668025391463993,-1.4297424684450646
A. Mondal,CB,-1.9246997076194663,2.081654321444063
Z. Westbrooke,CM,-0.5508691462018397,-1.092027421985227
K. Pagliuca,ST,-0.793613473539515,-2.1634447398313124
B. Hall,CB,-1.1523464458508277,1.4823750681292138
M. Köbbing,GK,-5.251728129739566,0.08392529279701577
E. Chapman,CM,0.34765204083324724,-0.1594664546393768
L. Orellano,LW,-0.7924257092347448,-1.51840791544031
R. Harker,ST,-1.3845551401085958,-1.4227108080571083
L. Rogerson,ST,0.21664938524063404,-0.8605800156998108
L. Thomas,GK,-5.137526320673453,-0.6084170725329135
P. Sander,LM,-0.9400113265554677,-1.305019646671783
J. Jensen,GK,-4.991485977104126,0.04555031652918766
Jiang Wenjun,LB,-0.12493786627715867,1.3094080697419528
A. Alibekov,CDM,-0.359046297102057,-0.5362046232316559
N. Giraldo,LB,0.3769881961288812,-0.014521775584293739
J. Mashart,LB,-0.8512790210794746,-0.36964060567161633
D. Casey,CB,-0.8383065317970181,1.3540731321557213
C. Norman,RB,-0.5829210601556779,0.9061936328247255
N. Lemaître,GK,-5.137209419373138,-0.9235731523090287
F. Ross,CM,-0.3055972207967543,-0.2601015384057777
O. Kakay,RB,-0.5520493520692935,0.4527308292252736
D. Leahy,LB,-0.3724652541413527,0.4531733408185073
R. Sottil,LW,-0.7333835310730977,-1.8817537137333598
Li Haitao,GK,-5.850936158247676,0.45583896497371196
R. Allassani,LM,-0.6541761888608159,-1.8133444707252593
D. Conroy,CB,-1.3249167626262517,1.7050322460586125
F. Zorba,LB,-0.8235983683780556,1.5412818276358844
T. Blackmon,RB,0.19258279603823483,0.4838585873577102
T. Arndal,LM,-0.8654297492436951,-1.5224203233064342
M. Al Sufyani,LM,-1.2533791220175083,-2.2777723451975938
B. Liddle,CM,-0.37552605008901846,0.08750695840771802
C. Oliver,CB,-1.2145945223284205,1.4150018451585094
N. Kariri,RB,-0.3997689207171539,-0.19822722209288648
Xiang Hantian,RM,0.33416758604096225,-0.19731858788950632
Lee Gyu Seong,CAM,-0.13839670674100948,-0.5635830020347059
R. de Vos,CM,-0.14546952867621907,-0.13303689152051373
M. Wasielewski,RB,-0.5008960450928714,1.2490754638081798
N. Simon,CM,-0.4086909419616898,-0.09321933536202393
N. Kirk,RB,0.1969728030060898,-0.15990751757471028
S. Al Najrani,RM,-0.5578498898094157,-0.622880111839021
A. Attiah,GK,-6.170080403029925,0.023856448135846104
K. Ademi,ST,-0.7276427561736474,-0.42581077276243434
C. Gallego,LB,-0.39877606058644666,1.420902633882343
Zhou Dadi,LM,-0.1794558945984108,-0.36611999848513593
D. Adshead,CM,-0.03963351903802357,-0.7637208444162125
J. Adelson,RB,0.1659590298758945,0.737880081960459
C. Brown,GK,-5.107440844050706,0.4484009171108269
S. Bouzar,CB,-0.7368248154449133,0.6152946269315694
J. Curran,RM,0.3266631175297327,0.19344284487733404
M. Lansing,GK,-3.788853455990455,0.0957854675896395
D. Cayupil,LB,-0.6206326361489781,0.8627287547551352
O. Mireles,CB,-0.8027936023628945,0.6856181802078372
O. Valakari,CAM,-0.38500267116241343,-0.16052974994282485
B. Stillhart,LCM,-0.607823783745613,-0.348475687178887
R. Holden,CAM,-0.71635972219223,-1.8979010740341846
D. Salanovic,RM,-1.0156579772316991,-2.263110375497946
Pol Lozano,CM,-0.8316385450465295,-0.9413189027999723
S. Todd,CB,-1.1903041069989675,1.4960650114551897
A. Ordagi?,CM,0.07228348230830503,-0.1811762925878928
C. Evans,CM,0.2896631594503796,0.2638576981792074
O. Buur Rasmussen,RWB,-0.2159930269804885,-0.3186936385070464
J. Krasniqi,RB,-0.47695282342527073,0.9509050595888665
C. Libertiaux,GK,-6.07109442683193,0.23497320513338932
L. Migliorelli,LB,-0.08554916759474675,0.2686826797043185
M. Millar,RWB,1.222570320970492,-0.38532223391650294
K. Kitamoto,CB,-3.080634817879066,1.8303713804624382
Su Yuanjie,ST,-1.2121103157720587,-2.2689612927430254
M. Mejlstrup Pedersen,CM,0.3134517086090305,-0.0258673480478899
K. Gordon,RM,-0.2580730343629395,-1.5274447325729998
A. Bay?nd?r,GK,-5.662163135768058,0.26881125207480144
N. Helmbrecht,RM,-0.9475165989399496,-1.4314146354612585
J. Theissen,GK,-5.6317196370211215,0.3740658931013558
O. Tejeda,LM,-0.5775688831979049,-0.467724301960315
D. Mottley-Henry,RM,-1.0287577800788696,-2.336357862669627
J. Hernandez,CAM,-0.6055791651418315,-1.79844799523512
S. Villarreal,RB,-0.6052803744981847,-0.11796684735256431
S. Al Nabit,LM,-1.0602053977197696,-2.750451520029247
B. Folami,ST,-1.6064717097414993,-3.0086511569007137
K. Castañeda,LM,-0.7053496054687768,-1.5181962730821559
A. Ghareeb,RS,-0.9262471484480663,-2.282953770494572
I. Jasarevic,LB,-0.395851598062301,1.0255742713312206
C. Vernam,RS,-0.6525273937684778,-2.1901411916529323
Lee Rae Joon,ST,0.2455654865252513,-0.22670443989154163
B. Taz,CAM,-1.4629960751951332,-2.1567436182527513
T. Mizutani,RM,-0.9682826285053799,-1.5610230497964328
B. Dione,ST,-1.4663115251860352,-2.387278663719049
K. Al Shuwayie,CB,-0.7604435870512171,0.872836968063509
A. Ramírez,LW,-0.5881793305253726,-1.903827293869019
K. Kova?evi?,ST,-1.6738433781738185,-1.0954765130847608
E. Sivertsen,LB,-0.638211252571918,1.2983343689122637
L. Ritson,CB,-1.131763596756462,0.42279628403953384
G. Berggren,CM,-0.03122441836405924,1.0631490707555598
J. Oksanen,CDM,-0.1614917271601887,-0.19313537741770154
D. Parker,ST,-0.8275951093495939,-2.1485422562734797
C. Mafoumbi,GK,-4.679715970600642,0.13282566234594895
A. Bolger,CM,-0.5350758156380395,-1.7964620533292635
A. Al Basisi,GK,-4.346726266201331,0.5680929350471015
B. Fox,CM,0.09155011470909283,-0.19383536130622145
E. Kastrati,GK,-5.516378052090633,-0.49885486281060637
M. Al Rashidi,RB,-0.17320978781204246,0.19947733137033866
Kim Woo Suk,CB,-1.181786816912892,1.5654153543301672
M. Radecki,CM,0.5030272147234549,0.12385436471348457
O. Jackson,CB,-1.3892889306837553,1.4115242226364413
C. Thompson,ST,-1.1777769710732173,-1.8072860259911092
J. Shackleton,CM,0.6401907852944435,-0.21266765465938584
T. Sibbick,CB,0.02761034919935647,0.7118511548103659
K. Oldenburger,RM,-1.243270877913644,-1.6342146540711107
M. Lema,RM,-1.1012803090407313,-2.216014698320038
A. Al Riou,LB,-0.5600292586040836,0.7829636688720946
N. Cordero,ST,-0.9966913658897639,-1.950793811509041
J. Rodríguez,CM,-0.13297801660273842,-0.6040454380329175
H. Abu Sharara,RM,-1.5290564978823349,-2.4268063439835132
B. Hussein,CM,0.09253584082776617,-0.12407550560453566
H. Pernía,CB,-1.7056183299652268,1.7115231161871483
V. Ekani,CM,0.5233548525230461,0.6728551592736579
L. Gordon,CB,-2.2837386602553895,1.9944206135842253
V. Karaku?,GK,-5.366301601232109,0.34352979171958997
M. Al Zubaidi,LB,-0.3182180988433125,0.4526480583274913
A. Al Bishi,CB,-1.8716889108422767,1.4507435824979367
R. Lloyd,LM,-0.810951325881166,-1.4318543372149264
G. Siadas,LB,-0.550701329608666,0.34624744821456355
M. Asiri,GK,-4.891531802527835,-0.374396915653076
S. Coly,ST,-1.2634350984942069,-2.0186348141687924
C. Coventry,CM,-0.5468296436335217,-0.5161316959952355
J. Ponceau,CAM,-0.33573487385936746,-1.2433115816589242
R. Noda,RM,-0.33886049884884323,-0.5503252839822612
Qiu Shengjiong,GK,-5.066082080510725,0.9857098061747335
M. Al Haidari,GK,-5.52793187574376,-0.01421997329572485
K. Stamatopoulos,GK,-4.456397240548315,0.5800090582772576
Y. Lenze,GK,-4.945903559828751,-0.5092477597800327
F. Chenkam,ST,-0.940600754869072,-2.0280431345482506
R. Edmondson,ST,-1.7023054546237635,-1.1719222942948277
M. Klass,CM,-0.07474616338820908,-0.4871548565772493
J. Vom Steeg,GK,-5.4474713514517,0.34705234026852827
E. Palacios,RB,0.04302845257295924,0.3743241336055099
Kim Joon Beom,LM,0.12011804427254,-0.1544960646691753
A. Campbell,RM,-0.8198683650893852,-2.0805448250674052
H. Pritchard,LM,-0.8727681755046495,-1.7219125957090176
K. Engbers,CB,-0.8061993926734067,1.564740014049075
K. Wootton,ST,-1.3394681071552397,-1.0356751523609529
U. Türker,CM,-0.4081969030905757,-0.03014025457673319
L. Malicsek,RCM,-0.16649257612573468,0.7319451361207511
K. da Graca,CB,-1.1037359737251418,1.660359633598054
B. Maguire,CB,-1.9813837720279814,1.771053351710108
J. Padilla,RW,-1.738075503168801,-2.2374703859834613
I. Shinozuka,RM,-1.1416662560250779,-2.26019336140642
S. Palma,CB,-2.2186951478975017,1.8912382278923392
C. Crane,LB,-0.5676492077323538,0.3032628485474346
A. Rizzo,LW,-0.38953603139005644,-0.6713980487077427
D. Lyness,GK,-4.867600983752667,-0.485779197384057
J. Holldack,CDM,0.3799216545865773,0.4865374442532629
A. Goelzer,LB,-0.33595555690344503,0.8016764473932539
A. Mironov,CM,-0.29725559275128494,0.37206382054128223
G. Gbellé,CM,0.1532543524157162,0.22265844519268466
T. Abrahams,ST,-1.0567985314737782,-2.133343429068017
S. Ben Amar,ST,-1.0562339604286792,-1.5987935401447753
M. Gillam,ST,-0.692504332063172,-2.2549287120112207
F. Kaya,ST,-1.6310084857363438,-1.9594059687589453
J. Zea,ST,-1.3681804992673343,-2.2569558182991636
D. Spence,RB,-0.6370158292656122,0.36595561873226684
I. Turner,RM,-0.25627033265658156,-0.37683872358487924
Cong Zhen,CM,-0.1440334494524704,0.2687765945060734
M. Norman,GK,-5.897400058815025,0.39680463235960367
E. Mahmutovic,CB,-1.8527668628168474,1.9185989153321492
Vasco Paciência,ST,-1.6007743852888412,-2.182761443915762
F. Akammadu,ST,-1.5205514431217386,-1.8000105456429691
S. Shotton,CB,-1.881234449579111,1.7735984784020944
A. Hindi,CB,-1.7930343260881076,1.653135732523712
C. Nicell,CM,-0.1228664681067592,-0.1409067998738264
J. Truque,GK,-5.988670667287503,-0.6578348142409134
H. Douglas,CB,-1.0376930105068354,0.858938256820635
S. Dieng,GK,-5.453290779252603,0.004957316990746897
A. Adetula,LW,-0.7697545593889998,-1.8696699571569761
B. Alférez,CB,-1.172648823935496,1.0988488566585517
D. Mitov,GK,-4.324016558969586,-0.2996712582154457
M. Galé,CDM,-0.36668491920960516,0.920159936278647
R. Harvey,RM,-0.5286507712699325,-1.9238353070126397
J. McMillan,LB,-0.7303117663491207,1.313819128309883
H. Clifton,LCM,0.44645035956644163,0.07085446258268609
T. Heward-Belle,GK,-5.693818601426796,0.15055807547763161
S. Long,RB,-0.8965590601920426,1.190576370369417
J. Simonsen,RB,0.007954448958685278,-0.6987710204413184
P. Sánchez,CM,-0.5556785408309947,-1.9194159522086451
A. Høvenhoff,CM,0.31688131725113816,0.4949400794557668
R. Koot,GK,-6.274297944061176,0.011534772822796427
J. Pourtau,GK,-6.218736994947555,0.3160471678693016
D. Mushitu,ST,-1.0471184792112895,-1.4648615514602292
M. Berisha,CF,-1.1115369197893117,-1.6472125074132982
M. Harris,ST,-0.011001813333428371,-0.9069863239819286
Gao Tianyi,CDM,-0.23423088357247115,1.0443401531931058
J. Al Dossary,LB,-1.1315364281203557,1.3877349224774458
L. Seydoux,RB,-0.7724846229372887,0.2794450825100951
D. Mena,RM,-0.2424980459370763,-0.29824582904734315
A. Medina,CM,-0.8707037349254523,0.5814130628370732
O. O'Dwyer,CB,-2.53739462793537,2.373967612083734
M. Parada,CAM,-0.7976928679254724,-1.625588360021969
Jo Yong Jae,RW,-1.1957468703599745,-2.0453414858384495
M. Wolff,GK,-5.970966587760966,0.3304287022343141
B. Lucumí,RM,0.028678988174029193,0.07319105420378769
O. Kensdale,CB,-1.4442060522694062,1.6796641733465048
K. Szyma?ski,GK,-5.431238281205794,0.6364732217791054
L. Hardcastle,CM,-0.012258083778464128,0.6006682089846619
O. Malc?,CDM,-0.8384404634473547,0.246790943557619
H. Al Yami,ST,-1.2597566955986967,-2.5527964219107258
M. Or?owski,RB,-0.87178793870807,0.9376663243575426
J. Ferry,CM,-0.4879246016017105,-0.9637428093186918
S. Janssen,CM,-0.1642063820559004,-0.3909655652781199
M. Catenacci,RB,-0.2492675380646112,0.5496758144173512
B. Kennedy,GK,-5.052604769886564,-0.04786849578735368
M. Guel,RW,-1.0313720837181743,-2.3607701366947156
T. Rönning,GK,-5.761840420108095,0.19533611015558164
A. Jerez,GK,-4.3043934090249225,-0.4872954185330049
M. Pedersen,RM,-0.631479017465631,-1.8691499923873152
K. Politz,CB,-1.791324091147448,1.5967873296224444
A. Grinwis,GK,-5.840622756927463,0.18248773810533597
K. Shiihashi,RCM,-0.19080155588965048,0.9236477297005459
M. Layer,GK,-5.966896349975826,0.3756143865844027
M. Grundmann,CB,-1.9206017837375238,1.7717716060960813
W. Biedrzycki,CDM,-0.46055640545513704,0.2691221725085508
D. Szczepan,ST,-1.6505013544490135,-1.1832889299527793
D. Baur,CB,-1.6558348457237335,1.719262599736908
C. Lang,RM,-0.8165903278470902,-2.4316886855943487
C. Ariza,GK,-5.923180775177424,0.09436456513847749
S. Amin,CM,-0.6188528721461046,-0.7787239987883264
D. Hutchinson,CDM,-0.7892034408899149,0.8150770238512188
Y. Ben El-Mhanni,LM,-1.5763101952535539,-2.433428282862737
H. Isted,GK,-5.090807922531399,-0.3048407135701613
O. Yilmaz,ST,-1.7619932073925706,-0.9102810663733255
R. Caicedo,GK,-5.813457285718661,0.13615037535564292
G. K?m???r,CB,-1.6410236481740412,0.5779258838094437
R. Watson,CM,-0.6035546209610698,-0.1663648366008819
V. Viot,GK,-4.43801610807978,0.06135232975291687
Z. Al Haniti,CB,-2.3266380437722534,1.8224801696903
N. Abdali,ST,-1.318220907071122,-2.5514300569552937
S. McWilliams,RB,0.1178834782645856,-0.22892734933780043
T. Roberts,CAM,-0.7717336537184664,-1.169162095023116
J. McDonagh,RM,-0.34976369615644193,-1.3874708603890729
D. Malhue,RW,-0.8059873372933903,-1.3688320497874251
A. Koldere,LB,-0.6595325875881317,0.15091514954578525
D. Stynes,CAM,-1.1667861123136514,-0.7706538366049278
M. Kos,GK,-5.399629370856497,-0.11522776336186574
F. Baptiste,ST,-1.3227190022374433,-2.753865140648978
Jeong Chee In,LW,-1.0215846175483816,-1.9152252836124108
K. Watts,CB,-0.14167783523193928,0.3443837908328696
J. Lennon,LDM,-0.2845633363135932,-0.08803199640575275
H. Duman,CM,0.13299746070850593,-0.33397470608445756
N. Anhölcher,ST,-0.8563661055955326,-1.6847730574200503
J. Stenmark,CB,-0.8584601610850956,1.1575649355950204
S. Belkahia,CB,-1.3195868101033579,1.2798341143802807
C. Tovar,CB,-1.6765476966244164,1.2378549718355827
C. Goslin,CM,-0.6999709295602884,-0.8257961332316968
B. Stephens,CAM,-1.2348240274356979,-3.037105881711115
Y. Requena,RM,-0.8575539373051515,-1.8590216852207633
K. Cantwell,CB,-1.108735724458447,1.460864205500839
S. Lavelle,LCB,-1.8805129547452475,1.846769292131247
M. Rodrigues,RCB,-2.243273951477626,1.7042405979116004
Javito,RB,-0.5969111840582636,0.2840252167114354
W. Jakkit,RM,-0.710524049893845,-1.8490969271037467
H. St Clair,LW,-1.2799599097547179,-2.258073246469986
S. Grønli,CF,-1.3905358521414468,-2.927921704478514
P. Jensen,GK,-5.665388562089801,-0.30257043660568617
A. Hinds,LB,-0.3324602555696972,0.2023458005585053
F. Al Rashidi,RM,-1.1606122353861161,-1.398810246276116
A. Ávila,LM,0.10969160256724682,-0.09458668911401077
M. Lis,GK,-5.763939708302769,0.0003124918160799304
S. Kawamata,GK,-5.410574580401797,-0.7074761350345278
A. Nsakala,RB,-1.131243976384117,0.23926332863122446
B. Hernández,LB,-1.261858887310689,0.5454328758944167
C. Carroll,CB,-0.8443689770073122,0.7884342636972382
D. Takahashi,ST,-1.490423577950057,-2.8377585419956883
L. Brand,GK,-6.003919058309977,-0.4561597349648304
Liu Yang,LM,-0.5304838313479192,-0.9855068433657139
Y. Zummack,GK,-5.360610918015624,0.3208098012093509
R. Feely,RCB,-0.1447591846102975,0.545729882288183
J. Hove,CM,0.11559539883741897,-0.41921087382560174
T. Deters,CM,-0.08426181859685239,0.2981985045148319
H. Bellman,LM,-0.9583036057166526,-1.1657229592623082
Marc Vito,GK,-6.203335080967254,-0.6822191698479341
C. MacPherson,CM,-0.007196949081730506,0.3638110840047691
C. Rojas,ST,-1.2974665504344443,-2.028902196046173
A. Cvetkovic,RB,-0.5261084421393349,1.4031536593006586
R. Okazaki,CB,-1.5594697695513506,1.6342431888134017
R. Wintle,LCM,-0.11385400820093991,-0.6970153142755228
M. Smith,CDM,-0.4237417831090699,0.4255454744914998
J. Rees,CM,-0.37695645521402416,-1.0228585949197926
K. Ogi,GK,-6.069245120894324,-0.2949751832283613
Álvaro Gómez,CM,-0.6251899538009744,0.41822576110743886
T. Makowski,CM,0.15901463683180533,-0.009384063335799714
C. Sickinger,CDM,-0.45628611166419547,0.2858811740468137
A. Al Bahri,GK,-5.695356995028328,-0.20522670141912525
K. Dybowski,GK,-5.318985504488801,0.46855541376774634
T. Vermot,GK,-6.031996161766201,0.07379441095754755
Darío Ramos,GK,-5.806426710645355,0.08938072154093805
R. Escobar,ST,-1.5397462679356755,-2.5945882335395845
M. Ogkmpoe,ST,-1.6701345703572488,-2.387093876312524
N. Pejovi?,CB,-1.847257070546361,1.7228397028715094
J. Lokilo,RM,-0.6671340658039273,-1.868141756679348
Wang Ziming,ST,-1.0933594734059087,-1.14349773173138
T. O'Neill,ST,-1.8989205635508082,-1.675363443161414
C. Waters,LB,-0.7882900809445734,0.3257125478234851
J. Williams,RB,-0.8368423825567725,0.5705969981875854
K. Mendoza,GK,-4.94530907716684,-0.04087417463438827
Pedrosa,ST,-1.5051382690972837,-1.5236956374327844
F. Becker,CM,-0.4887063457573465,-1.2637088326909143
J. Brown,RM,-0.9408899565767361,-1.9479161576842137
M. Bulka,GK,-5.784205960457594,0.582756486471616
R. Deprem,LW,-1.0734856313578185,-1.9603917403651299
H. Al Watyan,GK,-4.603448072193188,0.6116254764545034
I. Samba,RB,-0.3152666458927411,0.42831481330135873
S. Ta?a,CM,-0.6222485778769433,-0.4402834565329611
J. Castillo,LW,-1.2767158864121169,-2.35133633978531
O. ?ahin,LM,-1.2959645780594709,-1.243190003609466
A. Cháves,CM,-0.19920141359216945,-0.0824174055328252
H. Campbell,GK,-4.182187429860428,0.01827904565787771
F. Myhre,CDM,-0.9380461061352593,0.7325049935367164
I. Sauter,CB,-0.4753351204150169,0.9372952914233446
M. Castaño,CAM,-1.1235391288023722,-1.5797729925698034
L. Ureta,GK,-4.520285370384338,-0.29008942723118164
J. Ceesay,RM,-0.383937659469309,-0.9931563055484133
J. Fischer,CM,-0.7311404544154594,-1.5523789022742251
D. Paw?owski,RB,-0.10339137104229026,-0.2859702112979268
J. Ball,CM,0.3011247323883428,0.16506799226184227
M. Shinada,CM,-0.6988911159724086,-0.6509188627242647
C. Lyon,GK,-4.228466452715458,0.8129418312954118
Li Siqi,CM,0.03272011111519764,0.49005888229230304
G. Pender,LS,-1.8699516569985344,-1.2174751190167659
E. Crona,ST,-1.4331973586679634,-1.6331321922723632
M. Idzik,ST,-1.2403496301083639,-1.57520045414376
L. Gelzleichter,ST,-2.2394173989966895,-2.269781533999232
S. Kulenovi?,ST,-1.2026226529973654,-2.6258626757721926
J. Talbot,GK,-4.634032620651491,0.23291530166836613
J. Hallam,ST,-1.440098143809857,-2.8261631347675915
J. Olufsen,LW,-0.8284900484215572,-2.1543397592806928
N. Al Harthi,RM,-1.2527409600978898,-2.273361564123754
J. Thompson,CB,-0.7374622187095378,0.5215827564340786
Long Wei,CB,-0.17481599964470407,0.7799263865580336
J. Valdeblánquez,RM,-0.3475479171436672,-0.48099883659498355
C. Núñez,CDM,-0.9879029371868727,-0.17920143177213005
S. Mallon,LM,-0.29707470937375946,-0.9672839226696945
D. Tomii,GK,-5.891256289162831,-0.09908364797177971
K. Suzuki,ST,-1.4433462332930487,-0.6790565632763939
M. Sopo?ko,CAM,0.11416070785043972,-0.6963641982543252
O. Al Suhaymi,CDM,-0.34562967872091593,0.385815816149211
D. Pierias,RB,-0.45902306477463595,-0.6149063595123887
R. Tsonev,CM,-0.8384651761782727,-0.3742568820418391
C. Ellis,ST,-0.21718992527251776,-1.4935825849508473
H. Finndell,CM,-0.08417031069849987,-1.0395236752088441
C. Cooper,CM,0.022045615050110785,-0.0378324000166862
E. Maulana Vikri,CAM,-1.0837371531787185,-1.2030780252550228
D. Ingham,RB,0.06298251213214437,0.19191467337738047
A. Koiki,LB,-0.6605818902732492,0.479307890957428
S. Farsak,CDM,-0.15750231029872203,-0.519241252076314
I. Cameron,CF,-0.6701100940116608,-0.24475412936220697
P. Bird,CB,-0.4005823764810951,0.7409619332223211
Y. Avc?lar,CB,-2.0010568708406864,0.9174224945999131
Peng Rui,LB,0.11282684755750377,-0.10697671593150213
Yang Ke,RM,-1.5552334263195275,-1.7477532320393976
R. Majecki,GK,-4.819040032153625,0.4716283361555605
S. Nakagawa,CB,-1.0026967340000552,1.4491163333979011
R. Oates,RM,-0.688890228400461,-0.8377096685352607
P. Patron,GK,-6.193346449228589,0.2025837360338909
P. Lewis,CM,0.27225899319546965,0.12579525641583938
R. Giles,LWB,-0.058215845876363054,-1.083336028884265
S. Sohm,CDM,0.20674618034288778,0.19145060731539254
M. Wohlgemuth,CM,-0.24500445371247978,0.09402825953184313
M. ?yro,CB,-1.2076675515504929,1.3985256568306943
A. Al Arishi,CB,-1.9947038729286395,1.5224220122493433
Y. Mersin,GK,-4.959310098258839,0.05248376356458616
S. Want,CB,-1.877031909605742,1.5509070790410044
L. Grabovac,LW,-0.8275842623951382,-1.8950541414786113
Liu Heng,CB,-1.271364050845187,1.4490668508315963
S. Bojang,RB,-0.317537059511284,0.42751756703267463
L. Conlan,LB,-0.6563486383620477,0.7316684028847596
Liu Hao,RM,-0.11230713990924437,0.19639575345676477
J. Medina,CM,-0.43152953910685043,-0.0749829377443302
S. Giménez,ST,-2.0023634750031,-2.154609898443732
T. Francois,CAM,-1.4905471871127471,-1.4623654034910885
D. Kaneko,RCM,-0.3115117256684651,-0.5480626276318284
D. van Kaam,CAM,-0.9517578905577707,-1.0825745490396392
F. Fischerauer,CM,-0.6105518242751035,-0.9362818138365976
A. Hellborg,CM,-0.39109916195328465,0.7600072749390188
B. Daniels,LM,-0.7500864431481958,-1.459632252756079
Zhou Qiming,RB,-0.3673916119421495,0.306239094189436
D. Miya,CB,-1.6863551275800446,1.7824606206223341
M. Nottingham,RB,-0.8316614485192281,1.5210193024274048
A. Abdulhameed,GK,-5.7452563772774825,-0.43741329554865016
Y. Wakizaka,CM,-0.90431859174899,-1.546230371214333
M. Tapias,CB,-1.7203909111512214,1.16795889221284
R. Correa,RM,-0.9120574567413429,-1.740397996079176
O. Solbakken,RW,-0.4777515376479607,-0.7285594627319048
A. Koljic,LB,-0.6934253805908422,0.6924739134434407
J. Bennett,RWB,-0.14109080129016532,-0.49276635044765216
J. Nieva,CDM,-0.6385810569756414,0.6923112299019971
H. Salem,LB,-0.7255306468395476,0.15666654106320874
E. Sandberg,CB,-1.7830090404705423,1.4557701069216809
F. Abo Bakr,CB,-1.7204262996289235,1.5734684864819601
T. Tanaka,CM,0.6067908653341676,-0.11183691974346459
Zuo Yiteng,RB,-0.8245126545574424,0.9781225950591957
W. Fitzgerald,LM,-0.6606835960328173,-1.4322611657562176
K. Osako,GK,-5.779575361780193,0.3850095130105739
Wei Zhen,CB,-1.3772239090118772,1.2908458481416352
A. Hudu,CM,-0.6002509510970779,-1.383542511299478
J. Lalrinzuala,LB,-0.5803007612055258,0.2462433010156409
I. Pearce,ST,-1.3071334563818127,-2.6575634183950037
R. Motegi,CB,0.04664164772939019,0.708986022854266
K. Cabral,LM,-0.8696660642554355,-1.513264278870164
A. Majok,ST,-1.5250107227710108,-2.0399465687414806
R. Ito,LM,-1.415758233367274,-1.5742575232997436
I. Ünal,GK,-5.927805940145441,0.09623359173284399
E. Chilufya,ST,-1.3334846128853548,-2.836373057056086
Lee Joon Hee,GK,-5.02888458871943,0.08717447416204653
M. Stajduhar,GK,-5.224848357647877,0.08399922661209672
K. Fatkic,CAM,-0.8996824366595918,-0.5738252740750002
A. Jakupovi?,ST,-1.6977901600297034,-0.8046365572479129
A. Eichhorn,RB,-0.7234948704870879,0.1344379173950191
Yang Wanshun,LW,-0.09731518464505759,-0.06912105628422745
Philippe,RS,-0.7605394964803871,-1.7538092072114457
Yang Fan,RB,0.02119577640942968,0.3822045737523935
D. Pipe,RWB,-0.9465645157516156,1.1920248007332344
K. Ichimi,ST,-0.5874006516547446,-0.7325261259126623
J. Ponticelli,ST,-1.7949779475404624,-2.3805904245847778
S. Ali Yahya,RB,-0.5606286170459424,0.42521831288185946
S. Brolin,GK,-5.606851850298772,0.7793194812196237
J. Pérez,ST,-2.4311081755704325,-2.0471002491705685
A. Pearce,GK,-4.568284444622332,0.18163216269153065
B. White,GK,-5.600089439288682,0.34458855317680975
B. Nygren,ST,-1.3896181906150211,-1.7919892913933824
Yang Liyu,RM,-0.157472711068131,-0.6596853917500138
L. Davies,RB,-0.28846874605773365,0.35263440047666966
F. Espinoza,ST,-0.7409758046058261,-1.4382013022499829
Joan Luque,LM,-1.1001236876296991,-1.6031368643629487
R. Hoffmann,GK,-6.053382601118892,0.2170668194888862
Z. Mills,RB,-0.48803035006752804,0.8469175405514271
H. Herrera,CM,-0.6007670236804644,0.24535666465794292
A. Ajdarevi?,LW,-1.353869334728542,-1.9460631254607057
Y. Uekusa,GK,-3.408807182925316,-0.37678104806642215
K. Rowles,LWB,-1.2834368704395929,1.598382229478094
T. Hamilton,LM,-1.045423084840378,-1.9680873157279384
K. Ito,LB,-1.097485679667165,0.22835202140292582
C. O'Toole,LB,-0.587515368716118,0.4141626954081476
E. Moran,GK,-5.89300062661403,-0.392475239432528
I. Koné,ST,-1.138806167709494,-1.680905873802886
K. Awuah,CM,-1.1074167682957654,0.3349855356065688
L. Ashby-Hammond,GK,-6.029991267015415,-0.3700762424019347
N. Marfelt,LB,-0.20131780580784894,0.4317772688455943
T. Chakwana,RM,-1.3170510979551036,-2.507635119632062
F. Schram,GK,-4.246935336406361,0.7260408906062944
D. Daly,LB,0.16949027647682163,-0.42868944211548043
S. Pedersen,ST,-1.325008624169847,-2.490430973741919
M. Al Hamad,ST,-1.5783304944180847,-1.7616196069405505
O. Ünlüçifçi,RM,-1.0577927738976518,-1.9417336865368613
A. Hoven,RM,-0.572305071078081,-1.6021584225632788
C. Zuvela,CM,-0.020636167989837997,0.19633588282679557
O. Christensen,GK,-5.6365669180921305,-0.632182051808394
D. Breitfelder,ST,-1.3310449423069037,-0.7593819677094911
G. Vetti,CM,-0.26088506449069404,-0.16125634085671123
L. Robles,ST,-1.466945751455458,-2.512179079685121
M. Miño,GK,-6.144494246432078,0.1732779402091694
W. Le Pogam,LB,-0.7056053574299134,0.4993690863717349
N. Mbo,ST,-0.8815267506022111,-1.392543880354397
Lee Kwang Jin,CDM,0.5407313173914458,-0.7225856979316132
S. Abifade,LW,-0.9126853108835121,-1.7724311987743597
C. Lokoli-Ngoy,ST,-0.7608189433501937,-1.6057468813076037
E. Bijlsma,CM,-0.30255670320454114,-0.00964078715378871
D. Hayes,RB,-0.8658552685603549,0.6703851460264985
M. ?liwa,CAM,-0.8192083240604946,-1.2774453045917866
S. Moore,GK,-3.957362816412082,-0.24775065379650188
Y. Takeda,GK,-5.678408740975173,0.45107704209105526
J. Kavanagh,RB,-0.1313092384032658,0.375486561880644
Kim Tae Ho,GK,-4.9199286616967335,-0.06185985438226394
R. Vinderslev,CM,-0.13471877148137912,0.861298601054288
A. Nurudeen,GK,-5.93934055075334,-0.3717486776540698
T. Damsgaard,RB,-0.5287248060675968,-0.15743432769779594
K. Henry,ST,-0.5976559957951225,-1.5197938012917582
Zhu Xiaogang,CDM,-0.530550297860417,1.7876687333520942
A. Kuruniyan,LW,-0.9006412827528362,-2.0840320786022346
R. Batlokwa,CM,0.030588020221388863,-0.38090430682966386
B. Leneis,GK,-6.4825974704294005,-0.561940183814179
M. Blair,LM,-1.3628295233636198,-2.1638607431764028
Lee Hyun Sik,CM,-0.2568335114331055,0.4454497810676444
J. Etou,LDM,0.601402682331914,0.2945903643357364
Cui Ming'an,LDM,-0.2372429796240514,0.8563447883755637
D. López,ST,-2.454094689899652,-2.1243852158831027
P. Pierzcha?a,CB,-0.5201619165621878,0.512196757709101
O. Al Owdah,RB,-0.43589423221309376,0.30161121511005257
A. Thurgate,CM,-0.13497234276023043,0.11016235020513349
Y. Magnin,CM,-0.7755339879499572,-1.4970782204376174
A. Al Enazi,RB,-0.6604631425181098,0.6008232302550456
C. Clifford,CM,0.014209718821029577,-0.1587849204312288
T. Hagelskjaer,GK,-4.807709049711304,0.47739787721038424
N. Rodes,CDM,-0.9376336066957448,0.3866188456494956
L. Mirwa,LB,-0.5455999539048769,0.1709332358003441
W. Altamirano,CM,-0.9096172743930605,-0.07487838568986739
Ko Jae Hyun,RM,-1.483544378026903,-2.3486590701203243
O. Evans,GK,-5.594816088292764,-1.0936586202149323
Lü Peng,CM,0.07357321744719558,0.5873350711318281
Xu Yougang,RB,-0.10596876812010336,1.1612291495424198
Sun Guowen,LM,-0.6174906651610087,-1.2086956842263374
S. Alzate,LCM,-0.4898067706722122,-1.5639410760875783
M. Steinwender,CB,-1.8304367383393165,1.396117082711625
H. Cardwell,ST,-1.0367471490520872,-1.261575629136145
M. Vantruba,GK,-6.188418095422089,0.4743323486152317
H. Wilder,LB,-0.535870873774343,1.1072679344251888
B. Delihasan,CDM,-0.19957633487628462,-0.3231817475109629
D. Puster,RM,-0.2631586055542517,0.32312124631997124
H. Tombakti,CB,-1.5270589039986229,1.5354900259143014
L. Gibbens,CB,-1.0531914492103247,1.2061293211052035
G. Kostadinov,LDM,-0.5947222052072242,0.1306840850241353
L. Perea,ST,-1.6009324528682518,-0.8418088332080316
A. Ogalde,GK,-5.016551702771325,-0.07912105655754165
M. Bersano,GK,-4.560537633912959,0.08810737436136344
I. Olaofe,ST,-0.7402307294912781,-2.47365055627162
D. Barnett,LB,-0.38436166162965374,0.4665066678554833
R. Ferguson,GK,-6.105995260833934,0.7108885302937527
F. Domínguez,CM,-0.29000917299322276,-0.47109989229826926
N. Vitré,CB,-0.07983699117259946,1.00287662193683
H. Al Sibyani,LB,-0.9683499276032581,-0.0053487778619817645
M. Shabow,LM,-1.5743383529960113,-1.8879882553054708
A. Famewo,CB,-1.3195938288223394,1.361206428335617
W. Tomlinson,CM,-0.6027746403979205,-0.5705108408653926
O. Al Zayni,CDM,-0.47016447359857566,0.06123132491142093
A. Linnér,ST,-0.8657108506126957,-1.8274596546476811
A. Tarmin,RB,-0.4448609360350301,0.18420123920695025
J. Roberts,ST,-1.1977679005210444,-2.142976941106367
K. Horgan,GK,-4.655131683656957,0.13350945511114812
J. Tibbetts,GK,-6.017929140196329,-0.3006839566511725
R. Balanta,ST,-1.6127945678823683,-2.0163344091124538
D. Arias,ST,-1.51157130356497,-1.5626159226643197
W. Huffer,GK,-5.931696983187362,-0.015658874114790992
Yan Zhiyu,LB,-1.1166162581147545,-0.23448449644436148
W. Hanssen,ST,-1.1584679752506362,-1.8806817431850134
M. Al Thani,RM,-1.2344911268229084,-2.024266256279664
Montes,CB,-0.7066434092733763,0.5506882459164195
N. Khalifa,RB,-0.870198508044254,0.1709974870713353
A. Fisher,GK,-5.422745016610409,-0.6060194518216226
C. Lindley,CM,-0.6525083199475361,-0.21239064909002622
M. Borgogno,GK,-6.336473056817297,-0.07381290917107378
H. Al Shaie,ST,-1.4750916539896868,-2.8722984161625575
G. Haag,CDM,-1.1285085514137054,1.1673908534139557
C. McVey,RB,-0.5623810166727613,0.5669868059891091
I. Ibañez,RB,-0.4741737815505207,-0.21485954686841163
H. Sobol,ST,-1.1714089621687838,-1.3195734364403697
Cristian Arco,GK,-4.032305612274325,-0.043389278039147314
G. Satalino,GK,-6.186252684459151,0.25818060038327567
A. Diaz,LW,-1.3861898349273014,-2.1188514597060832
M. Hauptmann,RM,-0.9483843661071752,-1.353023047033885
S. Kelly,RB,-0.7235210106159808,0.5060971919824633
K. Zobeck,GK,-4.9047318478263575,0.09038753187341675
G. McDonagh,ST,-1.638200084965125,-1.8071882475317285
D. Bielica,GK,-5.664819385169641,0.16872402156260913
M. Akjah,GK,-5.440370217224987,-0.04624067587125598
R. Sandford,GK,-5.3022434688143685,-0.3704979453055595
R. Slater,RCM,0.1369238756835155,-0.14952637694958915
A. Al Nassar,LM,-1.272859693053893,-0.3306125857549614
A. Al Shehry,GK,-5.7396783000786264,-0.31090512351042254
M. Kristensen,ST,-1.7452055076200597,-0.7526293875764224
E. Wearen,RCM,-0.22437302039318646,-0.2825259401941799
M. Solberg,ST,-1.6386163363715793,-1.423741211030979
Gianluca Zanette,GK,-5.527365835871461,0.577910105846031
T. Bloor,RWB,-0.17557524842074132,0.18253591587497311
V. Arzayus,ST,-2.100767849135512,-1.123103419641435
M. Kaastrup,LM,-0.9805932237379513,-1.9472132387690038
J. Sinclair,RB,-0.23225470193989217,0.43594510454875746
P. Gueye,CDM,-0.5983934751391498,0.35176195315164777
M. Godoy,RW,-1.2901658146276211,-1.8900600280142128
J. ?o?,ST,-1.3019014130000641,-1.7930072587957353
S. Gussiås,ST,-1.6609990812473028,-1.3123786265346444
G. Piras,CB,-1.9006755448605848,1.6915395615050826
J. Sowerby,RB,-0.5547078051843559,-0.5298234823495385
Taliby,GK,-5.782604719864416,-0.24996397419028632
P. Waring,ST,-1.5438311354224798,-2.295183612918339
A. Agouda,ST,-1.477208666962126,-1.7141342934499921
T. Mitchell,LB,-1.2641171348288225,0.42683857986719165
H. Acar,CM,-0.257559093951252,-0.3273877146343066
K. Ahmadi,LM,-1.5374863475491476,-1.6737012278201489
B. Maher,GK,-4.275497901914011,-0.6965605794429482
A. Al Shammari,CAM,-0.9522612575389896,-2.3212721323317074
A. Haroon,CB,-0.76766421808484,1.0744552532644416
R. Edmonds-Green,CB,-2.0669074267037546,1.492421657164759
N. Sheron,CB,-2.033513686933173,1.3471110647113833
S. Baptiste,CM,-0.5644851296526011,0.1997845739918719
M. El Idrissy,ST,-1.864588968225806,-1.8562119948800209
C. Goddard,CAM,-0.8419088661517506,-1.9972671103364077
B. Leiva,LW,-1.1352217013910049,-0.43502317532651924
R. Kamber,ST,-0.3931420071656455,-0.39460756156877824
M. Valenta,CM,-0.35011775104725795,-0.697298409714126
T. Forbes,RWB,-1.2079924521895207,0.6922300229138724
K. Lara,LB,-0.6091639840862005,0.37024579940573754
A. Baun,RM,-1.0549233977628445,-1.5597021089273946
B. Niezgoda,GK,-5.8543237823448,0.871112190540175
A. Do?an,CB,-1.6450770122754523,1.2056615704579705
A. Payne,CM,-0.13719358986775637,-0.08106650802558037
J. López,CM,-0.6903371704150847,-1.318939310379152
M. Matic,GK,-5.79274664365239,0.1316333115088456
Chang Feiya,ST,-0.5134415756550742,-2.1666410386453876
J. Kayode,ST,-1.3369247705854097,-1.263629797697197
A. Arigoni,LB,-0.8317172825978659,1.2140586271078224
R. McGinley,LM,-0.8028690840946479,-2.002973977363976
T. Amos,GK,-5.32998847770898,0.12524192934754969
Y. Taki,CM,-0.7730325091494225,-1.40755651509217
D. B?anik,RM,-0.21432873074690942,-0.5623021408765516
Y. Nishimura,CM,-0.2274856262457955,0.20835767261605875
M. Howarth,CM,-0.24928007642465083,-1.0375967020474826
S. Mann,CM,-0.6683629993045888,-0.428123384591222
M. Karlsson,GK,-5.854323176231285,0.22171314535465841
Y. Oki,GK,-5.658888339560902,0.012145828197047466
R. Swan,ST,-1.3420031468143938,-1.9018879979402268
D. Noone,CAM,-0.24974317214789354,-0.29127132672075945
Wang Liang,RB,0.24108965571650887,0.02520576105120936
M. Ross Jensen,CB,-0.5303518146677018,0.8521922226274488
F. Kraft,GK,-5.201960652853754,0.07869082676786245
A. Bonnah,CM,-0.08289610358952385,-0.32861451147350346
M. Barker,RB,-0.30302206205180493,0.023941538525645394
O. Bayode,RM,-0.42710209459709086,-0.3639504520940656
C. Bassett,CDM,-0.47534881500522047,-0.08567919685045562
Víctor Gómez,LB,-0.6164195868999655,0.6298058394381079
B. Berríos,CM,-0.2621698442432195,-0.9652371009521004
N. Logue,CB,-1.5802754115685604,1.349916504715255
D. Dennehy,RCB,-2.1405785326231808,2.0629230294285255
S. Harding,RWB,-1.0788496842095399,1.097738619061617
K. Sibille,CB,-1.685002843654953,1.5383126104506493
C. Oxlade-Chamberlain,RB,0.45058348584914953,0.2317061359743607
J. Guttau,CAM,-1.3355949348843037,-1.5158140999205314
N. Hunt,RB,-0.5792781462158759,1.5868793281436968
E. Çetindere,CDM,-0.8247427356292077,-0.4124716548912093
Jang Eun Gyu,CM,-0.5485960288404047,-0.22190777724251343
F. Durmu?,CM,-0.5582218007475441,0.016733181414337068
R. Lopez-Espin,ST,-1.3510082101402066,-0.007953039778160712
K. Davies,CB,-2.073255206709931,1.5897602015720387
Y. Aguila,LB,-0.9827947288388527,0.4186207174301471
J. Romo,ST,-0.4807436688891454,-1.7526583200215993
A. Troffa,CM,-0.28055105884296744,0.2090170065882989
F. Darisi,CB,-0.8031091225415407,0.9349641539380904
A. Quintana,GK,-6.171328863699785,0.7723549026602485
K. Klaesson,GK,-6.0794817320662355,-0.2153809729981696
H. Ishikawa,CM,-0.48853547719417495,-1.2807723948114285
C. Moreno,GK,-5.431582554840904,0.19889687156437588
E. Selen,GK,-5.126318429817467,-0.021860029353335066
M. Hernández,CM,-0.031283355075617705,0.25443491095234866
A. Sevestre,GK,-5.780853642621707,-0.2113571051827944
L. Dunne,CAM,-0.7004172914172216,-1.3163514246391195
L. Cass,RB,-1.1722403148000415,0.9900221028176563
S. Jurado,GK,-5.768677035278635,-0.400975813250561
G. Kawanami,GK,-5.720372848366506,0.4287057501126512
D. Araki,CM,1.008273091672804,0.5036662234574433
R. Uehara,RCM,0.20538943024486397,-0.9316753336408838
J. Grayson,CB,-0.7973994587115313,0.8830554462731218
N. Gartside,GK,-4.626067260408752,-0.24015510624089653
R. Piscitelli,GK,-6.2234164112005335,0.39267138680232255
H. Guenouche,LB,-1.0655881201520747,-0.4343442868349079
N. Hahn,CDM,-0.5976265777635003,-0.6704016870343358
E. Küc,CAM,-0.74972982102481,-1.0833196489425536
J. Gali?,GK,-5.875015418281639,0.5127806655746996
E. Iandolo,LB,-0.6470413411696988,-1.3479665225930757
B. Doherty,LB,0.02482284335531523,-0.4540415099213196
K. Yamaguchi,CF,-1.3665213446487463,-2.8587063822186027
H. Ishihara,LM,-0.9086782819592527,-1.4139412749159086
W. Scott,LB,-0.6863620416689772,1.419476008706993
H. Offia,LM,-1.1560676530623042,-1.6046239825984507
R. Yañez,GK,-5.518339409727205,0.07153331086236418
K. Ward,CM,-0.4134502139861024,-0.8709874048287436
G. Rogers,RM,-0.7258221742105615,-2.0159545842453066
K. McIntosh,GK,-4.2506479419318,0.2747005394792078
W. Graham,ST,-1.4221287710647832,-1.5317674804636234
M. Henvey,ST,-1.5658196586961568,-2.1017938310366047
L. Gray,GK,-5.977131291174429,0.12574232730677026
E. Suliman,CB,-1.3660519857042233,1.0177347086492192
K. Mellado,ST,-0.9846169157733164,-1.9198226423012306
F. Tägtström,CB,-2.610405357472996,1.546750400993368
J. Kronig,CB,-1.3261693272217936,1.3867049678568433
M. Edjouma,CDM,-0.7369934504020198,0.5329717644428567
L. Wackerle,GK,-5.383398909667609,0.25250950714450204
T. Shibuya,GK,-5.967080907566173,0.6199055119672231
B. Mumba,CM,-0.13624225811419172,0.05659024595143368
A. Addai,ST,-1.22518052413115,-2.1445259353210973
R. Gómez,RM,-1.4648984102424882,-1.8469196446719742
A. Gilchrist,LCB,-0.7855758212067911,0.07936336376096004
V. Reitstetter,CB,-1.1391505462898652,1.153003001617174
B. Ozegovic,GK,-5.84837714623746,-0.06697003019511404
M. Orozco,RB,-1.151714369798276,0.24349416544693286
S. Bakan,LM,-1.6189150538355548,-2.2330595941559497
M. Leverbe,CB,-1.7066363670130071,1.3105462563775494
P. Almqvist,LW,-0.5685937168672119,-1.0802050491098594
Wang Chu,CAM,-0.760004162114124,-1.1759769381670078
M. Prinz,GK,-6.023343643151704,0.498422625189017
M. García,ST,-1.2103552890644245,-2.337063922460968
P. Pellegrino,GK,-5.775921693633914,-0.005833505095081505
R. Al Otaibi,RB,-1.0028973849037393,-0.029366543102514138
N. Hämäläinen,LB,-1.0039895195502142,-0.025547788512221767
A. Kapp,GK,-4.265864161807234,0.32817572338655215
L. Shabani,LM,-0.174920019294895,0.016257210744737235
B. Castrejón,LB,-1.7660723177773705,0.9062760503132284
A. Kawai,LB,-1.0837465343274122,-0.14938318646969037
A. Nadesan,RS,-1.5385872895151795,-1.9947024737649712
A. Rodriguez,CB,-2.0022612489899414,1.2048991227759132
V. Kaith,GK,-6.125382120787233,0.009296966130134875
S. Daly-Bütz,RM,-1.1859065655463448,-1.5330991214559349
A. Gudjónsson,CB,-1.4758256405194143,1.0800582141586292
H. Andersson,CB,-1.9115727592275527,1.456363485424389
C. Elliot,CAM,-0.6238931807572587,-0.5934016196444888
V. Triboulet,ST,-1.8303183418749438,-2.54581452726448
A. Zaizen,CAM,-1.3992599390047702,-1.668307182361049
C. López,GK,-4.565211246030511,0.8476806529581187
A. Kigbu,CB,-1.376588733455019,1.4753426031461327
S. Tracy,LB,-0.9142327268471936,0.28044222010938025
C. Sepúlveda,CDM,-0.3519537047020758,0.6641041874685034
S. Martin,LDM,-0.45984106976511946,0.09777847433321878
Y. Nishibe,GK,-5.8951656180021486,-0.1703994117875586
Liu Le,LB,-1.0188226863963044,0.59099879916278
R. Clampin,LB,0.06095411205794731,-0.6386246071745363
L. Hlabi,ST,-1.4402620801107942,-1.2405934167329038
L. O'Reilly,GK,-5.185183601139426,0.2527993694443724
H. Noda,CB,-1.5029493609994242,1.3095958816559436
K. Taimi,RB,-0.7619393456369251,1.1373878228377523
R. Al Najjar,GK,-4.195760823807043,0.4367164861632247
Liu Yue,LM,-0.9826912877791226,-2.082221332512382
A. Takagi,ST,-0.05692983413256152,-1.3101053543853558
P. Bahanack,CB,-1.9558551755799938,1.5854796638417537
M. Leiva,ST,-1.581442819351695,-2.4152028249696857
A. Hodži?,ST,-2.061261174198652,-1.595226941753757
R. Mantel,GK,-5.960652893199734,0.8001562538488483
I. Mahnashi,CM,-0.36810839316341676,0.1386465978173384
J. Hamon,GK,-5.174333075287908,-0.4806680805402879
J. Earing,CM,-0.8463975565697266,-0.9221913286524854
M. Kamissoko,CB,-2.1553503221383745,1.8702883054646897
O. Nowak,ST,-1.9040364164274475,-1.8092813933558456
J. Alvarado,ST,-2.1285915835039635,-2.6247218137286046
B. Wade,GK,-5.753884327076319,-0.045658480132576784
Mai Jiajian,LM,-1.2976917340860925,-1.4369122196732618
H. Hawsawi,GK,-5.594294330159865,-0.4531117857108955
J. Montoya,GK,-6.118966969377097,-0.07382201261488389
Dong YanFeng,RB,-0.5182241535057204,0.34200270357728774
M. Said,ST,-1.712790204437165,-2.4629711900948803
G. Arib,CDM,-0.29749151610534763,0.051179473418830765
T. Mohr,CB,-1.8992976099476788,1.747910073168927
Sun Ya,RM,-0.42870781117760176,-0.3366943522947302
J. ?abojko,CDM,-0.580937224207485,0.39771426174559465
D. Camara Bos,RB,-1.1625875587942727,0.2566314163467252
J. Saki,CM,-0.11077047984575132,0.5810024307872785
A. Benedyczak,ST,-1.2648383422839125,-0.8299715670244131
Li Chen,GK,-5.10736606254262,0.4099002164763256
A. Kajpust,CB,-0.6134372073647529,0.797625814068511
J. Cano,RB,-1.1894593684505672,0.8866777368517531
M. Minder,GK,-5.680917214839512,0.15271223093745454
A. Marie-Sainte,CB,-1.535494134240239,1.3818459822748448
L. Sutton,RB,-0.3496638537613546,0.2086538437187898
D. Amos,LB,-0.8276025108692145,0.1970380951004594
M. Goto,GK,-5.881640143797673,0.49720104553154887
A. Splaine,CDM,-0.4341060385754998,-0.25925641677616296
C. Peters,ST,-1.2096358494641095,-1.8208199374307081
R. Sulewski,RB,-1.325003187230585,1.3548597060579983
Luo Hao,CB,-2.5101538972169974,1.637377439868365
R. Deiman,CM,-0.41852549312405146,0.2423526427025602
T. Okuda,GK,-5.806598643219039,-0.3266433013055871
T. Jäntti,CAM,-1.2845170711945715,-1.2110515354211029
C. Haas,GK,-5.656935239911078,0.23963809526436947
Jin Qiang,RDM,-0.6811661916029068,1.0759961115045327
Z. Hakeem,ST,-0.2518585967475017,-1.930743321300053
Zhao Yingjie,CM,-0.03406622158099491,0.13943233513447975
R. Ayagwa,CM,-0.2831514067617429,-0.0786121981529251
C. Ortiz,ST,-1.9586891235749453,-1.6730714939124505
P. Samiec-Talar,ST,-1.6238008554542924,-1.5966794498164383
D. Butterworth,ST,-0.8118946033973515,-1.5435139122653716
Y. Nuxoll,CB,-2.7953199411841148,1.9693974488040693
A. Sow,RW,-1.1163398348601112,-2.25986633136706
S. Svenlén,CB,-0.32640344170557434,0.6974085873561698
F. Botiseriu,LB,-0.7868726538541336,0.5610775290115438
L. Ward,GK,-4.214965090453818,-0.1395566412881308
H. Palacios,RW,-1.383619904613791,-2.212735435755595
N. Bai,LB,-0.522741368877661,0.3868539850930165
H. Pickering,LB,-0.7599606419412521,0.6708028706297927
J. Dakir,GK,-6.228508670788911,0.2911925731264193
Hugo Díaz,CB,-2.0893310111552053,1.7430545260271453
T. Lowery,CM,-0.13055305394724365,-0.12390037897431654
J. Jaimes,CDM,-1.0473402587540286,1.2218362567782677
J. Tromsdal,CM,0.2578680288666816,0.37059503861598436
O. Aga,ST,-1.8102284858018827,-1.8896267196932326
J. Brannefalk,CM,-0.3015276805761419,0.5443538333152439
E. Adebayo,LW,-0.9960511915811741,-0.6444275877679011
J. Simpson,CM,-0.13328525921140807,-0.3644958273420665
E. Durmaz,LM,-1.03815941651298,-1.385079122451387
A. Groundstroem,CB,-0.5969865407960983,0.7351583938746378
Y. Fofana,GK,-5.667352025074762,0.4627213109935093
A. Harper,RB,-0.7338111423169256,-0.050894551625715524
H. Darling,CB,-1.2293300502224247,1.3187147461382605
E. Ross,GK,-5.581121143076312,-0.19624038942996433
D. Wenzel-Halls,ST,-1.3192698504762657,-2.624356049349806
J. Quiñones Saya,RM,-1.1646415662073828,-2.0138689100432767
K. Brouder,LCB,-2.5262301309950947,1.5187397366811484
J. Berger,CDM,-0.6733449438554897,0.6986432184505287
T. Holland,GK,-4.673083352890051,-0.11537089024091474
R. Lovett,GK,-6.247840304452506,-0.44873148603315394
C. Magerusan,ST,-1.7258763475481125,-1.8784932667667544
V. Adebayor,CAM,-0.856139642245784,-2.3895208475881327
T. Queen,CB,-2.051554967536944,1.923108959252245
C. Ruiz,CM,-0.6836507510430557,-1.3299335477791097
M. Malec,LCB,-1.9969156967360167,1.5514515280045247
F. Macias,ST,-1.314250295296228,-2.2546464844085543
F. Acosta,RM,-0.6594243795946958,0.3397811522700215
M. Ndione,ST,-1.4564905764874863,-1.2090631545977606
E. Fadda,GK,-5.560342036771238,-0.12937103781006212
M. Siby,CDM,-0.9894318495333049,0.5373263786360198
H. McKirdy,ST,-0.9134324664274918,-2.241554394904722
E. Otim,RM,-0.5397228024508635,-0.478267679491607
D. Bochicchio,GK,-6.2099592559849714,-0.032964969991102586
O. Sverrisson,LB,-0.4068156949902996,0.4956148177967455
A. Smith,CAM,-1.3349419802400817,-1.4671771705405756
S. Avanzini,LB,-0.787316134689776,0.4730269166295903
E. Pastrana,CB,-2.1170976951382334,0.6365373912747379
B. Lund,LB,-0.6355952701335834,0.4902825205928411
M. Ibacache,LB,-0.676775106529674,0.4742110898008741
M. Howard,ST,-1.9121452960583314,-2.1706939422202773
H. Odoffin,RB,-0.40014665498533614,0.40365182137356453
J. McAtee,ST,-1.0161365590653664,-1.6851815486997817
R. Akbari,CAM,-1.0845351148745854,-1.829275642194018
A. Reyes Ambuila,CB,-1.6651248243470744,1.4997240266637426
I. Sadiq,RW,-1.0305624655891097,-2.0626978002166694
C. Merrie,CM,-0.3946322910548889,-0.5548015649817778
L. Morrison,ST,-1.3916512441509814,-2.5004721476278804
R. Strechie,CM,-0.398121322792414,0.5360313515720145
D. Castro,ST,-1.6671107984133342,-2.1343322370000672
A. Al Shammari,GK,-4.411499468773939,-0.22447012667917673
A. Long,CB,-1.058752104566012,0.8604444778226232
O. Sims,LM,-1.1734567774545903,-1.9889943448828593
S. Wilson,GK,-5.12415670660919,-0.24109580367000083
L. Colville,LM,-1.5508133541013527,-1.494376902764311
S. Barone,GK,-5.964715593622237,0.1661682349813821
C. Scott,ST,-2.094659828591672,-1.361182076310209
M. ?atin,RM,-1.368393509469646,-0.9555881678992385
Y. Kurihara,CB,-2.912685470752577,2.095687674225769
J. Hackett,CM,-1.3494794469201967,-1.7417758622708852
C. Giuliani,GK,-5.7793291901016195,0.6432928821563512
S. Brady,RW,-1.4740269653632305,-1.5349707939358068
E. Breivik,CDM,-0.783409732241942,0.6106664412347135
R. Huser,CM,-0.4777047726706752,0.43019359546527386
J. Suárez,ST,-1.5083650865284446,-2.4228016198240145
D. G?ska,RM,-1.0412701684963492,0.349771039628674
D. Maekawa,GK,-6.094117419094917,0.14140994864109754
G. Maley,GK,-6.15095721051054,-0.009317933034848416
K. Yoshimaru,GK,-5.978324851778479,-0.29345553672307473
B. Ekincier,LM,-1.2134811869286042,-1.7311760935364786
N. van den Dam,GK,-6.160004656254862,0.41543839185845777
S. Heaney,LCB,-2.380362331830592,1.878622675144499
C. MacDonald,LB,-1.6572037717410404,-0.02930387087093017
M. Napa,RM,-1.621895229250024,-1.686997589863468
M. Venturi,CM,-0.6603590881520317,-0.7220104175834574
T. Durso,GK,-6.36941017263208,0.035871302563664824
L. Gamíz,CDM,-0.7557943381806239,0.33024198456643944
M. Molenda,GK,-5.080519237506675,0.8658471512353404
E. Watt,CM,-0.29372107496810057,-0.21630326604647024
Xu Tianyuan,LM,-1.3931135821407512,-2.1736087568443003
L. D'Arrigo,CAM,-1.0769620038431722,-1.2298295714609004
V. Barbero,ST,-0.8036079126846969,-1.741181423018302
J. Pereira,CB,-2.336158254197805,1.968748878526845
A. Al Dakheel,CB,-1.467259223777797,1.2428527473291
I. Acero,CM,-0.5230059847329108,-0.46556472573283353
V. Adeboyejo,ST,-1.5622022183025652,-2.6904043276485847
D. Dalling,CAM,-1.4572333249620486,-1.491414245247253
E. McKeown,ST,-1.536780835606113,-2.208784263801796
J. Adams,RM,-1.1638738522099172,-2.5345704608642423
B. Al Bahrani,GK,-6.081625540486942,-0.08023771696682647
N. Celic,CDM,-0.7856919246218214,0.6486150359534003
M. Al Majhad,CM,-0.8757401348647642,-0.11322010890410084
J. Ferreira,ST,-1.6006457849807403,-2.5899285037807
T. Lauritsen,ST,-0.6069451925041165,-0.06328920267273971
Kang Yun Koo,LM,-0.335811038219228,0.34928090493556024
M. Jenz,CB,-1.150477517439762,1.2085490877637175
C. Salomón,CB,-0.8870058956519515,0.646988145401122
I. Núñez,CB,-1.153380592799126,1.2153507354419673
B. Syla,CAM,-1.0932510484981328,-0.8580245366425872
R. Gutiérrez,GK,-6.2030643398743,-0.16704030660714422
W. Popp,GK,-6.262239696396311,0.4274634150658899
T. Kircher,RB,-0.9918720786780045,0.0008820070509804693
E. McGinty,GK,-4.8849960965167005,-0.7880839957650785
T. Garratt,LB,-1.2217565386784288,0.8692171315427466
S. Gucciardo,ST,-1.4344368950177002,-2.6780702340970546
L. Russe,CM,-0.47555927103743934,-0.81029241574526
J. Kerr,RB,-1.3693135806395065,1.1701049523126965
R. McCourt,LDM,-1.2144919696388918,0.1781901585793745
H. Strömgren,GK,-4.896947958714721,1.0135545073848404
Li Lei,GK,-5.84583904417672,0.6656212513551159
A. Fantini,GK,-5.490355492021067,0.20408136943730834
V. Piechocki,CAM,-0.9938188194014616,-0.3011679364275279
M. Giraldo,CDM,0.21303565447925252,0.12101130812783054
A. Damlu,GK,-6.487815472059384,0.038115448681609466
K. Hori,CAM,-1.1505087932148241,-1.6938729847530554
S. Machino,ST,-1.5942404899407268,-1.3747357123681279
A. Nelson,ST,-0.9765463042414569,-0.9064378640900937
O. Skarsem,CM,-0.3639329687350078,-0.5893085607266674
C. Zamorano,CDM,-0.507220095817309,-0.015720762201316192
A. Søndergaard,GK,-6.064778626888741,0.46208809965324643
G. Harada,GK,-5.493199434038102,-0.46073449294864255
E. Vertainen,CM,-0.5600209247181485,0.5948447695007119
J. Breitfeld,RM,-0.45909139200230104,-0.20958073948052924
J. Beaulieu,GK,-5.727806955154653,1.222715336387223
J. Weaver,GK,-5.1026825777625895,-0.5064017755656784
Mao Haoyu,ST,-1.348822095526492,-2.5509521060187708
M. Lopez,CDM,-0.8657177746805924,0.3914026711039373
F. Fridriksson,LWB,-1.1008369887186347,-0.03880378506232642
C. Camwell,LB,-1.0339645924434675,0.46192412631153806
J. Macdonald,ST,-0.966504450176056,-2.2907352029223
M. Schmeling,LB,-0.725701037727103,0.7678257385060787
H. Sharahili,ST,-1.58592555866636,-1.8287385346566793
P. Plewka,CDM,-0.8643076818070623,-0.564548083811914
D. Marzino,GK,-4.3030836282748846,0.30985224409688106
J. Echave,GK,-4.833245822675696,0.05965874337188121
M. Welch-Hayes,RB,-0.8930606124374698,0.0420850979554015
A. Lyons,RB,-0.862465589515458,-0.346000820047811
N. Feil,CM,-0.04094244692747162,0.09153018393238291
G. Gibson,ST,-1.5493961888097176,-2.220636109038403
M. Saunders-Henry,RM,-1.016268124009538,-1.779646200916112
J. Hanson,CM,-0.47627401894429855,-0.8925408353670604
F. Preston,RM,-1.2967395185340918,-2.042541056831174
M. Contreras,ST,-1.6466833357537907,-2.2074964343604884
R. Tanaka,RM,-1.174762768008535,-0.8531408101804152
G. Botos,CAM,-1.3901426188987214,-1.204373700233108
S. Blaney,CB,-0.8625608941226033,0.9787627781288127
T. Clavijo,LB,-0.670847029604724,0.5742358991766502
A. Comrie,RB,-1.1340522211824062,0.326989826551852
Y. Ogaki,ST,-1.405809702308774,-2.05559065017629
B. Cotter,RB,-0.07880505140599472,0.09162678000625735
R. Masterson,ST,-0.8965640890640175,-1.6483898579817515
Ma Junliang,CM,-0.32169625948825,-0.8382449215975925
A. Vucenovic,ST,-1.485472485763177,-1.7603518378630112
F. Gómez,RM,-1.2343423115547787,-1.8300466137546392
J. Lártiga,GK,-6.007724123020502,0.01812971563152073
J. Meiser,ST,-1.015447862610113,-2.676295281349201
M. Olsen,RB,-1.3789279140132893,0.688354045284332
A. Reid,ST,-1.597109973358554,-1.9039202635116703
J. Isaksen,CM,-0.5017154150568556,-0.44235498113390814
Yu Zhen,CDM,-1.0528829717582047,1.6895337722680268
B. Morgado,LB,-0.4828031616880686,-0.49401673275662616
Shen Shuaishuai,GK,-5.87555711368826,-0.10558008735585316
A. Zabani,CDM,-0.8379452829917414,0.7684484596615518
L. Butroid,LB,-1.1165522763485247,0.5275807855337858
S. Walker,ST,-2.012587026339372,-2.7091697810674553
N. Baumann,GK,-4.56230027279019,0.3169685169218502
P. Kalambayi,CB,-2.094212012883872,2.0539340157441734
S. Awaka,GK,-5.846169298698377,0.4180249014293508
R. Källman,GK,-5.019887515232826,-0.20767916154814492
T. Wood,ST,-1.311300456243015,-0.8421846561490147
I. Angking,CDM,-0.009399479541327518,-0.11903972901260569
Strefezza,RW,-2.041506126773211,-2.536239882929488
Xie Weijun,ST,-2.0333096073082677,-1.129188373885182
D. Pik,LM,-1.3200607022870092,-2.3426427934106524
R. Campbell,ST,-0.9227358510675515,-1.3167485934469088
N. James,GK,-6.1886303199701285,0.3683245487384351
D. Grimshaw,GK,-4.209057926536486,-0.4526380606983701
A. Aktas,CAM,-0.7423796444436783,-0.9941783237348772
E. Toal,RCB,-1.420781823132325,1.3078293994133066
T. Fantacci,CAM,-1.4352474033211176,-1.7329106775702579
R. Hutchinson,LB,-1.1534456170274425,0.6444510285730514
J. Veale,CM,-0.8684161950825054,-1.2340573334510818
E. Kalsaas,RB,-0.7921376926922594,0.6364973415587135
M. Frese,LW,-1.5065212558161967,-1.5886956248133643
S. Yoneda,CAM,-1.1676457486554137,-0.6388337939452357
S. Boyd,ST,-2.0490204374563943,-2.4720061990204902
M. Al Sharimi,RB,-0.8923881877083731,0.9389271431913806
A. Baldwin,CB,-1.1160415902040566,1.2858711631917565
K. Grozos,CAM,-0.37426928609177434,-1.0987078714087568
H. Brkic,ST,-1.7839172769614382,-2.549765919317716
M. Pfeifer,CB,-1.348656534980109,0.9700204202626398
S. Ono,CM,-2.0354841861645103,-0.5127751231170147
M. Attiyah,LCM,-0.6658102550820207,-0.2475871874218806
B. Crellin,GK,-6.033664779864547,-0.07341431445554727
J. Gallagher,ST,-1.7690330391573936,-2.1083478952532055
J. King,CM,-0.41955342665116674,-0.8764139288353189
C. Barrios,CAM,-1.2350639447146317,-2.2247858066622364
H. Brockbank,CB,-2.278483168968869,1.2256014957512793
B. Scott,GK,-5.845137227773938,-0.235741762550283
M. Sheaf,RM,-0.5692891991582192,-0.14232904800246882
Zhang Yan,GK,-5.351132196605542,-0.6008214774784316
N. Mantl,GK,-5.576154477616986,0.040492507229753984
K. Kumor,RM,-0.9320374373742132,-0.9822971033231372
S. McNamee,RCM,-0.9866591658624329,-1.48572902511324
L. Zottele,CB,-1.0506936159461884,1.086415476110038
C. Tanor,CM,-0.8270003558821618,-0.38219650976705144
K. Katz,CB,-1.3673235648104776,1.0640806328207955
F. Al Birekan,ST,-2.088984505852754,-1.537568567236057
P. Teixeira,LM,-1.491386570775095,-1.3672293582192807
J. Lankester,ST,-0.175878427339223,-1.0424780264761764
Qian Yumiao,CB,-1.655783160934919,0.9819822643624683
S. ?api?ski,CAM,-0.5297681367039069,-0.6976438223223602
T. Ryan,GK,-4.118842355901649,-0.17432698146971623
J. Lindgren,GK,-5.433300628059632,-0.17328300200074406
S. George,GK,-5.765317325361678,0.05452022138978109
J. McGarry,LW,-0.5336617177378161,-0.42784382495131884
M. Loaiza,GK,-4.214113727647368,0.4644534575394695
D. ?uczak,LM,-0.4130416525420638,0.18869222859300785
A. Tymi?ski,CB,-1.996096971613153,1.294980613537679
Liu Boyang,RB,-0.8123975780975385,0.537688516833862
J. Storevik,GK,-4.734793601166075,-0.2649481562917961
K. Velde,ST,-1.2886301707028383,-2.0014286555837857
T. Isherwood,CB,-0.5378585986597822,0.8039672716765041
V. Fazliu,CM,-0.6439620705521515,-1.186313721674711
D. Pakulski,RM,-1.0202548797780366,-1.4840150851340457
A. Al Dhafeeri,CM,-0.988120860954712,-1.7214301588757444
M. Saavedra,ST,-0.749306108898915,-1.6779932863930072
S. Wolf,CM,-0.6334680328618496,0.18886499012429186
C. John,CB,-0.43183036293112537,0.38638888871803095
Jin Hui,ST,-2.096548948337442,-1.5737195097407184
T. Renaud,CDM,-0.812460037366728,0.2270149341754489
J. Finnerty,LCB,-1.7875389996790534,1.1567923949343675
K. Ackermann,CM,-0.1566378548731444,0.33999702272642096
J. Romanski,LB,-0.6859912374813103,0.29956499305704914
D. Gutiérrez,LM,-1.4498974294043294,-1.0988670664636357
P. Wi?niewski,RB,-1.5008768057069006,2.1623883573124543
J. Hamilton,ST,-1.3336885350139875,-1.3416700736107534
Zhao Xuebin,ST,-1.2018714148708662,-1.6074093538149574
Li Hailong,RB,-0.40410437753080836,0.4759422082201731
F. Ibsen,GK,-5.485362152267169,0.1345338655755212
B. Rivera,RDM,-0.7860200445589319,0.7669685857090811
R. McCrorie,GK,-5.424060991928098,0.12799181628827563
D. Ojo,LB,-0.5483208994504272,0.18002369640061552
A. Parsons,CB,-2.1994945292756656,1.4574216301011842
J. Doherty,CDM,-0.717674247953995,0.7655821846980833
N. Geisler,RCM,-1.4388090168636376,-2.0559980944731984
C. Devlin,CM,-0.26813816054501405,0.14880039359361916
M. Kulke,CM,-0.8282909214321936,-1.0352691582560232
L. Pellegrini,LB,-0.9339836270581306,0.9890352704431825
J. Scholz,CB,-1.4453935516866938,1.3891756333530278
S. Moloney,GK,-5.8591099430611875,-0.6603119801004906
Y. Omoto,RM,-0.8654032994760195,-0.04776301667738757
C. Lemonheigh-Evans,ST,-1.3654441703417097,-1.6977909387191117
K. O'Sullivan,RM,-1.3162845604058817,-1.0324545566304284
D. Higgins,CB,-1.926453168263659,1.4473414229278345
K. Krzepisz,GK,-5.477085584206881,0.8061101471684037
O. Edlund,ST,-1.378454094795239,-1.8326788464507797
Y. Al Qarni,CDM,-1.0632530682652241,-0.3407478892842262
Y. Maouche,CM,-0.4869024790333849,-0.40291566426208136
L. Hedlund,LW,-1.184894946667059,-1.9038461862951712
J. Wicks,CM,-0.4331498160584778,-0.8363490597365261
S. Haubrock,CB,-2.0547983902486937,1.3528393871492503
A. Estacio,LM,-0.9827643341940261,-0.4554163173101185
J. Brändle,LB,-0.8882798279602855,0.022358759873460178
J. Walton,GK,-5.205628692501585,-0.48879003068743615
N. Sette,RW,-1.5812225971059983,-1.8121637294962207
K. Sparta,CAM,-0.8672260034437992,-0.9333798746293968
T. Crawford,CAM,-1.9511290117261324,-2.1365191615395682
C. Coxe,RB,-1.1405096823157996,0.6436718123276959
A. Crookes,LB,-0.8995200639462306,0.9225659748927333
J. Waite,CM,-0.801142947120383,-1.0663579888471657
L. Pierre,ST,-1.90119867794073,-1.7794595262812465
K. Mooney,ST,-1.5867313742544413,-2.3654532534639263
J. Piggott,ST,-2.1836479564888234,-2.0394594661617433
F. Figueroa,CAM,-1.405803427470679,-1.6749486850200939
R. Harrington,RB,-0.9765670795746944,0.09345245136429242
F. Sasmay,LM,-1.264244442706465,-0.9399499786388251
L. Rivas,GK,-5.849672432066926,0.5243992615602218
R. Gorman,CB,-1.1255298204108162,0.8477511450021092
D. Smith,ST,-1.1659925020360842,-1.6667810374125145
A. Long,GK,-6.293250985724652,0.0769656438497704
M. Tomizawa,GK,-5.8943313864542874,0.36149982974242767
Xu Jiamin,GK,-4.694858587519683,-0.4587417589690483
E. Löder,CAM,-1.8018660672793627,-1.5030534414111825
O. Breistøl,CM,-0.7967411643799414,0.3073248661613854
M. Schlosser,GK,-5.510703167212955,-0.28213937178739146
L. Talbro,RB,-1.2892683831593368,0.7487507881035133
E. Banza,RW,-1.2763375141492554,-2.289497802337199
Zhu Chenjie,CB,-1.673112639111883,1.4872078911901134
T. Hamer,RB,-1.412911125604818,0.9088968968598238
K. Agudelo,LCM,-0.7356042302513842,-0.2969403400971341
D. Szczerbal,GK,-5.934913891001092,0.5393767370291007
F. Niang,CM,-0.6927183388925456,-0.31129274503225335
N. Tzanev,GK,-4.542873790346291,-0.3286243206125989
Y. Suzuki,CM,-0.4878008006256082,0.39193522972333816
J. Keaney,RCM,-0.4709310422886101,1.2393097391292867
E. Williamson,CAM,-1.2039247622759035,-0.8000009875022871
F. Majchrowicz,GK,-5.528397799535176,0.9643645369642659
A. Estrada,CM,-0.8761205278874311,-0.33344251328919733
D. Feka,CDM,-0.1852883739885005,0.05961341020457324
J. Dodd,CM,-0.5728111157035602,-0.7416341669769354
G. Hurst,ST,-1.2784040726396693,-0.9173117957948851
Lei Wenjie,ST,-1.1531844274750782,-1.8937194237358042
D. Bumberger,CB,-2.1338403943822475,1.3552613050204179
D. Diaz,RB,-0.7269158435699298,-0.5595092185967152
S. Sar?kaya,CM,-1.1409118659894197,-0.5108452980029966
M. Zapytowski,GK,-6.146424007967811,-0.1835966990499386
A. Piróg,CM,-0.5458129292290232,-1.1438684541113395
L. Allan,ST,-1.390575073615042,-2.368947770363851
D. Valdelamar,CM,-0.5659681887461716,-0.21103056801222767
E. Erhahon,LB,-0.6796661137644798,-0.5276931387499278
K. Jaksik,RB,-1.4242575873117111,0.6446319440204311
Lucas Ribeiro,LM,-1.6376473937041711,-2.525376219441786
G. Comerford,LB,-0.08282061747439301,0.4857141079804164
B. Yáñez,LW,-1.0391795332237073,-1.9870948122157956
H. Stenevik,LW,-1.343587867701209,-1.4031124974578937
M. Kennedy,RM,-1.6006504705134017,-1.4678367421969782
S. Sinyan,CM,-0.5380162448374644,0.9520583975719688
K. Yoshio,CAM,-0.830714459412195,-1.4695348671930049
R. Rode,CB,-2.172974271626424,1.3173556294169182
A. Bahtijar,CM,-1.1155142383292667,-0.3262638957431164
N. Kastenhofer,CB,-1.7641747836068513,1.1547959676883763
S. Heil,CB,-2.0234782477328634,1.3566458546146904
M. Schragl,GK,-5.810910681835318,0.12273812055678064
P. Selkos,ST,-1.486649685167572,-2.3777937214327225
J. Hanek,CM,-0.8399698329821046,-0.6055536221857197
B. Manosalva,GK,-6.165843449583212,-0.0039255493285849504
M. Christiansen,GK,-5.581531967916404,0.3223569800473237
S. Hausner,CB,-1.8698735064305714,1.4678352828152168
L. Pelletier,GK,-6.394034360084343,0.26038612523565013
T. Herbots,GK,-5.909117338746702,-0.26345033937407775
R. Miura,GK,-5.932806818600523,-0.01077155036417318
M. Matsumoto,CM,-0.1869254088495418,0.09968870071067826
S. Jamieson,ST,-1.19656968905374,-1.07235735059891
T. Nishiyama,CB,-2.22708019231653,1.2130522935446157
Felipe Ferreyra,ST,-1.3659324001274868,-2.895911240990753
Y. Kaiser,CB,-2.183139967612913,1.124803878299992
T. Hara,ST,-1.5864059680595153,-1.3589056788060976
A. Ocejo,LM,-1.6923977073357952,-0.8808635936284026
N. Ochojski,CDM,-1.1680993158474666,0.49372306125370324
K. Krygård,ST,-2.065059528950946,-1.5443239687795862
Cui Jingming,CM,-0.8546354698520687,0.7556472933110392
B. Servania,CAM,-1.6966708904567769,-0.8335664306936277
L. Langhans,RM,-1.9219170944163586,-2.4489176688758105
C. Farren,ST,-1.6850331580293103,-1.5240289493374324
K. Yao,CB,-2.2759862948595875,1.6620651062298104
D. Karimani,CAM,-0.9428739894973515,-1.0741205858795384
T. Mannek,ST,-1.3118814382517077,-0.5399362618608622
M. Twarowski,ST,-2.0188996130532275,-1.6481926482793015
H. Fossdal,GK,-4.389463472064327,-0.021918858453397284
M. Muheim,LM,-0.8909492730644529,-0.7800227597329917
K. Al Mozaibri,GK,-5.439812928906273,-0.35710107125207075
A. Papadopoulos,CB,-1.663928893207887,1.148179633485268
P. Buch Christiansen,ST,-2.0531254182277268,-2.3524639342629796
Sun Kai,LB,-1.4930668625569121,1.3295051171335985
K. Shibato,CDM,-0.9548605069902424,0.43408090647172276
L. McCarron,RW,-1.3230860484957905,-1.872589017579039
H. Hernández,CM,-0.4082350067201134,0.08175112294715446
L. Jacot,GK,-6.457580796838155,0.5717252934534159
M. Bildøy,RW,-1.0167712254388597,-1.730883526468828
Wang Min,GK,-5.4731253967564735,0.17813544342143744
Li Fang,RB,-1.4571286473760157,0.5474255856961152
E. Alarcón,GK,-5.524598272908186,0.23688235829655505
P. Ouaneh,CB,-1.9006589370956537,1.2657277166273109
Zhong Yihao,RW,-0.5647530272274014,-0.5656513118670105
S. Arango,GK,-4.445985811583885,-0.409057594534338
L. Ranger,RB,-0.7337115553256307,-0.21940058410044164
L. Moser,GK,-5.921684044373027,0.3367915673960652
J. Campaz,LM,-1.2652369248968984,-1.836641967951679
M. Ramkilde,ST,-0.9151094422835514,-0.6954344143893102
Chen Weiming,RB,-0.7488075769628044,-0.15709130544896205
H. Al Ruwaili,RB,-1.2453207788646106,1.2550724701888045
K. Lasko?,CB,-0.7007424535854203,-0.32318425604129936
J. Nahr,ST,-1.5338308543672778,-2.3728514204727285
R. Ogle,RB,-0.8048005213588574,0.7866422435787069
S. Fukahori,ST,-1.4701389974718893,-1.8776146973844996
A. Yusuf,CM,-0.8560530652384467,-1.182570067932642
M. Bazi,CM,-0.7380742631467475,-0.24793067541888608
L. Sedlak,GK,-5.390668409213142,0.07296105104788725
A. Bates,CM,-0.6461138527651996,-0.3250534308789466
Wen Junjie,CB,-1.8884215228754992,1.3425687807501772
J. McCombe,CB,-3.4776319273705165,2.098044844214003
S. Warde,CM,-0.11315964906767054,-0.3695837516080815
R. Stewart,GK,-4.820946941672977,0.010630120887155786
Y. Mustafa,ST,-1.1499610903153101,-1.550303845474989
Wen Zhixiang,GK,-4.373705067926167,0.3369044226030648
Choi Beom Kyung,CM,-0.8060260314850293,-1.068529197797847
E. Hodge,LW,-1.963310880831337,-2.4659798946120395
G. Vannucchi,GK,-6.211382330438576,0.2854209556994182
J. Smylie,ST,-1.6899419199324732,-1.5322170502034886
J. Gibson,LW,-2.114765539878589,-2.211849201319761
Shi Xiaodong,GK,-5.773793766257838,0.005262822358219979
S. Strózik,RM,-1.4580376675539324,-1.5701659001209671
Chen Wei,GK,-5.638280795883105,0.24749296020220243
A. Al Hassan,CDM,-0.3153089147974224,0.1828334122088045
I. Al Otaibi,CM,-1.0442661351443983,-1.5001541718413416
R. Kawai,CB,-2.0699890278786186,0.934530346053816
Yu Hao,CB,-1.5411459758244057,0.866909056599317
Jeong Chung Yeob,LW,-1.1123266106021208,-1.816472663840213
M. Al Nakhli,RM,-1.6634838970981285,-2.2176438801055727
Liu Yu,GK,-3.5666324539799326,-0.02689020246488801
D. Revan,CB,-1.519721935515049,0.9334325794677728
W. Longbottom,ST,-0.8425958311004091,-0.4974670179183957
R. Treacy,GK,-5.7999299752552975,0.20196381955125955
J. Bartels,GK,-6.10791343039239,0.32589248564152984
M. Hayashi,GK,-5.091274768331617,0.116000157482165
A. Rose,ST,-1.215427527901601,-2.0094993684273263
D. Valencia,ST,-1.5488073700898264,-2.088275233072269
D. Dumont,CB,-1.940081833435479,1.1471468732374277
Lee Yunoh,GK,-5.496583669384806,0.6569523240312685
J. Borquez,GK,-3.9850654018041323,0.08814307485107939
S. Byrne,ST,-1.5714634568853219,-1.8648473704794064
J. Anziani,CM,-1.1878622376916825,-0.8225530409093236
M. Urwin,GK,-4.260496119514655,0.15326787263404004
A. Ben Lamin,CB,-1.9134450084310646,0.9208631008655571
J. Hoormann,CB,-1.8663961250621457,1.3032732854019546
B. Williams,LB,-1.3943942192513956,0.7351536487286355
A. Jarvis,ST,-1.3721320045682042,-1.295779286834879
M. Casey,CB,-1.697141565260593,1.3776153908619273
Sun Weizhe,CDM,-0.5087243587405562,0.18868361733496944
W. Al Enezi,RB,-1.332334516631698,0.2251517775368994
F. Langsdorf,ST,-2.156201464110764,-1.5855899806596252
K. McClean,CM,-1.0278401908784331,-1.2377700348228815
Zhao Mingyu,ST,-1.3427489023564447,-2.4587962783715493
L. Coddington,GK,-5.0733215254146184,0.0035474774165472215
J. McGuire,GK,-4.160325445034482,0.4283655388472833
Yan Hao,ST,-1.5249803533771251,-1.3272816102665208
M. Ozga,CB,-1.391700954919419,0.8088081928299878
F. Nicastro,GK,-5.675232223195647,0.28923684203042754
P. Kekeris,LW,-1.6721393034244605,-2.545024132512499
M. O'Connor,GK,-6.033513004216404,-0.222817129306614
G. Henriksson,CB,-0.9055000767554798,0.677293627155535
J. Doyle-Hayes,CM,-0.4418212412239139,-0.35992897864525425
S. Gustafsson,GK,-5.05667486234107,-0.4431362395844734
J. Brady,GK,-3.864132393010994,0.28505398575994745
E. Dubickas,CF,-1.3753509066806946,-1.8650898344589042
K. Broda,GK,-5.880977627198371,-0.0455367854748265
L. Brook,CAM,-1.524893470856667,-1.5269757955714973
D. Gibbons,CB,-1.8542341210676745,1.141727947604965
D. Palacios,LB,-0.5023086613683514,-0.06615409913527823
M. Knox,ST,-1.5323131588126726,-2.308834224652716
D. Makoma,CM,-0.3350325567972683,-0.08357531166575076
W. D?ugosz,CAM,-1.5266852564829683,-1.4791168717171919
J. Giraldo,CB,-2.325625796916239,1.7178047255494322
L. Demaj,RM,-1.1773719308563555,-2.127244806715574
J. King,LB,-0.6081019799854782,0.16860560214850295
A. Al Meqran,ST,-1.6666075568929473,-1.9985171192370617
L. Soldini,GK,-6.0329011815699705,-0.19539987363833658
M. Al Shudukhi,RM,-1.6724128711635087,-2.310447527258448
J. Skotadis,RW,-1.592164220400763,-2.5098148843172057
T. Warner,GK,-5.603414173015605,0.3280969051999568
M. Bustgaard Larsen,LW,-1.5673185814941983,-2.0621648237381325
D. Walters,LM,-1.7084109093262172,-1.4426516816509096
C. McLennan,RM,-0.9024560957083853,-1.598508390960691
A. Klimczak,LB,-1.6646719935908965,0.266788661198321
A. Al Sabahi,CM,-1.3988966445881459,-1.2104707091347
G. Nyberg,GK,-6.07376144342436,0.7237431886424991
K. Høgh,ST,-2.7606805350250623,-1.445405898845053
B. Grøtterud,GK,-5.617257305873094,-0.3199277969413905
R. Campbell,ST,-1.4875028930459258,-1.3215734287177427
O. Kåhed,RWB,-1.1288154170805291,-0.5129465909944667
Feng Boxuan,RM,-1.2814416318534552,-2.5039065229368207
R. Yamamoto,CF,-1.4240522999350176,-1.6297249245916767
P. Sokó?,GK,-5.750347301295289,0.48924215740621785
R. Najjarine,LW,-1.2897559419123048,-0.576479785814649
P. Durin,GK,-5.883070602300399,0.04325702148876358
Xue Yanan,RB,-0.8257700803817066,0.5046317490175061
J. Olstad,ST,-1.7734064897392592,-2.459884021871214
M. Kaufmann,ST,-1.9894663174536724,-1.7387336334527883
E. Bojang,GK,-6.275902475673472,0.058403256256738714
O. Sahraoui,CM,-0.993729022170786,-1.0205550518867035
O. Jonsson,GK,-4.423486430044856,0.01841154210808122
B. Slisz,LDM,-0.3183571337552629,-0.04652684309057137
P. Kirk,LB,-1.4671520169865189,-0.11054783735408048
J. Skov Hansen,RM,-1.078767405424875,-0.4982384931942006
E. Ceide,RW,-1.6743600765856828,-1.8581366583354697
S. Phillips,GK,-5.654582263113752,-0.08528498902339686
B. Waine,ST,-1.5997170689538007,-2.677692129106722
J. Lambert,RM,-1.3358870178750741,-0.7688789260056555
T. Noda,CM,-0.608271819943127,-0.529979424652481
S. Noreña,CB,-2.315956295526788,1.0158362217005006
L. Smyth,ST,-1.6630844150987176,-2.0152508889212166
G. Newell,ST,-1.8911152638470328,-1.5290899963829816
M. Y?ld?z,GK,-5.830996637106595,0.3218249640178002
A. Scott,ST,-1.0042592918952022,-2.263036857349598
B. ?ynel,GK,-6.184045328489835,-0.05715409222561372
T. Koch,CDM,-1.1898358816071426,0.07576495286466933
A. Romairone,ST,-2.0277231606101935,-2.031100394925103
T. Hama,CB,-1.8464088103409675,1.5080831242846406
A. Georgiou,ST,-2.2137277803111046,-1.8651807106049823
T. Yasui,CDM,-1.039913440204466,0.46569691520154105
H. Abdulmajeed,GK,-6.023576978835504,0.10029830690647264
H. Hauso,CB,-1.8887920423050168,0.9543348314234649
J. Stevens,GK,-4.7011747443350425,0.01921297406831598
Ning Weichen,ST,-1.719601138795987,-1.3429152825691568
G. Tolino,GK,-6.231709349341162,0.41922430800085436
A. McCann,CM,-0.5444930151766136,-0.23108842409621366
S. Boyd,ST,-1.2100351237555458,-1.1786497094470987
H. Saruta,GK,-4.848211148812217,0.043184610502822185
D. Bedoya,CAM,-0.8994674219733566,-0.42883968053255844
M. Köstenbauer,GK,-6.294974666501193,-0.0373500253541873
J. Diaz,CM,0.705668098571769,0.7868083106269879
Dong Honglin,ST,-1.6324589869691821,-2.293686282777567
C. Moore,CM,-0.8758842547791684,-0.21679246828500084
D. Mandroiu,CM,-0.9354575931392327,0.1468610906523308
H. Biggins,CM,-1.111579459947664,-0.9304891634440281
K. Yakob,CM,-0.5176773444270469,-0.023393128946453783
S. Opsahl,CM,-0.8075689717968737,-0.5029042695555518
K. Askildsen,CM,-1.0515028298162867,-0.11254125032593923
R. Cunningham,CM,-0.7164197649136859,0.036198599744596154
A. Weidinger,GK,-5.9134620338680115,0.38764105532758514
T. Möller,LM,-0.10297111205263143,0.328335522778067
A. Al Suhaimi,RM,-1.7393899344131831,-2.037286578034722
A. Stamatelopoulos,ST,-1.6747184033727391,-1.4238380127026826
A. Lesiotis,CDM,-1.2950838120435744,-0.5198598278649282
L. Beckemeyer,GK,-5.614954520224439,0.21469550799824214
M. Nelson,GK,-6.045777538600063,0.297981316004654
M. Boe Mikkelsen,RM,-1.3607664593902717,-2.0064909532065416
M. Ormazábal,RW,-0.7445024248057098,-0.7044716331700259
D. Parkhouse,ST,-1.6665209377239458,-1.3070375478431486
C. Brown,CB,-1.1328063187994866,0.47015622938113943
C. Hauervig,GK,-6.176012994145823,0.3311684171871273
W. Jääskeläinen,GK,-5.321719410815875,-0.3610481893071439
C. Cañizales,CAM,-1.2135158075346995,-1.3263018432466105
V. Vesiaho,CB,-1.7173042964640888,1.3632931545660414
R. Fujimura,CF,-1.7228442290798338,-2.296782650568863
S. Pryce,ST,-1.9177050159464473,-2.5875401922104437
G. Zuñiga,RB,-0.8566676330097467,0.45073500763162677
T. Romboli,GK,-6.525028166611077,-0.2759376136154993
S. Bohan,GK,-5.986651902560557,-0.5841223064672952
F. Gemmi,CDM,-1.0305009191274626,-0.11378253132530607
J. Brendieck,GK,-5.6416461358797765,0.7396430890329391
A. Mahlonoko,CAM,-1.2416069048856806,-1.779496682142223
L. Simpson,GK,-4.489946651758635,0.6864375690325232
A. Ahl Holmström,ST,-1.701877265557627,-1.0296385962520038
E. Gumbs,CB,-0.5281554106875443,-0.08499053018758031
G. Tsitaishvili,RM,-1.4713159663315285,-1.737658985545799
N. Corbet,GK,-4.707604336079887,-0.45062292748745775
B. Bytyqi,LB,-1.1169592037734903,0.0972581487120822
Nan Xiaoheng,ST,-1.9403421753983232,-1.2823254376767774
M. Al Baqawi,GK,-5.791292460557926,0.10763116897265053
A. Kappenberger,GK,-6.316590276723147,0.41247532251621394
C. Gutiérrez,ST,-1.409897939172397,-2.4385133714157905
Liang Jinhu,CB,-1.953631116470963,1.1860346656368568
Jin Qi,CB,-1.99736296718812,1.0411323865574469
N. Ziswiler,GK,-6.00710320364279,0.12187601713701206
Zheng Zhiming,CB,-2.060753745306449,1.0794785909209461
J. Larsen,ST,-1.6562136220237709,-0.7606741058535657
L. Baines,CB,-2.4558794551083474,1.6097149410836722
O. Klitten,ST,-2.715464059944197,-1.9880940694253266
K. Yamada,RB,-1.148666599098532,-0.23219382493653185
C. Walsh-O'Loghlen,LM,-1.5999734112012134,-1.7627521077011918
J. Delianov,GK,-5.547405287933317,-0.15480025811066006
J. Riquelme,LB,-1.2153918699167097,0.752610002497982
A. Al Moghir,CB,-1.495710191323856,0.7960488433667814
K. Kubota,CDM,-0.9276442594019918,-0.29364878842109887
N. Senoo,CAM,-1.607393914251759,-1.7313603321175342
G. Meli,GK,-6.2897285653254835,0.019759658149931303
G. Severinsen,CDM,-0.6868399283794966,0.5635236613357245
Chen Zhechao,CM,-0.642952045882824,0.6811526078462011
E. Damgaard,RWB,-1.1842465544405627,0.6178976441199914
Zhang Lingfeng,RM,-1.2816342975708213,-1.9688336138859484
M. Boney,GK,-4.659639847006498,-0.18272061179205754
S. Kayembe,LM,-1.1788390072244703,-1.6462492068634182
R. Niizato,CM,-0.47282935053507,0.39072623599590506
F. Tauchhammer,RB,-1.262689376081658,0.7212121186439893
Zhou Ting,CM,-1.1695435927892064,0.062078627343892016
O. Björtuft,CB,-2.31514363594834,1.5852058573054018
B. Chevreuil,CAM,-1.6089147533950516,-1.4833731287561025
Anwar Memet Ali,ST,-1.7183612747575914,-2.3768972969179103
J. Iaciofano,ST,-1.598676465177602,-2.5390834361272656
G. Pintidis,CM,-0.9731398617029723,0.031002391932537114
M. Frendrup,CM,-1.107345892624933,-0.30083609797721766
N. Al Farshan,CM,-0.8117302493302139,-0.5334552968270703
Liu Shibo,GK,-4.9905899699897125,0.1586641038381014
N. Baba,CB,-2.0239237345076964,1.1912661002393048
N. Marthinussen,CB,-0.8869161139837662,0.7849977706012585
D. Murphy,LCM,-0.6893915399637058,-0.10375131532944085
T. Ko,CM,-0.9078513837317947,0.016149103248326017
A. Ekblad,CB,-2.3050021111609045,1.9844622905828788
Wu Wei,CDM,-0.18034140269235407,0.7302500405315197
P. Azizi,CB,-2.115725713303394,1.793756127656477
K. Sanada,GK,-5.5509821441383655,0.5963115931766695
A. Collins,CAM,-0.908666396813106,-1.6712990399346974
J. Sparkes,LM,-1.006186805087806,-1.06175288090413
F. Bustamante,RM,-0.5056647393863527,-0.902071049799452
P. ?wi?tko,CB,-2.1241511289120156,1.312343666975454
B. Gradecki,GK,-6.120363217037543,-0.37216168997910626
A. Knüver,CM,-1.1814273261527926,1.040280429529867
C. Blues,CM,-0.4503026965875174,-0.5376173568119557
N. Hatta,GK,-6.428872431610263,-0.2607958107978869
K. Kouassivi-Benissan,RB,-1.5290587546848782,0.2575615908342518
A. Czaplak,GK,-5.604415005433236,0.37100115470431644
C. Kirby,CM,-1.1483777771233277,-1.0124392072554909
A. Öhman,RWB,-1.0915225240242543,0.549973157198718
R. Millen,RB,-1.5382058743149234,0.936964048388123
A. Vergara,ST,-2.0892395604272567,-1.502550611490211
M. Al Saeed,LM,-1.5415012345910648,-1.031064260167108
R. Sears,RB,-1.0859223744647828,0.9978545196510399
D. Thøgersen,LB,-1.474587317294455,-0.46237629724588486
Yao Junsheng,RCM,-0.9107018895676727,-0.7970161154826522
D. Sesay,RWB,-0.8569340862408281,0.32296347886671195
F. Norman,GK,-6.243563362402164,0.062060855089388335
N. Gribenco,LM,-1.3411018601491667,-1.7580746086299843
A. André Jr,GK,-5.156900370859224,-0.5713546961441035
R. Hauge,CM,-1.0536451000636853,-0.27864446268627585
T. Nagaishi,GK,-5.522546417468097,0.16848745761159933
I. Aliu,CM,-0.9877462603559213,-0.9403035765654314
H. Smith,CB,-2.146638736745793,1.6329511864212167
K. Thiesson Kristensen,GK,-6.232597081150578,-0.41628242102568935
J. Cajuste,CDM,-0.15245476489227477,0.06933521491299773
M. Tilio,CAM,-1.2267261173312465,-1.732003265876405
S. Melvin,GK,-5.958726505620053,0.6976396851510908
R. Al Najjar,GK,-6.223464348292434,0.4378321970217658
S. Graves,CB,-1.564641680691898,1.2147631292461614
Deng Yubiao,CM,-0.8600656101076143,-0.9995101206684841
S. Bareiro,ST,-1.8333442036272871,-1.2052128638121022
C. Romaña,CB,-2.066639443893437,1.2676966405455694
H. Ræstad,GK,-6.244983783201706,0.5783414758877543
K. Ramè,CDM,-1.1685783670610854,0.26580138259598207
D. Mamaliga,CM,-0.8805818893495627,-0.4710510055693975
E. Harloff,GK,-6.076149550810143,0.6133119487966457
L. Kerrigan,CAM,-2.1345800616481547,-1.7787451382691102
F. Delaveris,LW,-2.056072932727399,-2.1908329727056604
A. Daniels,CAM,-1.6820113668245416,-0.9741352974812711
J. Dunn,CB,-2.5358948599260867,1.2176849198083115
A. Read,LM,-1.1171188805737677,-1.1213855028250843
F. Mortensen,CM,-0.7480555886619155,0.7443866263919728
M. Wolfe,CM,-0.7681233879302739,0.11814338285087757
J. Caldwell,GK,-6.142327404527639,0.28671305582961243
H. Andersson,ST,-0.7153548674265124,-1.5844606828663395
B. Zamora,CM,-0.7320466230849436,-0.848885212009302
B. Taverner,ST,-2.16377997098389,-2.4616053618674028
J. Osobi?ski,GK,-6.023702625890578,0.01958225719895015
M. Skjellerup,ST,-1.993874109676728,-1.225528289834211
L. Wade-Slater,RB,-1.381345852681119,0.7205640852063614
T. Stevenson,LB,-1.0306558830812864,-0.03250976439309657
S. Twine,ST,-2.057947845959353,-2.254833060839411
C. McWilliams,RB,-1.0630637512092076,0.010775881983222513
J. Valbuena,CAM,-1.2722620449401247,-1.1004862612785546
K. Ogudugu,RW,-1.6309636087304002,-1.831283859813401
I. Umbdenstock,CDM,-1.142996498672347,0.43568474335618074
P. Niyongabire,CAM,-1.9313833672362675,-0.852547760867684
A. Kräuchi,LM,-1.0123042785111231,0.11798676444408673
D. Thiam,GK,-5.324014316631933,-0.1564533413775755
J. Rowland,CAM,-1.6205247026417153,-1.5420985575830142
W. Dean,CM,-0.7321784421945642,-0.45524683071694005
A. Reghba,ST,-1.606946938050372,-1.6901076529574774
R. Graydon,RM,-1.0910608649100288,-0.8790956877257713
J. Conze,LM,-0.751358766960829,0.009857974269519903
Carlos Mendes Gomes,CAM,-1.2249335630572868,-1.518377909250312
D. Hodzic,GK,-6.3771689846641575,-0.3747228635473655
T. Nakagawa,RW,-1.7597612282482853,-2.6766298237819384
C. Øyvann,CB,-2.3576602736223875,0.8594628269741634
L. Brown,CM,-0.6568528527696754,-1.1186854307460452
E. McCue,CB,-1.475104891242952,1.4161974411656302
A. Skindlo,ST,-1.5958519773042108,-2.840690688772297
K. Konstandopoulos,CAM,-1.5266434673013247,-0.5256112195997703
K. Salazar,CM,-0.2714784495617075,-0.13314700006746374
S. Sarri,GK,-6.172238354538127,-0.004458483982400271
O. Schindler,CDM,-0.9319070311332115,0.09084493011449761
M. Arena,CB,-1.8963590842761364,1.1600607428064735
L. Cavallini,LW,-1.8704474830381133,-1.9951821353662929
B. Hvidt,CM,-1.1515114691862793,0.5134607755335845
S. Pollock,CM,-1.0601948483541928,-0.9793998098844965
J. Baxter,CM,-1.0723086331914207,-0.1751865222352166
T. Stead,CB,-2.149649386887291,1.2236267063045976
A. O'Reilly,CM,-0.7954320787854777,-0.16443939424952062
R. Meshino,ST,-2.058419167092721,-1.7126042817071556
Zhang Hengyuan,CDM,-1.4257129237754635,0.4577100177600066
C. Royo,LB,-1.8140715501481528,-0.2720783884092639
Ding Bowei,GK,-5.769168894705802,-0.2687599536851744
M. Grabowski,LB,-1.2739769958030405,0.17025561560120947
L. Catherall,GK,-6.361224181665548,0.3833521146266412
A. Bark,ST,-1.637455527296868,-2.7872709817357917
L. Hunn,GK,-6.214269323035878,-0.3080729074089876
C. Pavéz,CM,-0.8989018666914131,-0.1497299414188533
Ali Shirmemet,CAM,-1.7044925813584517,-1.8655355865061238
T. Harigaya,CM,-0.9892096823449433,-1.4934216830157996
Min Gyeong Min,CM,-1.0549617454054212,-0.6466969102585325
C. Murphy,ST,-1.323757879060443,-1.064729976295716
A. Bærtelsen,CB,-2.458443746203374,0.641009131328409
Abdugheni Abduhamit,RM,-1.0267113009763313,-0.2659045264876069
Lee Dong Hee,CM,-1.0187982613955544,-0.2660222591776152
J. Svenningsen,CB,-2.3141266632803497,1.1062308804611494
L. Mwandwe,ST,-1.6187760470224843,-1.97049163403943
D. Mehmedovic,LB,-1.5193400786784668,0.34212327360012595
G. Smith,CB,-2.345745355451953,1.3036366724212847
Cai Haojian,CM,-0.829331103654585,0.6020108108010314
Kim Jong Jin,CM,-0.45151613931224377,-0.8686083233499272
Yang Fangzhi,RW,-1.3681484297578583,-1.1046708903593478
T. Schneider,GK,-5.35874227449614,0.5444258293747305
L. Reilly,ST,-2.663682391930824,-2.0558928932443794
S. Bugge Jepsen,CM,-1.2594081130580759,-0.4830560516017644
F. Murray,LM,-1.8159601888581962,-1.7080477006072357
M. Najjar,ST,-1.9152911513591873,-2.0908991724512718
J. Harboe,CM,-1.2355954507985178,-1.040052572341514
J. García,GK,-5.383542777604252,0.05415055751870246
A. McGovern,LB,-1.146051601780472,0.7881546314635327
A. Delap,CDM,-1.0636006171688395,-0.21285617235641355
M. Larsen,CM,-1.5689679909385033,-1.4267693436253905
E. López,CM,-0.9920871267516171,-0.435787687347238
M. Bloomfield,ST,-1.853388398416913,-1.9825724272793384
Zhang Yuan,CM,-0.6004941548927812,-0.14880430103801043
T. Mourdoukoutas,CB,-2.2047391055639114,1.6699273258821006
D. Craddock,GK,-5.469185103592475,-0.2560096222107088
A. Al Yousif,LB,-1.1018397181226975,0.7288883435210869
J. Steiger,CM,-0.6212575873929163,0.18725626324073572
L. Schöfl,CM,-1.1277163984136012,0.48772155859652966
O. Urhoghide,CB,-1.2708422472086656,0.916251360635739
C. Kennedy,CB,-2.152374915594717,1.425404709454602
L. Finochietto,GK,-5.8446993990907234,-0.06516128453094787
Wang Xuanhong,CM,-1.0069568062619039,0.977677956685351
A. Eleftheriou,RM,-0.8942840924087792,0.15749676068590232
Yu Bin,RB,-1.734870591180377,0.39169056603401947
M. Wo?niak,GK,-5.977931465374732,0.078365086464106
B. Reynolds,ST,-2.200383847842136,-1.0016978965542347
J. Szpaderski,GK,-5.657957652046384,0.41038724027672446
F. Konstandeliasz,LM,-1.2010649732591057,-0.9585460348578242
B. Seymour,ST,-1.5667704473140407,-2.090207010085562
R. Grym,CM,-0.7523634385973336,-0.4082181346440291
C. Kelly,LB,-1.0080287098135075,0.20693270270815417
T. Rohde,ST,-1.9467944226838805,-1.5394539325759216
J. Pawlik,LB,-1.5513193596248693,0.356274105767332
H. Kisiel,CM,-0.7135271855565978,-0.5336269371016527
S. Laitinen,RB,-1.1188391321296833,0.13430534456387105
L. Jephcott,ST,-1.5485694808888337,-1.5362287759440945
J. Imbrechts,GK,-6.205840082248953,-0.41952295146191465
J. O'Keeffe,ST,-1.873426032183966,-2.1706941612366433
J. Heaton,CB,-2.435360747896507,0.8240517836482817
A. Ammitzbøll,ST,-1.853000418137907,-1.7762714590094033
D. Schwizer,CAM,-1.5441255871276798,-0.3147845239467995
Cao Sheng,RW,-1.9940931485401627,-2.3733812688022726
I. Richards,GK,-5.208760798601938,0.18323443587132135
Zhu Zhengyu,RM,-1.7283164289061586,-1.6242378920962905
J. Ellis,RS,-2.1233990473468602,-1.6317887506041373
B. Galach,ST,-1.8655273781631707,-2.6346247270240233
W. Møller,ST,-1.7645011134245832,-0.3952477733153519
C. Addai,GK,-6.315769586378141,-0.14132255968738464
T. Jacobsen,RM,-1.2279784889312353,0.3777319879271546
J. Adebayo-Smith,ST,-1.8515980643669323,-2.3171988645148063
Han Zilong,LM,-1.6310972177258802,-1.2695381207485916
B. O'Gorman,RM,-1.8822024604729506,-2.32232091321862
S. Al Wehimid,GK,-5.818786333586831,0.16544985951539828
L. Cornic,RB,-1.5240324177021856,0.21912917180470948
A. Ousou,CB,-2.0793825680679743,1.1610185797010755
M. Gudmann,CB,-2.0283205382594067,0.6770283991722168
S. Foss,CB,-2.3047216126234455,1.0797974718836139
A. Perea,CM,-0.6218766022160016,0.06056133792794419
J. Miszczuk,GK,-4.694019961046262,0.21599619260982195
Chen Ji,LM,-0.7552257577405719,-0.13697717930052528
A. Mills,GK,-4.827222412147763,-0.1919726177948531
D. Asonganyi,ST,-1.6281136731628836,-1.7969850336367823
D. Dillon,CM,-1.5043311114453468,-0.7584628843190963
C. Cappis,CM,-0.9278911484234013,-0.3329050953262469
Zhou Xin,RB,-1.5388746162941171,-0.22460976514705558
Zhang Enge,CB,-2.0612963965847952,1.2682764683939725
B. Hedley,CDM,-0.7937537924735664,0.10030240653191022
M. Alvir,CM,-0.9203419575368477,-0.03079271039473925
T. Knowles,ST,-1.9338776442682115,-1.648829108290188
S. Parada,ST,-1.4534989370913185,-2.35307533674316
C. Landa,CM,-0.7819964981099794,0.38810021396806693
Zhen'ao Wang,LW,-2.482056564978603,-2.2499436906919748
S. Whaler,RM,-1.9607603241845044,-1.4654152278296797
P. Omochere,RM,-1.3957274982068009,-0.6460681625029425
G. Arndal-Lauritzen,LB,-1.2870597904888756,1.0738066031244726
J. Morris,ST,-2.2452181398975104,-2.248083728443163
A. Suzuki,GK,-5.737288063624629,-0.46131856029256463
K. Lara,RB,-1.4676667832642796,-0.07806857786227489
M. Humpenöder,GK,-5.543990289168845,0.34500274359790223
K. Civelek,GK,-6.038500882457403,0.004967701909450565
M. Antkowiak,GK,-5.235548430435909,-0.5097640726529734
N. Suman,GK,-5.889739006092176,-0.2559086484260442
F. Nørgaard,GK,-5.783670069406485,-0.2038297574318037
E. Destanoglu,GK,-6.443914387030908,0.7759624056731689
C. Björk,CF,-1.7573020412416762,-1.6958497415111575
Teng Shangkun,GK,-5.092916345242436,-0.16678298950845058
H. Wulff,GK,-5.797073537263163,-0.1607635064464264
C. Mesa,CB,-2.1200517702589416,0.8565735225889645
M. Mansour,LB,-1.8380263435612567,1.5908599523851972
L. Valeau,CM,-0.9093126648097659,0.28100274692479205
P. Phillips,CM,-1.3574212726835528,0.42167048460357437
Hong Hyeon Seok,CM,-0.7436731797335124,-0.7544141687156739
C. Walsh,CB,-2.433315749245089,0.9196965433322795
T. Miyamoto,LB,-1.1640607780327887,-0.0524799377476863
R. Hurley,LB,-1.3918608458994421,0.16954111196746938
Gao Dalun,ST,-1.7397795330163695,-1.8238637872339192
R. Hackett-Fairchild,ST,-1.9270107287981484,-2.5165946526284544
L. Klitten,LB,-1.5425534739171627,0.16304269957116588
Zhang Jingyi,GK,-6.034685056961365,0.3334964423195822
T. Brownsword,CB,-2.4013058155653195,0.9299879531932799
Zhang Gong,CDM,-0.6957849454846646,0.9760241760717645
J. García,GK,-5.807902061213009,-0.17024755289910823
O. Dzonlagic,RM,-1.8920622956990643,-1.6512930798779883
E. Dahlqvist,LWB,-1.3519135321155142,0.6542851821579004
Liu Yi,CDM,-0.7586621615767071,-0.3007363434364296
D. Campbell,CM,-0.874031626729695,-1.5212722075793037
M. Sutton,GK,-6.286264997372687,-0.31203423618960013
Sun Qibin,GK,-5.728006095918283,0.25725619115540393
C. Hughes,CM,-1.2138670180867366,-0.20559084210655845
T. Kawamura,CM,-1.4385934473420006,-0.2176551020031375
S. Al Saeed,CM,-1.3967940157545644,-0.6490250690998829
B. Horton,LB,-1.8116841046771566,0.4089534501323101
S. Bækgaard,CM,-0.9870948237950656,-0.1964809224242445
J. Mortensen,LB,-1.5414883160579498,0.2752355282204263
J. Martin,CAM,-1.8293337480185488,-2.1063712686061837
T. Allarakhia,RM,-1.79111663768145,-1.8993872660269708
M. Tokich,CM,-1.3451534952014317,-1.12565879814006
Kwon Ki Pyo,ST,-2.321457795032112,-1.875000870945852
J. Foulston,CB,-1.703958325118705,1.0866873294782327
J. Sheridan,LB,-1.3239777045382337,0.5243989413706194
M. Ichimaru,CDM,-0.6722489298836328,-0.5725461993486828
R. Shibamoto,CM,-1.4009860691350973,-1.7685877949030948
H. Benns,RW,-2.100164639672357,-2.2410616790261324
M. Schantl,CM,-1.275789840588503,-0.09396317629267491
P. Paya,CDM,-1.3376953713099184,0.07410217807559309
G. Barry,CM,-1.1551103253770147,-1.0005748231779419
E. Bilen,GK,-6.252919001973537,0.46826466681436935
M. Al Dhafeeri,ST,-1.4317707756207627,-1.7608817934730727
S. Dawood,CB,-2.488617035672291,1.3501647849674046
J. Granlund,GK,-6.013105296187097,-0.2578195057119212
M. Connor,GK,-5.924738360345909,0.20347272653351234
Zeng Qingshen,CM,-1.2684717137510344,-0.5801440906004125
B. Arapovic,CM,-1.2365832527542313,-0.06989892168624039
P. ?yra,CM,-0.8942564416498526,0.9496113509123117
J. Hipper,GK,-6.1128065202194195,-0.09004746912699249
J. Lynch,CAM,-1.5981111886373816,-0.9439168983661159
H. Bernat,GK,-5.662152458187861,0.26042101563696857
V. Smedsrud,GK,-6.0713547446291765,0.4110657654208129
T. Johnson,RB,-1.4321921155614055,0.40004570904466463
J. Cleary,GK,-6.007950124960737,-0.6262824330298669
A. Osmanoski,CM,-0.7601225968020991,0.04760650197258974
J. Kelly,GK,-5.703094100563451,-0.76881088185603
O. Ollikainen,CM,-1.0935858145500998,-0.5530108706393291
G. Tegue,CB,-2.2143280555217952,1.2131819058288102
J. Lindstrøm,CAM,-1.4736792450271456,-1.272747907514741
Chen Zhao,GK,-5.314482192570796,0.5275068897615375
R. Pasquel,GK,-6.299636814710507,-0.05878040852669836
M. Al Qaydhi,CB,-1.797785875230699,0.45084622264828345
O. Olsen,RWB,-1.3440141974469708,0.7033925481127988
K. Moesgaard,LM,-1.4844268475309295,-1.537164103172549
T. Callens,GK,-6.495041789762733,0.19815662788607297
D. Collins,LM,-2.321888170071766,-2.0675987440846075
J. Egan,RM,-1.9460227796233636,-1.4097473740841089
Xie Xiaofan,CM,-0.5872067655356762,0.13127778835474005
B. Buckley,CAM,-1.5673278704293996,-0.8911663077044505
G. Figliuzzi,GK,-6.2364116592575085,0.5331420442187337
O. Finney,CM,-1.6215468096075232,-1.183938557215346
G. Hollywood,CM,-1.4639910176852837,-1.3186175809031169
Zhu Jiayi,CB,-2.3440422793628817,1.2505765641609494
B. Sass-Davies,CB,-1.9125042425488632,1.124043449630411
N. Stephan,GK,-5.598738827828475,0.09335772906594393
J. Greatorex,GK,-6.177865893491232,0.031774868276737735
J. James,RB,-1.5764271221315123,0.33704384320423425
F. Sinclair-Smith,ST,-1.9670123889343774,-1.957904471137034
T. O'Connor,CB,-2.023577209308968,1.0476964211651254
Liu Yaoxin,CM,-0.825086557762436,-0.9848195511514894
M. Finne Wørts,CB,-1.8686711076191478,0.8209449166509754
F. Ranocchia,CM,-1.0602088993444458,0.22756556773194278
N. Morahan,CM,-1.067185087336473,-0.47678326809991856
A. Kelsey,GK,-5.806311945252392,-0.15179140890734216
M. Foy,ST,-1.7831878493995605,-2.2590946955054982
Yin Congyao,CAM,-1.2755048064691568,-0.19782602062156954
Liu Bin,CDM,-1.420304851762434,-0.18870346933728968
K. Hawley,ST,-2.4884545349870595,-1.893264971791657
Chen Yajun,CM,-0.8453257821254357,-0.3800173294329766
Li Yuyang,CM,-0.452514012672788,-0.565827385974189
W. Henry,GK,-5.935221909196698,-0.21739326042196763
J. Garcia Sossa,CAM,-2.2123150284207695,-1.320379966258925
M. Harsman,GK,-5.325687715916471,0.5816858217057357
R. Griffiths,LM,-1.3857664816553334,-0.3143328289383028
D. Mackay,GK,-4.618054818511282,-0.16251015917377407
A. Iontton,CM,-1.078807270000671,-0.42586215155348117
W. Appleyard,GK,-6.055073095273508,-0.13860627352973565
C. Levingston,CM,-0.9204683261412009,-0.23948989646696114
R. Hughes,CM,-1.6625200931001274,0.31457746105743795
J. Yabur,CM,-1.131896134405239,-0.18322470885703548
M. Dyrmose,LB,-1.8385103988248626,0.4120342563936699
M. Roberts,LM,-2.4233845962441105,-1.6324082921880843
Liu Guobo,CM,-1.2398330015164996,-0.5219723655163734
J. Devine,CM,-1.4669724788238323,0.3198205112719662
K. Taylor,CM,-1.3581842075791506,-0.5525105892619695
T. Lawal,GK,-5.576895524090978,0.8699563664231587
L. Jagne,CM,-1.0665303520668055,-0.09664453961131986
D. Szczepaniak,GK,-5.730022936504175,0.12987655620682462
P. Wieliczko,CM,-1.3001614973160778,-0.3628862484656829
T. Gundelund,RWB,-1.6909269769059743,0.26019139868037244
Wang Xin,RWB,-1.4068488226224352,0.08203441204141639
M. Frøkjær-Jensen,CM,-1.0562971048300458,-0.15886472607741584
H. Norris,CB,-2.5054420801130233,1.443444498705806
N. Ayéva,ST,-1.6804433925050755,-1.7248833681803288
Wu Lei,LDM,-1.5469736365929792,0.27686585175418155
J. Manley,CB,-2.8678880208724404,0.8613500160339193
T. Pugh,CM,-1.382112511331372,-0.18634769562955286
Nicolas Firmino,CAM,-1.430280593376364,-0.4730948064889597
Y. Uchimura,CAM,-2.1782519044950277,0.1548941440626565
C. Hawkins,GK,-5.860670107062879,-0.6595577819413173
R. Takae,CDM,-1.4280055523675443,-0.2609884838592975
S. Adewusi,CM,-0.9249105345172351,-0.2384142651635566
E. Clarke,LB,-1.8147778305865423,0.46920034407938616
T. Hillman,RM,-1.666068770771874,-1.9540221548703804
R. Roache,ST,-2.5425064700253075,-1.9893826733103663
L. Wahlstedt,GK,-6.164902727013594,-0.44890857638336007
J. Williams,CB,-2.4769013686585173,0.8762838720513322
M. Hurst,GK,-4.624374140816723,0.25588854354844953
C. Maher,RB,-1.3034763878869258,-0.19440305226555407
Y. Góez,CDM,-1.2106930766083228,-0.13388833198796493
K. Pilkington,GK,-6.159563745548279,0.03722777307369748
D. Horton,CM,-1.0667979936447978,0.9001015732516879
E. Tweed,LCM,-1.2309512684448372,-0.38016119454338304
Zhang Yufeng,CM,-1.23599659326074,-0.07790224542140418
C. Ehlich,RB,-1.1706620183422827,-0.24254182359509785
L. Collins,CM,-1.6972807686537246,-1.277896666929629
A. Kaltner,ST,-1.568508446696366,-1.4368940701554347
L. Watkins,CM,-1.4089058664486964,0.25156376546852516
J. Norville-Williams,LB,-2.237400771050988,0.5297904406842929
S. Squire,CDM,-1.244974734589599,-0.06012652707268856
N. Fuentes,RB,-2.160445584623847,0.04123864960013015
J. Milli,GK,-6.369431681033142,0.27109563971197914
S. Griffin,CM,-1.704172023837613,-0.3524684062119981
K. Fujikawa,CM,-1.8669595801111054,-0.03778100711428299
D. Holland,CM,-1.3206017259113143,-1.1800813357457096
J. Livesey,GK,-6.344929848932271,-0.5106595543281166
M. Baldisimo,CM,-1.499836774027767,-0.1773389621237487
J. Young,ST,-3.328146907372806,-2.074701839317707
D. Walsh,RB,-3.321491817309698,0.7466604364075144
J. Lundstram,CM,-1.7489470067174464,-0.13005533067775477
N. Christoffersson,ST,-2.8276605278854086,-0.8850610037716354
B. Worman,ST,-2.3671668173435747,-2.396862815788312
D. Walker-Rice,RW,-2.147415617057195,-1.6470088964338732
G. Nugent,CM,-1.7021564757433065,0.20390104513203167
